<?xml version="1.0" encoding="UTF-8" standalone="no" ?>
<COLLADA xmlns="http://www.collada.org/2005/11/COLLADASchema" version="1.4.1">
  <asset>
    <contributor>
      <author>Assimp</author>
      <authoring_tool>Assimp Exporter</authoring_tool>
    </contributor>
    <created>2026-09-22T21:57:53</created>
    <modified>2026-09-22T21:57:53</modified>
    <unit name="meter" meter="1" />
    <up_axis>Z_UP</up_axis>
  </asset>
  <library_images>
  </library_images>
  <library_effects>
    <effect id="DefaultMaterial-fx" name="DefaultMaterial">
      <profile_COMMON>
        <technique sid="standard">
          <phong>
            <ambient>
              <color sid="ambient">0.0500000007   0.0500000007   0.0500000007   1</color>
            </ambient>
            <diffuse>
              <color sid="diffuse">1   1   1   1</color>
            </diffuse>
            <specular>
              <color sid="specular">1   1   1   1</color>
            </specular>
          </phong>
        </technique>
      </profile_COMMON>
    </effect>
  </library_effects>
  <library_materials>
    <material id="DefaultMaterial" name="DefaultMaterial">
      <instance_effect url="#DefaultMaterial-fx"/>
    </material>
  </library_materials>
  <library_geometries>
    <geometry id="mesh_0" name="" >
      <mesh>
        <source id="mesh_0-positions" name="mesh_0-positions">
          <float_array id="mesh_0-positions-array" count="7236"> -0.00300416816 0.000947348366 0.0105878897 -0.00296003185 0.00107736094 0.0105741005 -0.00300424313 0.000947109947 0.0296640266 0.00314699649 -0.000137523239 0.0106340572 0.00313801318 -0.000274539401 0.0106310835 0.00314700953 -0.000137225215 0.0296178777 0.00312305614 -0.000411123445 0.0106261531 0.00310214446 -0.000546992233 0.0106193041 0.00312309014 -0.000410862674 0.0296257753 0.00307524484 -0.000682183017 0.0106105683 0.00304266624 -0.000815280189 0.0106001012 0.00307524484 -0.000682183017 0.0296413712 0.00300416816 -0.000947349181 0.0105878897 0.00296003185 -0.00107736187 0.0105741005 0.00300416816 -0.000947349181 0.0296640508 0.00291027292 -0.00120532559 0.0105588231 0.00285486947 -0.00133124785 0.0105421441 0.00291027292 -0.00120532559 0.0296931174 -0.00314698392 -0.000137813811 0.029617887 -0.00313801318 -0.000274539401 0.029620856 -0.00314698392 -0.000137813811 0.0106340526 -0.00272798003 -0.00157500105 0.0297466833 -0.00258867769 -0.00179478573 0.0297850966 -0.00258032884 -0.00180676626 0.0104646087 -0.00258032884 -0.00180676626 0.0104646087 -0.00258867769 -0.00179478573 0.0104668429 -0.00272798003 -0.00157500105 0.0297466833 -0.00258867769 -0.00179478573 0.0104668429 -0.00272798003 -0.00157500105 0.0105052572 -0.00272798003 -0.00157500105 0.0297466833 -0.00272798003 -0.00157500105 0.0297466833 -0.00272798003 -0.00157500105 0.0105052572 -0.00279403781 -0.00145459967 0.0297277067 -0.00272798003 -0.00157500105 0.0105052572 -0.00279403781 -0.00145459967 0.0105242329 -0.00279403781 -0.00145459967 0.0297277067 -0.00279403781 -0.00145459967 0.0297277067 -0.00279403781 -0.00145459967 0.0105242329 -0.00285486947 -0.00133124785 0.0297097955 -0.00279403781 -0.00145459967 0.0105242329 -0.00285486947 -0.00133124785 0.0105421441 -0.00285486947 -0.00133124785 0.0297097955 -0.00285486947 -0.00133124785 0.0297097955 -0.00285486947 -0.00133124785 0.0105421441 -0.00291007594 -0.00120580243 0.029693177 -0.00285486947 -0.00133124785 0.0105421441 -0.00291007594 -0.00120580243 0.0105587626 -0.00291007594 -0.00120580243 0.029693177 -0.00291007594 -0.00120580243 0.029693177 -0.00291007594 -0.00120580243 0.0105587626 -0.00296003185 -0.00107736187 0.0296778399 -0.00291007594 -0.00120580243 0.0105587626 -0.00296003185 -0.00107736187 0.0105741005 -0.00296003185 -0.00107736187 0.0296778399 -0.00296003185 -0.00107736187 0.0296778399 -0.00296003185 -0.00107736187 0.0105741005 -0.00300428527 -0.000946976652 0.0296640135 -0.00296003185 -0.00107736187 0.0105741005 -0.00300428527 -0.000946976652 0.010587927 -0.00300428527 -0.000946976652 0.0296640135 -0.00300428527 -0.000946976652 0.0296640135 -0.00300428527 -0.000946976652 0.010587927 -0.00304266624 -0.000815280189 0.0296518393 -0.00300428527 -0.000946976652 0.010587927 -0.00304266624 -0.000815280189 0.0106001012 -0.00304266624 -0.000815280189 0.0296518393 -0.00304266624 -0.000815280189 0.0296518393 -0.00304266624 -0.000815280189 0.0106001012 -0.00307535753 -0.000681668927 0.0296413358 -0.00304266624 -0.000815280189 0.0106001012 -0.00307535753 -0.000681668927 0.0106106047 -0.00307535753 -0.000681668927 0.0296413358 -0.00307535753 -0.000681668927 0.0296413358 -0.00307535753 -0.000681668927 0.0106106047 -0.00310214446 -0.000546992233 0.0296326354 -0.00307535753 -0.000681668927 0.0106106047 -0.00310214446 -0.000546992233 0.0106193041 -0.00310214446 -0.000546992233 0.0296326354 -0.00310214446 -0.000546992233 0.0296326354 -0.00310214446 -0.000546992233 0.0106193041 -0.00312303193 -0.000411302259 0.0296257939 -0.00310214446 -0.000546992233 0.0106193041 -0.00312303193 -0.000411302259 0.0106261456 -0.00312303193 -0.000411302259 0.0296257939 -0.00312303193 -0.000411302259 0.0296257939 -0.00312303193 -0.000411302259 0.0106261456 -0.00313801318 -0.000274539401 0.029620856 -0.00312303193 -0.000411302259 0.0106261456 -0.00313801318 -0.000274539401 0.0106310835 -0.00313801318 -0.000274539401 0.029620856 -0.00313801318 -0.000274539401 0.029620856 -0.00313801318 -0.000274539401 0.0106310835 -0.00314698392 -0.000137813811 0.0106340526 -0.00258867769 -0.00179478573 0.0297850966 -0.00258032884 -0.00180676626 0.0297873318 -0.00258032884 -0.00180676626 0.0104646087 -0.00258032884 -0.00180676626 0.0297873318 -0.00241304003 -0.0020247777 0.0298304651 -0.00258032884 -0.00180676626 0.0104646087 -0.00258032884 -0.00180676626 0.0104646087 -0.00241304003 -0.0020247777 0.0298304651 -0.00241304003 -0.0020247777 0.0104214745 -0.00241304003 -0.0020247777 0.0298304651 -0.00222738646 -0.00222738879 0.0298747513 -0.00241304003 -0.0020247777 0.0104214745 -0.00241304003 -0.0020247777 0.0104214745 -0.00222738646 -0.00222738879 0.0298747513 -0.00222738646 -0.00222738879 0.0103771882 -0.00222738646 -0.00222738879 0.0298747513 -0.00202478096 -0.00241304236 0.0299188383 -0.00222738646 -0.00222738879 0.0103771882 -0.00222738646 -0.00222738879 0.0103771882 -0.00202478096 -0.00241304236 0.0299188383 -0.00202478096 -0.00241304236 0.0103331022 -0.00202478096 -0.00241304236 0.0299188383 -0.00180676579 -0.00258033024 0.029961396 -0.00202478096 -0.00241304236 0.0103331022 -0.00202478096 -0.00241304236 0.0103331022 -0.00180676579 -0.00258033024 0.029961396 -0.00180676579 -0.00258033024 0.0102905445 -0.00180676579 -0.00258033024 0.0102905445 -0.00180676579 -0.00258033024 0.029961396 -0.00173778704 -0.00262727635 0.0102781225 -0.00180676579 -0.00258033024 0.029961396 -0.00173778704 -0.00262727635 0.029973818 -0.00173778704 -0.00262727635 0.0102781225 -0.00173778704 -0.00262727635 0.0102781225 -0.00173778704 -0.00262727635 0.029973818 -0.001575 -0.0027279784 0.0102507807 -0.00173778704 -0.00262727635 0.029973818 -0.001575 -0.0027279784 0.0300011598 -0.001575 -0.0027279784 0.0102507807 -0.001575 -0.0027279784 0.0102507807 -0.001575 -0.0027279784 0.0300011598 -0.0014543907 -0.002794147 0.0102322977 -0.001575 -0.0027279784 0.0300011598 -0.0014543907 -0.002794147 0.0300196428 -0.0014543907 -0.002794147 0.0102322977 -0.0014543907 -0.002794147 0.0102322977 -0.0014543907 -0.002794147 0.0300196428 -0.00133124751 -0.00285486924 0.010214977 -0.0014543907 -0.002794147 0.0300196428 -0.00133124751 -0.00285486924 0.0300369635 -0.00133124751 -0.00285486924 0.010214977 -0.00133124751 -0.00285486924 0.010214977 -0.00133124751 -0.00285486924 0.0300369635 -0.00120558182 -0.00291016744 0.0101989079 -0.00133124751 -0.00285486924 0.0300369635 -0.00120558182 -0.00291016744 0.0300530326 -0.00120558182 -0.00291016744 0.0101989079 -0.00120558182 -0.00291016744 0.0101989079 -0.00120558182 -0.00291016744 0.0300530326 -0.0010773635 -0.00296003418 0.0101841753 -0.00120558182 -0.00291016744 0.0300530326 -0.0010773635 -0.00296003418 0.0300677642 -0.0010773635 -0.00296003418 0.0101841753 -0.0010773635 -0.00296003418 0.0101841753 -0.0010773635 -0.00296003418 0.0300677642 -0.000871557451 -0.0030270298 0.0101640234 -0.0010773635 -0.00296003418 0.0300677642 -0.000871557451 -0.0030270298 0.0300879162 -0.000871557451 -0.0030270298 0.0101640234 -0.000871557451 -0.0030270298 0.0101640234 -0.000871557451 -0.0030270298 0.0300879162 -0.000815280015 -0.00304266857 0.0101592597 -0.000871557451 -0.0030270298 0.0300879162 -0.000815305742 -0.00304266112 0.030092679 -0.000815280015 -0.00304266857 0.0101592597 -0.000815305742 -0.00304266112 0.030092679 -0.000681493373 -0.00307539897 0.0301027205 -0.000815280015 -0.00304266857 0.0101592597 -0.000815280015 -0.00304266857 0.0101592597 -0.000681493373 -0.00307539897 0.0301027205 -0.000681493373 -0.00307539897 0.0101492191 -0.000681493373 -0.00307539897 0.0301027205 -0.000546991767 -0.00310214655 0.0301109981 -0.000681493373 -0.00307539897 0.0101492191 -0.000681493373 -0.00307539897 0.0101492191 -0.000546991767 -0.00310214655 0.0301109981 -0.000546991767 -0.00310214655 0.0101409415 -0.000546991767 -0.00310214655 0.0101409415 -0.000546991767 -0.00310214655 0.0301109981 -0.000411011191 -0.00312306779 0.0101344204 -0.000546991767 -0.00310214655 0.0301109981 -0.000411011191 -0.00312306779 0.0301175192 -0.000411011191 -0.00312306779 0.0101344204 -0.000411011191 -0.00312306779 0.0101344204 -0.000411011191 -0.00312306779 0.0301175192 -0.000274540595 -0.00313801365 0.0101297395 -0.000411011191 -0.00312306779 0.0301175192 -0.000274540595 -0.00313801365 0.0301222 -0.000274540595 -0.00313801365 0.0101297395 -0.000274540595 -0.00313801365 0.0301222 -0.000137515657 -0.00314699905 0.0301250238 -0.000274540595 -0.00313801365 0.0101297395 -0.000274540595 -0.00313801365 0.0101297395 -0.000137515657 -0.00314699905 0.0301250238 -0.000137515657 -0.00314699905 0.0101269158 -0.000137515657 -0.00314699905 0.0301250238 -2.83276955e-18 -0.00315000163 0.03012597 -0.000137515657 -0.00314699905 0.0101269158 -0.000137515657 -0.00314699905 0.0101269158 -2.83276955e-18 -0.00315000163 0.03012597 1.07187544e-17 -0.00315000163 0.0101259705 -2.83276955e-18 -0.00315000163 0.03012597 0.000137023177 -0.0031470214 0.0301250312 1.07187544e-17 -0.00315000163 0.0101259705 1.07187544e-17 -0.00315000163 0.0101259705 0.000137023177 -0.0031470214 0.0301250312 0.000137023177 -0.0031470214 0.0101269092 0.000137023177 -0.0031470214 0.0301250312 0.000274540595 -0.00313801365 0.0301222 0.000137023177 -0.0031470214 0.0101269092 0.000137023177 -0.0031470214 0.0101269092 0.000274540595 -0.00313801365 0.0301222 0.000274540595 -0.00313801365 0.0101297395 0.000274540595 -0.00313801365 0.0301222 0.000411583838 -0.00312299328 0.0301174968 0.000274540595 -0.00313801365 0.0101297395 0.000274540595 -0.00313801365 0.0101297395 0.000411583838 -0.00312299328 0.0301174968 0.000411583838 -0.00312299328 0.0101344436 0.000411583838 -0.00312299328 0.0301174968 0.000546991767 -0.00310214655 0.0301109981 0.000411583838 -0.00312299328 0.0101344436 0.000411583838 -0.00312299328 0.0101344436 0.000546991767 -0.00310214655 0.0301109981 0.000546991767 -0.00310214655 0.0101409415 0.000546991767 -0.00310214655 0.0301109981 0.000681951526 -0.00307529466 0.0301026907 0.000546991767 -0.00310214655 0.0101409415 0.000546991767 -0.00310214655 0.0101409415 0.000681951526 -0.00307529466 0.0301026907 0.000681951526 -0.00307529466 0.0101492498 0.000681951526 -0.00307529466 0.0301026907 0.000815280015 -0.00304266857 0.0300926808 0.000681951526 -0.00307529466 0.0101492498 0.000681951526 -0.00307529466 0.0101492498 0.000815280015 -0.00304266857 0.0300926808 0.000815305626 -0.00304266112 0.0101592615 0.000815305626 -0.00304266112 0.0101592615 0.000815280015 -0.00304266857 0.0300926808 0.000871557451 -0.0030270298 0.0101640234 0.000815280015 -0.00304266857 0.0300926808 0.000871557451 -0.0030270298 0.0300879162 0.000871557451 -0.0030270298 0.0101640234 0.000871557451 -0.0030270298 0.0101640234 0.000871557451 -0.0030270298 0.0300879162 0.0010773635 -0.00296003418 0.0101841753 0.000871557451 -0.0030270298 0.0300879162 0.0010773635 -0.00296003418 0.0300677642 0.0010773635 -0.00296003418 0.0101841753 0.0010773635 -0.00296003418 0.0300677642 0.00120523199 -0.00291030901 0.0300530754 0.0010773635 -0.00296003418 0.0101841753 0.0010773635 -0.00296003418 0.0101841753 0.00120523199 -0.00291030901 0.0300530754 0.00120523199 -0.00291030901 0.0101988651 0.00120523199 -0.00291030901 0.0300530754 0.00133124751 -0.00285486924 0.0300369635 0.00120523199 -0.00291030901 0.0101988651 0.00120523199 -0.00291030901 0.0101988651 0.00133124751 -0.00285486924 0.0300369635 0.00133124751 -0.00285486924 0.010214977 0.00133124751 -0.00285486924 0.0300369635 0.00145483157 -0.00279391604 0.0300195776 0.00133124751 -0.00285486924 0.010214977 0.00133124751 -0.00285486924 0.010214977 0.00145483157 -0.00279391604 0.0300195776 0.00145483157 -0.00279391604 0.0102323629 0.00145483157 -0.00279391604 0.0300195776 0.001575 -0.0027279784 0.0300011598 0.00145483157 -0.00279391604 0.0102323629 0.00145483157 -0.00279391604 0.0102323629 0.001575 -0.0027279784 0.0300011598 0.001575 -0.0027279784 0.0102507807 0.001575 -0.0027279784 0.0300011598 0.00173778704 -0.00262727635 0.029973818 0.001575 -0.0027279784 0.0102507807 0.001575 -0.0027279784 0.0102507807 0.00173778704 -0.00262727635 0.029973818 0.00173778704 -0.00262727635 0.0102781225 0.00173778704 -0.00262727635 0.029973818 0.00180676579 -0.00258033024 0.029961396 0.00173778704 -0.00262727635 0.0102781225 0.00173778704 -0.00262727635 0.0102781225 0.00180676579 -0.00258033024 0.029961396 0.00180676579 -0.00258033024 0.0102905445 0.00180676579 -0.00258033024 0.029961396 0.00202478096 -0.00241304236 0.0299188383 0.00180676579 -0.00258033024 0.0102905445 0.00180676579 -0.00258033024 0.0102905445 0.00202478096 -0.00241304236 0.0299188383 0.00202478096 -0.00241304236 0.0103331022 0.00202478096 -0.00241304236 0.0299188383 0.00222738646 -0.00222738879 0.0298747513 0.00202478096 -0.00241304236 0.0103331022 0.00202478096 -0.00241304236 0.0103331022 0.00222738646 -0.00222738879 0.0298747513 0.00222738646 -0.00222738879 0.0103771882 0.00222738646 -0.00222738879 0.0298747513 0.00241304003 -0.0020247777 0.0298304651 0.00222738646 -0.00222738879 0.0103771882 0.00222738646 -0.00222738879 0.0103771882 0.00241304003 -0.0020247777 0.0298304651 0.00241304003 -0.0020247777 0.0104214745 0.00241304003 -0.0020247777 0.0298304651 0.00258032884 -0.00180676626 0.0297873318 0.00241304003 -0.0020247777 0.0104214745 0.00241304003 -0.0020247777 0.0104214745 0.00258032884 -0.00180676626 0.0297873318 0.00258032884 -0.00180676626 0.0104646087 0.00258867769 -0.00179478573 0.0297850966 0.00272798003 -0.00157500105 0.0105052572 0.00258032884 -0.00180676626 0.0297873318 0.00272798003 -0.00157500105 0.0105052572 0.00258867769 -0.00179478573 0.0104668429 0.00258032884 -0.00180676626 0.0297873318 0.00258032884 -0.00180676626 0.0297873318 0.00258867769 -0.00179478573 0.0104668429 0.00258032884 -0.00180676626 0.0104646087 0.00258867769 -0.00179478573 0.0297850966 0.00272798003 -0.00157500105 0.0297466833 0.00272798003 -0.00157500105 0.0105052572 0.00272798003 -0.00157500105 0.0297466833 0.00279417634 -0.00145433145 0.0297276657 0.00272798003 -0.00157500105 0.0105052572 0.00272798003 -0.00157500105 0.0105052572 0.00279417634 -0.00145433145 0.0297276657 0.00279417634 -0.00145433145 0.0105242739 0.00279417634 -0.00145433145 0.0105242739 0.00279417634 -0.00145433145 0.0297276657 0.00285486947 -0.00133124785 0.0105421441 0.00279417634 -0.00145433145 0.0297276657 0.00285486947 -0.00133124785 0.0297097955 0.00285486947 -0.00133124785 0.0105421441 0.00285486947 -0.00133124785 0.0105421441 0.00285486947 -0.00133124785 0.0297097955 0.00291027292 -0.00120532559 0.0296931174 0.00291027292 -0.00120532559 0.0105588231 0.00291027292 -0.00120532559 0.0296931174 0.00296003185 -0.00107736187 0.0105741005 0.00291027292 -0.00120532559 0.0296931174 0.00296003185 -0.00107736187 0.0296778399 0.00296003185 -0.00107736187 0.0105741005 0.00296003185 -0.00107736187 0.0105741005 0.00296003185 -0.00107736187 0.0296778399 0.00300416816 -0.000947349181 0.0296640508 0.00300416816 -0.000947349181 0.0105878897 0.00300416816 -0.000947349181 0.0296640508 0.00304266624 -0.000815280189 0.0106001012 0.00300416816 -0.000947349181 0.0296640508 0.00304266624 -0.000815280189 0.0296518393 0.00304266624 -0.000815280189 0.0106001012 0.00304266624 -0.000815280189 0.0106001012 0.00304266624 -0.000815280189 0.0296518393 0.00307524484 -0.000682183017 0.0296413712 0.00307524484 -0.000682183017 0.0106105683 0.00307524484 -0.000682183017 0.0296413712 0.00310214446 -0.000546992233 0.0106193041 0.00307524484 -0.000682183017 0.0296413712 0.00310214446 -0.000546992233 0.0296326354 0.00310214446 -0.000546992233 0.0106193041 0.00310214446 -0.000546992233 0.0106193041 0.00310214446 -0.000546992233 0.0296326354 0.00312309014 -0.000410862674 0.0296257753 0.00312305614 -0.000411123445 0.0106261531 0.00312309014 -0.000410862674 0.0296257753 0.00313801318 -0.000274539401 0.0106310835 0.00312309014 -0.000410862674 0.0296257753 0.00313801318 -0.000274539401 0.029620856 0.00313801318 -0.000274539401 0.0106310835 0.00313801318 -0.000274539401 0.0106310835 0.00313801318 -0.000274539401 0.029620856 0.00314700953 -0.000137225215 0.0296178777 0.00304266624 0.000815279374 0.0296518393 0.00304266624 0.000815279374 0.0106001012 0.00307535753 0.000681668113 0.0106106047 0.00314699649 -0.000137523239 0.0106340572 0.00314700953 -0.000137225215 0.0296178777 0.00315 -4.17232526e-10 0.0106350537 0.00314700953 -0.000137225215 0.0296178777 0.00315 -4.17232526e-10 0.0296168867 0.00315 -4.17232526e-10 0.0106350537 0.00315 -4.17232526e-10 0.0106350537 0.00315 -4.17232526e-10 0.0296168867 0.00314698392 0.000137812967 0.0106340526 0.00315 -4.17232526e-10 0.0296168867 0.0031470058 0.000137313778 0.0296178795 0.00314698392 0.000137812967 0.0106340526 0.00314698392 0.000137812967 0.0106340526 0.0031470058 0.000137313778 0.0296178795 0.00313801318 0.000274538586 0.0106310835 0.0031470058 0.000137313778 0.0296178795 0.00313801318 0.000274538586 0.029620856 0.00313801318 0.000274538586 0.0106310835 0.00313801318 0.000274538586 0.0106310835 0.00313801318 0.000274538586 0.029620856 0.00312303193 0.000411301444 0.0106261456 0.00313801318 0.000274538586 0.029620856 0.00312309735 0.000410809705 0.0296257734 0.00312303193 0.000411301444 0.0106261456 0.00312303193 0.000411301444 0.0106261456 0.00312309735 0.000410809705 0.0296257734 0.00310214446 0.000546991418 0.0106193041 0.00312309735 0.000410809705 0.0296257734 0.00310214446 0.000546991418 0.0296326354 0.00310214446 0.000546991418 0.0106193041 0.00310214446 0.000546991418 0.0106193041 0.00310214446 0.000546991418 0.0296326354 0.00307535753 0.000681668113 0.0106106047 0.00310214446 0.000546991418 0.0296326354 0.00307523622 0.000682219455 0.0296413749 0.00307535753 0.000681668113 0.0106106047 0.00307535753 0.000681668113 0.0106106047 0.00307523622 0.000682219455 0.0296413749 0.00304266624 0.000815279374 0.0296518393 0.00304266624 0.000815279374 0.0106001012 0.00304266624 0.000815279374 0.0296518393 0.00300428527 0.000946983288 0.010587927 0.00304266624 0.000815279374 0.0296518393 0.00300415559 0.00094739307 0.0296640545 0.00300428527 0.000946983288 0.010587927 0.00300428527 0.000946983288 0.010587927 0.00300415559 0.00094739307 0.0296640545 0.00296003185 0.00107736094 0.0296778399 0.00272798003 0.00157500012 0.0297466833 0.00272798003 0.00157500012 0.0105052572 0.00279416982 0.00145434542 0.0297276676 0.00272798003 0.00157500012 0.0105052572 0.00279403781 0.00145459874 0.0105242329 0.00279416982 0.00145434542 0.0297276676 0.00279416982 0.00145434542 0.0297276676 0.00279403781 0.00145459874 0.0105242329 0.00285486947 0.00133124692 0.0297097955 0.00279403781 0.00145459874 0.0105242329 0.00285486947 0.00133124692 0.0105421441 0.00285486947 0.00133124692 0.0297097955 0.00285486947 0.00133124692 0.0297097955 0.00285486947 0.00133124692 0.0105421441 0.00291025708 0.00120536191 0.029693123 0.00285486947 0.00133124692 0.0105421441 0.00291007594 0.0012058015 0.0105587626 0.00291025708 0.00120536191 0.029693123 0.00291025708 0.00120536191 0.029693123 0.00291007594 0.0012058015 0.0105587626 0.00296003185 0.00107736094 0.0296778399 0.00291007594 0.0012058015 0.0105587626 0.00296003185 0.00107736094 0.0105741005 0.00296003185 0.00107736094 0.0296778399 0.00296003185 0.00107736094 0.0296778399 0.00296003185 0.00107736094 0.0105741005 0.00300428527 0.000946983288 0.010587927 0.00258867769 0.0017947848 0.0297850966 0.00258032884 0.00180676533 0.0104646087 0.00272798003 0.00157500012 0.0297466833 0.00258032884 0.00180676533 0.0104646087 0.00258867769 0.0017947848 0.0104668429 0.00272798003 0.00157500012 0.0297466833 0.00272798003 0.00157500012 0.0297466833 0.00258867769 0.0017947848 0.0104668429 0.00272798003 0.00157500012 0.0105052572 0.00258867769 0.0017947848 0.0297850966 0.00258032884 0.00180676533 0.0297873318 0.00258032884 0.00180676533 0.0104646087 0.00258032884 0.00180676533 0.0297873318 0.00241304003 0.00202478422 0.0298304651 0.00258032884 0.00180676533 0.0104646087 0.00258032884 0.00180676533 0.0104646087 0.00241304003 0.00202478422 0.0298304651 0.00241304003 0.00202478422 0.0104214745 0.00241304003 0.00202478422 0.0298304651 0.00222738646 0.00222738786 0.0298747513 0.00241304003 0.00202478422 0.0104214745 0.00241304003 0.00202478422 0.0104214745 0.00222738646 0.00222738786 0.0298747513 0.00222738646 0.00222738786 0.0103771882 0.00222738646 0.00222738786 0.0298747513 0.00202478096 0.00241304142 0.0299188383 0.00222738646 0.00222738786 0.0103771882 0.00222738646 0.00222738786 0.0103771882 0.00202478096 0.00241304142 0.0299188383 0.00202478096 0.00241304142 0.0103331022 0.00202478096 0.00241304142 0.0299188383 0.00180676579 0.00258032931 0.029961396 0.00202478096 0.00241304142 0.0103331022 0.00202478096 0.00241304142 0.0103331022 0.00180676579 0.00258032931 0.029961396 0.00180676579 0.00258032931 0.0102905445 0.00180676579 0.00258032931 0.0102905445 0.00180676579 0.00258032931 0.029961396 0.00173778704 0.00262728287 0.0102781225 0.00180676579 0.00258032931 0.029961396 0.00173778704 0.00262728287 0.029973818 0.00173778704 0.00262728287 0.0102781225 0.00173778704 0.00262728287 0.0102781225 0.00173778704 0.00262728287 0.029973818 0.001575 0.00272797747 0.0102507807 0.00173778704 0.00262728287 0.029973818 0.001575 0.00272797747 0.0300011598 0.001575 0.00272797747 0.0102507807 0.001575 0.00272797747 0.0102507807 0.001575 0.00272797747 0.0300011598 0.0014543907 0.00279414607 0.0102322977 0.001575 0.00272797747 0.0300011598 0.00145483366 0.0027939151 0.0300195776 0.0014543907 0.00279414607 0.0102322977 0.0014543907 0.00279414607 0.0102322977 0.00145483366 0.0027939151 0.0300195776 0.00133124751 0.0028548683 0.010214977 0.00145483366 0.0027939151 0.0300195776 0.00133124751 0.0028548683 0.0300369635 0.00133124751 0.0028548683 0.010214977 0.00133124751 0.0028548683 0.0300369635 0.00120529055 0.00291028572 0.030053068 0.00133124751 0.0028548683 0.010214977 0.00133124751 0.0028548683 0.010214977 0.00120529055 0.00291028572 0.030053068 0.00120558182 0.00291016651 0.0101989079 0.00120529055 0.00291028572 0.030053068 0.0010773635 0.00296003325 0.0300677642 0.00120558182 0.00291016651 0.0101989079 0.00120558182 0.00291016651 0.0101989079 0.0010773635 0.00296003325 0.0300677642 0.0010773635 0.00296003325 0.0101841753 0.0010773635 0.00296003325 0.0101841753 0.0010773635 0.00296003325 0.0300677642 0.000871557451 0.00302702887 0.0101640234 0.0010773635 0.00296003325 0.0300677642 0.000871557451 0.00302702887 0.0300879162 0.000871557451 0.00302702887 0.0101640234 0.000871557451 0.00302702887 0.0101640234 0.000871557451 0.00302702887 0.0300879162 0.000815280015 0.00304266764 0.0101592597 0.000871557451 0.00302702887 0.0300879162 0.000815305684 0.00304266019 0.030092679 0.000815280015 0.00304266764 0.0101592597 0.000815305684 0.00304266019 0.030092679 0.000681897392 0.00307530863 0.0301026944 0.000815280015 0.00304266764 0.0101592597 0.000815280015 0.00304266764 0.0101592597 0.000681897392 0.00307530863 0.0301026944 0.000681493373 0.00307539804 0.0101492191 0.000681897392 0.00307530863 0.0301026944 0.000546991767 0.00310214562 0.0301109981 0.000681493373 0.00307539804 0.0101492191 0.000681493373 0.00307539804 0.0101492191 0.000546991767 0.00310214562 0.0301109981 0.000546991767 0.00310214562 0.0101409415 0.000546991767 0.00310214562 0.0101409415 0.000546991767 0.00310214562 0.0301109981 0.000411011191 0.00312306685 0.0101344204 0.000546991767 0.00310214562 0.0301109981 0.000411535904 0.0031229998 0.0301174987 0.000411011191 0.00312306685 0.0101344204 0.000411011191 0.00312306685 0.0101344204 0.000411535904 0.0031229998 0.0301174987 0.000274540595 0.00313801272 0.0101297395 0.000411535904 0.0031229998 0.0301174987 0.000274540595 0.00313801272 0.0301222 0.000274540595 0.00313801272 0.0101297395 0.000274540595 0.00313801272 0.0301222 0.000137077121 0.00314701302 0.0301250294 0.000274540595 0.00313801272 0.0101297395 0.000274540595 0.00313801272 0.0101297395 0.000137077121 0.00314701302 0.0301250294 0.000137515657 0.00314699812 0.0101269158 0.000137077121 0.00314701302 0.0301250294 -5.05321534e-18 0.0031500007 0.03012597 0.000137515657 0.00314699812 0.0101269158 0.000137515657 0.00314699812 0.0101269158 -5.05321534e-18 0.0031500007 0.03012597 1.83697024e-18 0.0031500007 0.0101259705 -5.05321534e-18 0.0031500007 0.03012597 -0.000137590512 0.00314699067 0.0301250238 1.83697024e-18 0.0031500007 0.0101259705 1.83697024e-18 0.0031500007 0.0101259705 -0.000137590512 0.00314699067 0.0301250238 -0.000137023177 0.00314702047 0.0101269092 -0.000137590512 0.00314699067 0.0301250238 -0.000274540595 0.00313801272 0.0301222 -0.000137023177 0.00314702047 0.0101269092 -0.000137023177 0.00314702047 0.0101269092 -0.000274540595 0.00313801272 0.0301222 -0.000274540595 0.00313801272 0.0101297395 -0.000274540595 0.00313801272 0.0101297395 -0.000274540595 0.00313801272 0.0301222 -0.000411583838 0.00312299235 0.0101344436 -0.000274540595 0.00313801272 0.0301222 -0.000411085261 0.0031230594 0.0301175173 -0.000411583838 0.00312299235 0.0101344436 -0.000411583838 0.00312299235 0.0101344436 -0.000411085261 0.0031230594 0.0301175173 -0.000546991767 0.00310214562 0.0101409415 -0.000411085261 0.0031230594 0.0301175173 -0.000546991767 0.00310214562 0.0301109981 -0.000546991767 0.00310214562 0.0101409415 -0.000546991767 0.00310214562 0.0301109981 -0.000681456004 0.00307540549 0.0301027242 -0.000546991767 0.00310214562 0.0101409415 -0.000546991767 0.00310214562 0.0101409415 -0.000681456004 0.00307540549 0.0301027242 -0.000681951526 0.00307529373 0.0101492498 -0.000681456004 0.00307540549 0.0301027242 -0.000815280015 0.00304266764 0.0300926808 -0.000681951526 0.00307529373 0.0101492498 -0.000681951526 0.00307529373 0.0101492498 -0.000815280015 0.00304266764 0.0300926808 -0.000815305626 0.00304266019 0.0101592615 -0.000815305626 0.00304266019 0.0101592615 -0.000815280015 0.00304266764 0.0300926808 -0.000871557451 0.00302702887 0.0101640234 -0.000815280015 0.00304266764 0.0300926808 -0.000871557451 0.00302702887 0.0300879162 -0.000871557451 0.00302702887 0.0101640234 -0.000871557451 0.00302702887 0.0101640234 -0.000871557451 0.00302702887 0.0300879162 -0.0010773635 0.00296003325 0.0101841753 -0.000871557451 0.00302702887 0.0300879162 -0.0010773635 0.00296003325 0.0300677642 -0.0010773635 0.00296003325 0.0101841753 -0.0010773635 0.00296003325 0.0300677642 -0.00120560382 0.00291015906 0.0300530288 -0.0010773635 0.00296003325 0.0101841753 -0.0010773635 0.00296003325 0.0101841753 -0.00120560382 0.00291015906 0.0300530288 -0.00120523199 0.00291031552 0.0101988651 -0.00120560382 0.00291015906 0.0300530288 -0.00133124751 0.0028548683 0.0300369635 -0.00120523199 0.00291031552 0.0101988651 -0.00120523199 0.00291031552 0.0101988651 -0.00133124751 0.0028548683 0.0300369635 -0.00133124751 0.0028548683 0.010214977 -0.00133124751 0.0028548683 0.010214977 -0.00133124751 0.0028548683 0.0300369635 -0.00145483157 0.0027939151 0.0102323629 -0.00133124751 0.0028548683 0.0300369635 -0.00145441166 0.00279413117 0.0300196391 -0.00145483157 0.0027939151 0.0102323629 -0.00145483157 0.0027939151 0.0102323629 -0.00145441166 0.00279413117 0.0300196391 -0.001575 0.00272797747 0.0102507807 -0.00145441166 0.00279413117 0.0300196391 -0.001575 0.00272797747 0.0300011598 -0.001575 0.00272797747 0.0102507807 -0.001575 0.00272797747 0.0102507807 -0.001575 0.00272797747 0.0300011598 -0.00173778704 0.00262728287 0.0102781225 -0.001575 0.00272797747 0.0300011598 -0.00173778704 0.00262728287 0.029973818 -0.00173778704 0.00262728287 0.0102781225 -0.00173778704 0.00262728287 0.0102781225 -0.00173778704 0.00262728287 0.029973818 -0.00180676579 0.00258032931 0.0102905445 -0.00258032884 0.00180676533 0.0297873318 -0.00241304003 0.00202478422 0.0104214745 -0.00241304003 0.00202478422 0.0298304651 -0.00241304003 0.00202478422 0.0104214745 -0.00222738646 0.00222738786 0.0103771882 -0.00241304003 0.00202478422 0.0298304651 -0.00241304003 0.00202478422 0.0298304651 -0.00222738646 0.00222738786 0.0103771882 -0.00222738646 0.00222738786 0.0298747513 -0.00222738646 0.00222738786 0.0103771882 -0.00202478096 0.00241304142 0.0103331022 -0.00222738646 0.00222738786 0.0298747513 -0.00222738646 0.00222738786 0.0298747513 -0.00202478096 0.00241304142 0.0103331022 -0.00202478096 0.00241304142 0.0299188383 -0.00202478096 0.00241304142 0.0103331022 -0.00180676579 0.00258032931 0.0102905445 -0.00202478096 0.00241304142 0.0299188383 -0.00202478096 0.00241304142 0.0299188383 -0.00180676579 0.00258032931 0.0102905445 -0.00180676579 0.00258032931 0.029961396 -0.00180676579 0.00258032931 0.0102905445 -0.00173778704 0.00262728287 0.029973818 -0.00180676579 0.00258032931 0.029961396 -0.00272798003 0.00157500012 0.0105052572 -0.00258867769 0.0017947848 0.0104668429 -0.00258032884 0.00180676533 0.0297873318 -0.00258867769 0.0017947848 0.0104668429 -0.00258032884 0.00180676533 0.0104646087 -0.00258032884 0.00180676533 0.0297873318 -0.00258032884 0.00180676533 0.0297873318 -0.00258032884 0.00180676533 0.0104646087 -0.00241304003 0.00202478422 0.0104214745 -0.00258032884 0.00180676533 0.0297873318 -0.00258867769 0.0017947848 0.0297850966 -0.00272798003 0.00157500012 0.0105052572 -0.00258867769 0.0017947848 0.0297850966 -0.00272798003 0.00157500012 0.0297466833 -0.00272798003 0.00157500012 0.0105052572 -0.00272798003 0.00157500012 0.0105052572 -0.00272798003 0.00157500012 0.0297466833 -0.00279417634 0.00145433052 0.0105242739 -0.00272798003 0.00157500012 0.0297466833 -0.0027940399 0.00145459129 0.0297277067 -0.00279417634 0.00145433052 0.0105242739 -0.00279417634 0.00145433052 0.0105242739 -0.0027940399 0.00145459129 0.0297277067 -0.00285486947 0.00133124692 0.0105421441 -0.0027940399 0.00145459129 0.0297277067 -0.00285486947 0.00133124692 0.0297097955 -0.00285486947 0.00133124692 0.0105421441 -0.00285486947 0.00133124692 0.0105421441 -0.00285486947 0.00133124692 0.0297097955 -0.00291027292 0.00120532466 0.0105588231 -0.00285486947 0.00133124692 0.0297097955 -0.0029100778 0.00120579405 0.029693177 -0.00291027292 0.00120532466 0.0105588231 -0.00291027292 0.00120532466 0.0105588231 -0.0029100778 0.00120579405 0.029693177 -0.00296003185 0.00107736094 0.0105741005 -0.0029100778 0.00120579405 0.029693177 -0.00296003185 0.00107736094 0.0296778399 -0.00296003185 0.00107736094 0.0105741005 -0.00296003185 0.00107736094 0.0105741005 -0.00296003185 0.00107736094 0.0296778399 -0.00300424313 0.000947109947 0.0296640266 -0.00300416816 0.000947348366 0.0105878897 -0.00300424313 0.000947109947 0.0296640266 -0.00304266624 0.000815279374 0.0106001012 -0.00300424313 0.000947109947 0.0296640266 -0.00304266624 0.000815279374 0.0296518393 -0.00304266624 0.000815279374 0.0106001012 -0.00304266624 0.000815279374 0.0106001012 -0.00304266624 0.000815279374 0.0296518393 -0.00307536125 0.000681653211 0.029641334 -0.00314698392 -0.000137813811 0.029617887 -0.00314698392 -0.000137813811 0.0106340526 -0.00315 -4.17232526e-10 0.0296168867 -0.00314698392 -0.000137813811 0.0106340526 -0.00315 -4.17232526e-10 0.0106350537 -0.00315 -4.17232526e-10 0.0296168867 -0.00315 -4.17232526e-10 0.0296168867 -0.00315 -4.17232526e-10 0.0106350537 -0.00314698461 0.000137798066 0.029617887 -0.00315 -4.17232526e-10 0.0106350537 -0.00314699649 0.000137522395 0.0106340572 -0.00314698461 0.000137798066 0.029617887 -0.00314698461 0.000137798066 0.029617887 -0.00314699649 0.000137522395 0.0106340572 -0.00313801318 0.000274538586 0.029620856 -0.00314699649 0.000137522395 0.0106340572 -0.00313801318 0.000274538586 0.0106310835 -0.00313801318 0.000274538586 0.029620856 -0.00313801318 0.000274538586 0.029620856 -0.00313801318 0.000274538586 0.0106310835 -0.00312303426 0.000411286543 0.0296257939 -0.00313801318 0.000274538586 0.0106310835 -0.00312305614 0.00041112263 0.0106261531 -0.00312303426 0.000411286543 0.0296257939 -0.00312303426 0.000411286543 0.0296257939 -0.00312305614 0.00041112263 0.0106261531 -0.00310214446 0.000546991418 0.0296326354 -0.00312305614 0.00041112263 0.0106261531 -0.00310214446 0.000546991418 0.0106193041 -0.00310214446 0.000546991418 0.0296326354 -0.00310214446 0.000546991418 0.0296326354 -0.00310214446 0.000546991418 0.0106193041 -0.00307536125 0.000681653211 0.029641334 -0.00310214446 0.000546991418 0.0106193041 -0.00307524484 0.000682182203 0.0106105683 -0.00307536125 0.000681653211 0.029641334 -0.00307536125 0.000681653211 0.029641334 -0.00307524484 0.000682182203 0.0106105683 -0.00304266624 0.000815279374 0.0106001012 0.001575 -0.0027279784 0.0102507807 0.00173778704 -0.00262727635 0.0102781225 0.00173648179 -0.0769999996 0.0102778925 -0.001575 -0.0027279784 0.0300011598 -0.00173778704 -0.00262727635 0.029973818 -0.00173648179 -0.0769999996 0.0299740471 -0.00310214446 -0.000546992233 0.0296326354 -0.00312303193 -0.000411302259 0.0296257939 -0.00342020136 -0.0769999996 0.0295228958 -0.00310214446 -0.000546992233 0.0296326354 -0.00342020136 -0.0769999996 0.0295228958 -0.00307535753 -0.000681668927 0.0296413358 -0.00296003185 -0.00107736187 0.0296778399 -0.00300428527 -0.000946976652 0.0296640135 -0.00342020136 -0.0769999996 0.0295228958 -0.00300428527 -0.000946976652 0.0296640135 -0.00304266624 -0.000815280189 0.0296518393 -0.00342020136 -0.0769999996 0.0295228958 -0.00342020136 -0.0769999996 0.0295228958 -0.00304266624 -0.000815280189 0.0296518393 -0.00307535753 -0.000681668927 0.0296413358 -0.00279403781 -0.00145459967 0.0297277067 -0.00285486947 -0.00133124785 0.0297097955 -0.00342020136 -0.0769999996 0.0295228958 -0.00285486947 -0.00133124785 0.0297097955 -0.00291007594 -0.00120580243 0.029693177 -0.00342020136 -0.0769999996 0.0295228958 -0.00342020136 -0.0769999996 0.0295228958 -0.00291007594 -0.00120580243 0.029693177 -0.00296003185 -0.00107736187 0.0296778399 -0.00312303193 -0.000411302259 0.0296257939 -0.00313801318 -0.000274539401 0.029620856 -0.00342020136 -0.0769999996 0.0295228958 -0.00313801318 -0.000274539401 0.029620856 -0.00314698392 -0.000137813811 0.029617887 -0.00342020136 -0.0769999996 0.0295228958 -0.00342020136 -0.0769999996 0.0295228958 -0.00314698392 -0.000137813811 0.029617887 -0.00315 -4.17232526e-10 0.0296168867 -0.00314698461 0.000137798066 0.029617887 -0.00313801318 0.000274538586 0.029620856 -0.00342020136 0.00919999927 0.0295228958 -0.00313801318 0.000274538586 0.029620856 -0.00312303426 0.000411286543 0.0296257939 -0.00342020136 0.00919999927 0.0295228958 -0.00342020136 0.00919999927 0.0295228958 -0.00312303426 0.000411286543 0.0296257939 -0.00310214446 0.000546991418 0.0296326354 -0.00310214446 0.000546991418 0.0296326354 -0.00307536125 0.000681653211 0.029641334 -0.00342020136 0.00919999927 0.0295228958 -0.00307536125 0.000681653211 0.029641334 -0.00304266624 0.000815279374 0.0296518393 -0.00342020136 0.00919999927 0.0295228958 -0.00342020136 0.00919999927 0.0295228958 -0.00304266624 0.000815279374 0.0296518393 -0.00300424313 0.000947109947 0.0296640266 -0.00300424313 0.000947109947 0.0296640266 -0.00296003185 0.00107736094 0.0296778399 -0.00342020136 0.00919999927 0.0295228958 -0.00296003185 0.00107736094 0.0296778399 -0.0029100778 0.00120579405 0.029693177 -0.00342020136 0.00919999927 0.0295228958 -0.00342020136 0.00919999927 0.0295228958 -0.0029100778 0.00120579405 0.029693177 -0.00285486947 0.00133124692 0.0297097955 -0.00258867769 0.0017947848 0.0297850966 -0.00258819037 0.00919999927 0.0297852289 -0.00272798003 0.00157500012 0.0297466833 -0.00258819037 0.00919999927 0.0297852289 -0.00342020136 0.00919999927 0.0295228958 -0.00272798003 0.00157500012 0.0297466833 -0.00272798003 0.00157500012 0.0297466833 -0.00342020136 0.00919999927 0.0295228958 -0.0027940399 0.00145459129 0.0297277067 -0.00342020136 0.00919999927 0.0295228958 -0.00285486947 0.00133124692 0.0297097955 -0.0027940399 0.00145459129 0.0297277067 -0.00222738646 -0.00222738879 0.0298747513 -0.00241304003 -0.0020247777 0.0298304651 -0.00258819037 -0.0769999996 0.0297852289 -0.00222738646 -0.00222738879 0.0298747513 -0.00258819037 -0.0769999996 0.0297852289 -0.00202478096 -0.00241304236 0.0299188383 -0.00173648179 -0.0769999996 0.0299740471 -0.00173778704 -0.00262727635 0.029973818 -0.00258819037 -0.0769999996 0.0297852289 -0.00173778704 -0.00262727635 0.029973818 -0.00180676579 -0.00258033024 0.029961396 -0.00258819037 -0.0769999996 0.0297852289 -0.00258819037 -0.0769999996 0.0297852289 -0.00180676579 -0.00258033024 0.029961396 -0.00202478096 -0.00241304236 0.0299188383 -0.00241304003 -0.0020247777 0.0298304651 -0.00258032884 -0.00180676626 0.0297873318 -0.00258819037 -0.0769999996 0.0297852289 -0.00258032884 -0.00180676626 0.0297873318 -0.00258867769 -0.00179478573 0.0297850966 -0.00258819037 -0.0769999996 0.0297852289 -0.00258819037 -0.0769999996 0.0297852289 -0.00258867769 -0.00179478573 0.0297850966 -0.00342020136 -0.0769999996 0.0295228958 -0.00258867769 -0.00179478573 0.0297850966 -0.00272798003 -0.00157500105 0.0297466833 -0.00342020136 -0.0769999996 0.0295228958 -0.00342020136 -0.0769999996 0.0295228958 -0.00272798003 -0.00157500105 0.0297466833 -0.00279403781 -0.00145459967 0.0297277067 -0.00120558182 -0.00291016744 0.0300530326 -0.00133124751 -0.00285486924 0.0300369635 -0.00173648179 -0.0769999996 0.0299740471 -0.00133124751 -0.00285486924 0.0300369635 -0.0014543907 -0.002794147 0.0300196428 -0.00173648179 -0.0769999996 0.0299740471 -0.00173648179 -0.0769999996 0.0299740471 -0.0014543907 -0.002794147 0.0300196428 -0.001575 -0.0027279784 0.0300011598 -2.83276955e-18 -0.0769999996 0.03012597 -2.83276955e-18 -0.00315000163 0.03012597 -0.000871557451 -0.0769999996 0.0300879162 -2.83276955e-18 -0.00315000163 0.03012597 -0.000137515657 -0.00314699905 0.0301250238 -0.000871557451 -0.0769999996 0.0300879162 -0.000871557451 -0.0769999996 0.0300879162 -0.000137515657 -0.00314699905 0.0301250238 -0.000274540595 -0.00313801365 0.0301222 -0.000274540595 -0.00313801365 0.0301222 -0.000411011191 -0.00312306779 0.0301175192 -0.000871557451 -0.0769999996 0.0300879162 -0.000411011191 -0.00312306779 0.0301175192 -0.000546991767 -0.00310214655 0.0301109981 -0.000871557451 -0.0769999996 0.0300879162 -0.000871557451 -0.0769999996 0.0300879162 -0.000546991767 -0.00310214655 0.0301109981 -0.000681493373 -0.00307539897 0.0301027205 -0.000681493373 -0.00307539897 0.0301027205 -0.000815305742 -0.00304266112 0.030092679 -0.000871557451 -0.0769999996 0.0300879162 -0.000815305742 -0.00304266112 0.030092679 -0.000871557451 -0.0030270298 0.0300879162 -0.000871557451 -0.0769999996 0.0300879162 -0.000871557451 -0.0769999996 0.0300879162 -0.000871557451 -0.0030270298 0.0300879162 -0.00173648179 -0.0769999996 0.0299740471 -0.000871557451 -0.0030270298 0.0300879162 -0.0010773635 -0.00296003418 0.0300677642 -0.00173648179 -0.0769999996 0.0299740471 -0.00173648179 -0.0769999996 0.0299740471 -0.0010773635 -0.00296003418 0.0300677642 -0.00120558182 -0.00291016744 0.0300530326 0.000681951526 -0.00307529466 0.0301026907 0.000546991767 -0.00310214655 0.0301109981 0.000871557451 -0.0769999996 0.0300879162 0.000681951526 -0.00307529466 0.0301026907 0.000871557451 -0.0769999996 0.0300879162 0.000815280015 -0.00304266857 0.0300926808 0.000546991767 -0.00310214655 0.0301109981 0.000411583838 -0.00312299328 0.0301174968 0.000871557451 -0.0769999996 0.0300879162 0.000411583838 -0.00312299328 0.0301174968 0.000274540595 -0.00313801365 0.0301222 0.000871557451 -0.0769999996 0.0300879162 0.000871557451 -0.0769999996 0.0300879162 0.000274540595 -0.00313801365 0.0301222 -2.83276955e-18 -0.0769999996 0.03012597 0.000274540595 -0.00313801365 0.0301222 0.000137023177 -0.0031470214 0.0301250312 -2.83276955e-18 -0.0769999996 0.03012597 -2.83276955e-18 -0.0769999996 0.03012597 0.000137023177 -0.0031470214 0.0301250312 -2.83276955e-18 -0.00315000163 0.03012597 0.00133124751 -0.00285486924 0.0300369635 0.00173648179 -0.0769999996 0.0299740471 0.00145483157 -0.00279391604 0.0300195776 0.00173648179 -0.0769999996 0.0299740471 0.001575 -0.0027279784 0.0300011598 0.00145483157 -0.00279391604 0.0300195776 0.00133124751 -0.00285486924 0.0300369635 0.00120523199 -0.00291030901 0.0300530754 0.00173648179 -0.0769999996 0.0299740471 0.00120523199 -0.00291030901 0.0300530754 0.0010773635 -0.00296003418 0.0300677642 0.00173648179 -0.0769999996 0.0299740471 0.00173648179 -0.0769999996 0.0299740471 0.0010773635 -0.00296003418 0.0300677642 0.000871557451 -0.0769999996 0.0300879162 0.0010773635 -0.00296003418 0.0300677642 0.000871557451 -0.0030270298 0.0300879162 0.000871557451 -0.0769999996 0.0300879162 0.000871557451 -0.0769999996 0.0300879162 0.000871557451 -0.0030270298 0.0300879162 0.000815280015 -0.00304266857 0.0300926808 0.00202478096 -0.00241304236 0.0299188383 0.00173648179 -0.0769999996 0.0299740471 0.00222738646 -0.00222738879 0.0298747513 0.00173648179 -0.0769999996 0.0299740471 0.00241304003 -0.0020247777 0.0298304651 0.00222738646 -0.00222738879 0.0298747513 0.00202478096 -0.00241304236 0.0299188383 0.00180676579 -0.00258033024 0.029961396 0.00173648179 -0.0769999996 0.0299740471 0.00180676579 -0.00258033024 0.029961396 0.00173778704 -0.00262727635 0.029973818 0.00173648179 -0.0769999996 0.0299740471 0.00173648179 -0.0769999996 0.0299740471 0.00173778704 -0.00262727635 0.029973818 0.001575 -0.0027279784 0.0300011598 0.00307523622 0.000682219455 0.0296413749 0.00310214446 0.000546991418 0.0296326354 0.00342020136 0.00919999927 0.0295228958 0.00310214446 0.000546991418 0.0296326354 0.00312309735 0.000410809705 0.0296257734 0.00342020136 0.00919999927 0.0295228958 0.00342020136 0.00919999927 0.0295228958 0.00312309735 0.000410809705 0.0296257734 0.00313801318 0.000274538586 0.029620856 0.00296003185 0.00107736094 0.0296778399 0.00300415559 0.00094739307 0.0296640545 0.00342020136 0.00919999927 0.0295228958 0.00300415559 0.00094739307 0.0296640545 0.00304266624 0.000815279374 0.0296518393 0.00342020136 0.00919999927 0.0295228958 0.00342020136 0.00919999927 0.0295228958 0.00304266624 0.000815279374 0.0296518393 0.00307523622 0.000682219455 0.0296413749 0.00279416982 0.00145434542 0.0297276676 0.00285486947 0.00133124692 0.0297097955 0.00342020136 0.00919999927 0.0295228958 0.00285486947 0.00133124692 0.0297097955 0.00291025708 0.00120536191 0.029693123 0.00342020136 0.00919999927 0.0295228958 0.00342020136 0.00919999927 0.0295228958 0.00291025708 0.00120536191 0.029693123 0.00296003185 0.00107736094 0.0296778399 0.00313801318 0.000274538586 0.029620856 0.0031470058 0.000137313778 0.0296178795 0.00342020136 0.00919999927 0.0295228958 0.0031470058 0.000137313778 0.0296178795 0.00315 -4.17232526e-10 0.0296168867 0.00342020136 0.00919999927 0.0295228958 0.00342020136 0.00919999927 0.0295228958 0.00315 -4.17232526e-10 0.0296168867 0.00314700953 -0.000137225215 0.0296178777 0.00314700953 -0.000137225215 0.0296178777 0.00313801318 -0.000274539401 0.029620856 0.00342020136 -0.0769999996 0.0295228958 0.00313801318 -0.000274539401 0.029620856 0.00312309014 -0.000410862674 0.0296257753 0.00342020136 -0.0769999996 0.0295228958 0.00342020136 -0.0769999996 0.0295228958 0.00312309014 -0.000410862674 0.0296257753 0.00310214446 -0.000546992233 0.0296326354 0.00310214446 -0.000546992233 0.0296326354 0.00307524484 -0.000682183017 0.0296413712 0.00342020136 -0.0769999996 0.0295228958 0.00307524484 -0.000682183017 0.0296413712 0.00304266624 -0.000815280189 0.0296518393 0.00342020136 -0.0769999996 0.0295228958 0.00342020136 -0.0769999996 0.0295228958 0.00304266624 -0.000815280189 0.0296518393 0.00300416816 -0.000947349181 0.0296640508 0.00300416816 -0.000947349181 0.0296640508 0.00296003185 -0.00107736187 0.0296778399 0.00342020136 -0.0769999996 0.0295228958 0.00296003185 -0.00107736187 0.0296778399 0.00291027292 -0.00120532559 0.0296931174 0.00342020136 -0.0769999996 0.0295228958 0.00342020136 -0.0769999996 0.0295228958 0.00291027292 -0.00120532559 0.0296931174 0.00285486947 -0.00133124785 0.0297097955 0.00285486947 -0.00133124785 0.0297097955 0.00279417634 -0.00145433145 0.0297276657 0.00342020136 -0.0769999996 0.0295228958 0.00279417634 -0.00145433145 0.0297276657 0.00272798003 -0.00157500105 0.0297466833 0.00342020136 -0.0769999996 0.0295228958 0.00342020136 -0.0769999996 0.0295228958 0.00272798003 -0.00157500105 0.0297466833 0.00258819037 -0.0769999996 0.0297852289 0.00272798003 -0.00157500105 0.0297466833 0.00258867769 -0.00179478573 0.0297850966 0.00258819037 -0.0769999996 0.0297852289 0.00258819037 -0.0769999996 0.0297852289 0.00258867769 -0.00179478573 0.0297850966 0.00173648179 -0.0769999996 0.0299740471 0.00258867769 -0.00179478573 0.0297850966 0.00258032884 -0.00180676626 0.0297873318 0.00173648179 -0.0769999996 0.0299740471 0.00173648179 -0.0769999996 0.0299740471 0.00258032884 -0.00180676626 0.0297873318 0.00241304003 -0.0020247777 0.0298304651 0.00222738646 0.00222738786 0.0298747513 0.00241304003 0.00202478422 0.0298304651 0.00258819037 0.00919999927 0.0297852289 0.00222738646 0.00222738786 0.0298747513 0.00258819037 0.00919999927 0.0297852289 0.00202478096 0.00241304142 0.0299188383 0.00173648179 0.00919999927 0.0299740471 0.00173778704 0.00262728287 0.029973818 0.00258819037 0.00919999927 0.0297852289 0.00173778704 0.00262728287 0.029973818 0.00180676579 0.00258032931 0.029961396 0.00258819037 0.00919999927 0.0297852289 0.00258819037 0.00919999927 0.0297852289 0.00180676579 0.00258032931 0.029961396 0.00202478096 0.00241304142 0.0299188383 0.00241304003 0.00202478422 0.0298304651 0.00258032884 0.00180676533 0.0297873318 0.00258819037 0.00919999927 0.0297852289 0.00258032884 0.00180676533 0.0297873318 0.00258867769 0.0017947848 0.0297850966 0.00258819037 0.00919999927 0.0297852289 0.00258819037 0.00919999927 0.0297852289 0.00258867769 0.0017947848 0.0297850966 0.00342020136 0.00919999927 0.0295228958 0.00258867769 0.0017947848 0.0297850966 0.00272798003 0.00157500012 0.0297466833 0.00342020136 0.00919999927 0.0295228958 0.00342020136 0.00919999927 0.0295228958 0.00272798003 0.00157500012 0.0297466833 0.00279416982 0.00145434542 0.0297276676 0.00120529055 0.00291028572 0.030053068 0.00133124751 0.0028548683 0.0300369635 0.00173648179 0.00919999927 0.0299740471 0.00133124751 0.0028548683 0.0300369635 0.00145483366 0.0027939151 0.0300195776 0.00173648179 0.00919999927 0.0299740471 0.00145483366 0.0027939151 0.0300195776 0.001575 0.00272797747 0.0300011598 0.00173648179 0.00919999927 0.0299740471 0.00173648179 0.00919999927 0.0299740471 0.001575 0.00272797747 0.0300011598 0.00173778704 0.00262728287 0.029973818 0.000274540595 0.00313801272 0.0301222 0.000871557451 0.00919999927 0.0300879162 0.000137077121 0.00314701302 0.0301250294 0.000871557451 0.00919999927 0.0300879162 -2.83276955e-18 0.00919999927 0.03012597 0.000137077121 0.00314701302 0.0301250294 0.000137077121 0.00314701302 0.0301250294 -2.83276955e-18 0.00919999927 0.03012597 -5.05321534e-18 0.0031500007 0.03012597 0.000274540595 0.00313801272 0.0301222 0.000411535904 0.0031229998 0.0301174987 0.000871557451 0.00919999927 0.0300879162 0.000411535904 0.0031229998 0.0301174987 0.000546991767 0.00310214562 0.0301109981 0.000871557451 0.00919999927 0.0300879162 0.000871557451 0.00919999927 0.0300879162 0.000546991767 0.00310214562 0.0301109981 0.000681897392 0.00307530863 0.0301026944 0.000681897392 0.00307530863 0.0301026944 0.000815305684 0.00304266019 0.030092679 0.000871557451 0.00919999927 0.0300879162 0.000815305684 0.00304266019 0.030092679 0.000871557451 0.00302702887 0.0300879162 0.000871557451 0.00919999927 0.0300879162 0.000871557451 0.00919999927 0.0300879162 0.000871557451 0.00302702887 0.0300879162 0.00173648179 0.00919999927 0.0299740471 0.000871557451 0.00302702887 0.0300879162 0.0010773635 0.00296003325 0.0300677642 0.00173648179 0.00919999927 0.0299740471 0.00173648179 0.00919999927 0.0299740471 0.0010773635 0.00296003325 0.0300677642 0.00120529055 0.00291028572 0.030053068 -0.000681456004 0.00307540549 0.0301027242 -0.000546991767 0.00310214562 0.0301109981 -0.000871557451 0.00919999927 0.0300879162 -0.000681456004 0.00307540549 0.0301027242 -0.000871557451 0.00919999927 0.0300879162 -0.000815280015 0.00304266764 0.0300926808 -0.000546991767 0.00310214562 0.0301109981 -0.000411085261 0.0031230594 0.0301175173 -0.000871557451 0.00919999927 0.0300879162 -0.000411085261 0.0031230594 0.0301175173 -0.000274540595 0.00313801272 0.0301222 -0.000871557451 0.00919999927 0.0300879162 -0.000871557451 0.00919999927 0.0300879162 -0.000274540595 0.00313801272 0.0301222 -2.83276955e-18 0.00919999927 0.03012597 -0.000274540595 0.00313801272 0.0301222 -0.000137590512 0.00314699067 0.0301250238 -2.83276955e-18 0.00919999927 0.03012597 -2.83276955e-18 0.00919999927 0.03012597 -0.000137590512 0.00314699067 0.0301250238 -5.05321534e-18 0.0031500007 0.03012597 -0.00133124751 0.0028548683 0.0300369635 -0.00173648179 0.00919999927 0.0299740471 -0.00145441166 0.00279413117 0.0300196391 -0.00173648179 0.00919999927 0.0299740471 -0.001575 0.00272797747 0.0300011598 -0.00145441166 0.00279413117 0.0300196391 -0.00133124751 0.0028548683 0.0300369635 -0.00120560382 0.00291015906 0.0300530288 -0.00173648179 0.00919999927 0.0299740471 -0.00120560382 0.00291015906 0.0300530288 -0.0010773635 0.00296003325 0.0300677642 -0.00173648179 0.00919999927 0.0299740471 -0.00173648179 0.00919999927 0.0299740471 -0.0010773635 0.00296003325 0.0300677642 -0.000871557451 0.00919999927 0.0300879162 -0.0010773635 0.00296003325 0.0300677642 -0.000871557451 0.00302702887 0.0300879162 -0.000871557451 0.00919999927 0.0300879162 -0.000871557451 0.00919999927 0.0300879162 -0.000871557451 0.00302702887 0.0300879162 -0.000815280015 0.00304266764 0.0300926808 -0.00258867769 0.0017947848 0.0297850966 -0.00258032884 0.00180676533 0.0297873318 -0.00258819037 0.00919999927 0.0297852289 -0.00258032884 0.00180676533 0.0297873318 -0.00241304003 0.00202478422 0.0298304651 -0.00258819037 0.00919999927 0.0297852289 -0.00258819037 0.00919999927 0.0297852289 -0.00241304003 0.00202478422 0.0298304651 -0.00222738646 0.00222738786 0.0298747513 -0.00222738646 0.00222738786 0.0298747513 -0.00202478096 0.00241304142 0.0299188383 -0.00258819037 0.00919999927 0.0297852289 -0.00202478096 0.00241304142 0.0299188383 -0.00180676579 0.00258032931 0.029961396 -0.00258819037 0.00919999927 0.0297852289 -0.00258819037 0.00919999927 0.0297852289 -0.00180676579 0.00258032931 0.029961396 -0.00173648179 0.00919999927 0.0299740471 -0.00180676579 0.00258032931 0.029961396 -0.00173778704 0.00262728287 0.029973818 -0.00173648179 0.00919999927 0.0299740471 -0.00173648179 0.00919999927 0.0299740471 -0.00173778704 0.00262728287 0.029973818 -0.001575 0.00272797747 0.0300011598 -0.00314699649 0.000137522395 0.0106340572 -0.00315 -4.17232526e-10 0.0106350537 -0.00342020136 0.00919999927 0.0107290437 -0.00314699649 0.000137522395 0.0106340572 -0.00342020136 0.00919999927 0.0107290437 -0.00313801318 0.000274538586 0.0106310835 -0.00307524484 0.000682182203 0.0106105683 -0.00310214446 0.000546991418 0.0106193041 -0.00342020136 0.00919999927 0.0107290437 -0.00310214446 0.000546991418 0.0106193041 -0.00312305614 0.00041112263 0.0106261531 -0.00342020136 0.00919999927 0.0107290437 -0.00342020136 0.00919999927 0.0107290437 -0.00312305614 0.00041112263 0.0106261531 -0.00313801318 0.000274538586 0.0106310835 -0.00296003185 0.00107736094 0.0105741005 -0.00300416816 0.000947348366 0.0105878897 -0.00342020136 0.00919999927 0.0107290437 -0.00300416816 0.000947348366 0.0105878897 -0.00304266624 0.000815279374 0.0106001012 -0.00342020136 0.00919999927 0.0107290437 -0.00342020136 0.00919999927 0.0107290437 -0.00304266624 0.000815279374 0.0106001012 -0.00307524484 0.000682182203 0.0106105683 -0.00279417634 0.00145433052 0.0105242739 -0.00285486947 0.00133124692 0.0105421441 -0.00342020136 0.00919999927 0.0107290437 -0.00285486947 0.00133124692 0.0105421441 -0.00291027292 0.00120532466 0.0105588231 -0.00342020136 0.00919999927 0.0107290437 -0.00342020136 0.00919999927 0.0107290437 -0.00291027292 0.00120532466 0.0105588231 -0.00296003185 0.00107736094 0.0105741005 -0.00315 -4.17232526e-10 0.0106350537 -0.00314698392 -0.000137813811 0.0106340526 -0.00342020136 -0.0769999996 0.0107290437 -0.00314698392 -0.000137813811 0.0106340526 -0.00313801318 -0.000274539401 0.0106310835 -0.00342020136 -0.0769999996 0.0107290437 -0.00313801318 -0.000274539401 0.0106310835 -0.00312303193 -0.000411302259 0.0106261456 -0.00342020136 -0.0769999996 0.0107290437 -0.00342020136 -0.0769999996 0.0107290437 -0.00312303193 -0.000411302259 0.0106261456 -0.00310214446 -0.000546992233 0.0106193041 -0.00310214446 -0.000546992233 0.0106193041 -0.00307535753 -0.000681668927 0.0106106047 -0.00342020136 -0.0769999996 0.0107290437 -0.00307535753 -0.000681668927 0.0106106047 -0.00304266624 -0.000815280189 0.0106001012 -0.00342020136 -0.0769999996 0.0107290437 -0.00342020136 -0.0769999996 0.0107290437 -0.00304266624 -0.000815280189 0.0106001012 -0.00300428527 -0.000946976652 0.010587927 -0.00300428527 -0.000946976652 0.010587927 -0.00296003185 -0.00107736187 0.0105741005 -0.00342020136 -0.0769999996 0.0107290437 -0.00296003185 -0.00107736187 0.0105741005 -0.00291007594 -0.00120580243 0.0105587626 -0.00342020136 -0.0769999996 0.0107290437 -0.00342020136 -0.0769999996 0.0107290437 -0.00291007594 -0.00120580243 0.0105587626 -0.00285486947 -0.00133124785 0.0105421441 -0.00222738646 0.00222738786 0.0103771882 -0.00241304003 0.00202478422 0.0104214745 -0.00258819037 0.00919999927 0.0104667116 -0.00222738646 0.00222738786 0.0103771882 -0.00258819037 0.00919999927 0.0104667116 -0.00202478096 0.00241304142 0.0103331022 -0.00173648179 0.00919999927 0.0102778925 -0.00173778704 0.00262728287 0.0102781225 -0.00258819037 0.00919999927 0.0104667116 -0.00173778704 0.00262728287 0.0102781225 -0.00180676579 0.00258032931 0.0102905445 -0.00258819037 0.00919999927 0.0104667116 -0.00258819037 0.00919999927 0.0104667116 -0.00180676579 0.00258032931 0.0102905445 -0.00202478096 0.00241304142 0.0103331022 -0.00241304003 0.00202478422 0.0104214745 -0.00258032884 0.00180676533 0.0104646087 -0.00258819037 0.00919999927 0.0104667116 -0.00258032884 0.00180676533 0.0104646087 -0.00258867769 0.0017947848 0.0104668429 -0.00258819037 0.00919999927 0.0104667116 -0.00258819037 0.00919999927 0.0104667116 -0.00258867769 0.0017947848 0.0104668429 -0.00342020136 0.00919999927 0.0107290437 -0.00258867769 0.0017947848 0.0104668429 -0.00272798003 0.00157500012 0.0105052572 -0.00342020136 0.00919999927 0.0107290437 -0.00342020136 0.00919999927 0.0107290437 -0.00272798003 0.00157500012 0.0105052572 -0.00279417634 0.00145433052 0.0105242739 -0.00120523199 0.00291031552 0.0101988651 -0.00133124751 0.0028548683 0.010214977 -0.00173648179 0.00919999927 0.0102778925 -0.00133124751 0.0028548683 0.010214977 -0.00145483157 0.0027939151 0.0102323629 -0.00173648179 0.00919999927 0.0102778925 -0.00145483157 0.0027939151 0.0102323629 -0.001575 0.00272797747 0.0102507807 -0.00173648179 0.00919999927 0.0102778925 -0.00173648179 0.00919999927 0.0102778925 -0.001575 0.00272797747 0.0102507807 -0.00173778704 0.00262728287 0.0102781225 -0.000274540595 0.00313801272 0.0101297395 -0.000871557451 0.00919999927 0.0101640234 -0.000137023177 0.00314702047 0.0101269092 -0.000871557451 0.00919999927 0.0101640234 1.07187544e-17 0.00919999927 0.0101259705 -0.000137023177 0.00314702047 0.0101269092 -0.000137023177 0.00314702047 0.0101269092 1.07187544e-17 0.00919999927 0.0101259705 1.83697024e-18 0.0031500007 0.0101259705 -0.000274540595 0.00313801272 0.0101297395 -0.000411583838 0.00312299235 0.0101344436 -0.000871557451 0.00919999927 0.0101640234 -0.000411583838 0.00312299235 0.0101344436 -0.000546991767 0.00310214562 0.0101409415 -0.000871557451 0.00919999927 0.0101640234 -0.000871557451 0.00919999927 0.0101640234 -0.000546991767 0.00310214562 0.0101409415 -0.000681951526 0.00307529373 0.0101492498 -0.000681951526 0.00307529373 0.0101492498 -0.000815305626 0.00304266019 0.0101592615 -0.000871557451 0.00919999927 0.0101640234 -0.000815305626 0.00304266019 0.0101592615 -0.000871557451 0.00302702887 0.0101640234 -0.000871557451 0.00919999927 0.0101640234 -0.000871557451 0.00919999927 0.0101640234 -0.000871557451 0.00302702887 0.0101640234 -0.00173648179 0.00919999927 0.0102778925 -0.000871557451 0.00302702887 0.0101640234 -0.0010773635 0.00296003325 0.0101841753 -0.00173648179 0.00919999927 0.0102778925 -0.00173648179 0.00919999927 0.0102778925 -0.0010773635 0.00296003325 0.0101841753 -0.00120523199 0.00291031552 0.0101988651 0.000681493373 0.00307539804 0.0101492191 0.000546991767 0.00310214562 0.0101409415 0.000871557451 0.00919999927 0.0101640234 0.000681493373 0.00307539804 0.0101492191 0.000871557451 0.00919999927 0.0101640234 0.000815280015 0.00304266764 0.0101592597 0.000546991767 0.00310214562 0.0101409415 0.000411011191 0.00312306685 0.0101344204 0.000871557451 0.00919999927 0.0101640234 0.000411011191 0.00312306685 0.0101344204 0.000274540595 0.00313801272 0.0101297395 0.000871557451 0.00919999927 0.0101640234 0.000871557451 0.00919999927 0.0101640234 0.000274540595 0.00313801272 0.0101297395 1.07187544e-17 0.00919999927 0.0101259705 0.000274540595 0.00313801272 0.0101297395 0.000137515657 0.00314699812 0.0101269158 1.07187544e-17 0.00919999927 0.0101259705 1.07187544e-17 0.00919999927 0.0101259705 0.000137515657 0.00314699812 0.0101269158 1.83697024e-18 0.0031500007 0.0101259705 0.00133124751 0.0028548683 0.010214977 0.00173648179 0.00919999927 0.0102778925 0.0014543907 0.00279414607 0.0102322977 0.00173648179 0.00919999927 0.0102778925 0.001575 0.00272797747 0.0102507807 0.0014543907 0.00279414607 0.0102322977 0.00133124751 0.0028548683 0.010214977 0.00120558182 0.00291016651 0.0101989079 0.00173648179 0.00919999927 0.0102778925 0.00120558182 0.00291016651 0.0101989079 0.0010773635 0.00296003325 0.0101841753 0.00173648179 0.00919999927 0.0102778925 0.00173648179 0.00919999927 0.0102778925 0.0010773635 0.00296003325 0.0101841753 0.000871557451 0.00919999927 0.0101640234 0.0010773635 0.00296003325 0.0101841753 0.000871557451 0.00302702887 0.0101640234 0.000871557451 0.00919999927 0.0101640234 0.000871557451 0.00919999927 0.0101640234 0.000871557451 0.00302702887 0.0101640234 0.000815280015 0.00304266764 0.0101592597 0.00258032884 0.00180676533 0.0104646087 0.00241304003 0.00202478422 0.0104214745 0.00258819037 0.00919999927 0.0104667116 0.00241304003 0.00202478422 0.0104214745 0.00222738646 0.00222738786 0.0103771882 0.00258819037 0.00919999927 0.0104667116 0.00222738646 0.00222738786 0.0103771882 0.00202478096 0.00241304142 0.0103331022 0.00258819037 0.00919999927 0.0104667116 0.00202478096 0.00241304142 0.0103331022 0.00180676579 0.00258032931 0.0102905445 0.00258819037 0.00919999927 0.0104667116 0.00258819037 0.00919999927 0.0104667116 0.00180676579 0.00258032931 0.0102905445 0.00173648179 0.00919999927 0.0102778925 0.00180676579 0.00258032931 0.0102905445 0.00173778704 0.00262728287 0.0102781225 0.00173648179 0.00919999927 0.0102778925 0.00173648179 0.00919999927 0.0102778925 0.00173778704 0.00262728287 0.0102781225 0.001575 0.00272797747 0.0102507807 0.00310214446 -0.000546992233 0.0106193041 0.00312305614 -0.000411123445 0.0106261531 0.00342020136 -0.0769999996 0.0107290437 0.00310214446 -0.000546992233 0.0106193041 0.00342020136 -0.0769999996 0.0107290437 0.00307524484 -0.000682183017 0.0106105683 0.00296003185 -0.00107736187 0.0105741005 0.00300416816 -0.000947349181 0.0105878897 0.00342020136 -0.0769999996 0.0107290437 0.00300416816 -0.000947349181 0.0105878897 0.00304266624 -0.000815280189 0.0106001012 0.00342020136 -0.0769999996 0.0107290437 0.00342020136 -0.0769999996 0.0107290437 0.00304266624 -0.000815280189 0.0106001012 0.00307524484 -0.000682183017 0.0106105683 0.00279417634 -0.00145433145 0.0105242739 0.00285486947 -0.00133124785 0.0105421441 0.00342020136 -0.0769999996 0.0107290437 0.00285486947 -0.00133124785 0.0105421441 0.00291027292 -0.00120532559 0.0105588231 0.00342020136 -0.0769999996 0.0107290437 0.00342020136 -0.0769999996 0.0107290437 0.00291027292 -0.00120532559 0.0105588231 0.00296003185 -0.00107736187 0.0105741005 0.00312305614 -0.000411123445 0.0106261531 0.00313801318 -0.000274539401 0.0106310835 0.00342020136 -0.0769999996 0.0107290437 0.00313801318 -0.000274539401 0.0106310835 0.00314699649 -0.000137523239 0.0106340572 0.00342020136 -0.0769999996 0.0107290437 0.00342020136 -0.0769999996 0.0107290437 0.00314699649 -0.000137523239 0.0106340572 0.00315 -4.17232526e-10 0.0106350537 0.00314698392 0.000137812967 0.0106340526 0.00313801318 0.000274538586 0.0106310835 0.00342020136 0.00919999927 0.0107290437 0.00313801318 0.000274538586 0.0106310835 0.00312303193 0.000411301444 0.0106261456 0.00342020136 0.00919999927 0.0107290437 0.00342020136 0.00919999927 0.0107290437 0.00312303193 0.000411301444 0.0106261456 0.00310214446 0.000546991418 0.0106193041 0.00310214446 0.000546991418 0.0106193041 0.00307535753 0.000681668113 0.0106106047 0.00342020136 0.00919999927 0.0107290437 0.00307535753 0.000681668113 0.0106106047 0.00304266624 0.000815279374 0.0106001012 0.00342020136 0.00919999927 0.0107290437 0.00342020136 0.00919999927 0.0107290437 0.00304266624 0.000815279374 0.0106001012 0.00300428527 0.000946983288 0.010587927 0.00300428527 0.000946983288 0.010587927 0.00296003185 0.00107736094 0.0105741005 0.00342020136 0.00919999927 0.0107290437 0.00296003185 0.00107736094 0.0105741005 0.00291007594 0.0012058015 0.0105587626 0.00342020136 0.00919999927 0.0107290437 0.00342020136 0.00919999927 0.0107290437 0.00291007594 0.0012058015 0.0105587626 0.00285486947 0.00133124692 0.0105421441 0.00285486947 0.00133124692 0.0105421441 0.00279403781 0.00145459874 0.0105242329 0.00342020136 0.00919999927 0.0107290437 0.00279403781 0.00145459874 0.0105242329 0.00272798003 0.00157500012 0.0105052572 0.00342020136 0.00919999927 0.0107290437 0.00342020136 0.00919999927 0.0107290437 0.00272798003 0.00157500012 0.0105052572 0.00258819037 0.00919999927 0.0104667116 0.00272798003 0.00157500012 0.0105052572 0.00258867769 0.0017947848 0.0104668429 0.00258819037 0.00919999927 0.0104667116 0.00258819037 0.00919999927 0.0104667116 0.00258867769 0.0017947848 0.0104668429 0.00258032884 0.00180676533 0.0104646087 0.00222738646 -0.00222738879 0.0103771882 0.00241304003 -0.0020247777 0.0104214745 0.00258819037 -0.0769999996 0.0104667116 0.00222738646 -0.00222738879 0.0103771882 0.00258819037 -0.0769999996 0.0104667116 0.00202478096 -0.00241304236 0.0103331022 0.00173648179 -0.0769999996 0.0102778925 0.00173778704 -0.00262727635 0.0102781225 0.00258819037 -0.0769999996 0.0104667116 0.00173778704 -0.00262727635 0.0102781225 0.00180676579 -0.00258033024 0.0102905445 0.00258819037 -0.0769999996 0.0104667116 0.00258819037 -0.0769999996 0.0104667116 0.00180676579 -0.00258033024 0.0102905445 0.00202478096 -0.00241304236 0.0103331022 0.00241304003 -0.0020247777 0.0104214745 0.00258032884 -0.00180676626 0.0104646087 0.00258819037 -0.0769999996 0.0104667116 0.00258032884 -0.00180676626 0.0104646087 0.00258867769 -0.00179478573 0.0104668429 0.00258819037 -0.0769999996 0.0104667116 0.00258819037 -0.0769999996 0.0104667116 0.00258867769 -0.00179478573 0.0104668429 0.00342020136 -0.0769999996 0.0107290437 0.00258867769 -0.00179478573 0.0104668429 0.00272798003 -0.00157500105 0.0105052572 0.00342020136 -0.0769999996 0.0107290437 0.00342020136 -0.0769999996 0.0107290437 0.00272798003 -0.00157500105 0.0105052572 0.00279417634 -0.00145433145 0.0105242739 0.00120523199 -0.00291030901 0.0101988651 0.00133124751 -0.00285486924 0.010214977 0.00173648179 -0.0769999996 0.0102778925 0.00133124751 -0.00285486924 0.010214977 0.00145483157 -0.00279391604 0.0102323629 0.00173648179 -0.0769999996 0.0102778925 0.00173648179 -0.0769999996 0.0102778925 0.00145483157 -0.00279391604 0.0102323629 0.001575 -0.0027279784 0.0102507807 0.000274540595 -0.00313801365 0.0101297395 0.000411583838 -0.00312299328 0.0101344436 0.000871557451 -0.0769999996 0.0101640234 0.000411583838 -0.00312299328 0.0101344436 0.000546991767 -0.00310214655 0.0101409415 0.000871557451 -0.0769999996 0.0101640234 0.000871557451 -0.0769999996 0.0101640234 0.000546991767 -0.00310214655 0.0101409415 0.000681951526 -0.00307529466 0.0101492498 0.000681951526 -0.00307529466 0.0101492498 0.000815305626 -0.00304266112 0.0101592615 0.000871557451 -0.0769999996 0.0101640234 0.000815305626 -0.00304266112 0.0101592615 0.000871557451 -0.0030270298 0.0101640234 0.000871557451 -0.0769999996 0.0101640234 0.000871557451 -0.0769999996 0.0101640234 0.000871557451 -0.0030270298 0.0101640234 0.00173648179 -0.0769999996 0.0102778925 0.000871557451 -0.0030270298 0.0101640234 0.0010773635 -0.00296003418 0.0101841753 0.00173648179 -0.0769999996 0.0102778925 0.00173648179 -0.0769999996 0.0102778925 0.0010773635 -0.00296003418 0.0101841753 0.00120523199 -0.00291030901 0.0101988651 -0.000815280015 -0.00304266857 0.0101592597 -0.000681493373 -0.00307539897 0.0101492191 -0.000871557451 -0.0769999996 0.0101640234 -0.000681493373 -0.00307539897 0.0101492191 -0.000546991767 -0.00310214655 0.0101409415 -0.000871557451 -0.0769999996 0.0101640234 -0.000871557451 -0.0769999996 0.0101640234 -0.000546991767 -0.00310214655 0.0101409415 -0.000411011191 -0.00312306779 0.0101344204 -0.000411011191 -0.00312306779 0.0101344204 -0.000274540595 -0.00313801365 0.0101297395 -0.000871557451 -0.0769999996 0.0101640234 -0.000274540595 -0.00313801365 0.0101297395 -0.000137515657 -0.00314699905 0.0101269158 -0.000871557451 -0.0769999996 0.0101640234 -0.000871557451 -0.0769999996 0.0101640234 -0.000137515657 -0.00314699905 0.0101269158 1.07187544e-17 -0.0769999996 0.0101259705 -0.000137515657 -0.00314699905 0.0101269158 1.07187544e-17 -0.00315000163 0.0101259705 1.07187544e-17 -0.0769999996 0.0101259705 1.07187544e-17 -0.0769999996 0.0101259705 1.07187544e-17 -0.00315000163 0.0101259705 0.000871557451 -0.0769999996 0.0101640234 1.07187544e-17 -0.00315000163 0.0101259705 0.000137023177 -0.0031470214 0.0101269092 0.000871557451 -0.0769999996 0.0101640234 0.000871557451 -0.0769999996 0.0101640234 0.000137023177 -0.0031470214 0.0101269092 0.000274540595 -0.00313801365 0.0101297395 -0.00133124751 -0.00285486924 0.010214977 -0.00173648179 -0.0769999996 0.0102778925 -0.0014543907 -0.002794147 0.0102322977 -0.00173648179 -0.0769999996 0.0102778925 -0.001575 -0.0027279784 0.0102507807 -0.0014543907 -0.002794147 0.0102322977 -0.00133124751 -0.00285486924 0.010214977 -0.00120558182 -0.00291016744 0.0101989079 -0.00173648179 -0.0769999996 0.0102778925 -0.00120558182 -0.00291016744 0.0101989079 -0.0010773635 -0.00296003418 0.0101841753 -0.00173648179 -0.0769999996 0.0102778925 -0.00173648179 -0.0769999996 0.0102778925 -0.0010773635 -0.00296003418 0.0101841753 -0.000871557451 -0.0769999996 0.0101640234 -0.0010773635 -0.00296003418 0.0101841753 -0.000871557451 -0.0030270298 0.0101640234 -0.000871557451 -0.0769999996 0.0101640234 -0.000871557451 -0.0769999996 0.0101640234 -0.000871557451 -0.0030270298 0.0101640234 -0.000815280015 -0.00304266857 0.0101592597 -0.00285486947 -0.00133124785 0.0105421441 -0.00279403781 -0.00145459967 0.0105242329 -0.00342020136 -0.0769999996 0.0107290437 -0.00279403781 -0.00145459967 0.0105242329 -0.00272798003 -0.00157500105 0.0105052572 -0.00342020136 -0.0769999996 0.0107290437 -0.00342020136 -0.0769999996 0.0107290437 -0.00272798003 -0.00157500105 0.0105052572 -0.00258819037 -0.0769999996 0.0104667116 -0.00272798003 -0.00157500105 0.0105052572 -0.00258867769 -0.00179478573 0.0104668429 -0.00258819037 -0.0769999996 0.0104667116 -0.00258819037 -0.0769999996 0.0104667116 -0.00258867769 -0.00179478573 0.0104668429 -0.00173648179 -0.0769999996 0.0102778925 -0.00258867769 -0.00179478573 0.0104668429 -0.00258032884 -0.00180676626 0.0104646087 -0.00173648179 -0.0769999996 0.0102778925 -0.00258032884 -0.00180676626 0.0104646087 -0.00241304003 -0.0020247777 0.0104214745 -0.00173648179 -0.0769999996 0.0102778925 -0.00241304003 -0.0020247777 0.0104214745 -0.00222738646 -0.00222738879 0.0103771882 -0.00173648179 -0.0769999996 0.0102778925 -0.00173648179 -0.0769999996 0.0102778925 -0.00222738646 -0.00222738879 0.0103771882 -0.00202478096 -0.00241304236 0.0103331022 -0.00202478096 -0.00241304236 0.0103331022 -0.00180676579 -0.00258033024 0.0102905445 -0.00173648179 -0.0769999996 0.0102778925 -0.00180676579 -0.00258033024 0.0102905445 -0.00173778704 -0.00262727635 0.0102781225 -0.00173648179 -0.0769999996 0.0102778925 -0.00173648179 -0.0769999996 0.0102778925 -0.00173778704 -0.00262727635 0.0102781225 -0.001575 -0.0027279784 0.0102507807 0.00314700953 -0.000137225215 0.0296178777 0.00342020136 -0.0769999996 0.0295228958 0.00342020136 0.00919999927 0.0295228958 0.00342020136 -0.0769999996 0.0295228958 0.00422618259 -0.0769999996 0.0291890483 0.00342020136 0.00919999927 0.0295228958 0.00342020136 0.00919999927 0.0295228958 0.00422618259 -0.0769999996 0.0291890483 0.00422618259 0.00919999927 0.0291890483 0.00422618259 -0.0769999996 0.0291890483 0.00499999989 -0.0769999996 0.0287862234 0.00422618259 0.00919999927 0.0291890483 0.00422618259 0.00919999927 0.0291890483 0.00499999989 -0.0769999996 0.0287862234 0.00499999989 0.00919999927 0.0287862234 0.00499999989 -0.0769999996 0.0287862234 0.00573576428 -0.0769999996 0.0283174906 0.00499999989 0.00919999927 0.0287862234 0.00499999989 0.00919999927 0.0287862234 0.00573576428 -0.0769999996 0.0283174906 0.00573576428 0.00919999927 0.0283174906 0.00573576428 -0.0769999996 0.0283174906 0.00642787619 -0.0769999996 0.0277864151 0.00573576428 0.00919999927 0.0283174906 0.00573576428 0.00919999927 0.0283174906 0.00642787619 -0.0769999996 0.0277864151 0.00642787619 0.00919999927 0.0277864151 0.00642787619 -0.0769999996 0.0277864151 0.00707106758 -0.0769999996 0.0271970369 0.00642787619 0.00919999927 0.0277864151 0.00642787619 0.00919999927 0.0277864151 0.00707106758 -0.0769999996 0.0271970369 0.00707106758 0.00919999927 0.0271970369 0.00707106758 -0.0769999996 0.0271970369 0.00766044436 -0.0769999996 0.0265538469 0.00707106758 0.00919999927 0.0271970369 0.00707106758 0.00919999927 0.0271970369 0.00766044436 -0.0769999996 0.0265538469 0.00766044436 0.00919999927 0.0265538469 0.00766044436 -0.0769999996 0.0265538469 0.00819152035 -0.0769999996 0.0258617345 0.00766044436 0.00919999927 0.0265538469 0.00766044436 0.00919999927 0.0265538469 0.00819152035 -0.0769999996 0.0258617345 0.00819152035 0.00919999927 0.0258617345 0.00819152035 -0.0769999996 0.0258617345 0.00866025407 -0.0769999996 0.0251259692 0.00819152035 0.00919999927 0.0258617345 0.00819152035 0.00919999927 0.0258617345 0.00866025407 -0.0769999996 0.0251259692 0.00866025407 0.00919999927 0.0251259692 0.00866025407 -0.0769999996 0.0251259692 0.00906307809 -0.0769999996 0.0243521519 0.00866025407 0.00919999927 0.0251259692 0.00866025407 0.00919999927 0.0251259692 0.00906307809 -0.0769999996 0.0243521519 0.00906307809 0.00919999927 0.0243521519 0.00906307809 -0.0769999996 0.0243521519 0.0093969265 -0.0769999996 0.0235461704 0.00906307809 0.00919999927 0.0243521519 0.00906307809 0.00919999927 0.0243521519 0.0093969265 -0.0769999996 0.0235461704 0.0093969265 0.00919999927 0.0235461704 0.0093969265 -0.0769999996 0.0235461704 0.00965925865 -0.0769999996 0.0227141604 0.0093969265 0.00919999927 0.0235461704 0.0093969265 0.00919999927 0.0235461704 0.00965925865 -0.0769999996 0.0227141604 0.00965925865 0.00919999927 0.0227141604 0.00965925865 -0.0769999996 0.0227141604 0.00984807778 -0.0769999996 0.021862451 0.00965925865 0.00919999927 0.0227141604 0.00965925865 0.00919999927 0.0227141604 0.00984807778 -0.0769999996 0.021862451 0.00984807778 0.00919999927 0.021862451 0.00984807778 -0.0769999996 0.021862451 0.00996194687 -0.0769999996 0.020997528 0.00984807778 0.00919999927 0.021862451 0.00984807778 0.00919999927 0.021862451 0.00996194687 -0.0769999996 0.020997528 0.00996194687 0.00919999927 0.020997528 0.00996194687 -0.0769999996 0.020997528 0.00999999978 -0.0769999996 0.0201259702 0.00996194687 0.00919999927 0.020997528 0.00996194687 0.00919999927 0.020997528 0.00999999978 -0.0769999996 0.0201259702 0.00999999978 0.00919999927 0.0201259702 0.00999999978 -0.0769999996 0.0201259702 0.00996194687 -0.0769999996 0.0192544125 0.00999999978 0.00919999927 0.0201259702 0.00999999978 0.00919999927 0.0201259702 0.00996194687 -0.0769999996 0.0192544125 0.00996194687 0.00919999927 0.0192544125 0.00996194687 -0.0769999996 0.0192544125 0.00984807778 -0.0769999996 0.0183894876 0.00996194687 0.00919999927 0.0192544125 0.00996194687 0.00919999927 0.0192544125 0.00984807778 -0.0769999996 0.0183894876 0.00984807778 0.00919999927 0.0183894876 0.00984807778 -0.0769999996 0.0183894876 0.00965925865 -0.0769999996 0.0175377801 0.00984807778 0.00919999927 0.0183894876 0.00984807778 0.00919999927 0.0183894876 0.00965925865 -0.0769999996 0.0175377801 0.00965925865 0.00919999927 0.0175377801 0.00965925865 -0.0769999996 0.0175377801 0.0093969265 -0.0769999996 0.0167057682 0.00965925865 0.00919999927 0.0175377801 0.00965925865 0.00919999927 0.0175377801 0.0093969265 -0.0769999996 0.0167057682 0.0093969265 0.00919999927 0.0167057682 0.0093969265 -0.0769999996 0.0167057682 0.00906307809 -0.0769999996 0.0158997867 0.0093969265 0.00919999927 0.0167057682 0.0093969265 0.00919999927 0.0167057682 0.00906307809 -0.0769999996 0.0158997867 0.00906307809 0.00919999927 0.0158997867 0.00906307809 -0.0769999996 0.0158997867 0.00866025407 -0.0769999996 0.0151259704 0.00906307809 0.00919999927 0.0158997867 0.00906307809 0.00919999927 0.0158997867 0.00866025407 -0.0769999996 0.0151259704 0.00866025407 0.00919999927 0.0151259704 0.00866025407 -0.0769999996 0.0151259704 0.00819152035 -0.0769999996 0.014390206 0.00866025407 0.00919999927 0.0151259704 0.00866025407 0.00919999927 0.0151259704 0.00819152035 -0.0769999996 0.014390206 0.00819152035 0.00919999927 0.014390206 0.00819152035 -0.0769999996 0.014390206 0.00766044436 -0.0769999996 0.0136980936 0.00819152035 0.00919999927 0.014390206 0.00819152035 0.00919999927 0.014390206 0.00766044436 -0.0769999996 0.0136980936 0.00766044436 0.00919999927 0.0136980936 0.00766044436 -0.0769999996 0.0136980936 0.00707106758 -0.0769999996 0.0130549027 0.00766044436 0.00919999927 0.0136980936 0.00766044436 0.00919999927 0.0136980936 0.00707106758 -0.0769999996 0.0130549027 0.00707106758 0.00919999927 0.0130549027 0.00707106758 -0.0769999996 0.0130549027 0.00642787619 -0.0769999996 0.0124655254 0.00707106758 0.00919999927 0.0130549027 0.00707106758 0.00919999927 0.0130549027 0.00642787619 -0.0769999996 0.0124655254 0.00642787619 0.00919999927 0.0124655254 0.00642787619 -0.0769999996 0.0124655254 0.00573576428 -0.0769999996 0.0119344499 0.00642787619 0.00919999927 0.0124655254 0.00642787619 0.00919999927 0.0124655254 0.00573576428 -0.0769999996 0.0119344499 0.00573576428 0.00919999927 0.0119344499 0.00573576428 -0.0769999996 0.0119344499 0.00499999989 -0.0769999996 0.0114657162 0.00573576428 0.00919999927 0.0119344499 0.00573576428 0.00919999927 0.0119344499 0.00499999989 -0.0769999996 0.0114657162 0.00499999989 0.00919999927 0.0114657162 0.00499999989 -0.0769999996 0.0114657162 0.00422618259 -0.0769999996 0.0110628922 0.00499999989 0.00919999927 0.0114657162 0.00499999989 0.00919999927 0.0114657162 0.00422618259 -0.0769999996 0.0110628922 0.00422618259 0.00919999927 0.0110628922 0.00422618259 -0.0769999996 0.0110628922 0.00342020136 -0.0769999996 0.0107290437 0.00422618259 0.00919999927 0.0110628922 0.00422618259 0.00919999927 0.0110628922 0.00342020136 -0.0769999996 0.0107290437 0.00342020136 0.00919999927 0.0107290437 0.00342020136 -0.0769999996 0.0107290437 0.00315 -4.17232526e-10 0.0106350537 0.00342020136 0.00919999927 0.0107290437 0.00342020136 0.00919999927 0.0107290437 0.00315 -4.17232526e-10 0.0106350537 0.00314698392 0.000137812967 0.0106340526 -0.00315 -4.17232526e-10 0.0106350537 -0.00342020136 -0.0769999996 0.0107290437 -0.00342020136 0.00919999927 0.0107290437 -0.00342020136 -0.0769999996 0.0107290437 -0.00422618259 -0.0769999996 0.0110628922 -0.00342020136 0.00919999927 0.0107290437 -0.00342020136 0.00919999927 0.0107290437 -0.00422618259 -0.0769999996 0.0110628922 -0.00422618259 0.00919999927 0.0110628922 -0.00422618259 -0.0769999996 0.0110628922 -0.00499999989 -0.0769999996 0.0114657162 -0.00422618259 0.00919999927 0.0110628922 -0.00422618259 0.00919999927 0.0110628922 -0.00499999989 -0.0769999996 0.0114657162 -0.00499999989 0.00919999927 0.0114657162 -0.00499999989 -0.0769999996 0.0114657162 -0.00573576428 -0.0769999996 0.0119344499 -0.00499999989 0.00919999927 0.0114657162 -0.00499999989 0.00919999927 0.0114657162 -0.00573576428 -0.0769999996 0.0119344499 -0.00573576428 0.00919999927 0.0119344499 -0.00573576428 -0.0769999996 0.0119344499 -0.00642787619 -0.0769999996 0.0124655254 -0.00573576428 0.00919999927 0.0119344499 -0.00573576428 0.00919999927 0.0119344499 -0.00642787619 -0.0769999996 0.0124655254 -0.00642787619 0.00919999927 0.0124655254 -0.00642787619 -0.0769999996 0.0124655254 -0.00707106758 -0.0769999996 0.0130549027 -0.00642787619 0.00919999927 0.0124655254 -0.00642787619 0.00919999927 0.0124655254 -0.00707106758 -0.0769999996 0.0130549027 -0.00707106758 0.00919999927 0.0130549027 -0.00707106758 -0.0769999996 0.0130549027 -0.00766044436 -0.0769999996 0.0136980936 -0.00707106758 0.00919999927 0.0130549027 -0.00707106758 0.00919999927 0.0130549027 -0.00766044436 -0.0769999996 0.0136980936 -0.00766044436 0.00919999927 0.0136980936 -0.00766044436 -0.0769999996 0.0136980936 -0.00819152035 -0.0769999996 0.014390206 -0.00766044436 0.00919999927 0.0136980936 -0.00766044436 0.00919999927 0.0136980936 -0.00819152035 -0.0769999996 0.014390206 -0.00819152035 0.00919999927 0.014390206 -0.00819152035 -0.0769999996 0.014390206 -0.00866025407 -0.0769999996 0.0151259704 -0.00819152035 0.00919999927 0.014390206 -0.00819152035 0.00919999927 0.014390206 -0.00866025407 -0.0769999996 0.0151259704 -0.00866025407 0.00919999927 0.0151259704 -0.00866025407 -0.0769999996 0.0151259704 -0.00906307809 -0.0769999996 0.0158997867 -0.00866025407 0.00919999927 0.0151259704 -0.00866025407 0.00919999927 0.0151259704 -0.00906307809 -0.0769999996 0.0158997867 -0.00906307809 0.00919999927 0.0158997867 -0.00906307809 -0.0769999996 0.0158997867 -0.0093969265 -0.0769999996 0.0167057682 -0.00906307809 0.00919999927 0.0158997867 -0.00906307809 0.00919999927 0.0158997867 -0.0093969265 -0.0769999996 0.0167057682 -0.0093969265 0.00919999927 0.0167057682 -0.0093969265 -0.0769999996 0.0167057682 -0.00965925865 -0.0769999996 0.0175377801 -0.0093969265 0.00919999927 0.0167057682 -0.0093969265 0.00919999927 0.0167057682 -0.00965925865 -0.0769999996 0.0175377801 -0.00965925865 0.00919999927 0.0175377801 -0.00965925865 -0.0769999996 0.0175377801 -0.00984807778 -0.0769999996 0.0183894876 -0.00965925865 0.00919999927 0.0175377801 -0.00965925865 0.00919999927 0.0175377801 -0.00984807778 -0.0769999996 0.0183894876 -0.00984807778 0.00919999927 0.0183894876 -0.00984807778 -0.0769999996 0.0183894876 -0.00996194687 -0.0769999996 0.0192544125 -0.00984807778 0.00919999927 0.0183894876 -0.00984807778 0.00919999927 0.0183894876 -0.00996194687 -0.0769999996 0.0192544125 -0.00996194687 0.00919999927 0.0192544125 -0.00996194687 -0.0769999996 0.0192544125 -0.00999999978 -0.0769999996 0.0201259702 -0.00996194687 0.00919999927 0.0192544125 -0.00996194687 0.00919999927 0.0192544125 -0.00999999978 -0.0769999996 0.0201259702 -0.00999999978 0.00919999927 0.0201259702 -0.00999999978 -0.0769999996 0.0201259702 -0.00996194687 -0.0769999996 0.020997528 -0.00999999978 0.00919999927 0.0201259702 -0.00999999978 0.00919999927 0.0201259702 -0.00996194687 -0.0769999996 0.020997528 -0.00996194687 0.00919999927 0.020997528 -0.00996194687 -0.0769999996 0.020997528 -0.00984807778 -0.0769999996 0.021862451 -0.00996194687 0.00919999927 0.020997528 -0.00996194687 0.00919999927 0.020997528 -0.00984807778 -0.0769999996 0.021862451 -0.00984807778 0.00919999927 0.021862451 -0.00984807778 -0.0769999996 0.021862451 -0.00965925865 -0.0769999996 0.0227141604 -0.00984807778 0.00919999927 0.021862451 -0.00984807778 0.00919999927 0.021862451 -0.00965925865 -0.0769999996 0.0227141604 -0.00965925865 0.00919999927 0.0227141604 -0.00965925865 -0.0769999996 0.0227141604 -0.0093969265 -0.0769999996 0.0235461704 -0.00965925865 0.00919999927 0.0227141604 -0.00965925865 0.00919999927 0.0227141604 -0.0093969265 -0.0769999996 0.0235461704 -0.0093969265 0.00919999927 0.0235461704 -0.0093969265 -0.0769999996 0.0235461704 -0.00906307809 -0.0769999996 0.0243521519 -0.0093969265 0.00919999927 0.0235461704 -0.0093969265 0.00919999927 0.0235461704 -0.00906307809 -0.0769999996 0.0243521519 -0.00906307809 0.00919999927 0.0243521519 -0.00906307809 -0.0769999996 0.0243521519 -0.00866025407 -0.0769999996 0.0251259692 -0.00906307809 0.00919999927 0.0243521519 -0.00906307809 0.00919999927 0.0243521519 -0.00866025407 -0.0769999996 0.0251259692 -0.00866025407 0.00919999927 0.0251259692 -0.00866025407 -0.0769999996 0.0251259692 -0.00819152035 -0.0769999996 0.0258617345 -0.00866025407 0.00919999927 0.0251259692 -0.00866025407 0.00919999927 0.0251259692 -0.00819152035 -0.0769999996 0.0258617345 -0.00819152035 0.00919999927 0.0258617345 -0.00819152035 -0.0769999996 0.0258617345 -0.00766044436 -0.0769999996 0.0265538469 -0.00819152035 0.00919999927 0.0258617345 -0.00819152035 0.00919999927 0.0258617345 -0.00766044436 -0.0769999996 0.0265538469 -0.00766044436 0.00919999927 0.0265538469 -0.00766044436 -0.0769999996 0.0265538469 -0.00707106758 -0.0769999996 0.0271970369 -0.00766044436 0.00919999927 0.0265538469 -0.00766044436 0.00919999927 0.0265538469 -0.00707106758 -0.0769999996 0.0271970369 -0.00707106758 0.00919999927 0.0271970369 -0.00707106758 -0.0769999996 0.0271970369 -0.00642787619 -0.0769999996 0.0277864151 -0.00707106758 0.00919999927 0.0271970369 -0.00707106758 0.00919999927 0.0271970369 -0.00642787619 -0.0769999996 0.0277864151 -0.00642787619 0.00919999927 0.0277864151 -0.00642787619 -0.0769999996 0.0277864151 -0.00573576428 -0.0769999996 0.0283174906 -0.00642787619 0.00919999927 0.0277864151 -0.00642787619 0.00919999927 0.0277864151 -0.00573576428 -0.0769999996 0.0283174906 -0.00573576428 0.00919999927 0.0283174906 -0.00573576428 -0.0769999996 0.0283174906 -0.00499999989 -0.0769999996 0.0287862234 -0.00573576428 0.00919999927 0.0283174906 -0.00573576428 0.00919999927 0.0283174906 -0.00499999989 -0.0769999996 0.0287862234 -0.00499999989 0.00919999927 0.0287862234 -0.00499999989 -0.0769999996 0.0287862234 -0.00422618259 -0.0769999996 0.0291890483 -0.00499999989 0.00919999927 0.0287862234 -0.00499999989 0.00919999927 0.0287862234 -0.00422618259 -0.0769999996 0.0291890483 -0.00422618259 0.00919999927 0.0291890483 -0.00422618259 -0.0769999996 0.0291890483 -0.00342020136 -0.0769999996 0.0295228958 -0.00422618259 0.00919999927 0.0291890483 -0.00422618259 0.00919999927 0.0291890483 -0.00342020136 -0.0769999996 0.0295228958 -0.00342020136 0.00919999927 0.0295228958 -0.00342020136 -0.0769999996 0.0295228958 -0.00315 -4.17232526e-10 0.0296168867 -0.00342020136 0.00919999927 0.0295228958 -0.00342020136 0.00919999927 0.0295228958 -0.00315 -4.17232526e-10 0.0296168867 -0.00314698461 0.000137798066 0.029617887 -0.00984807778 0.00919999927 0.0183894876 -0.00996194687 0.00919999927 0.0192544125 0 0.00919999927 0.0201259702 -0.00996194687 0.00919999927 0.0192544125 -0.00999999978 0.00919999927 0.0201259702 0 0.00919999927 0.0201259702 0 0.00919999927 0.0201259702 -0.00999999978 0.00919999927 0.0201259702 -0.00996194687 0.00919999927 0.020997528 -0.00906307809 0.00919999927 0.0158997867 -0.0093969265 0.00919999927 0.0167057682 0 0.00919999927 0.0201259702 -0.0093969265 0.00919999927 0.0167057682 -0.00965925865 0.00919999927 0.0175377801 0 0.00919999927 0.0201259702 0 0.00919999927 0.0201259702 -0.00965925865 0.00919999927 0.0175377801 -0.00984807778 0.00919999927 0.0183894876 -0.00766044436 0.00919999927 0.0136980936 -0.00819152035 0.00919999927 0.014390206 0 0.00919999927 0.0201259702 -0.00819152035 0.00919999927 0.014390206 -0.00866025407 0.00919999927 0.0151259704 0 0.00919999927 0.0201259702 0 0.00919999927 0.0201259702 -0.00866025407 0.00919999927 0.0151259704 -0.00906307809 0.00919999927 0.0158997867 -0.00573576428 0.00919999927 0.0119344499 -0.00642787619 0.00919999927 0.0124655254 0 0.00919999927 0.0201259702 -0.00642787619 0.00919999927 0.0124655254 -0.00707106758 0.00919999927 0.0130549027 0 0.00919999927 0.0201259702 0 0.00919999927 0.0201259702 -0.00707106758 0.00919999927 0.0130549027 -0.00766044436 0.00919999927 0.0136980936 -0.00342020136 0.00919999927 0.0107290437 -0.00422618259 0.00919999927 0.0110628922 0 0.00919999927 0.0201259702 -0.00422618259 0.00919999927 0.0110628922 -0.00499999989 0.00919999927 0.0114657162 0 0.00919999927 0.0201259702 0 0.00919999927 0.0201259702 -0.00499999989 0.00919999927 0.0114657162 -0.00573576428 0.00919999927 0.0119344499 -0.000871557451 0.00919999927 0.0101640234 -0.00173648179 0.00919999927 0.0102778925 0 0.00919999927 0.0201259702 -0.00173648179 0.00919999927 0.0102778925 -0.00258819037 0.00919999927 0.0104667116 0 0.00919999927 0.0201259702 0 0.00919999927 0.0201259702 -0.00258819037 0.00919999927 0.0104667116 -0.00342020136 0.00919999927 0.0107290437 0.00173648179 0.00919999927 0.0102778925 0.000871557451 0.00919999927 0.0101640234 0 0.00919999927 0.0201259702 0.000871557451 0.00919999927 0.0101640234 1.07187544e-17 0.00919999927 0.0101259705 0 0.00919999927 0.0201259702 0 0.00919999927 0.0201259702 1.07187544e-17 0.00919999927 0.0101259705 -0.000871557451 0.00919999927 0.0101640234 0.00422618259 0.00919999927 0.0110628922 0.00342020136 0.00919999927 0.0107290437 0 0.00919999927 0.0201259702 0.00342020136 0.00919999927 0.0107290437 0.00258819037 0.00919999927 0.0104667116 0 0.00919999927 0.0201259702 0 0.00919999927 0.0201259702 0.00258819037 0.00919999927 0.0104667116 0.00173648179 0.00919999927 0.0102778925 0.00642787619 0.00919999927 0.0124655254 0.00573576428 0.00919999927 0.0119344499 0 0.00919999927 0.0201259702 0.00573576428 0.00919999927 0.0119344499 0.00499999989 0.00919999927 0.0114657162 0 0.00919999927 0.0201259702 0 0.00919999927 0.0201259702 0.00499999989 0.00919999927 0.0114657162 0.00422618259 0.00919999927 0.0110628922 0.00819152035 0.00919999927 0.014390206 0.00766044436 0.00919999927 0.0136980936 0 0.00919999927 0.0201259702 0.00766044436 0.00919999927 0.0136980936 0.00707106758 0.00919999927 0.0130549027 0 0.00919999927 0.0201259702 0 0.00919999927 0.0201259702 0.00707106758 0.00919999927 0.0130549027 0.00642787619 0.00919999927 0.0124655254 0.0093969265 0.00919999927 0.0167057682 0.00906307809 0.00919999927 0.0158997867 0 0.00919999927 0.0201259702 0.00906307809 0.00919999927 0.0158997867 0.00866025407 0.00919999927 0.0151259704 0 0.00919999927 0.0201259702 0 0.00919999927 0.0201259702 0.00866025407 0.00919999927 0.0151259704 0.00819152035 0.00919999927 0.014390206 0.00996194687 0.00919999927 0.0192544125 0.00984807778 0.00919999927 0.0183894876 0 0.00919999927 0.0201259702 0.00984807778 0.00919999927 0.0183894876 0.00965925865 0.00919999927 0.0175377801 0 0.00919999927 0.0201259702 0 0.00919999927 0.0201259702 0.00965925865 0.00919999927 0.0175377801 0.0093969265 0.00919999927 0.0167057682 0.00984807778 0.00919999927 0.021862451 0.00996194687 0.00919999927 0.020997528 0 0.00919999927 0.0201259702 0.00996194687 0.00919999927 0.020997528 0.00999999978 0.00919999927 0.0201259702 0 0.00919999927 0.0201259702 0 0.00919999927 0.0201259702 0.00999999978 0.00919999927 0.0201259702 0.00996194687 0.00919999927 0.0192544125 0.00906307809 0.00919999927 0.0243521519 0.0093969265 0.00919999927 0.0235461704 0 0.00919999927 0.0201259702 0.0093969265 0.00919999927 0.0235461704 0.00965925865 0.00919999927 0.0227141604 0 0.00919999927 0.0201259702 0 0.00919999927 0.0201259702 0.00965925865 0.00919999927 0.0227141604 0.00984807778 0.00919999927 0.021862451 0.00766044436 0.00919999927 0.0265538469 0.00819152035 0.00919999927 0.0258617345 0 0.00919999927 0.0201259702 0.00819152035 0.00919999927 0.0258617345 0.00866025407 0.00919999927 0.0251259692 0 0.00919999927 0.0201259702 0 0.00919999927 0.0201259702 0.00866025407 0.00919999927 0.0251259692 0.00906307809 0.00919999927 0.0243521519 0.00573576428 0.00919999927 0.0283174906 0.00642787619 0.00919999927 0.0277864151 0 0.00919999927 0.0201259702 0.00642787619 0.00919999927 0.0277864151 0.00707106758 0.00919999927 0.0271970369 0 0.00919999927 0.0201259702 0 0.00919999927 0.0201259702 0.00707106758 0.00919999927 0.0271970369 0.00766044436 0.00919999927 0.0265538469 0.00342020136 0.00919999927 0.0295228958 0.00422618259 0.00919999927 0.0291890483 0 0.00919999927 0.0201259702 0.00422618259 0.00919999927 0.0291890483 0.00499999989 0.00919999927 0.0287862234 0 0.00919999927 0.0201259702 0 0.00919999927 0.0201259702 0.00499999989 0.00919999927 0.0287862234 0.00573576428 0.00919999927 0.0283174906 0.000871557451 0.00919999927 0.0300879162 0.00173648179 0.00919999927 0.0299740471 0 0.00919999927 0.0201259702 0.00173648179 0.00919999927 0.0299740471 0.00258819037 0.00919999927 0.0297852289 0 0.00919999927 0.0201259702 0 0.00919999927 0.0201259702 0.00258819037 0.00919999927 0.0297852289 0.00342020136 0.00919999927 0.0295228958 -0.00173648179 0.00919999927 0.0299740471 -0.000871557451 0.00919999927 0.0300879162 0 0.00919999927 0.0201259702 -0.000871557451 0.00919999927 0.0300879162 -2.83276955e-18 0.00919999927 0.03012597 0 0.00919999927 0.0201259702 0 0.00919999927 0.0201259702 -2.83276955e-18 0.00919999927 0.03012597 0.000871557451 0.00919999927 0.0300879162 -0.00422618259 0.00919999927 0.0291890483 -0.00342020136 0.00919999927 0.0295228958 0 0.00919999927 0.0201259702 -0.00342020136 0.00919999927 0.0295228958 -0.00258819037 0.00919999927 0.0297852289 0 0.00919999927 0.0201259702 0 0.00919999927 0.0201259702 -0.00258819037 0.00919999927 0.0297852289 -0.00173648179 0.00919999927 0.0299740471 -0.00642787619 0.00919999927 0.0277864151 -0.00573576428 0.00919999927 0.0283174906 0 0.00919999927 0.0201259702 -0.00573576428 0.00919999927 0.0283174906 -0.00499999989 0.00919999927 0.0287862234 0 0.00919999927 0.0201259702 0 0.00919999927 0.0201259702 -0.00499999989 0.00919999927 0.0287862234 -0.00422618259 0.00919999927 0.0291890483 -0.00819152035 0.00919999927 0.0258617345 -0.00766044436 0.00919999927 0.0265538469 0 0.00919999927 0.0201259702 -0.00766044436 0.00919999927 0.0265538469 -0.00707106758 0.00919999927 0.0271970369 0 0.00919999927 0.0201259702 0 0.00919999927 0.0201259702 -0.00707106758 0.00919999927 0.0271970369 -0.00642787619 0.00919999927 0.0277864151 -0.0093969265 0.00919999927 0.0235461704 -0.00906307809 0.00919999927 0.0243521519 0 0.00919999927 0.0201259702 -0.00906307809 0.00919999927 0.0243521519 -0.00866025407 0.00919999927 0.0251259692 0 0.00919999927 0.0201259702 0 0.00919999927 0.0201259702 -0.00866025407 0.00919999927 0.0251259692 -0.00819152035 0.00919999927 0.0258617345 -0.00996194687 0.00919999927 0.020997528 -0.00984807778 0.00919999927 0.021862451 0 0.00919999927 0.0201259702 -0.00984807778 0.00919999927 0.021862451 -0.00965925865 0.00919999927 0.0227141604 0 0.00919999927 0.0201259702 0 0.00919999927 0.0201259702 -0.00965925865 0.00919999927 0.0227141604 -0.0093969265 0.00919999927 0.0235461704 -0.00984807778 -0.0769999996 0.021862451 -0.00996194687 -0.0769999996 0.020997528 0 -0.0769999996 0.0201259702 -0.00996194687 -0.0769999996 0.020997528 -0.00999999978 -0.0769999996 0.0201259702 0 -0.0769999996 0.0201259702 0 -0.0769999996 0.0201259702 -0.00999999978 -0.0769999996 0.0201259702 -0.00996194687 -0.0769999996 0.0192544125 -0.00906307809 -0.0769999996 0.0243521519 -0.0093969265 -0.0769999996 0.0235461704 0 -0.0769999996 0.0201259702 -0.0093969265 -0.0769999996 0.0235461704 -0.00965925865 -0.0769999996 0.0227141604 0 -0.0769999996 0.0201259702 0 -0.0769999996 0.0201259702 -0.00965925865 -0.0769999996 0.0227141604 -0.00984807778 -0.0769999996 0.021862451 -0.00766044436 -0.0769999996 0.0265538469 -0.00819152035 -0.0769999996 0.0258617345 0 -0.0769999996 0.0201259702 -0.00819152035 -0.0769999996 0.0258617345 -0.00866025407 -0.0769999996 0.0251259692 0 -0.0769999996 0.0201259702 0 -0.0769999996 0.0201259702 -0.00866025407 -0.0769999996 0.0251259692 -0.00906307809 -0.0769999996 0.0243521519 -0.00573576428 -0.0769999996 0.0283174906 -0.00642787619 -0.0769999996 0.0277864151 0 -0.0769999996 0.0201259702 -0.00642787619 -0.0769999996 0.0277864151 -0.00707106758 -0.0769999996 0.0271970369 0 -0.0769999996 0.0201259702 0 -0.0769999996 0.0201259702 -0.00707106758 -0.0769999996 0.0271970369 -0.00766044436 -0.0769999996 0.0265538469 -0.00342020136 -0.0769999996 0.0295228958 -0.00422618259 -0.0769999996 0.0291890483 0 -0.0769999996 0.0201259702 -0.00422618259 -0.0769999996 0.0291890483 -0.00499999989 -0.0769999996 0.0287862234 0 -0.0769999996 0.0201259702 0 -0.0769999996 0.0201259702 -0.00499999989 -0.0769999996 0.0287862234 -0.00573576428 -0.0769999996 0.0283174906 -0.000871557451 -0.0769999996 0.0300879162 -0.00173648179 -0.0769999996 0.0299740471 0 -0.0769999996 0.0201259702 -0.00173648179 -0.0769999996 0.0299740471 -0.00258819037 -0.0769999996 0.0297852289 0 -0.0769999996 0.0201259702 0 -0.0769999996 0.0201259702 -0.00258819037 -0.0769999996 0.0297852289 -0.00342020136 -0.0769999996 0.0295228958 0.00173648179 -0.0769999996 0.0299740471 0.000871557451 -0.0769999996 0.0300879162 0 -0.0769999996 0.0201259702 0.000871557451 -0.0769999996 0.0300879162 -2.83276955e-18 -0.0769999996 0.03012597 0 -0.0769999996 0.0201259702 0 -0.0769999996 0.0201259702 -2.83276955e-18 -0.0769999996 0.03012597 -0.000871557451 -0.0769999996 0.0300879162 0.00422618259 -0.0769999996 0.0291890483 0.00342020136 -0.0769999996 0.0295228958 0 -0.0769999996 0.0201259702 0.00342020136 -0.0769999996 0.0295228958 0.00258819037 -0.0769999996 0.0297852289 0 -0.0769999996 0.0201259702 0 -0.0769999996 0.0201259702 0.00258819037 -0.0769999996 0.0297852289 0.00173648179 -0.0769999996 0.0299740471 0.00642787619 -0.0769999996 0.0277864151 0.00573576428 -0.0769999996 0.0283174906 0 -0.0769999996 0.0201259702 0.00573576428 -0.0769999996 0.0283174906 0.00499999989 -0.0769999996 0.0287862234 0 -0.0769999996 0.0201259702 0 -0.0769999996 0.0201259702 0.00499999989 -0.0769999996 0.0287862234 0.00422618259 -0.0769999996 0.0291890483 0.00819152035 -0.0769999996 0.0258617345 0.00766044436 -0.0769999996 0.0265538469 0 -0.0769999996 0.0201259702 0.00766044436 -0.0769999996 0.0265538469 0.00707106758 -0.0769999996 0.0271970369 0 -0.0769999996 0.0201259702 0 -0.0769999996 0.0201259702 0.00707106758 -0.0769999996 0.0271970369 0.00642787619 -0.0769999996 0.0277864151 0.0093969265 -0.0769999996 0.0235461704 0.00906307809 -0.0769999996 0.0243521519 0 -0.0769999996 0.0201259702 0.00906307809 -0.0769999996 0.0243521519 0.00866025407 -0.0769999996 0.0251259692 0 -0.0769999996 0.0201259702 0 -0.0769999996 0.0201259702 0.00866025407 -0.0769999996 0.0251259692 0.00819152035 -0.0769999996 0.0258617345 0.00996194687 -0.0769999996 0.020997528 0.00984807778 -0.0769999996 0.021862451 0 -0.0769999996 0.0201259702 0.00984807778 -0.0769999996 0.021862451 0.00965925865 -0.0769999996 0.0227141604 0 -0.0769999996 0.0201259702 0 -0.0769999996 0.0201259702 0.00965925865 -0.0769999996 0.0227141604 0.0093969265 -0.0769999996 0.0235461704 0.00984807778 -0.0769999996 0.0183894876 0.00996194687 -0.0769999996 0.0192544125 0 -0.0769999996 0.0201259702 0.00996194687 -0.0769999996 0.0192544125 0.00999999978 -0.0769999996 0.0201259702 0 -0.0769999996 0.0201259702 0 -0.0769999996 0.0201259702 0.00999999978 -0.0769999996 0.0201259702 0.00996194687 -0.0769999996 0.020997528 0.00906307809 -0.0769999996 0.0158997867 0.0093969265 -0.0769999996 0.0167057682 0 -0.0769999996 0.0201259702 0.0093969265 -0.0769999996 0.0167057682 0.00965925865 -0.0769999996 0.0175377801 0 -0.0769999996 0.0201259702 0 -0.0769999996 0.0201259702 0.00965925865 -0.0769999996 0.0175377801 0.00984807778 -0.0769999996 0.0183894876 0.00766044436 -0.0769999996 0.0136980936 0.00819152035 -0.0769999996 0.014390206 0 -0.0769999996 0.0201259702 0.00819152035 -0.0769999996 0.014390206 0.00866025407 -0.0769999996 0.0151259704 0 -0.0769999996 0.0201259702 0 -0.0769999996 0.0201259702 0.00866025407 -0.0769999996 0.0151259704 0.00906307809 -0.0769999996 0.0158997867 0.00573576428 -0.0769999996 0.0119344499 0.00642787619 -0.0769999996 0.0124655254 0 -0.0769999996 0.0201259702 0.00642787619 -0.0769999996 0.0124655254 0.00707106758 -0.0769999996 0.0130549027 0 -0.0769999996 0.0201259702 0 -0.0769999996 0.0201259702 0.00707106758 -0.0769999996 0.0130549027 0.00766044436 -0.0769999996 0.0136980936 0.00342020136 -0.0769999996 0.0107290437 0.00422618259 -0.0769999996 0.0110628922 0 -0.0769999996 0.0201259702 0.00422618259 -0.0769999996 0.0110628922 0.00499999989 -0.0769999996 0.0114657162 0 -0.0769999996 0.0201259702 0 -0.0769999996 0.0201259702 0.00499999989 -0.0769999996 0.0114657162 0.00573576428 -0.0769999996 0.0119344499 0.000871557451 -0.0769999996 0.0101640234 0.00173648179 -0.0769999996 0.0102778925 0 -0.0769999996 0.0201259702 0.00173648179 -0.0769999996 0.0102778925 0.00258819037 -0.0769999996 0.0104667116 0 -0.0769999996 0.0201259702 0 -0.0769999996 0.0201259702 0.00258819037 -0.0769999996 0.0104667116 0.00342020136 -0.0769999996 0.0107290437 -0.00173648179 -0.0769999996 0.0102778925 -0.000871557451 -0.0769999996 0.0101640234 0 -0.0769999996 0.0201259702 -0.000871557451 -0.0769999996 0.0101640234 1.07187544e-17 -0.0769999996 0.0101259705 0 -0.0769999996 0.0201259702 0 -0.0769999996 0.0201259702 1.07187544e-17 -0.0769999996 0.0101259705 0.000871557451 -0.0769999996 0.0101640234 -0.00422618259 -0.0769999996 0.0110628922 -0.00342020136 -0.0769999996 0.0107290437 0 -0.0769999996 0.0201259702 -0.00342020136 -0.0769999996 0.0107290437 -0.00258819037 -0.0769999996 0.0104667116 0 -0.0769999996 0.0201259702 0 -0.0769999996 0.0201259702 -0.00258819037 -0.0769999996 0.0104667116 -0.00173648179 -0.0769999996 0.0102778925 -0.00642787619 -0.0769999996 0.0124655254 -0.00573576428 -0.0769999996 0.0119344499 0 -0.0769999996 0.0201259702 -0.00573576428 -0.0769999996 0.0119344499 -0.00499999989 -0.0769999996 0.0114657162 0 -0.0769999996 0.0201259702 0 -0.0769999996 0.0201259702 -0.00499999989 -0.0769999996 0.0114657162 -0.00422618259 -0.0769999996 0.0110628922 -0.00819152035 -0.0769999996 0.014390206 -0.00766044436 -0.0769999996 0.0136980936 0 -0.0769999996 0.0201259702 -0.00766044436 -0.0769999996 0.0136980936 -0.00707106758 -0.0769999996 0.0130549027 0 -0.0769999996 0.0201259702 0 -0.0769999996 0.0201259702 -0.00707106758 -0.0769999996 0.0130549027 -0.00642787619 -0.0769999996 0.0124655254 -0.0093969265 -0.0769999996 0.0167057682 -0.00906307809 -0.0769999996 0.0158997867 0 -0.0769999996 0.0201259702 -0.00906307809 -0.0769999996 0.0158997867 -0.00866025407 -0.0769999996 0.0151259704 0 -0.0769999996 0.0201259702 0 -0.0769999996 0.0201259702 -0.00866025407 -0.0769999996 0.0151259704 -0.00819152035 -0.0769999996 0.014390206 -0.00996194687 -0.0769999996 0.0192544125 -0.00984807778 -0.0769999996 0.0183894876 0 -0.0769999996 0.0201259702 -0.00984807778 -0.0769999996 0.0183894876 -0.00965925865 -0.0769999996 0.0175377801 0 -0.0769999996 0.0201259702 0 -0.0769999996 0.0201259702 -0.00965925865 -0.0769999996 0.0175377801 -0.0093969265 -0.0769999996 0.0167057682 </float_array>
          <technique_common>
            <accessor count="2412" offset="0" source="#mesh_0-positions-array" stride="3">
              <param name="X" type="float" />
              <param name="Y" type="float" />
              <param name="Z" type="float" />
            </accessor>
          </technique_common>
        </source>
        <source id="mesh_0-normals" name="mesh_0-normals">
          <float_array id="mesh_0-normals-array" count="7236"> 2.48013453e-06 -8.41949259e-07 -7.7568247e-13 2.48013453e-06 -8.41949259e-07 -7.7568247e-13 2.48013453e-06 -8.41949259e-07 -7.7568247e-13 -2.60108936e-06 1.70537405e-07 -8.90746027e-13 -2.60108936e-06 1.70537405e-07 -8.90746027e-13 -2.60108936e-06 1.70537405e-07 -8.90746027e-13 -2.5814536e-06 3.9731384e-07 -8.34521688e-13 -2.5814536e-06 3.9731384e-07 -8.34521688e-13 -2.5814536e-06 3.9731384e-07 -8.34521688e-13 -2.53294593e-06 6.19996797e-07 0 -2.53294593e-06 6.19996797e-07 0 -2.53294593e-06 6.19996797e-07 0 -2.48014294e-06 8.41951305e-07 0 -2.48014294e-06 8.41951305e-07 0 -2.48014294e-06 8.41951305e-07 0 -2.40943359e-06 1.06010589e-06 0 -2.40943359e-06 1.06010589e-06 0 -2.40943359e-06 1.06010589e-06 0 2.59557578e-06 1.70298875e-07 0 2.59557578e-06 1.70298875e-07 0 2.59557578e-06 1.70298875e-07 0 4.24680775e-06 2.69171005e-06 1.66032521e-10 4.24680775e-06 2.69171005e-06 1.66032521e-10 4.24680775e-06 2.69171005e-06 1.66032521e-10 2.30491722e-07 1.60653087e-07 -1.66030856e-10 2.30491722e-07 1.60653087e-07 -1.66030856e-10 2.30491722e-07 1.60653087e-07 -1.66030856e-10 4.22897074e-06 2.6803757e-06 0 4.22897074e-06 2.6803757e-06 0 4.22897074e-06 2.6803757e-06 0 2.31669424e-06 1.2710459e-06 0 2.31669424e-06 1.2710459e-06 0 2.31669424e-06 1.2710459e-06 0 2.31212493e-06 1.26853877e-06 0 2.31212493e-06 1.26853877e-06 0 2.31212493e-06 1.26853877e-06 0 2.36878327e-06 1.16817921e-06 0 2.36878327e-06 1.16817921e-06 0 2.36878327e-06 1.16817921e-06 0 2.36436449e-06 1.16600006e-06 0 2.36436449e-06 1.16600006e-06 0 2.36436449e-06 1.16600006e-06 0 2.40449413e-06 1.05817844e-06 0 2.40449413e-06 1.05817844e-06 0 2.40449413e-06 1.05817844e-06 0 2.40032455e-06 1.05634354e-06 0 2.40032455e-06 1.05634354e-06 0 2.40032455e-06 1.05634354e-06 0 2.45763476e-06 9.55876999e-07 0 2.45763476e-06 9.55876999e-07 0 2.45763476e-06 9.55876999e-07 0 2.45369483e-06 9.54344614e-07 0 2.45369483e-06 9.54344614e-07 0 2.45369483e-06 9.54344614e-07 0 2.49084519e-06 8.4540585e-07 0 2.49084519e-06 8.4540585e-07 0 2.49084519e-06 8.4540585e-07 0 2.48723973e-06 8.44182125e-07 0 2.48723973e-06 8.44182125e-07 0 2.48723973e-06 8.44182125e-07 0 2.5122531e-06 7.32158639e-07 0 2.5122531e-06 7.32158639e-07 0 2.5122531e-06 7.32158639e-07 0 2.50904668e-06 7.31224134e-07 0 2.50904668e-06 7.31224134e-07 0 2.50904668e-06 7.31224134e-07 0 2.54552674e-06 6.2282578e-07 0 2.54552674e-06 6.2282578e-07 0 2.54552674e-06 6.2282578e-07 0 2.54272004e-06 6.22139055e-07 0 2.54272004e-06 6.22139055e-07 0 2.54272004e-06 6.22139055e-07 0 2.56299609e-06 5.09774907e-07 0 2.56299609e-06 5.09774907e-07 0 2.56299609e-06 5.09774907e-07 0 2.56065255e-06 5.09308791e-07 0 2.56065255e-06 5.09308791e-07 0 2.56065255e-06 5.09308791e-07 0 2.57991837e-06 3.97140354e-07 0 2.57991837e-06 3.97140354e-07 0 2.57991837e-06 3.97140354e-07 0 2.57806187e-06 3.96854603e-07 0 2.57806187e-06 3.96854603e-07 0 2.57806187e-06 3.96854603e-07 0 2.59844614e-06 2.8463856e-07 0 2.59844614e-06 2.8463856e-07 0 2.59844614e-06 2.8463856e-07 0 2.59709577e-06 2.84490625e-07 0 2.59709577e-06 2.84490625e-07 0 2.59709577e-06 2.84490625e-07 0 2.59638773e-06 1.70352152e-07 0 2.59638773e-06 1.70352152e-07 0 2.59638773e-06 1.70352152e-07 0 2.31496529e-07 1.61322347e-07 0 2.31496529e-07 1.61322347e-07 0 2.31496529e-07 1.61322347e-07 0 4.21257482e-06 3.23247559e-06 0 4.21257482e-06 3.23247559e-06 0 4.21257482e-06 3.23247559e-06 0 4.23138181e-06 3.24690723e-06 0 4.23138181e-06 3.24690723e-06 0 4.23138181e-06 3.24690723e-06 0 3.93247637e-06 3.6033482e-06 0 3.93247637e-06 3.6033482e-06 0 3.93247637e-06 3.6033482e-06 0 3.95042252e-06 3.61979187e-06 0 3.95042252e-06 3.61979187e-06 0 3.95042252e-06 3.61979187e-06 0 3.61979187e-06 3.95031338e-06 0 3.61979187e-06 3.95031338e-06 0 3.61979187e-06 3.95031338e-06 0 3.63616209e-06 3.96817813e-06 0 3.63616209e-06 3.96817813e-06 0 3.63616209e-06 3.96817813e-06 0 3.27645648e-06 4.26998758e-06 0 3.27645648e-06 4.26998758e-06 0 3.27645648e-06 4.26998758e-06 0 3.29069508e-06 4.28854401e-06 0 3.29069508e-06 4.28854401e-06 0 3.29069508e-06 4.28854401e-06 0 9.23469941e-07 1.35687083e-06 -0 9.23469941e-07 1.35687083e-06 -0 9.23469941e-07 1.35687083e-06 -0 9.24636254e-07 1.35858454e-06 0 9.24636254e-07 1.35858454e-06 0 9.24636254e-07 1.35858454e-06 0 1.98339694e-06 3.20620393e-06 -0 1.98339694e-06 3.20620393e-06 -0 1.98339694e-06 3.20620393e-06 -0 1.98890348e-06 3.21510561e-06 0 1.98890348e-06 3.21510561e-06 0 1.98890348e-06 3.21510561e-06 0 1.3068551e-06 2.3820794e-06 -0 1.3068551e-06 2.3820794e-06 -0 1.3068551e-06 2.3820794e-06 -0 1.30930107e-06 2.38653774e-06 0 1.30930107e-06 2.38653774e-06 0 1.30930107e-06 2.38653774e-06 0 1.20153175e-06 2.43667682e-06 -0 1.20153175e-06 2.43667682e-06 -0 1.20153175e-06 2.43667682e-06 -0 1.20363518e-06 2.44094281e-06 0 1.20363518e-06 2.44094281e-06 0 1.20363518e-06 2.44094281e-06 0 1.0961204e-06 2.49094342e-06 -0 1.0961204e-06 2.49094342e-06 -0 1.0961204e-06 2.49094342e-06 -0 1.09789755e-06 2.49498203e-06 0 1.09789755e-06 2.49498203e-06 0 1.09789755e-06 2.49498203e-06 0 9.90060357e-07 2.54566248e-06 -0 9.90060357e-07 2.54566248e-06 -0 9.90060357e-07 2.54566248e-06 -0 9.9152976e-07 2.54944052e-06 0 9.9152976e-07 2.54944052e-06 0 9.9152976e-07 2.54944052e-06 0 1.33211336e-06 4.09216273e-06 -0 1.33211336e-06 4.09216273e-06 -0 1.33211336e-06 4.09216273e-06 -0 1.33481365e-06 4.10045777e-06 0 1.33481365e-06 4.10045777e-06 0 1.33481365e-06 4.10045777e-06 0 3.11585126e-07 1.12126554e-06 -0 3.11585126e-07 1.12126554e-06 -0 3.11585126e-07 1.12126554e-06 -0 3.11585666e-07 1.12128907e-06 -1.69864123e-14 3.11585666e-07 1.12128907e-06 -1.69864123e-14 3.11585666e-07 1.12128907e-06 -1.69864123e-14 6.52577398e-07 2.66733832e-06 -1.5470741e-13 6.52577398e-07 2.66733832e-06 -1.5470741e-13 6.52577398e-07 2.66733832e-06 -1.5470741e-13 6.5308609e-07 2.66951201e-06 0 6.5308609e-07 2.66951201e-06 0 6.5308609e-07 2.66951201e-06 0 5.33707919e-07 2.68377789e-06 0 5.33707919e-07 2.68377789e-06 0 5.33707919e-07 2.68377789e-06 0 5.34150729e-07 2.68600456e-06 0 5.34150729e-07 2.68600456e-06 0 5.34150729e-07 2.68600456e-06 0 4.17798134e-07 2.71553972e-06 -0 4.17798134e-07 2.71553972e-06 -0 4.17798134e-07 2.71553972e-06 -0 4.18071039e-07 2.71731346e-06 0 4.18071039e-07 2.71731346e-06 0 4.18071039e-07 2.71731346e-06 0 2.98664673e-07 2.72710531e-06 -0 2.98664673e-07 2.72710531e-06 -0 2.98664673e-07 2.72710531e-06 -0 2.98804622e-07 2.72838315e-06 0 2.98804622e-07 2.72838315e-06 0 2.98804622e-07 2.72838315e-06 0 1.79640253e-07 2.73946557e-06 0 1.79640253e-07 2.73946557e-06 0 1.79640253e-07 2.73946557e-06 0 1.79690986e-07 2.74023932e-06 0 1.79690986e-07 2.74023932e-06 0 1.79690986e-07 2.74023932e-06 0 6.00459984e-08 2.75005277e-06 0 6.00459984e-08 2.75005277e-06 0 6.00459984e-08 2.75005277e-06 0 6.00516756e-08 2.75031312e-06 0 6.00516756e-08 2.75031312e-06 0 6.00516756e-08 2.75031312e-06 0 -5.96046448e-08 2.74046351e-06 -4.0386687e-23 -5.96046448e-08 2.74046351e-06 -4.0386687e-23 -5.96046448e-08 2.74046351e-06 -4.0386687e-23 -5.95990457e-08 2.74020613e-06 0 -5.95990457e-08 2.74020613e-06 0 -5.95990457e-08 2.74020613e-06 0 -1.80138116e-07 2.75009006e-06 0 -1.80138116e-07 2.75009006e-06 0 -1.80138116e-07 2.75009006e-06 0 -1.80087127e-07 2.74931153e-06 0 -1.80087127e-07 2.74931153e-06 0 -1.80087127e-07 2.74931153e-06 0 -3.00294147e-07 2.73983142e-06 0 -3.00294147e-07 2.73983142e-06 0 -3.00294147e-07 2.73983142e-06 0 -3.00152891e-07 2.73854266e-06 0 -3.00152891e-07 2.73854266e-06 0 -3.00152891e-07 2.73854266e-06 0 -4.16581202e-07 2.70586384e-06 0 -4.16581202e-07 2.70586384e-06 0 -4.16581202e-07 2.70586384e-06 0 -4.16310257e-07 2.70410396e-06 0 -4.16310257e-07 2.70410396e-06 0 -4.16310257e-07 2.70410396e-06 0 -5.36233813e-07 2.69515385e-06 0 -5.36233813e-07 2.69515385e-06 0 -5.36233813e-07 2.69515385e-06 0 -5.35787592e-07 2.69291149e-06 0 -5.35787592e-07 2.69291149e-06 0 -5.35787592e-07 2.69291149e-06 0 -6.51002779e-07 2.66036204e-06 0 -6.51002779e-07 2.66036204e-06 0 -6.51002779e-07 2.66036204e-06 0 -6.5049818e-07 2.65820336e-06 1.57651669e-13 -6.5049818e-07 2.65820336e-06 1.57651669e-13 -6.5049818e-07 2.65820336e-06 1.57651669e-13 -3.11585637e-07 1.12129135e-06 1.87692743e-14 -3.11585637e-07 1.12129135e-06 1.87692743e-14 -3.11585637e-07 1.12129135e-06 1.87692743e-14 -3.11585126e-07 1.12126554e-06 0 -3.11585126e-07 1.12126554e-06 0 -3.11585126e-07 1.12126554e-06 0 -1.33481353e-06 4.10045732e-06 0 -1.33481353e-06 4.10045732e-06 0 -1.33481353e-06 4.10045732e-06 0 -1.33211336e-06 4.09216318e-06 0 -1.33211336e-06 4.09216318e-06 0 -1.33211336e-06 4.09216318e-06 0 -9.88714874e-07 2.54248448e-06 0 -9.88714874e-07 2.54248448e-06 0 -9.88714874e-07 2.54248448e-06 0 -9.87253998e-07 2.53872781e-06 0 -9.87253998e-07 2.53872781e-06 0 -9.87253998e-07 2.53872781e-06 0 -1.10071289e-06 2.50193852e-06 0 -1.10071289e-06 2.50193852e-06 0 -1.10071289e-06 2.50193852e-06 0 -1.09892642e-06 2.49787763e-06 0 -1.09892642e-06 2.49787763e-06 0 -1.09892642e-06 2.49787763e-06 0 -1.20821346e-06 2.44968169e-06 0 -1.20821346e-06 2.44968169e-06 0 -1.20821346e-06 2.44968169e-06 0 -1.20609411e-06 2.44538433e-06 0 -1.20609411e-06 2.44538433e-06 0 -1.20609411e-06 2.44538433e-06 0 -1.30472222e-06 2.37779864e-06 0 -1.30472222e-06 2.37779864e-06 0 -1.30472222e-06 2.37779864e-06 0 -1.30229341e-06 2.37337213e-06 0 -1.30229341e-06 2.37337213e-06 0 -1.30229341e-06 2.37337213e-06 0 -1.9889037e-06 3.21510561e-06 0 -1.9889037e-06 3.21510561e-06 0 -1.9889037e-06 3.21510561e-06 0 -1.98339694e-06 3.20620393e-06 0 -1.98339694e-06 3.20620393e-06 0 -1.98339694e-06 3.20620393e-06 0 -9.24636254e-07 1.35858454e-06 0 -9.24636254e-07 1.35858454e-06 0 -9.24636254e-07 1.35858454e-06 0 -9.23469941e-07 1.35687083e-06 0 -9.23469941e-07 1.35687083e-06 0 -9.23469941e-07 1.35687083e-06 0 -3.29069508e-06 4.28854401e-06 0 -3.29069508e-06 4.28854401e-06 0 -3.29069508e-06 4.28854401e-06 0 -3.27645648e-06 4.26998758e-06 0 -3.27645648e-06 4.26998758e-06 0 -3.27645648e-06 4.26998758e-06 0 -3.63616186e-06 3.96817768e-06 0 -3.63616186e-06 3.96817768e-06 0 -3.63616186e-06 3.96817768e-06 0 -3.6197921e-06 3.95031338e-06 0 -3.6197921e-06 3.95031338e-06 0 -3.6197921e-06 3.95031338e-06 0 -3.95042252e-06 3.61979187e-06 0 -3.95042252e-06 3.61979187e-06 0 -3.95042252e-06 3.61979187e-06 0 -3.93247637e-06 3.6033482e-06 0 -3.93247637e-06 3.6033482e-06 0 -3.93247637e-06 3.6033482e-06 0 -4.23138181e-06 3.246907e-06 0 -4.23138181e-06 3.246907e-06 0 -4.23138181e-06 3.246907e-06 0 -4.21257482e-06 3.23247559e-06 0 -4.21257482e-06 3.23247559e-06 0 -4.21257482e-06 3.23247559e-06 0 -2.30491509e-07 1.60652959e-07 1.66031078e-10 -2.30491509e-07 1.60652959e-07 1.66031078e-10 -2.30491509e-07 1.60652959e-07 1.66031078e-10 -4.24680775e-06 2.69171005e-06 -1.66032521e-10 -4.24680775e-06 2.69171005e-06 -1.66032521e-10 -4.24680775e-06 2.69171005e-06 -1.66032521e-10 -2.31496529e-07 1.61322347e-07 0 -2.31496529e-07 1.61322347e-07 0 -2.31496529e-07 1.61322347e-07 0 -4.22897028e-06 2.6803757e-06 0 -4.22897028e-06 2.6803757e-06 0 -4.22897028e-06 2.6803757e-06 0 -2.32185516e-06 1.27371152e-06 0 -2.32185516e-06 1.27371152e-06 0 -2.32185516e-06 1.27371152e-06 0 -2.31726585e-06 1.2711937e-06 0 -2.31726585e-06 1.2711937e-06 0 -2.31726585e-06 1.2711937e-06 0 -2.36362234e-06 1.16551382e-06 0 -2.36362234e-06 1.16551382e-06 0 -2.36362234e-06 1.16551382e-06 0 -2.35922312e-06 1.16334468e-06 0 -2.35922312e-06 1.16334468e-06 0 -2.35922312e-06 1.16334468e-06 0 -2.41363387e-06 1.06195398e-06 0 -2.41363387e-06 1.06195398e-06 0 -2.41363387e-06 1.06195398e-06 0 -2.44849548e-06 9.52102084e-07 0 -2.44849548e-06 9.52102084e-07 0 -2.44849548e-06 9.52102084e-07 0 -2.44458556e-06 9.5058175e-07 0 -2.44458556e-06 9.5058175e-07 0 -2.44458556e-06 9.5058175e-07 0 -2.48372862e-06 8.4316855e-07 0 -2.48372862e-06 8.4316855e-07 0 -2.48372862e-06 8.4316855e-07 0 -2.51936945e-06 7.34395599e-07 0 -2.51936945e-06 7.34395599e-07 0 -2.51936945e-06 7.34395599e-07 0 -2.51614392e-06 7.33455408e-07 0 -2.51614392e-06 7.33455408e-07 0 -2.51614392e-06 7.33455408e-07 0 -2.53573239e-06 6.20678861e-07 0 -2.53573239e-06 6.20678861e-07 0 -2.53573239e-06 6.20678861e-07 0 -2.57278907e-06 5.11921371e-07 0 -2.57278907e-06 5.11921371e-07 0 -2.57278907e-06 5.11921371e-07 0 -2.57042711e-06 5.1145139e-07 0 -2.57042711e-06 5.1145139e-07 0 -2.57042711e-06 5.1145139e-07 0 -2.58827617e-06 3.98247096e-07 0 -2.58827617e-06 3.98247096e-07 0 -2.58827617e-06 3.98247096e-07 0 -2.59504372e-06 2.84177929e-07 7.42586548e-13 -2.59504372e-06 2.84177929e-07 7.42586548e-13 -2.59504372e-06 2.84177929e-07 7.42586548e-13 -2.5887482e-06 2.83385276e-07 0 -2.5887482e-06 2.83385276e-07 0 -2.5887482e-06 2.83385276e-07 0 -2.60756497e-06 1.70838504e-07 0 -2.60756497e-06 1.70838504e-07 0 -2.60756497e-06 1.70838504e-07 0 -2.54552674e-06 -6.2282578e-07 -0 -2.54552674e-06 -6.2282578e-07 -0 -2.54552674e-06 -6.2282578e-07 -0 -2.61070818e-06 5.70181804e-08 8.97976138e-13 -2.61070818e-06 5.70181804e-08 8.97976138e-13 -2.61070818e-06 5.70181804e-08 8.97976138e-13 -2.60477805e-06 5.67647298e-08 0 -2.60477805e-06 5.67647298e-08 0 -2.60477805e-06 5.67647298e-08 0 -2.61595073e-06 -5.72508831e-08 0 -2.61595073e-06 -5.72508831e-08 0 -2.61595073e-06 -5.72508831e-08 0 -2.6067496e-06 -5.684144e-08 1.5105972e-12 -2.6067496e-06 -5.684144e-08 1.5105972e-12 -2.6067496e-06 -5.684144e-08 1.5105972e-12 -2.59557373e-06 -1.70298748e-07 -1.48570197e-12 -2.59557373e-06 -1.70298748e-07 -1.48570197e-12 -2.59557373e-06 -1.70298748e-07 -1.48570197e-12 -2.60586762e-06 -1.70767763e-07 0 -2.60586762e-06 -1.70767763e-07 0 -2.60586762e-06 -1.70767763e-07 0 -2.59709532e-06 -2.84490596e-07 0 -2.59709532e-06 -2.84490596e-07 0 -2.59709532e-06 -2.84490596e-07 0 -2.58910313e-06 -2.83395536e-07 1.58073554e-12 -2.58910313e-06 -2.83395536e-07 1.58073554e-12 -2.58910313e-06 -2.83395536e-07 1.58073554e-12 -2.57805573e-06 -3.96853721e-07 -1.39359704e-12 -2.57805573e-06 -3.96853721e-07 -1.39359704e-12 -2.57805573e-06 -3.96853721e-07 -1.39359704e-12 -2.58926798e-06 -3.98384316e-07 0 -2.58926798e-06 -3.98384316e-07 0 -2.58926798e-06 -3.98384316e-07 0 -2.56065255e-06 -5.09308791e-07 0 -2.56065255e-06 -5.09308791e-07 0 -2.56065255e-06 -5.09308791e-07 0 -2.57348893e-06 -5.12083375e-07 -1.568079e-12 -2.57348893e-06 -5.12083375e-07 -1.568079e-12 -2.57348893e-06 -5.12083375e-07 -1.568079e-12 -2.53222697e-06 -6.19830587e-07 1.81642722e-12 -2.53222697e-06 -6.19830587e-07 1.81642722e-12 -2.53222697e-06 -6.19830587e-07 1.81642722e-12 -2.50918856e-06 -7.31224134e-07 0 -2.50918856e-06 -7.31224134e-07 0 -2.50918856e-06 -7.31224134e-07 0 -2.52021277e-06 -7.34632579e-07 -1.35225164e-12 -2.52021277e-06 -7.34632579e-07 -1.35225164e-12 -2.52021277e-06 -7.34632579e-07 -1.35225164e-12 -2.47927801e-06 -8.41708243e-07 1.22600888e-12 -2.47927801e-06 -8.41708243e-07 1.22600888e-12 -2.47927801e-06 -8.41708243e-07 1.22600888e-12 -2.32156845e-06 -1.27358601e-06 -0 -2.32156845e-06 -1.27358601e-06 -0 -2.32156845e-06 -1.27358601e-06 -0 -2.31211538e-06 -1.26853377e-06 -8.39328607e-13 -2.31211538e-06 -1.26853377e-06 -8.39328607e-13 -2.31211538e-06 -1.26853377e-06 -8.39328607e-13 -2.36391861e-06 -1.16564411e-06 8.74425532e-13 -2.36391861e-06 -1.16564411e-06 8.74425532e-13 -2.36391861e-06 -1.16564411e-06 8.74425532e-13 -2.36436449e-06 -1.16600006e-06 0 -2.36436449e-06 -1.16600006e-06 0 -2.36436449e-06 -1.16600006e-06 0 -2.41291991e-06 -1.06165044e-06 -0 -2.41291991e-06 -1.06165044e-06 -0 -2.41291991e-06 -1.06165044e-06 -0 -2.40031068e-06 -1.05633762e-06 -1.54454227e-12 -2.40031068e-06 -1.05633762e-06 -1.54454227e-12 -2.40031068e-06 -1.05633762e-06 -1.54454227e-12 -2.44922376e-06 -9.52411199e-07 1.30617912e-12 -2.44922376e-06 -9.52411199e-07 1.30617912e-12 -2.44922376e-06 -9.52411199e-07 1.30617912e-12 -2.45369483e-06 -9.54344614e-07 0 -2.45369483e-06 -9.54344614e-07 0 -2.45369483e-06 -9.54344614e-07 0 -2.49070058e-06 -8.4540585e-07 -0 -2.49070058e-06 -8.4540585e-07 -0 -2.49070058e-06 -8.4540585e-07 -0 -4.24680729e-06 -2.69170982e-06 1.66031078e-10 -4.24680729e-06 -2.69170982e-06 1.66031078e-10 -4.24680729e-06 -2.69170982e-06 1.66031078e-10 -2.30491722e-07 -1.60653087e-07 -1.66030856e-10 -2.30491722e-07 -1.60653087e-07 -1.66030856e-10 -2.30491722e-07 -1.60653087e-07 -1.66030856e-10 -4.22897074e-06 -2.6803757e-06 -0 -4.22897074e-06 -2.6803757e-06 -0 -4.22897074e-06 -2.6803757e-06 -0 -2.31496529e-07 -1.61322347e-07 0 -2.31496529e-07 -1.61322347e-07 0 -2.31496529e-07 -1.61322347e-07 0 -4.21271852e-06 -3.23247559e-06 -0 -4.21271852e-06 -3.23247559e-06 -0 -4.21271852e-06 -3.23247559e-06 -0 -4.23152687e-06 -3.24690723e-06 0 -4.23152687e-06 -3.24690723e-06 0 -4.23152687e-06 -3.24690723e-06 0 -3.93233177e-06 -3.6033482e-06 -0 -3.93233177e-06 -3.6033482e-06 -0 -3.93233177e-06 -3.6033482e-06 -0 -3.95027701e-06 -3.61979187e-06 0 -3.95027701e-06 -3.61979187e-06 0 -3.95027701e-06 -3.61979187e-06 0 -3.61979187e-06 -3.95031338e-06 -0 -3.61979187e-06 -3.95031338e-06 -0 -3.61979187e-06 -3.95031338e-06 -0 -3.63616209e-06 -3.96817813e-06 0 -3.63616209e-06 -3.96817813e-06 0 -3.63616209e-06 -3.96817813e-06 0 -3.27645648e-06 -4.26998758e-06 -0 -3.27645648e-06 -4.26998758e-06 -0 -3.27645648e-06 -4.26998758e-06 -0 -3.29069508e-06 -4.28854401e-06 0 -3.29069508e-06 -4.28854401e-06 0 -3.29069508e-06 -4.28854401e-06 0 -9.23616483e-07 -1.35687083e-06 0 -9.23616483e-07 -1.35687083e-06 0 -9.23616483e-07 -1.35687083e-06 0 -9.24783023e-07 -1.35858454e-06 0 -9.24783023e-07 -1.35858454e-06 0 -9.24783023e-07 -1.35858454e-06 0 -1.98325006e-06 -3.20620393e-06 0 -1.98325006e-06 -3.20620393e-06 0 -1.98325006e-06 -3.20620393e-06 0 -1.98875659e-06 -3.21510561e-06 0 -1.98875659e-06 -3.21510561e-06 0 -1.98875659e-06 -3.21510561e-06 0 -1.3068551e-06 -2.3820794e-06 0 -1.3068551e-06 -2.3820794e-06 0 -1.3068551e-06 -2.3820794e-06 0 -1.30473074e-06 -2.37777317e-06 1.45305989e-12 -1.30473074e-06 -2.37777317e-06 1.45305989e-12 -1.30473074e-06 -2.37777317e-06 1.45305989e-12 -1.20152379e-06 -2.43666113e-06 -1.54459952e-12 -1.20152379e-06 -2.43666113e-06 -1.54459952e-12 -1.20152379e-06 -2.43666113e-06 -1.54459952e-12 -1.20821346e-06 -2.44972307e-06 0 -1.20821346e-06 -2.44972307e-06 0 -1.20821346e-06 -2.44972307e-06 0 -1.09848338e-06 -2.49671712e-06 -0 -1.09848338e-06 -2.49671712e-06 -0 -1.09848338e-06 -2.49671712e-06 -0 -1.09790142e-06 -2.49499135e-06 -1.12665433e-12 -1.09790142e-06 -2.49499135e-06 -1.12665433e-12 -1.09790142e-06 -2.49499135e-06 -1.12665433e-12 -9.87693625e-07 -2.53987992e-06 7.60074295e-13 -9.87693625e-07 -2.53987992e-06 7.60074295e-13 -9.87693625e-07 -2.53987992e-06 7.60074295e-13 -9.91529646e-07 -2.54944052e-06 0 -9.91529646e-07 -2.54944052e-06 0 -9.91529646e-07 -2.54944052e-06 0 -1.33211336e-06 -4.09216273e-06 0 -1.33211336e-06 -4.09216273e-06 0 -1.33211336e-06 -4.09216273e-06 0 -1.33481365e-06 -4.10045777e-06 0 -1.33481365e-06 -4.10045777e-06 0 -1.33481365e-06 -4.10045777e-06 0 -3.11585126e-07 -1.12126554e-06 0 -3.11585126e-07 -1.12126554e-06 0 -3.11585126e-07 -1.12126554e-06 0 -3.11585666e-07 -1.12129021e-06 -1.78745907e-14 -3.11585666e-07 -1.12129021e-06 -1.78745907e-14 -3.11585666e-07 -1.12129021e-06 -1.78745907e-14 -6.50795187e-07 -2.65928361e-06 -1.5589743e-13 -6.50795187e-07 -2.65928361e-06 -1.5589743e-13 -6.50795187e-07 -2.65928361e-06 -1.5589743e-13 -6.53084385e-07 -2.66950428e-06 1.26254562e-12 -6.53084385e-07 -2.66950428e-06 1.26254562e-12 -6.53084385e-07 -2.66950428e-06 1.26254562e-12 -5.35491949e-07 -2.69183943e-06 -1.2188384e-12 -5.35491949e-07 -2.69183943e-06 -1.2188384e-12 -5.35491949e-07 -2.69183943e-06 -1.2188384e-12 -5.34150729e-07 -2.68600456e-06 0 -5.34150729e-07 -2.68600456e-06 0 -5.34150729e-07 -2.68600456e-06 0 -4.17798134e-07 -2.71553972e-06 0 -4.17798134e-07 -2.71553972e-06 0 -4.17798134e-07 -2.71553972e-06 0 -4.16731069e-07 -2.70682881e-06 1.85940152e-12 -4.16731069e-07 -2.70682881e-06 1.85940152e-12 -4.16731069e-07 -2.70682881e-06 1.85940152e-12 -2.98664077e-07 -2.72710031e-06 -1.30877774e-12 -2.98664077e-07 -2.72710031e-06 -1.30877774e-12 -2.98664077e-07 -2.72710031e-06 -1.30877774e-12 -3.00145189e-07 -2.73887326e-06 0 -3.00145189e-07 -2.73887326e-06 0 -3.00145189e-07 -2.73887326e-06 0 -1.79938155e-07 -2.74823287e-06 -0 -1.79938155e-07 -2.74823287e-06 -0 -1.79938155e-07 -2.74823287e-06 -0 -1.79691099e-07 -2.7402416e-06 -1.89859239e-12 -1.79691099e-07 -2.7402416e-06 -1.89859239e-12 -1.79691099e-07 -2.7402416e-06 -1.89859239e-12 -5.9748011e-08 -2.74128342e-06 7.32400252e-13 -5.9748011e-08 -2.74128342e-06 7.32400252e-13 -5.9748011e-08 -2.74128342e-06 7.32400252e-13 -6.00516756e-08 -2.75031312e-06 0 -6.00516756e-08 -2.75031312e-06 0 -6.00516756e-08 -2.75031312e-06 0 6.02006907e-08 -2.75181014e-06 2.07396959e-23 6.02006907e-08 -2.75181014e-06 2.07396959e-23 6.02006907e-08 -2.75181014e-06 2.07396959e-23 5.95989995e-08 -2.74020476e-06 -2.39280817e-12 5.95989995e-08 -2.74020476e-06 -2.39280817e-12 5.95989995e-08 -2.74020476e-06 -2.39280817e-12 1.79542155e-07 -2.73874502e-06 1.01207931e-12 1.79542155e-07 -2.73874502e-06 1.01207931e-12 1.79542155e-07 -2.73874502e-06 1.01207931e-12 1.80087127e-07 -2.74931153e-06 0 1.80087127e-07 -2.74931153e-06 0 1.80087127e-07 -2.74931153e-06 0 3.00294147e-07 -2.73983142e-06 0 3.00294147e-07 -2.73983142e-06 0 3.00294147e-07 -2.73983142e-06 0 2.98812893e-07 -2.72857983e-06 1.70063963e-12 2.98812893e-07 -2.72857983e-06 1.70063963e-12 2.98812893e-07 -2.72857983e-06 1.70063963e-12 4.16582054e-07 -2.70586975e-06 -1.31390298e-12 4.16582054e-07 -2.70586975e-06 -1.31390298e-12 4.16582054e-07 -2.70586975e-06 -1.31390298e-12 4.17649346e-07 -2.71406043e-06 0 4.17649346e-07 -2.71406043e-06 0 4.17649346e-07 -2.71406043e-06 0 5.3400197e-07 -2.68525832e-06 0 5.3400197e-07 -2.68525832e-06 0 5.3400197e-07 -2.68525832e-06 0 5.35789468e-07 -2.69292013e-06 1.77724502e-12 5.35789468e-07 -2.69292013e-06 1.77724502e-12 5.35789468e-07 -2.69292013e-06 1.77724502e-12 6.53232746e-07 -2.67024893e-06 -1.26632038e-12 6.53232746e-07 -2.67024893e-06 -1.26632038e-12 6.53232746e-07 -2.67024893e-06 -1.26632038e-12 6.5049818e-07 -2.65820336e-06 1.57651669e-13 6.5049818e-07 -2.65820336e-06 1.57651669e-13 6.5049818e-07 -2.65820336e-06 1.57651669e-13 3.11585637e-07 -1.12129135e-06 1.87692743e-14 3.11585637e-07 -1.12129135e-06 1.87692743e-14 3.11585637e-07 -1.12129135e-06 1.87692743e-14 3.11585126e-07 -1.12126554e-06 0 3.11585126e-07 -1.12126554e-06 0 3.11585126e-07 -1.12126554e-06 0 1.33481353e-06 -4.10045732e-06 0 1.33481353e-06 -4.10045732e-06 0 1.33481353e-06 -4.10045732e-06 0 1.33211336e-06 -4.09216318e-06 0 1.33211336e-06 -4.09216318e-06 0 1.33211336e-06 -4.09216318e-06 0 9.9167778e-07 -2.54987776e-06 0 9.9167778e-07 -2.54987776e-06 0 9.9167778e-07 -2.54987776e-06 0 9.87101657e-07 -2.53871667e-06 -1.52011737e-12 9.87101657e-07 -2.53871667e-06 -1.52011737e-12 9.87101657e-07 -2.53871667e-06 -1.52011737e-12 1.09775431e-06 -2.49455616e-06 9.00305872e-13 1.09775431e-06 -2.49455616e-06 9.00305872e-13 1.09775431e-06 -2.49455616e-06 9.00305872e-13 1.0990741e-06 -2.49787763e-06 0 1.0990741e-06 -2.49787763e-06 0 1.0990741e-06 -2.49787763e-06 0 1.20821346e-06 -2.44968169e-06 0 1.20821346e-06 -2.44968169e-06 0 1.20821346e-06 -2.44968169e-06 0 1.20181858e-06 -2.43707586e-06 1.10755849e-12 1.20181858e-06 -2.43707586e-06 1.10755849e-12 1.20181858e-06 -2.43707586e-06 1.10755849e-12 1.30473029e-06 -2.37781364e-06 -1.72346339e-12 1.30473029e-06 -2.37781364e-06 -1.72346339e-12 1.30473029e-06 -2.37781364e-06 -1.72346339e-12 1.30656076e-06 -2.38166535e-06 0 1.30656076e-06 -2.38166535e-06 0 1.30656076e-06 -2.38166535e-06 0 1.98875637e-06 -3.21510561e-06 0 1.98875637e-06 -3.21510561e-06 0 1.98875637e-06 -3.21510561e-06 0 1.98325006e-06 -3.20620393e-06 0 1.98325006e-06 -3.20620393e-06 0 1.98325006e-06 -3.20620393e-06 0 9.24783023e-07 -1.35858454e-06 0 9.24783023e-07 -1.35858454e-06 0 9.24783023e-07 -1.35858454e-06 0 4.23152642e-06 -3.24690723e-06 0 4.23152642e-06 -3.24690723e-06 0 4.23152642e-06 -3.24690723e-06 0 3.93233177e-06 -3.6033482e-06 0 3.93233177e-06 -3.6033482e-06 0 3.93233177e-06 -3.6033482e-06 0 3.95027701e-06 -3.61979187e-06 0 3.95027701e-06 -3.61979187e-06 0 3.95027701e-06 -3.61979187e-06 0 3.61979187e-06 -3.95031338e-06 0 3.61979187e-06 -3.95031338e-06 0 3.61979187e-06 -3.95031338e-06 0 3.63616186e-06 -3.96817768e-06 0 3.63616186e-06 -3.96817768e-06 0 3.63616186e-06 -3.96817768e-06 0 3.27645648e-06 -4.26998758e-06 0 3.27645648e-06 -4.26998758e-06 0 3.27645648e-06 -4.26998758e-06 0 3.29069508e-06 -4.28854401e-06 0 3.29069508e-06 -4.28854401e-06 0 3.29069508e-06 -4.28854401e-06 0 9.23616483e-07 -1.35687083e-06 0 9.23616483e-07 -1.35687083e-06 0 9.23616483e-07 -1.35687083e-06 0 4.24680775e-06 -2.69171005e-06 -1.66032521e-10 4.24680775e-06 -2.69171005e-06 -1.66032521e-10 4.24680775e-06 -2.69171005e-06 -1.66032521e-10 2.31496529e-07 -1.61322347e-07 0 2.31496529e-07 -1.61322347e-07 0 2.31496529e-07 -1.61322347e-07 0 4.21271852e-06 -3.23247559e-06 0 4.21271852e-06 -3.23247559e-06 0 4.21271852e-06 -3.23247559e-06 0 2.30491494e-07 -1.60652945e-07 1.66030856e-10 2.30491494e-07 -1.60652945e-07 1.66030856e-10 2.30491494e-07 -1.60652945e-07 1.66030856e-10 4.22897028e-06 -2.6803757e-06 0 4.22897028e-06 -2.6803757e-06 0 4.22897028e-06 -2.6803757e-06 0 2.32185516e-06 -1.27371152e-06 0 2.32185516e-06 -1.27371152e-06 0 2.32185516e-06 -1.27371152e-06 0 2.31225795e-06 -1.26857367e-06 7.98472399e-13 2.31225795e-06 -1.26857367e-06 7.98472399e-13 2.31225795e-06 -1.26857367e-06 7.98472399e-13 2.36363189e-06 -1.16551871e-06 -9.66405775e-13 2.36363189e-06 -1.16551871e-06 -9.66405775e-13 2.36363189e-06 -1.16551871e-06 -9.66405775e-13 2.3642217e-06 -1.16595982e-06 0 2.3642217e-06 -1.16595982e-06 0 2.3642217e-06 -1.16595982e-06 0 2.41363387e-06 -1.06195398e-06 0 2.41363387e-06 -1.06195398e-06 0 2.41363387e-06 -1.06195398e-06 0 2.40045188e-06 -1.05637253e-06 1.43662859e-12 2.40045188e-06 -1.05637253e-06 1.43662859e-12 2.40045188e-06 -1.05637253e-06 1.43662859e-12 2.44851049e-06 -9.52108053e-07 -1.61109147e-12 2.44851049e-06 -9.52108053e-07 -1.61109147e-12 2.44851049e-06 -9.52108053e-07 -1.61109147e-12 2.45355272e-06 -9.54309144e-07 0 2.45355272e-06 -9.54309144e-07 0 2.45355272e-06 -9.54309144e-07 0 2.4882811e-06 -8.44600777e-07 0 2.4882811e-06 -8.44600777e-07 0 2.4882811e-06 -8.44600777e-07 0 2.51936331e-06 -7.3439378e-07 7.2274825e-13 2.51936331e-06 -7.3439378e-07 7.2274825e-13 2.51936331e-06 -7.3439378e-07 7.2274825e-13 2.51160168e-06 -7.32027047e-07 0 2.51160168e-06 -7.32027047e-07 0 2.51160168e-06 -7.32027047e-07 0 2.54581073e-06 -6.22896778e-07 0 2.54581073e-06 -6.22896778e-07 0 2.54581073e-06 -6.22896778e-07 0 2.61622654e-06 5.72569157e-08 0 2.61622654e-06 5.72569157e-08 0 2.61622654e-06 5.72569157e-08 0 2.61595073e-06 5.72508831e-08 0 2.61595073e-06 5.72508831e-08 0 2.61595073e-06 5.72508831e-08 0 2.61566788e-06 -5.72376244e-08 0 2.61566788e-06 -5.72376244e-08 0 2.61566788e-06 -5.72376244e-08 0 2.61071e-06 -5.70182372e-08 -8.0499496e-13 2.61071e-06 -5.70182372e-08 -8.0499496e-13 2.61071e-06 -5.70182372e-08 -8.0499496e-13 2.59585795e-06 -1.70312077e-07 8.4946091e-13 2.59585795e-06 -1.70312077e-07 8.4946091e-13 2.59585795e-06 -1.70312077e-07 8.4946091e-13 2.60190632e-06 -1.70590923e-07 0 2.60190632e-06 -1.70590923e-07 0 2.60190632e-06 -1.70590923e-07 0 2.59681246e-06 -2.84446401e-07 0 2.59681246e-06 -2.84446401e-07 0 2.59681246e-06 -2.84446401e-07 0 2.59504873e-06 -2.84178498e-07 -5.37569989e-13 2.59504873e-06 -2.84178498e-07 -5.37569989e-13 2.59504873e-06 -2.84178498e-07 -5.37569989e-13 2.57834267e-06 -3.96898514e-07 4.54056931e-13 2.57834267e-06 -3.96898514e-07 4.54056931e-13 2.57834267e-06 -3.96898514e-07 4.54056931e-13 2.58331852e-06 -3.97600786e-07 0 2.58331852e-06 -3.97600786e-07 0 2.58331852e-06 -3.97600786e-07 0 2.56036924e-06 -5.09237964e-07 0 2.56036924e-06 -5.09237964e-07 0 2.56036924e-06 -5.09237964e-07 0 2.57277952e-06 -5.11919382e-07 1.50879309e-12 2.57277952e-06 -5.11919382e-07 1.50879309e-12 2.57277952e-06 -5.11919382e-07 1.50879309e-12 2.53293547e-06 -6.1999441e-07 -1.7392407e-12 2.53293547e-06 -6.1999441e-07 -1.7392407e-12 2.53293547e-06 -6.1999441e-07 -1.7392407e-12 2.03345871e-06 1.75903736e-12 -1.21067842e-05 2.03345871e-06 1.75903736e-12 -1.21067842e-05 2.03345871e-06 1.75903736e-12 -1.21067842e-05 -2.03345871e-06 1.60760294e-12 1.21067842e-05 -2.03345871e-06 1.60760294e-12 1.21067842e-05 -2.03345871e-06 1.60760294e-12 1.21067842e-05 -5.37943492e-07 -1.16197718e-10 1.64006701e-06 -5.37943492e-07 -1.16197718e-10 1.64006701e-06 -5.37943492e-07 -1.16197718e-10 1.64006701e-06 -6.79952279e-07 -1.72360126e-10 2.09077643e-06 -6.79952279e-07 -1.72360126e-10 2.09077643e-06 -6.79952279e-07 -1.72360126e-10 2.09077643e-06 -1.06994025e-06 -4.94313923e-10 3.41983582e-06 -1.06994025e-06 -4.94313923e-10 3.41983582e-06 -1.06994025e-06 -4.94313923e-10 3.41983582e-06 -9.44473129e-07 -3.52768481e-10 2.97376346e-06 -9.44473129e-07 -3.52768481e-10 2.97376346e-06 -9.44473129e-07 -3.52768481e-10 2.97376346e-06 -8.17431101e-07 -2.49904986e-10 2.54101906e-06 -8.17431101e-07 -2.49904986e-10 2.54101906e-06 -8.17431101e-07 -2.49904986e-10 2.54101906e-06 -1.3783723e-06 -1.24364785e-09 4.67279051e-06 -1.3783723e-06 -1.24364785e-09 4.67279051e-06 -1.3783723e-06 -1.24364785e-09 4.67279051e-06 -1.28094837e-06 -9.23092713e-10 4.24832342e-06 -1.28094837e-06 -9.23092713e-10 4.24832342e-06 -1.28094837e-06 -9.23092713e-10 4.24832342e-06 -1.18432763e-06 -6.82746304e-10 3.85188832e-06 -1.18432763e-06 -6.82746304e-10 3.85188832e-06 -1.18432763e-06 -6.82746304e-10 3.85188832e-06 -3.92257846e-07 -7.41581241e-11 1.18803655e-06 -3.92257846e-07 -7.41581241e-11 1.18803655e-06 -3.92257846e-07 -7.41581241e-11 1.18803655e-06 -2.41195892e-07 -4.09423606e-11 7.26865892e-07 -2.41195892e-07 -4.09423606e-11 7.26865892e-07 -2.41195892e-07 -4.09423606e-11 7.26865892e-07 -8.99717634e-08 -1.32178712e-11 2.69476004e-07 -8.99717634e-08 -1.32178712e-11 2.69476004e-07 -8.99717634e-08 -1.32178712e-11 2.69476004e-07 -3.98953297e-08 4.10108059e-11 1.18660708e-07 -3.98953297e-08 4.10108059e-11 1.18660708e-07 -3.98953297e-08 4.10108059e-11 1.18660708e-07 -5.74686467e-08 7.39299733e-11 1.72282469e-07 -5.74686467e-08 7.39299733e-11 1.72282469e-07 -5.74686467e-08 7.39299733e-11 1.72282469e-07 -7.40917017e-08 1.16454402e-10 2.23921461e-07 -7.40917017e-08 1.16454402e-10 2.23921461e-07 -7.40917017e-08 1.16454402e-10 2.23921461e-07 -9.00463775e-08 1.72543757e-10 2.74585403e-07 -9.00463775e-08 1.72543757e-10 2.74585403e-07 -9.00463775e-08 1.72543757e-10 2.74585403e-07 -1.05314371e-07 2.49681387e-10 3.24587063e-07 -1.05314371e-07 2.49681387e-10 3.24587063e-07 -1.05314371e-07 2.49681387e-10 3.24587063e-07 -1.19185643e-07 3.53278296e-10 3.71937631e-07 -1.19185643e-07 3.53278296e-10 3.71937631e-07 -1.19185643e-07 3.53278296e-10 3.71937631e-07 -1.32382681e-07 4.93783681e-10 4.19049741e-07 -1.32382681e-07 4.93783681e-10 4.19049741e-07 -1.32382681e-07 4.93783681e-10 4.19049741e-07 -1.44477013e-07 6.82457646e-10 4.64859653e-07 -1.44477013e-07 6.82457646e-10 4.64859653e-07 -1.44477013e-07 6.82457646e-10 4.64859653e-07 -1.54214035e-07 9.2343555e-10 5.05342996e-07 -1.54214035e-07 9.2343555e-10 5.05342996e-07 -1.54214035e-07 9.2343555e-10 5.05342996e-07 -2.84429888e-07 2.96946495e-13 1.03145658e-06 -2.84429888e-07 2.96946495e-13 1.03145658e-06 -2.84429888e-07 2.96946495e-13 1.03145658e-06 -2.00028944e-06 4.60110527e-09 6.34408298e-06 -2.00028944e-06 4.60110527e-09 6.34408298e-06 -2.00028944e-06 4.60110527e-09 6.34408298e-06 -1.71642782e-07 1.64734715e-09 5.87056036e-07 -1.71642782e-07 1.64734715e-09 5.87056036e-07 -1.71642782e-07 1.64734715e-09 5.87056036e-07 -1.63991672e-07 1.24325084e-09 5.48383014e-07 -1.63991672e-07 1.24325084e-09 5.48383014e-07 -1.63991672e-07 1.24325084e-09 5.48383014e-07 -3.32953687e-06 -6.41509956e-10 1.39549047e-05 -3.32953687e-06 -6.41509956e-10 1.39549047e-05 -3.32953687e-06 -6.41509956e-10 1.39549047e-05 -3.31311639e-06 -2.23099761e-09 1.52163266e-05 -3.31311639e-06 -2.23099761e-09 1.52163266e-05 -3.31311639e-06 -2.23099761e-09 1.52163266e-05 -1.40429238e-05 -5.13236953e-11 6.33438904e-05 -1.40429238e-05 -5.13236953e-11 6.33438904e-05 -1.40429238e-05 -5.13236953e-11 6.33438904e-05 -9.32710066e-07 -2.44494736e-09 5.17006129e-06 -9.32710066e-07 -2.44494736e-09 5.17006129e-06 -9.32710066e-07 -2.44494736e-09 5.17006129e-06 -3.19660194e-06 -5.15146326e-09 1.63553377e-05 -3.19660194e-06 -5.15146326e-09 1.63553377e-05 -3.19660194e-06 -5.15146326e-09 1.63553377e-05 -3.2437888e-06 -1.27027278e-11 1.2580701e-05 -3.2437888e-06 -1.27027278e-11 1.2580701e-05 -3.2437888e-06 -1.27027278e-11 1.2580701e-05 -1.6809517e-07 1.48839274e-14 6.27870577e-07 -1.6809517e-07 1.48839274e-14 6.27870577e-07 -1.6809517e-07 1.48839274e-14 6.27870577e-07 -1.97288155e-05 -1.78070961e-11 6.2571562e-05 -1.97288155e-05 -1.78070961e-11 6.2571562e-05 -1.97288155e-05 -1.78070961e-11 6.2571562e-05 -2.94651045e-06 -4.5835975e-09 1.06590187e-05 -2.94651045e-06 -4.5835975e-09 1.06590187e-05 -2.94651045e-06 -4.5835975e-09 1.06590187e-05 -1.45825652e-06 -1.64686753e-09 5.06575088e-06 -1.45825652e-06 -1.64686753e-09 5.06575088e-06 -1.45825652e-06 -1.64686753e-09 5.06575088e-06 -1.19492017e-06 -1.39471013e-09 9.33990668e-06 -1.19492017e-06 -1.39471013e-09 9.33990668e-06 -1.19492017e-06 -1.39471013e-09 9.33990668e-06 -1.2880688e-06 -7.28773042e-10 9.15507462e-06 -1.2880688e-06 -7.28773042e-10 9.15507462e-06 -1.2880688e-06 -7.28773042e-10 9.15507462e-06 -1.37456595e-06 -2.85366397e-10 8.96858091e-06 -1.37456595e-06 -2.85366397e-10 8.96858091e-06 -1.37456595e-06 -2.85366397e-10 8.96858091e-06 -2.8102761e-06 0 6.4364518e-05 -2.8102761e-06 0 6.4364518e-05 -2.8102761e-06 0 6.4364518e-05 -6.99928862e-08 -4.40831061e-09 1.01581472e-05 -6.99928862e-08 -4.40831061e-09 1.01581472e-05 -6.99928862e-08 -4.40831061e-09 1.01581472e-05 -2.08877282e-07 -3.01190362e-09 1.01262958e-05 -2.08877282e-07 -3.01190362e-09 1.01262958e-05 -2.08877282e-07 -3.01190362e-09 1.01262958e-05 -3.46247617e-07 -1.88420413e-09 1.00889129e-05 -3.46247617e-07 -1.88420413e-09 1.00889129e-05 -3.46247617e-07 -1.88420413e-09 1.00889129e-05 -4.82379676e-07 -1.02215791e-09 1.00554626e-05 -4.82379676e-07 -1.02215791e-09 1.00554626e-05 -4.82379676e-07 -1.02215791e-09 1.00554626e-05 -6.12313897e-07 -4.17929247e-10 9.94806123e-06 -6.12313897e-07 -4.17929247e-10 9.94806123e-06 -6.12313897e-07 -4.17929247e-10 9.94806123e-06 -7.42800012e-07 -7.24666993e-11 9.89824821e-06 -7.42800012e-07 -7.24666993e-11 9.89824821e-06 -7.42800012e-07 -7.24666993e-11 9.89824821e-06 -3.52317244e-07 0 4.16110606e-06 -3.52317244e-07 0 4.16110606e-06 -3.52317244e-07 0 4.16110606e-06 -8.42323425e-06 0 6.39810241e-05 -8.42323425e-06 0 6.39810241e-05 -8.42323425e-06 0 6.39810241e-05 -1.49832886e-06 -6.00502759e-09 1.52820303e-05 -1.49832886e-06 -6.00502759e-09 1.52820303e-05 -1.49832886e-06 -6.00502759e-09 1.52820303e-05 -1.09540497e-06 -2.30634711e-09 9.52614937e-06 -1.09540497e-06 -2.30634711e-09 9.52614937e-06 -1.09540497e-06 -2.30634711e-09 9.52614937e-06 6.14518626e-07 -4.18831414e-10 9.98195173e-06 6.14518626e-07 -4.18831414e-10 9.98195173e-06 6.14518626e-07 -4.18831414e-10 9.98195173e-06 7.40457608e-07 -7.19340143e-11 9.86245595e-06 7.40457608e-07 -7.19340143e-11 9.86245595e-06 7.40457608e-07 -7.19340143e-11 9.86245595e-06 4.80726271e-07 -1.01619468e-09 1.0013121e-05 4.80726271e-07 -1.01619468e-09 1.0013121e-05 4.80726271e-07 -1.01619468e-09 1.0013121e-05 3.47901107e-07 -1.89049243e-09 1.01312535e-05 3.47901107e-07 -1.89049243e-09 1.01312535e-05 3.47901107e-07 -1.89049243e-09 1.01312535e-05 2.81073221e-06 -7.16155846e-09 6.43749663e-05 2.81073221e-06 -7.16155846e-09 6.43749663e-05 2.81073221e-06 -7.16155846e-09 6.43749663e-05 2.09085613e-07 -2.58845223e-10 1.01548367e-05 2.09085613e-07 -2.58845223e-10 1.01548367e-05 2.09085613e-07 -2.58845223e-10 1.01548367e-05 6.93283937e-08 -0 1.01191617e-05 6.93283937e-08 -0 1.01191617e-05 6.93283937e-08 -0 1.01191617e-05 1.29291709e-06 -7.30092431e-10 9.18785645e-06 1.29291709e-06 -7.30092431e-10 9.18785645e-06 1.29291709e-06 -7.30092431e-10 9.18785645e-06 1.36971744e-06 -2.83940871e-10 8.9358e-06 1.36971744e-06 -2.83940871e-10 8.9358e-06 1.36971744e-06 -2.83940871e-10 8.9358e-06 1.19810556e-06 -1.39935885e-09 9.36590277e-06 1.19810556e-06 -1.39935885e-09 9.36590277e-06 1.19810556e-06 -1.39935885e-09 9.36590277e-06 1.0922198e-06 -2.30179786e-09 9.50015328e-06 1.0922198e-06 -2.30179786e-09 9.50015328e-06 1.0922198e-06 -2.30179786e-09 9.50015328e-06 8.43086309e-06 -6.00503114e-09 6.40389699e-05 8.43086309e-06 -6.00503114e-09 6.40389699e-05 8.43086309e-06 -6.00503114e-09 6.40389699e-05 1.49070013e-06 0 1.52240846e-05 1.49070013e-06 0 1.52240846e-05 1.49070013e-06 0 1.52240846e-05 3.52455032e-07 -0 4.16300918e-06 3.52455032e-07 -0 4.16300918e-06 3.52455032e-07 -0 4.16300918e-06 3.27806151e-06 -1.52462309e-09 1.50582046e-05 3.27806151e-06 -1.52462309e-09 1.50582046e-05 3.27806151e-06 -1.52462309e-09 1.50582046e-05 3.29127988e-06 -3.30571481e-09 1.37823408e-05 3.29127988e-06 -3.30571481e-09 1.37823408e-05 3.29127988e-06 -3.30571481e-09 1.37823408e-05 3.16501496e-06 -2.32998509e-10 1.62128599e-05 3.16501496e-06 -2.32998509e-10 1.62128599e-05 3.16501496e-06 -2.32998509e-10 1.62128599e-05 9.23845789e-07 -4.1033843e-13 5.13007672e-06 9.23845789e-07 -4.1033843e-13 5.13007672e-06 9.23845789e-07 -4.1033843e-13 5.13007672e-06 2.03345871e-06 1.60757865e-12 1.21067833e-05 2.03345871e-06 1.60757865e-12 1.21067833e-05 2.03345871e-06 1.60757865e-12 1.21067833e-05 9.04630966e-08 1.73231207e-10 2.75847384e-07 9.04630966e-08 1.73231207e-10 2.75847384e-07 9.04630966e-08 1.73231207e-10 2.75847384e-07 7.43213349e-08 1.16860965e-10 2.24619086e-07 7.43213349e-08 1.16860965e-10 2.24619086e-07 7.43213349e-08 1.16860965e-10 2.24619086e-07 5.72390491e-08 7.3530515e-11 1.71584816e-07 5.72390491e-08 7.3530515e-11 1.71584816e-07 5.72390491e-08 7.3530515e-11 1.71584816e-07 1.32111865e-07 4.93076246e-10 4.18208344e-07 1.32111865e-07 4.93076246e-10 4.18208344e-07 1.32111865e-07 4.93076246e-10 4.18208344e-07 1.19456445e-07 3.54020369e-10 3.72778601e-07 1.19456445e-07 3.54020369e-10 3.72778601e-07 1.19456445e-07 3.54020369e-10 3.72778601e-07 1.04897708e-07 2.49031018e-10 3.23324912e-07 1.04897708e-07 2.49031018e-10 3.23324912e-07 1.04897708e-07 2.49031018e-10 3.23324912e-07 1.63638049e-07 1.24108812e-09 5.47221987e-07 1.63638049e-07 1.24108812e-09 5.47221987e-07 1.63638049e-07 1.24108812e-09 5.47221987e-07 1.54719913e-07 9.26410948e-10 5.06998219e-07 1.54719913e-07 9.26410948e-10 5.06998219e-07 1.54719913e-07 9.26410948e-10 5.06998219e-07 1.43971306e-07 6.79534651e-10 4.63204515e-07 1.43971306e-07 6.79534651e-10 4.63204515e-07 1.43971306e-07 6.79534651e-10 4.63204515e-07 4.00092688e-08 4.0983883e-11 1.18986478e-07 4.00092688e-08 4.0983883e-11 1.18986478e-07 4.00092688e-08 4.0983883e-11 1.18986478e-07 2.20399556e-08 1.31746836e-11 6.46491429e-08 2.20399556e-08 1.31746836e-11 6.46491429e-08 2.20399556e-08 1.31746836e-11 6.46491429e-08 3.78133791e-09 -1.33280054e-11 9.5658379e-09 3.78133791e-09 -1.33280054e-11 9.5658379e-09 3.78133791e-09 -1.33280054e-11 9.5658379e-09 2.4196811e-07 -4.08231782e-11 7.28997009e-07 2.4196811e-07 -4.08231782e-11 7.28997009e-07 2.4196811e-07 -4.08231782e-11 7.28997009e-07 3.90785658e-07 -7.37121475e-11 1.18344644e-06 3.90785658e-07 -7.37121475e-11 1.18344644e-06 3.90785658e-07 -7.37121475e-11 1.18344644e-06 5.39415851e-07 -1.16664012e-10 1.64465746e-06 5.39415851e-07 -1.16664012e-10 1.64465746e-06 5.39415851e-07 -1.16664012e-10 1.64465746e-06 6.82714415e-07 -1.73470571e-10 2.09955556e-06 6.82714415e-07 -1.73470571e-10 2.09955556e-06 6.82714415e-07 -1.73470571e-10 2.09955556e-06 8.14668681e-07 -2.48734588e-10 2.53223993e-06 8.14668681e-07 -2.48734588e-10 2.53223993e-06 8.14668681e-07 -2.48734588e-10 2.53223993e-06 9.47359695e-07 -3.53804097e-10 2.98282612e-06 9.47359695e-07 -3.53804097e-10 2.98282612e-06 9.47359695e-07 -3.53804097e-10 2.98282612e-06 1.0670542e-06 -4.93310282e-10 3.41077293e-06 1.0670542e-06 -4.93310282e-10 3.41077293e-06 1.0670542e-06 -4.93310282e-10 3.41077293e-06 1.17972888e-06 -6.79654111e-10 3.83671431e-06 1.17972888e-06 -6.79654111e-10 3.83671431e-06 1.17972888e-06 -6.79654111e-10 3.83671431e-06 1.28554802e-06 -9.26213772e-10 4.26349652e-06 1.28554802e-06 -9.26213772e-10 4.26349652e-06 1.28554802e-06 -9.26213772e-10 4.26349652e-06 1.37522136e-06 -1.24092203e-09 4.66215624e-06 1.37522136e-06 -1.24092203e-09 4.66215624e-06 1.37522136e-06 -1.24092203e-09 4.66215624e-06 1.46140735e-06 -1.6495143e-09 5.07638697e-06 1.46140735e-06 -1.6495143e-09 5.07638697e-06 1.46140735e-06 -1.6495143e-09 5.07638697e-06 1.9786472e-05 -4.60110527e-09 6.27544287e-05 1.9786472e-05 -4.60110527e-09 6.27544287e-05 1.9786472e-05 -4.60110527e-09 6.27544287e-05 2.88885371e-06 -2.97095681e-13 1.04761557e-05 2.88885371e-06 -2.97095681e-13 1.04761557e-05 2.88885371e-06 -2.97095681e-13 1.04761557e-05 1.42001136e-05 2.06227327e-11 6.40529252e-05 1.42001136e-05 2.06227327e-11 6.40529252e-05 1.42001136e-05 2.06227327e-11 6.40529252e-05 1.65833015e-07 -3.27288974e-10 6.17666615e-07 1.65833015e-07 -3.27288974e-10 6.17666615e-07 1.65833015e-07 -3.27288974e-10 6.17666615e-07 3.2026237e-06 -5.16250509e-09 1.23950231e-05 3.2026237e-06 -5.16250509e-09 1.23950231e-05 3.2026237e-06 -5.16250509e-09 1.23950231e-05 3.26928387e-07 6.41509956e-10 1.36759036e-06 3.26928387e-07 6.41509956e-10 1.36759036e-06 3.26928387e-07 6.41509956e-10 1.36759036e-06 3.24021329e-07 2.23099761e-09 1.47967398e-06 3.24021329e-07 2.23099761e-09 1.47967398e-06 3.24021329e-07 2.23099761e-09 1.47967398e-06 1.24104849e-06 5.13236953e-11 5.59803902e-06 1.24104849e-06 5.13236953e-11 5.59803902e-06 1.24104849e-06 5.13236953e-11 5.59803902e-06 9.05010893e-08 2.44494736e-09 4.93307255e-07 9.05010893e-08 2.44494736e-09 4.93307255e-07 9.05010893e-08 2.44494736e-09 4.93307255e-07 3.11188671e-07 5.15146326e-09 1.57391128e-06 3.11188671e-07 5.15146326e-09 1.57391128e-06 3.11188671e-07 5.15146326e-09 1.57391128e-06 3.19352836e-07 1.27027278e-11 1.2385193e-06 3.19352836e-07 1.27027278e-11 1.2385193e-06 3.19352836e-07 1.27027278e-11 1.2385193e-06 1.65503593e-08 -1.48839274e-14 6.18191223e-08 1.65503593e-08 -1.48839274e-14 6.18191223e-08 1.65503593e-08 -1.48839274e-14 6.18191223e-08 1.94263271e-06 1.78070961e-11 6.16121997e-06 1.94263271e-06 1.78070961e-11 6.16121997e-06 1.94263271e-06 1.78070961e-11 6.16121997e-06 3.42086679e-07 4.5835975e-09 1.21431981e-06 3.42086679e-07 4.5835975e-09 1.21431981e-06 3.42086679e-07 4.5835975e-09 1.21431981e-06 1.71996021e-07 1.64934022e-09 5.88217063e-07 1.71996021e-07 1.64934022e-09 5.88217063e-07 1.71996021e-07 1.64934022e-09 5.88217063e-07 1.05671383e-07 1.39869449e-09 8.21670426e-07 1.05671383e-07 1.39869449e-09 8.21670426e-07 1.05671383e-07 1.39869449e-09 8.21670426e-07 1.14150957e-07 7.3022477e-10 8.08870709e-07 1.14150957e-07 7.3022477e-10 8.08870709e-07 1.14150957e-07 7.3022477e-10 8.08870709e-07 1.20988375e-07 2.83884471e-10 7.8836689e-07 1.20988375e-07 2.83884471e-10 7.8836689e-07 1.20988375e-07 2.83884471e-10 7.8836689e-07 1.79686623e-07 -1.60757865e-12 1.06982156e-06 1.79686623e-07 -1.60757865e-12 1.06982156e-06 1.79686623e-07 -1.60757865e-12 1.06982156e-06 1.74600956e-08 3.02360226e-09 8.38675078e-07 1.74600956e-08 3.02360226e-09 8.38675078e-07 1.74600956e-08 3.02360226e-09 8.38675078e-07 2.30339367e-07 4.39649206e-09 5.27552538e-06 2.30339367e-07 4.39649206e-09 5.27552538e-06 2.30339367e-07 4.39649206e-09 5.27552538e-06 5.69084557e-09 0 8.29316377e-07 5.69084557e-09 0 8.29316377e-07 5.69084557e-09 0 8.29316377e-07 2.90140179e-08 1.88996085e-09 8.39426662e-07 2.90140179e-08 1.88996085e-09 8.39426662e-07 2.90140179e-08 1.88996085e-09 8.39426662e-07 4.01212539e-08 1.0166965e-09 8.32758531e-07 4.01212539e-08 1.0166965e-09 8.32758531e-07 4.01212539e-08 1.0166965e-09 8.32758531e-07 5.12540197e-08 4.18791224e-10 8.31345119e-07 5.12540197e-08 4.18791224e-10 8.31345119e-07 5.12540197e-08 4.18791224e-10 8.31345119e-07 6.18239753e-08 7.20086213e-11 8.2327665e-07 6.18239753e-08 7.20086213e-11 8.2327665e-07 6.18239753e-08 7.20086213e-11 8.2327665e-07 2.94005229e-08 0 3.47240473e-07 2.94005229e-08 0 3.47240473e-07 2.94005229e-08 0 3.47240473e-07 7.02910484e-07 0 5.33915227e-06 7.02910484e-07 0 5.33915227e-06 7.02910484e-07 0 5.33915227e-06 1.32026173e-07 6.00502759e-09 1.32838079e-06 1.32026173e-07 6.00502759e-09 1.32838079e-06 1.32026173e-07 6.00502759e-09 1.32838079e-06 9.63664206e-08 2.30237518e-09 8.31049874e-07 9.63664206e-08 2.30237518e-09 8.31049874e-07 9.63664206e-08 2.30237518e-09 8.31049874e-07 -5.10700602e-08 4.18275747e-10 8.28622149e-07 -5.10700602e-08 4.18275747e-10 8.28622149e-07 -5.10700602e-08 4.18275747e-10 8.28622149e-07 -6.1996424e-08 7.24080795e-11 8.25841198e-07 -6.1996424e-08 7.24080795e-11 8.25841198e-07 -6.1996424e-08 7.24080795e-11 8.25841198e-07 -4.0236209e-08 1.0210528e-09 8.35525896e-07 -4.0236209e-08 1.0210528e-09 8.35525896e-07 -4.0236209e-08 1.0210528e-09 8.35525896e-07 -2.88990609e-08 1.88563165e-09 8.36659353e-07 -2.88990609e-08 1.88563165e-09 8.36659353e-07 -2.88990609e-08 1.88563165e-09 8.36659353e-07 -2.30681863e-07 7.16155846e-09 5.28336977e-06 -2.30681863e-07 7.16155846e-09 5.28336977e-06 -2.30681863e-07 7.16155846e-09 5.28336977e-06 -1.70838099e-08 2.58938537e-10 8.27724762e-07 -1.70838099e-08 2.58938537e-10 8.27724762e-07 -1.70838099e-08 2.58938537e-10 8.27724762e-07 -5.72465231e-09 2.10103853e-24 8.32422415e-07 -5.72465231e-09 2.10103853e-24 8.32422415e-07 -5.72465231e-09 2.10103853e-24 8.32422415e-07 -1.13747348e-07 7.28582528e-10 8.0610539e-07 -1.13747348e-07 7.28582528e-10 8.0610539e-07 -1.13747348e-07 7.28582528e-10 8.0610539e-07 -1.21392063e-07 2.85400592e-10 7.91132948e-07 -1.21392063e-07 2.85400592e-10 7.91132948e-07 -1.21392063e-07 2.85400592e-10 7.91132948e-07 -1.05415218e-07 1.39483536e-09 8.19631282e-07 -1.05415218e-07 1.39483536e-09 8.19631282e-07 -1.05415218e-07 1.39483536e-09 8.19631282e-07 -9.66223723e-08 2.30595276e-09 8.33088222e-07 -9.66223723e-08 2.30595276e-09 8.33088222e-07 -9.66223723e-08 2.30595276e-09 8.33088222e-07 -7.10539211e-07 6.00503114e-09 5.39709845e-06 -7.10539211e-07 6.00503114e-09 5.39709845e-06 -7.10539211e-07 6.00503114e-09 5.39709845e-06 -1.24397445e-07 0 1.27043472e-06 -1.24397445e-07 0 1.27043472e-06 -1.24397445e-07 0 1.27043472e-06 -2.94120213e-08 0 3.47398952e-07 -2.94120213e-08 0 3.47398952e-07 -2.94120213e-08 0 3.47398952e-07 -1.65503593e-08 -1.48830601e-14 6.18191223e-08 -1.65503593e-08 -1.48830601e-14 6.18191223e-08 -1.65503593e-08 -1.48830601e-14 6.18191223e-08 -3.19352864e-07 1.27026722e-11 1.2385193e-06 -3.19352864e-07 1.27026722e-11 1.2385193e-06 -3.19352864e-07 1.27026722e-11 1.2385193e-06 -3.26928415e-07 6.41509956e-10 1.36759047e-06 -3.26928415e-07 6.41509956e-10 1.36759047e-06 -3.26928415e-07 6.41509956e-10 1.36759047e-06 -3.24021329e-07 2.23099761e-09 1.47967398e-06 -3.24021329e-07 2.23099761e-09 1.47967398e-06 -3.24021329e-07 2.23099761e-09 1.47967398e-06 -3.11188671e-07 5.15145793e-09 1.57391139e-06 -3.11188671e-07 5.15145793e-09 1.57391139e-06 -3.11188671e-07 5.15145793e-09 1.57391139e-06 -1.24991413e-06 2.49586662e-09 5.63802951e-06 -1.24991413e-06 2.49586662e-09 5.63802951e-06 -1.24991413e-06 2.49586662e-09 5.63802951e-06 -8.16353989e-08 4.1033843e-13 4.53316517e-07 -8.16353989e-08 4.1033843e-13 4.53316517e-07 -8.16353989e-08 4.1033843e-13 4.53316517e-07 -1.79686623e-07 -1.60757865e-12 1.06982156e-06 -1.79686623e-07 -1.60757865e-12 1.06982156e-06 -1.79686623e-07 -1.60757865e-12 1.06982156e-06 -2.20937082e-08 1.30406519e-11 -6.47911946e-08 -2.20937082e-08 1.30406519e-11 -6.47911946e-08 -2.20937082e-08 1.30406519e-11 -6.47911946e-08 -3.99638935e-08 4.08599821e-11 -1.18844483e-07 -3.99638935e-08 4.08599821e-11 -1.18844483e-07 -3.99638935e-08 4.08599821e-11 -1.18844483e-07 -9.04267736e-08 1.73470571e-10 -2.7576101e-07 -9.04267736e-08 1.73470571e-10 -2.7576101e-07 -9.04267736e-08 1.73470571e-10 -2.7576101e-07 -7.41741673e-08 1.16485266e-10 -2.2416296e-07 -7.41741673e-08 1.16485266e-10 -2.2416296e-07 -7.41741673e-08 1.16485266e-10 -2.2416296e-07 -5.7386103e-08 7.38893391e-11 -1.72040927e-07 -5.7386103e-08 7.38893391e-11 -1.72040927e-07 -5.7386103e-08 7.38893391e-11 -1.72040927e-07 -1.32148941e-07 4.93269425e-10 -4.18331069e-07 -1.32148941e-07 4.93269425e-10 -4.18331069e-07 -1.32148941e-07 4.93269425e-10 -4.18331069e-07 -1.19419326e-07 3.53769458e-10 -3.72656274e-07 -1.19419326e-07 3.53769458e-10 -3.72656274e-07 -1.19419326e-07 3.53769458e-10 -3.72656274e-07 -1.04925903e-07 2.49055887e-10 -3.23411314e-07 -1.04925903e-07 2.49055887e-10 -3.23411314e-07 -1.04925903e-07 2.49055887e-10 -3.23411314e-07 -1.63620598e-07 1.24092203e-09 -5.47162244e-07 -1.63620598e-07 1.24092203e-09 -5.47162244e-07 -1.63620598e-07 1.24092203e-09 -5.47162244e-07 -1.54778178e-07 9.25684418e-10 -5.07143852e-07 -1.54778178e-07 9.25684418e-10 -5.07143852e-07 -1.54778178e-07 9.25684418e-10 -5.07143852e-07 -1.43920033e-07 6.7961281e-10 -4.63058541e-07 -1.43920033e-07 6.7961281e-10 -4.63058541e-07 -1.43920033e-07 6.7961281e-10 -4.63058541e-07 -9.00433079e-08 -1.29641853e-11 -2.69476146e-07 -9.00433079e-08 -1.29641853e-11 -2.69476146e-07 -9.00433079e-08 -1.29641853e-11 -2.69476146e-07 -2.41195892e-07 -4.09423606e-11 -7.26865892e-07 -2.41195892e-07 -4.09423606e-11 -7.26865892e-07 -2.41195892e-07 -4.09423606e-11 -7.26865892e-07 -3.92257846e-07 -7.41580131e-11 -1.18803655e-06 -3.92257846e-07 -7.41580131e-11 -1.18803655e-06 -3.92257846e-07 -7.41580131e-11 -1.18803655e-06 -5.37943379e-07 -1.16198606e-10 -1.64006633e-06 -5.37943379e-07 -1.16198606e-10 -1.64006633e-06 -5.37943379e-07 -1.16198606e-10 -1.64006633e-06 -6.79881055e-07 -1.72656334e-10 -2.09077643e-06 -6.79881055e-07 -1.72656334e-10 -2.09077643e-06 -6.79881055e-07 -1.72656334e-10 -2.09077643e-06 -8.17431044e-07 -2.49873899e-10 -2.54101928e-06 -8.17431044e-07 -2.49873899e-10 -2.54101928e-06 -8.17431044e-07 -2.49873899e-10 -2.54101928e-06 -9.44472959e-07 -3.5273473e-10 -2.97376209e-06 -9.44472959e-07 -3.5273473e-10 -2.97376209e-06 -9.44472959e-07 -3.5273473e-10 -2.97376209e-06 -1.06994014e-06 -4.94272623e-10 -3.41983582e-06 -1.06994014e-06 -4.94272623e-10 -3.41983582e-06 -1.06994014e-06 -4.94272623e-10 -3.41983582e-06 -1.18439868e-06 -6.82271573e-10 -3.85188923e-06 -1.18439868e-06 -6.82271573e-10 -3.85188923e-06 -1.18439868e-06 -6.82271573e-10 -3.85188923e-06 -1.28094871e-06 -9.23087384e-10 -4.24832251e-06 -1.28094871e-06 -9.23087384e-10 -4.24832251e-06 -1.28094871e-06 -9.23087384e-10 -4.24832251e-06 -3.26928586e-07 6.41682263e-10 -1.36759036e-06 -3.26928586e-07 6.41682263e-10 -1.36759036e-06 -3.26928586e-07 6.41682263e-10 -1.36759036e-06 -3.24014991e-07 2.23152341e-09 -1.47967398e-06 -3.24014991e-07 2.23152341e-09 -1.47967398e-06 -3.24014991e-07 2.23152341e-09 -1.47967398e-06 -1.24105463e-06 5.05317038e-11 -5.59803902e-06 -1.24105463e-06 5.05317038e-11 -5.59803902e-06 -1.24105463e-06 5.05317038e-11 -5.59803902e-06 -9.05010893e-08 2.44494736e-09 -4.93307255e-07 -9.05010893e-08 2.44494736e-09 -4.93307255e-07 -9.05010893e-08 2.44494736e-09 -4.93307255e-07 -3.11188671e-07 5.15146326e-09 -1.57391128e-06 -3.11188671e-07 5.15146326e-09 -1.57391128e-06 -3.11188671e-07 5.15146326e-09 -1.57391128e-06 -3.19359771e-07 1.26956223e-11 -1.2385193e-06 -3.19359771e-07 1.26956223e-11 -1.2385193e-06 -3.19359771e-07 1.26956223e-11 -1.2385193e-06 -1.65434741e-08 -7.56165963e-15 -6.18191223e-08 -1.65434741e-08 -7.56165963e-15 -6.18191223e-08 -1.65434741e-08 -7.56165963e-15 -6.18191223e-08 -1.94262589e-06 1.85815113e-11 -6.16121997e-06 -1.94262589e-06 1.85815113e-11 -6.16121997e-06 -1.94262589e-06 1.85815113e-11 -6.16121997e-06 -3.42093557e-07 4.58282301e-09 -1.21431981e-06 -3.42093557e-07 4.58282301e-09 -1.21431981e-06 -3.42093557e-07 4.58282301e-09 -1.21431981e-06 -1.72006366e-07 1.6500934e-09 -5.88277089e-07 -1.72006366e-07 1.6500934e-09 -5.88277089e-07 -1.72006366e-07 1.6500934e-09 -5.88277089e-07 -1.05720481e-07 1.3992425e-09 -8.22054005e-07 -1.05720481e-07 1.3992425e-09 -8.22054005e-07 -1.05720481e-07 1.3992425e-09 -8.22054005e-07 -1.141509e-07 7.29977856e-10 -8.08857408e-07 -1.141509e-07 7.29977856e-10 -8.08857408e-07 -1.141509e-07 7.29977856e-10 -8.08857408e-07 -1.20988318e-07 2.83829404e-10 -7.88380476e-07 -1.20988318e-07 2.83829404e-10 -7.88380476e-07 -1.20988318e-07 2.83829404e-10 -7.88380476e-07 -1.79686523e-07 -1.75918308e-12 -1.06982156e-06 -1.79686523e-07 -1.75918308e-12 -1.06982156e-06 -1.79686523e-07 -1.75918308e-12 -1.06982156e-06 -1.74659949e-08 3.02489545e-09 -8.39006532e-07 -1.74659949e-08 3.02489545e-09 -8.39006532e-07 -1.74659949e-08 3.02489545e-09 -8.39006532e-07 -2.30333455e-07 4.39593606e-09 -5.27551856e-06 -2.30333455e-07 4.39593606e-09 -5.27551856e-06 -2.30333455e-07 4.39593606e-09 -5.27551856e-06 -5.67957636e-09 0 -8.28990039e-07 -5.67957636e-09 0 -8.28990039e-07 -5.67957636e-09 0 -8.28990039e-07 -2.90312094e-08 1.88993643e-09 -8.39721679e-07 -2.90312094e-08 1.88993643e-09 -8.39721679e-07 -2.90312094e-08 1.88993643e-09 -8.39721679e-07 -4.01040445e-08 1.01649689e-09 -8.32463854e-07 -4.01040445e-08 1.01649689e-09 -8.32463854e-07 -4.01040445e-08 1.01649689e-09 -8.32463854e-07 -5.12827683e-08 4.18528767e-10 -8.31679927e-07 -5.12827683e-08 4.18528767e-10 -8.31679927e-07 -5.12827683e-08 4.18528767e-10 -8.31679927e-07 -6.18009324e-08 7.18349824e-11 -8.22942127e-07 -6.18009324e-08 7.18349824e-11 -8.22942127e-07 -6.18009324e-08 7.18349824e-11 -8.22942127e-07 -2.93947746e-08 0 -3.47240842e-07 -2.93947746e-08 0 -3.47240842e-07 -2.93947746e-08 0 -3.47240842e-07 -7.02910484e-07 -0 -5.33915227e-06 -7.02910484e-07 -0 -5.33915227e-06 -7.02910484e-07 -0 -5.33915227e-06 -1.32026173e-07 6.00502759e-09 -1.32838079e-06 -1.32026173e-07 6.00502759e-09 -1.32838079e-06 -1.32026173e-07 6.00502759e-09 -1.32838079e-06 -9.63229354e-08 2.30118502e-09 -8.30664931e-07 -9.63229354e-08 2.30118502e-09 -8.30664931e-07 -9.63229354e-08 2.30118502e-09 -8.30664931e-07 5.10929468e-08 4.17929025e-10 -8.28852421e-07 5.10929468e-08 4.17929025e-10 -8.28852421e-07 5.10929468e-08 4.17929025e-10 -8.28852421e-07 6.19791507e-08 7.22628624e-11 -8.25610698e-07 6.19791507e-08 7.22628624e-11 -8.25610698e-07 6.19791507e-08 7.22628624e-11 -8.25610698e-07 4.02477411e-08 1.02215791e-09 -8.35979961e-07 4.02477411e-08 1.02215791e-09 -8.35979961e-07 4.02477411e-08 1.02215791e-09 -8.35979961e-07 2.88875128e-08 1.88420413e-09 -8.36205857e-07 2.88875128e-08 1.88420413e-09 -8.36205857e-07 2.88875128e-08 1.88420413e-09 -8.36205857e-07 2.30676221e-07 7.16211446e-09 -5.28336977e-06 2.30676221e-07 7.16211446e-09 -5.28336977e-06 2.30676221e-07 7.16211446e-09 -5.28336977e-06 1.70837904e-08 2.58783939e-10 -8.28176496e-07 1.70837904e-08 2.58783939e-10 -8.28176496e-07 1.70837904e-08 2.58783939e-10 -8.28176496e-07 5.7190177e-09 -8.3958829e-24 -8.31969544e-07 5.7190177e-09 -8.3958829e-24 -8.31969544e-07 5.7190177e-09 -8.3958829e-24 -8.31969544e-07 1.13722713e-07 7.28658467e-10 -8.05966408e-07 1.13722713e-07 7.28658467e-10 -8.05966408e-07 1.13722713e-07 7.28658467e-10 -8.05966408e-07 1.21416505e-07 2.85254931e-10 -7.91271077e-07 1.21416505e-07 2.85254931e-10 -7.91271077e-07 1.21416505e-07 2.85254931e-10 -7.91271077e-07 1.05439277e-07 1.39459333e-09 -8.19773959e-07 1.05439277e-07 1.39459333e-09 -8.19773959e-07 1.05439277e-07 1.39459333e-09 -8.19773959e-07 9.66042393e-08 2.30573161e-09 -8.32946057e-07 9.66042393e-08 2.30573161e-09 -8.32946057e-07 9.66042393e-08 2.30573161e-09 -8.32946057e-07 7.10539211e-07 6.00503114e-09 -5.39709845e-06 7.10539211e-07 6.00503114e-09 -5.39709845e-06 7.10539211e-07 6.00503114e-09 -5.39709845e-06 1.24397445e-07 0 -1.27043472e-06 1.24397445e-07 0 -1.27043472e-06 1.24397445e-07 0 -1.27043472e-06 2.94062712e-08 0 -3.47398952e-07 2.94062712e-08 0 -3.47398952e-07 2.94062712e-08 0 -3.47398952e-07 3.19359742e-07 1.26953725e-11 -1.2385193e-06 3.19359742e-07 1.26953725e-11 -1.2385193e-06 3.19359742e-07 1.26953725e-11 -1.2385193e-06 3.26928586e-07 6.41683151e-10 -1.36759036e-06 3.26928586e-07 6.41683151e-10 -1.36759036e-06 3.26928586e-07 6.41683151e-10 -1.36759036e-06 3.24014991e-07 2.23152341e-09 -1.47967398e-06 3.24014991e-07 2.23152341e-09 -1.47967398e-06 3.24014991e-07 2.23152341e-09 -1.47967398e-06 3.11188671e-07 5.15145793e-09 -1.57391139e-06 3.11188671e-07 5.15145793e-09 -1.57391139e-06 3.11188671e-07 5.15145793e-09 -1.57391139e-06 1.24992039e-06 2.49514187e-09 -5.63802951e-06 1.24992039e-06 2.49514187e-09 -5.63802951e-06 1.24992039e-06 2.49514187e-09 -5.63802951e-06 8.16353563e-08 3.46112028e-13 -4.53316517e-07 8.16353563e-08 3.46112028e-13 -4.53316517e-07 8.16353563e-08 3.46112028e-13 -4.53316517e-07 1.79686523e-07 -1.75918308e-12 -1.06982156e-06 1.79686523e-07 -1.75918308e-12 -1.06982156e-06 1.79686523e-07 -1.75918308e-12 -1.06982156e-06 5.38532731e-07 -1.16485266e-10 -1.64197513e-06 5.38532731e-07 -1.16485266e-10 -1.64197513e-06 5.38532731e-07 -1.16485266e-10 -1.64197513e-06 6.82714415e-07 -1.73470571e-10 -2.09955556e-06 6.82714415e-07 -1.73470571e-10 -2.09955556e-06 6.82714415e-07 -1.73470571e-10 -2.09955556e-06 1.0670542e-06 -4.93269425e-10 -3.41077293e-06 1.0670542e-06 -4.93269425e-10 -3.41077293e-06 1.0670542e-06 -4.93269425e-10 -3.41077293e-06 9.47359126e-07 -3.53769458e-10 -2.98282612e-06 9.47359126e-07 -3.53769458e-10 -2.98282612e-06 9.47359126e-07 -3.53769458e-10 -2.98282612e-06 8.14598025e-07 -2.49055887e-10 -2.5322388e-06 8.14598025e-07 -2.49055887e-10 -2.5322388e-06 8.14598025e-07 -2.49055887e-10 -2.5322388e-06 1.37522136e-06 -1.24092203e-09 -4.66215624e-06 1.37522136e-06 -1.24092203e-09 -4.66215624e-06 1.37522136e-06 -1.24092203e-09 -4.66215624e-06 1.28561828e-06 -9.25684418e-10 -4.26349789e-06 1.28561828e-06 -9.25684418e-10 -4.26349789e-06 1.28561828e-06 -9.25684418e-10 -4.26349789e-06 1.17972922e-06 -6.7961281e-10 -3.83671431e-06 1.17972922e-06 -6.7961281e-10 -3.83671431e-06 1.17972922e-06 -6.7961281e-10 -3.83671431e-06 3.91668692e-07 -7.38885619e-11 -1.1861282e-06 3.91668692e-07 -7.38885619e-11 -1.1861282e-06 3.91668692e-07 -7.38885619e-11 -1.1861282e-06 2.41581631e-07 -4.08599821e-11 -7.27912493e-07 2.41581631e-07 -4.08599821e-11 -7.27912493e-07 2.41581631e-07 -4.08599821e-11 -7.27912493e-07 8.9657533e-08 -1.30402356e-11 -2.68428266e-07 8.9657533e-08 -1.30402356e-11 -2.68428266e-07 8.9657533e-08 -1.30402356e-11 -2.68428266e-07 3.98938695e-08 4.09423606e-11 -1.18650263e-07 3.98938695e-08 4.09423606e-11 -1.18650263e-07 3.98938695e-08 4.09423606e-11 -1.18650263e-07 5.74701069e-08 7.41580131e-11 -1.72307452e-07 5.74701069e-08 7.41580131e-11 -1.72307452e-07 5.74701069e-08 7.41580131e-11 -1.72307452e-07 7.409011e-08 1.16198606e-10 -2.2389645e-07 7.409011e-08 1.16198606e-10 -2.2389645e-07 7.409011e-08 1.16198606e-10 -2.2389645e-07 9.00560693e-08 1.72656334e-10 -2.7462238e-07 9.00560693e-08 1.72656334e-10 -2.7462238e-07 9.00560693e-08 1.72656334e-10 -2.7462238e-07 1.05296706e-07 2.49873899e-10 -3.245502e-07 1.05296706e-07 2.49873899e-10 -3.245502e-07 1.05296706e-07 2.49873899e-10 -3.245502e-07 1.19059905e-07 3.5273473e-10 -3.71536316e-07 1.19059905e-07 3.5273473e-10 -3.71536316e-07 1.19059905e-07 3.5273473e-10 -3.71536316e-07 1.32508092e-07 4.94272623e-10 -4.19450316e-07 1.32508092e-07 4.94272623e-10 -4.19450316e-07 1.32508092e-07 4.94272623e-10 -4.19450316e-07 1.44485625e-07 6.82271573e-10 -4.64878184e-07 1.44485625e-07 6.82271573e-10 -4.64878184e-07 1.44485625e-07 6.82271573e-10 -4.64878184e-07 1.54212671e-07 9.23087384e-10 -5.05324351e-07 1.54212671e-07 9.23087384e-10 -5.05324351e-07 1.54212671e-07 9.23087384e-10 -5.05324351e-07 1.63993164e-07 1.24364785e-09 -5.48403989e-07 1.63993164e-07 1.24364785e-09 -5.48403989e-07 1.63993164e-07 1.24364785e-09 -5.48403989e-07 1.71633886e-07 1.64746083e-09 -5.87034947e-07 1.71633886e-07 1.64746083e-09 -5.87034947e-07 1.71633886e-07 1.64746083e-09 -5.87034947e-07 2.00028239e-06 4.60097738e-09 -6.34408298e-06 2.00028239e-06 4.60097738e-09 -6.34408298e-06 2.00028239e-06 4.60097738e-09 -6.34408298e-06 2.84436993e-07 4.2721382e-13 -1.03145658e-06 2.84436993e-07 4.2721382e-13 -1.03145658e-06 2.84436993e-07 4.2721382e-13 -1.03145658e-06 1.65434741e-08 -7.56144279e-15 -6.18191223e-08 1.65434741e-08 -7.56144279e-15 -6.18191223e-08 1.65434741e-08 -7.56144279e-15 -6.18191223e-08 3.32953709e-06 -6.41682263e-10 -1.39549047e-05 3.32953709e-06 -6.41682263e-10 -1.39549047e-05 3.32953709e-06 -6.41682263e-10 -1.39549047e-05 3.31304682e-06 -2.23152341e-09 -1.52163266e-05 3.31304682e-06 -2.23152341e-09 -1.52163266e-05 3.31304682e-06 -2.23152341e-09 -1.52163266e-05 1.40429929e-05 -5.05317038e-11 -6.33438904e-05 1.40429929e-05 -5.05317038e-11 -6.33438904e-05 1.40429929e-05 -5.05317038e-11 -6.33438904e-05 9.32710066e-07 -2.44494736e-09 -5.17006129e-06 9.32710066e-07 -2.44494736e-09 -5.17006129e-06 9.32710066e-07 -2.44494736e-09 -5.17006129e-06 3.19660194e-06 -5.15146326e-09 -1.63553377e-05 3.19660194e-06 -5.15146326e-09 -1.63553377e-05 3.19660194e-06 -5.15146326e-09 -1.63553377e-05 3.24385883e-06 -1.26956223e-11 -1.2580701e-05 3.24385883e-06 -1.26956223e-11 -1.2580701e-05 3.24385883e-06 -1.26956223e-11 -1.2580701e-05 1.68025139e-07 7.56165963e-15 -6.27870577e-07 1.68025139e-07 7.56165963e-15 -6.27870577e-07 1.68025139e-07 7.56165963e-15 -6.27870577e-07 1.97287463e-05 -1.85815113e-11 -6.2571562e-05 1.97287463e-05 -1.85815113e-11 -6.2571562e-05 1.97287463e-05 -1.85815113e-11 -6.2571562e-05 2.94658048e-06 -4.58282301e-09 -1.06590187e-05 2.94658048e-06 -4.58282301e-09 -1.06590187e-05 2.94658048e-06 -4.58282301e-09 -1.06590187e-05 1.46133607e-06 -1.6500934e-09 -5.0763847e-06 1.46133607e-06 -1.6500934e-09 -5.0763847e-06 1.46133607e-06 -1.6500934e-09 -5.0763847e-06 1.19810556e-06 -1.3992425e-09 -9.36590277e-06 1.19810556e-06 -1.3992425e-09 -9.36590277e-06 1.19810556e-06 -1.3992425e-09 -9.36590277e-06 1.29291698e-06 -7.29977856e-10 -9.18785645e-06 1.29291698e-06 -7.29977856e-10 -9.18785645e-06 1.29291698e-06 -7.29977856e-10 -9.18785645e-06 1.36971744e-06 -2.83829404e-10 -8.9358e-06 1.36971744e-06 -2.83829404e-10 -8.9358e-06 1.36971744e-06 -2.83829404e-10 -8.9358e-06 3.47969888e-07 -1.88993643e-09 -1.01312535e-05 3.47969888e-07 -1.88993643e-09 -1.01312535e-05 3.47969888e-07 -1.88993643e-09 -1.01312535e-05 4.80657434e-07 -1.01649689e-09 -1.0013121e-05 4.80657434e-07 -1.01649689e-09 -1.0013121e-05 4.80657434e-07 -1.01649689e-09 -1.0013121e-05 6.14587407e-07 -4.18528767e-10 -9.98195264e-06 6.14587407e-07 -4.18528767e-10 -9.98195264e-06 6.14587407e-07 -4.18528767e-10 -9.98195264e-06 7.40595397e-07 -7.18349824e-11 -9.86434952e-06 7.40595397e-07 -7.18349824e-11 -9.86434952e-06 7.40595397e-07 -7.18349824e-11 -9.86434952e-06 3.5224835e-07 0 -4.1611147e-06 3.5224835e-07 0 -4.1611147e-06 3.5224835e-07 0 -4.1611147e-06 8.42323425e-06 0 -6.39810241e-05 8.42323425e-06 0 -6.39810241e-05 8.42323425e-06 0 -6.39810241e-05 1.49832886e-06 -6.00502759e-09 -1.52820303e-05 1.49832886e-06 -6.00502759e-09 -1.52820303e-05 1.49832886e-06 -6.00502759e-09 -1.52820303e-05 1.09228904e-06 -2.30118502e-09 -9.50015237e-06 1.09228904e-06 -2.30118502e-09 -9.50015237e-06 1.09228904e-06 -2.30118502e-09 -9.50015237e-06 -7.42731061e-07 -7.22628068e-11 -9.89634464e-06 -7.42731061e-07 -7.22628068e-11 -9.89634464e-06 -7.42731061e-07 -7.22628068e-11 -9.89634464e-06 -6.12313897e-07 -4.17929025e-10 -9.94806123e-06 -6.12313897e-07 -4.17929025e-10 -9.94806123e-06 -6.12313897e-07 -4.17929025e-10 -9.94806123e-06 -4.82379733e-07 -1.02215836e-09 -1.00554626e-05 -4.82379733e-07 -1.02215836e-09 -1.00554626e-05 -4.82379733e-07 -1.02215836e-09 -1.00554626e-05 -3.46247589e-07 -1.88420413e-09 -1.00889119e-05 -3.46247589e-07 -1.88420413e-09 -1.00889119e-05 -3.46247589e-07 -1.88420413e-09 -1.00889119e-05 -2.0887731e-07 -3.01190339e-09 -1.01262985e-05 -2.0887731e-07 -3.01190339e-09 -1.01262985e-05 -2.0887731e-07 -3.01190339e-09 -1.01262985e-05 -2.81032158e-06 -4.40899228e-09 -6.43671301e-05 -2.81032158e-06 -4.40899228e-09 -6.43671301e-05 -2.81032158e-06 -4.40899228e-09 -6.43671301e-05 -6.98098432e-08 0 -1.01555306e-05 -6.98098432e-08 0 -1.01555306e-05 -6.98098432e-08 0 -1.01555306e-05 2.81020721e-06 0 -6.4364518e-05 2.81020721e-06 0 -6.4364518e-05 2.81020721e-06 0 -6.4364518e-05 6.94418034e-08 -4.39593562e-09 -1.01217593e-05 6.94418034e-08 -4.39593562e-09 -1.01217593e-05 6.94418034e-08 -4.39593562e-09 -1.01217593e-05 2.09359769e-07 -3.02489589e-09 -1.01626865e-05 2.09359769e-07 -3.02489589e-09 -1.01626865e-05 2.09359769e-07 -3.02489589e-09 -1.01626865e-05 -1.28806869e-06 -7.28658467e-10 -9.15507462e-06 -1.28806869e-06 -7.28658467e-10 -9.15507462e-06 -1.28806869e-06 -7.28658467e-10 -9.15507462e-06 -1.37456573e-06 -2.85254931e-10 -8.96858091e-06 -1.37456573e-06 -2.85254931e-10 -8.96858091e-06 -1.37456573e-06 -2.85254931e-10 -8.96858091e-06 -1.19492017e-06 -1.39459333e-09 -9.33990759e-06 -1.19492017e-06 -1.39459333e-09 -9.33990759e-06 -1.19492017e-06 -1.39459333e-09 -9.33990759e-06 -1.09547398e-06 -2.30573161e-09 -9.52614846e-06 -1.09547398e-06 -2.30573161e-09 -9.52614846e-06 -1.09547398e-06 -2.30573161e-09 -9.52614846e-06 -8.43086309e-06 -6.00503114e-09 -6.40389699e-05 -8.43086309e-06 -6.00503114e-09 -6.40389699e-05 -8.43086309e-06 -6.00503114e-09 -6.40389699e-05 -1.49070013e-06 0 -1.52240846e-05 -1.49070013e-06 0 -1.52240846e-05 -1.49070013e-06 0 -1.52240846e-05 -3.52386138e-07 0 -4.16300918e-06 -3.52386138e-07 0 -4.16300918e-06 -3.52386138e-07 0 -4.16300918e-06 -1.3783723e-06 -1.24364785e-09 -4.67279051e-06 -1.3783723e-06 -1.24364785e-09 -4.67279051e-06 -1.3783723e-06 -1.24364785e-09 -4.67279051e-06 -1.45818615e-06 -1.64746083e-09 -5.06575225e-06 -1.45818615e-06 -1.64746083e-09 -5.06575225e-06 -1.45818615e-06 -1.64746083e-09 -5.06575225e-06 -1.97864028e-05 -4.60097738e-09 -6.27544287e-05 -1.97864028e-05 -4.60097738e-09 -6.27544287e-05 -1.97864028e-05 -4.60097738e-09 -6.27544287e-05 -2.88892397e-06 -4.2721382e-13 -1.04761557e-05 -2.88892397e-06 -4.2721382e-13 -1.04761557e-05 -2.88892397e-06 -4.2721382e-13 -1.04761557e-05 -1.42001836e-05 1.98290689e-11 -6.40529252e-05 -1.42001836e-05 1.98290689e-11 -6.40529252e-05 -1.42001836e-05 1.98290689e-11 -6.40529252e-05 -1.65762984e-07 -3.26495164e-10 -6.17666615e-07 -1.65762984e-07 -3.26495164e-10 -6.17666615e-07 -1.65762984e-07 -3.26495164e-10 -6.17666615e-07 -3.20269419e-06 -5.16313747e-09 -1.23950194e-05 -3.20269419e-06 -5.16313747e-09 -1.23950194e-05 -3.20269419e-06 -5.16313747e-09 -1.23950194e-05 -3.29128011e-06 -3.30571659e-09 -1.3782339e-05 -3.29128011e-06 -3.30571659e-09 -1.3782339e-05 -3.29128011e-06 -3.30571659e-09 -1.3782339e-05 -3.27799171e-06 -1.52416568e-09 -1.50582036e-05 -3.27799171e-06 -1.52416568e-09 -1.50582036e-05 -3.27799171e-06 -1.52416568e-09 -1.50582036e-05 -3.16501473e-06 -2.32795117e-10 -1.62128599e-05 -3.16501473e-06 -2.32795117e-10 -1.62128599e-05 -3.16501473e-06 -2.32795117e-10 -1.62128599e-05 -9.23845732e-07 -3.46112028e-13 -5.13007672e-06 -9.23845732e-07 -3.46112028e-13 -5.13007672e-06 -9.23845732e-07 -3.46112028e-13 -5.13007672e-06 -2.03345871e-06 1.75918308e-12 -1.21067833e-05 -2.03345871e-06 1.75918308e-12 -1.21067833e-05 -2.03345871e-06 1.75918308e-12 -1.21067833e-05 8.18743683e-06 0 2.35491352e-05 8.18743683e-06 0 2.35491352e-05 8.18743683e-06 0 2.35491352e-05 2.87776529e-05 -0 6.94755799e-05 2.87776529e-05 -0 6.94755799e-05 2.87776529e-05 -0 6.94755799e-05 2.87776529e-05 0 6.94755799e-05 2.87776529e-05 0 6.94755799e-05 2.87776529e-05 0 6.94755799e-05 3.47235109e-05 -0 6.67030472e-05 3.47235109e-05 -0 6.67030472e-05 3.47235109e-05 -0 6.67030472e-05 3.47235109e-05 0 6.67030472e-05 3.47235109e-05 0 6.67030472e-05 3.47235109e-05 0 6.67030472e-05 4.04047641e-05 -0 6.34228927e-05 4.04047641e-05 -0 6.34228927e-05 4.04047641e-05 -0 6.34228927e-05 4.04047641e-05 0 6.34228927e-05 4.04047641e-05 0 6.34228927e-05 4.04047641e-05 0 6.34228927e-05 4.577871e-05 -0 5.96600439e-05 4.577871e-05 -0 5.96600439e-05 4.577871e-05 -0 5.96600439e-05 4.577871e-05 0 5.96600439e-05 4.577871e-05 0 5.96600439e-05 4.577871e-05 0 5.96600439e-05 5.08043995e-05 -0 5.5443099e-05 5.08043995e-05 -0 5.5443099e-05 5.08043995e-05 -0 5.5443099e-05 5.08043995e-05 0 5.5443099e-05 5.08043995e-05 0 5.5443099e-05 5.08043995e-05 0 5.5443099e-05 5.54429753e-05 -0 5.08042795e-05 5.54429753e-05 -0 5.08042795e-05 5.54429753e-05 -0 5.08042795e-05 5.54429753e-05 0 5.08042795e-05 5.54429753e-05 0 5.08042795e-05 5.54429753e-05 0 5.08042795e-05 5.96600839e-05 -0 4.57787501e-05 5.96600839e-05 -0 4.57787501e-05 5.96600839e-05 -0 4.57787501e-05 5.96600839e-05 0 4.57787501e-05 5.96600839e-05 0 4.57787501e-05 5.96600839e-05 0 4.57787501e-05 6.34229727e-05 -0 4.04048478e-05 6.34229727e-05 -0 4.04048478e-05 6.34229727e-05 -0 4.04048478e-05 6.34229727e-05 0 4.04048478e-05 6.34229727e-05 0 4.04048478e-05 6.34229727e-05 0 4.04048478e-05 6.67030472e-05 -0 3.47234309e-05 6.67030472e-05 -0 3.47234309e-05 6.67030472e-05 -0 3.47234309e-05 6.67030472e-05 0 3.47234309e-05 6.67030472e-05 0 3.47234309e-05 6.67030472e-05 0 3.47234309e-05 6.94756018e-05 -0 2.8777733e-05 6.94756018e-05 -0 2.8777733e-05 6.94756018e-05 -0 2.8777733e-05 6.94756018e-05 0 2.8777733e-05 6.94756018e-05 0 2.8777733e-05 6.94756018e-05 0 2.8777733e-05 7.1719267e-05 -0 2.26130305e-05 7.1719267e-05 -0 2.26130305e-05 7.1719267e-05 -0 2.26130305e-05 7.1719267e-05 0 2.26130305e-05 7.1719267e-05 0 2.26130305e-05 7.1719267e-05 0 2.26130305e-05 7.34173518e-05 -0 1.62762099e-05 7.34173518e-05 -0 1.62762099e-05 7.34173518e-05 -0 1.62762099e-05 7.34173518e-05 0 1.62762099e-05 7.34173518e-05 0 1.62762099e-05 7.34173518e-05 0 1.62762099e-05 7.45563593e-05 -0 9.81551511e-06 7.45563593e-05 -0 9.81551511e-06 7.45563593e-05 -0 9.81551511e-06 7.45563593e-05 0 9.81551511e-06 7.45563593e-05 0 9.81551511e-06 7.45563593e-05 0 9.81551511e-06 7.51282787e-05 -0 3.28016063e-06 7.51282787e-05 -0 3.28016063e-06 7.51282787e-05 -0 3.28016063e-06 7.51282787e-05 0 3.28016063e-06 7.51282787e-05 0 3.28016063e-06 7.51282787e-05 0 3.28016063e-06 7.51282787e-05 0 -3.28016063e-06 7.51282787e-05 0 -3.28016063e-06 7.51282787e-05 0 -3.28016063e-06 7.51282787e-05 0 -3.28016063e-06 7.51282787e-05 0 -3.28016063e-06 7.51282787e-05 0 -3.28016063e-06 7.45565194e-05 0 -9.81551511e-06 7.45565194e-05 0 -9.81551511e-06 7.45565194e-05 0 -9.81551511e-06 7.45565194e-05 0 -9.81551511e-06 7.45565194e-05 0 -9.81551511e-06 7.45565194e-05 0 -9.81551511e-06 7.34171917e-05 0 -1.62762099e-05 7.34171917e-05 0 -1.62762099e-05 7.34171917e-05 0 -1.62762099e-05 7.34171917e-05 0 -1.62762099e-05 7.34171917e-05 0 -1.62762099e-05 7.34171917e-05 0 -1.62762099e-05 7.17194271e-05 0 -2.26130305e-05 7.17194271e-05 0 -2.26130305e-05 7.17194271e-05 0 -2.26130305e-05 7.17194271e-05 0 -2.26130305e-05 7.17194271e-05 0 -2.26130305e-05 7.17194271e-05 0 -2.26130305e-05 6.94756018e-05 0 -2.8777733e-05 6.94756018e-05 0 -2.8777733e-05 6.94756018e-05 0 -2.8777733e-05 6.94756018e-05 0 -2.8777733e-05 6.94756018e-05 0 -2.8777733e-05 6.94756018e-05 0 -2.8777733e-05 6.67029672e-05 0 -3.47234309e-05 6.67029672e-05 0 -3.47234309e-05 6.67029672e-05 0 -3.47234309e-05 6.67029672e-05 0 -3.47234309e-05 6.67029672e-05 0 -3.47234309e-05 6.67029672e-05 0 -3.47234309e-05 6.34228927e-05 0 -4.04048478e-05 6.34228927e-05 0 -4.04048478e-05 6.34228927e-05 0 -4.04048478e-05 6.34228927e-05 0 -4.04048478e-05 6.34228927e-05 0 -4.04048478e-05 6.34228927e-05 0 -4.04048478e-05 5.96600839e-05 0 -4.57787501e-05 5.96600839e-05 0 -4.57787501e-05 5.96600839e-05 0 -4.57787501e-05 5.96600839e-05 0 -4.57787501e-05 5.96600839e-05 0 -4.57787501e-05 5.96600839e-05 0 -4.57787501e-05 5.5443059e-05 0 -5.08042795e-05 5.5443059e-05 0 -5.08042795e-05 5.5443059e-05 0 -5.08042795e-05 5.5443059e-05 0 -5.08042795e-05 5.5443059e-05 0 -5.08042795e-05 5.5443059e-05 0 -5.08042795e-05 5.08043195e-05 0 -5.5443099e-05 5.08043195e-05 0 -5.5443099e-05 5.08043195e-05 0 -5.5443099e-05 5.08043195e-05 0 -5.5443099e-05 5.08043195e-05 0 -5.5443099e-05 5.08043195e-05 0 -5.5443099e-05 4.577871e-05 0 -5.96600439e-05 4.577871e-05 0 -5.96600439e-05 4.577871e-05 0 -5.96600439e-05 4.577871e-05 0 -5.96600439e-05 4.577871e-05 0 -5.96600439e-05 4.577871e-05 0 -5.96600439e-05 4.04048478e-05 0 -6.34228927e-05 4.04048478e-05 0 -6.34228927e-05 4.04048478e-05 0 -6.34228927e-05 4.04048478e-05 0 -6.34228927e-05 4.04048478e-05 0 -6.34228927e-05 4.04048478e-05 0 -6.34228927e-05 3.47234309e-05 0 -6.67030472e-05 3.47234309e-05 0 -6.67030472e-05 3.47234309e-05 0 -6.67030472e-05 3.47234309e-05 0 -6.67030472e-05 3.47234309e-05 0 -6.67030472e-05 3.47234309e-05 0 -6.67030472e-05 2.8777733e-05 0 -6.94755799e-05 2.8777733e-05 0 -6.94755799e-05 2.8777733e-05 0 -6.94755799e-05 2.8777733e-05 0 -6.94755799e-05 2.8777733e-05 0 -6.94755799e-05 2.8777733e-05 0 -6.94755799e-05 8.10193796e-06 0 -2.32913571e-05 8.10193796e-06 0 -2.32913571e-05 8.10193796e-06 0 -2.32913571e-05 2.21638174e-08 1.29638522e-11 -6.49854428e-08 2.21638174e-08 1.29638522e-11 -6.49854428e-08 2.21638174e-08 1.29638522e-11 -6.49854428e-08 -8.10193887e-06 0 -2.32913571e-05 -8.10193887e-06 0 -2.32913571e-05 -8.10193887e-06 0 -2.32913571e-05 -2.8777733e-05 0 -6.94755799e-05 -2.8777733e-05 0 -6.94755799e-05 -2.8777733e-05 0 -6.94755799e-05 -2.8777733e-05 0 -6.94755799e-05 -2.8777733e-05 0 -6.94755799e-05 -2.8777733e-05 0 -6.94755799e-05 -3.47234309e-05 0 -6.67030472e-05 -3.47234309e-05 0 -6.67030472e-05 -3.47234309e-05 0 -6.67030472e-05 -3.47234309e-05 0 -6.67030472e-05 -3.47234309e-05 0 -6.67030472e-05 -3.47234309e-05 0 -6.67030472e-05 -4.04048478e-05 0 -6.34228927e-05 -4.04048478e-05 0 -6.34228927e-05 -4.04048478e-05 0 -6.34228927e-05 -4.04048478e-05 0 -6.34228927e-05 -4.04048478e-05 0 -6.34228927e-05 -4.04048478e-05 0 -6.34228927e-05 -4.577871e-05 0 -5.96600439e-05 -4.577871e-05 0 -5.96600439e-05 -4.577871e-05 0 -5.96600439e-05 -4.577871e-05 0 -5.96600439e-05 -4.577871e-05 0 -5.96600439e-05 -4.577871e-05 0 -5.96600439e-05 -5.08043195e-05 0 -5.5443099e-05 -5.08043195e-05 0 -5.5443099e-05 -5.08043195e-05 0 -5.5443099e-05 -5.08043195e-05 0 -5.5443099e-05 -5.08043195e-05 0 -5.5443099e-05 -5.08043195e-05 0 -5.5443099e-05 -5.5443059e-05 0 -5.08042795e-05 -5.5443059e-05 0 -5.08042795e-05 -5.5443059e-05 0 -5.08042795e-05 -5.5443059e-05 0 -5.08042795e-05 -5.5443059e-05 0 -5.08042795e-05 -5.5443059e-05 0 -5.08042795e-05 -5.96600839e-05 0 -4.57787501e-05 -5.96600839e-05 0 -4.57787501e-05 -5.96600839e-05 0 -4.57787501e-05 -5.96600839e-05 0 -4.57787501e-05 -5.96600839e-05 0 -4.57787501e-05 -5.96600839e-05 0 -4.57787501e-05 -6.34228927e-05 0 -4.04048478e-05 -6.34228927e-05 0 -4.04048478e-05 -6.34228927e-05 0 -4.04048478e-05 -6.34228927e-05 0 -4.04048478e-05 -6.34228927e-05 0 -4.04048478e-05 -6.34228927e-05 0 -4.04048478e-05 -6.67029672e-05 0 -3.47234309e-05 -6.67029672e-05 0 -3.47234309e-05 -6.67029672e-05 0 -3.47234309e-05 -6.67029672e-05 0 -3.47234309e-05 -6.67029672e-05 0 -3.47234309e-05 -6.67029672e-05 0 -3.47234309e-05 -6.94756018e-05 0 -2.8777733e-05 -6.94756018e-05 0 -2.8777733e-05 -6.94756018e-05 0 -2.8777733e-05 -6.94756018e-05 0 -2.8777733e-05 -6.94756018e-05 0 -2.8777733e-05 -6.94756018e-05 0 -2.8777733e-05 -7.17194271e-05 0 -2.26130305e-05 -7.17194271e-05 0 -2.26130305e-05 -7.17194271e-05 0 -2.26130305e-05 -7.17194271e-05 0 -2.26130305e-05 -7.17194271e-05 0 -2.26130305e-05 -7.17194271e-05 0 -2.26130305e-05 -7.34171917e-05 0 -1.62762099e-05 -7.34171917e-05 0 -1.62762099e-05 -7.34171917e-05 0 -1.62762099e-05 -7.34171917e-05 0 -1.62762099e-05 -7.34171917e-05 0 -1.62762099e-05 -7.34171917e-05 0 -1.62762099e-05 -7.45565194e-05 0 -9.81551511e-06 -7.45565194e-05 0 -9.81551511e-06 -7.45565194e-05 0 -9.81551511e-06 -7.45565194e-05 0 -9.81551511e-06 -7.45565194e-05 0 -9.81551511e-06 -7.45565194e-05 0 -9.81551511e-06 -7.51282787e-05 0 -3.28016063e-06 -7.51282787e-05 0 -3.28016063e-06 -7.51282787e-05 0 -3.28016063e-06 -7.51282787e-05 0 -3.28016063e-06 -7.51282787e-05 0 -3.28016063e-06 -7.51282787e-05 0 -3.28016063e-06 -7.51282787e-05 0 3.28016063e-06 -7.51282787e-05 0 3.28016063e-06 -7.51282787e-05 0 3.28016063e-06 -7.51282787e-05 0 3.28016063e-06 -7.51282787e-05 0 3.28016063e-06 -7.51282787e-05 0 3.28016063e-06 -7.45563593e-05 0 9.81551511e-06 -7.45563593e-05 0 9.81551511e-06 -7.45563593e-05 0 9.81551511e-06 -7.45563593e-05 0 9.81551511e-06 -7.45563593e-05 0 9.81551511e-06 -7.45563593e-05 0 9.81551511e-06 -7.34173518e-05 0 1.62762099e-05 -7.34173518e-05 0 1.62762099e-05 -7.34173518e-05 0 1.62762099e-05 -7.34173518e-05 0 1.62762099e-05 -7.34173518e-05 0 1.62762099e-05 -7.34173518e-05 0 1.62762099e-05 -7.1719267e-05 0 2.26130305e-05 -7.1719267e-05 0 2.26130305e-05 -7.1719267e-05 0 2.26130305e-05 -7.1719267e-05 0 2.26130305e-05 -7.1719267e-05 0 2.26130305e-05 -7.1719267e-05 0 2.26130305e-05 -6.94756018e-05 0 2.8777733e-05 -6.94756018e-05 0 2.8777733e-05 -6.94756018e-05 0 2.8777733e-05 -6.94756018e-05 0 2.8777733e-05 -6.94756018e-05 0 2.8777733e-05 -6.94756018e-05 0 2.8777733e-05 -6.67030472e-05 0 3.47234309e-05 -6.67030472e-05 0 3.47234309e-05 -6.67030472e-05 0 3.47234309e-05 -6.67030472e-05 0 3.47234309e-05 -6.67030472e-05 0 3.47234309e-05 -6.67030472e-05 0 3.47234309e-05 -6.34229727e-05 0 4.04048478e-05 -6.34229727e-05 0 4.04048478e-05 -6.34229727e-05 0 4.04048478e-05 -6.34229727e-05 0 4.04048478e-05 -6.34229727e-05 0 4.04048478e-05 -6.34229727e-05 0 4.04048478e-05 -5.96600839e-05 0 4.57787501e-05 -5.96600839e-05 0 4.57787501e-05 -5.96600839e-05 0 4.57787501e-05 -5.96600839e-05 0 4.57787501e-05 -5.96600839e-05 0 4.57787501e-05 -5.96600839e-05 0 4.57787501e-05 -5.54429753e-05 0 5.08042795e-05 -5.54429753e-05 0 5.08042795e-05 -5.54429753e-05 0 5.08042795e-05 -5.54429753e-05 0 5.08042795e-05 -5.54429753e-05 0 5.08042795e-05 -5.54429753e-05 0 5.08042795e-05 -5.08043995e-05 0 5.5443099e-05 -5.08043995e-05 0 5.5443099e-05 -5.08043995e-05 0 5.5443099e-05 -5.08043995e-05 0 5.5443099e-05 -5.08043995e-05 0 5.5443099e-05 -5.08043995e-05 0 5.5443099e-05 -4.577871e-05 0 5.96600439e-05 -4.577871e-05 0 5.96600439e-05 -4.577871e-05 0 5.96600439e-05 -4.577871e-05 0 5.96600439e-05 -4.577871e-05 0 5.96600439e-05 -4.577871e-05 0 5.96600439e-05 -4.04047641e-05 0 6.34228927e-05 -4.04047641e-05 0 6.34228927e-05 -4.04047641e-05 0 6.34228927e-05 -4.04047641e-05 0 6.34228927e-05 -4.04047641e-05 0 6.34228927e-05 -4.04047641e-05 0 6.34228927e-05 -3.47235109e-05 0 6.67030472e-05 -3.47235109e-05 0 6.67030472e-05 -3.47235109e-05 0 6.67030472e-05 -3.47235109e-05 0 6.67030472e-05 -3.47235109e-05 0 6.67030472e-05 -3.47235109e-05 0 6.67030472e-05 -2.87776529e-05 0 6.94755799e-05 -2.87776529e-05 0 6.94755799e-05 -2.87776529e-05 0 6.94755799e-05 -2.87776529e-05 0 6.94755799e-05 -2.87776529e-05 0 6.94755799e-05 -2.87776529e-05 0 6.94755799e-05 -8.10201891e-06 0 2.32913571e-05 -8.10201891e-06 0 2.32913571e-05 -8.10201891e-06 0 2.32913571e-05 -2.21539835e-08 1.3152146e-11 6.49749836e-08 -2.21539835e-08 1.3152146e-11 6.49749836e-08 -2.21539835e-08 1.3152146e-11 6.49749836e-08 0 8.71557859e-06 -0 0 8.71557859e-06 -0 0 8.71557859e-06 -0 0 8.71557768e-06 -0 0 8.71557768e-06 -0 0 8.71557768e-06 -0 0 8.71557768e-06 0 0 8.71557768e-06 0 0 8.71557768e-06 0 0 8.71557768e-06 -0 0 8.71557768e-06 -0 0 8.71557768e-06 -0 0 8.71558404e-06 -0 0 8.71558404e-06 -0 0 8.71558404e-06 -0 0 8.71556404e-06 0 0 8.71556404e-06 0 0 8.71556404e-06 0 0 8.7155795e-06 -0 0 8.7155795e-06 -0 0 8.7155795e-06 -0 0 8.71557495e-06 -0 0 8.71557495e-06 -0 0 8.71557495e-06 -0 0 8.71556404e-06 0 0 8.71556404e-06 0 0 8.71556404e-06 0 0 8.71557313e-06 -0 0 8.71557313e-06 -0 0 8.71557313e-06 -0 0 8.71557586e-06 -0 0 8.71557586e-06 -0 0 8.71557586e-06 -0 0 8.71556767e-06 0 0 8.71556767e-06 0 0 8.71556767e-06 0 0 8.71557495e-06 -0 0 8.71557495e-06 -0 0 8.71557495e-06 -0 0 8.71557495e-06 -0 0 8.71557495e-06 -0 0 8.71557495e-06 -0 0 8.71557495e-06 0 0 8.71557495e-06 0 0 8.71557495e-06 0 0 8.71557313e-06 -0 0 8.71557313e-06 -0 0 8.71557313e-06 -0 0 8.71557313e-06 -0 0 8.71557313e-06 -0 0 8.71557313e-06 -0 0 8.71557495e-06 0 0 8.71557495e-06 0 0 8.71557495e-06 0 0 8.71557404e-06 0 0 8.71557404e-06 0 0 8.71557404e-06 0 0 8.71557495e-06 0 0 8.71557495e-06 0 0 8.71557495e-06 0 0 8.71557404e-06 0 0 8.71557404e-06 0 0 8.71557404e-06 0 0 8.71557495e-06 0 0 8.71557495e-06 0 0 8.71557495e-06 0 0 8.71557495e-06 0 0 8.71557495e-06 0 0 8.71557495e-06 0 0 8.71557313e-06 0 0 8.71557313e-06 0 0 8.71557313e-06 0 0 8.71557313e-06 0 0 8.71557313e-06 0 0 8.71557313e-06 0 0 8.71557495e-06 0 0 8.71557495e-06 0 0 8.71557495e-06 0 0 8.71557131e-06 0 0 8.71557131e-06 0 0 8.71557131e-06 0 0 8.7155795e-06 0 0 8.7155795e-06 0 0 8.7155795e-06 0 0 8.71556949e-06 0 0 8.71556949e-06 0 0 8.71556949e-06 0 0 8.71557495e-06 0 0 8.71557495e-06 0 0 8.71557495e-06 0 0 8.71557768e-06 0 0 8.71557768e-06 0 0 8.71557768e-06 0 0 8.71556676e-06 0 0 8.71556676e-06 0 0 8.71556676e-06 0 0 8.71557495e-06 0 0 8.71557495e-06 0 0 8.71557495e-06 0 0 8.71557859e-06 0 0 8.71557859e-06 0 0 8.71557859e-06 0 0 8.71556313e-06 0 0 8.71556313e-06 0 0 8.71556313e-06 0 0 8.71558404e-06 0 0 8.71558404e-06 0 0 8.71558404e-06 0 0 8.7155604e-06 0 0 8.7155604e-06 0 0 8.7155604e-06 0 0 8.71557768e-06 0 0 8.71557768e-06 0 0 8.71557768e-06 0 -0 8.71557768e-06 0 -0 8.71557768e-06 0 -0 8.71557768e-06 0 0 8.71557677e-06 0 0 8.71557677e-06 0 0 8.71557677e-06 0 0 8.71556585e-06 0 0 8.71556585e-06 0 0 8.71556585e-06 0 0 8.71558223e-06 0 0 8.71558223e-06 0 0 8.71558223e-06 0 0 8.7155795e-06 0 0 8.7155795e-06 0 0 8.7155795e-06 0 0 8.71558314e-06 0 0 8.71558314e-06 0 0 8.71558314e-06 0 0 8.71557495e-06 0 0 8.71557495e-06 0 0 8.71557495e-06 0 0 8.71557313e-06 0 0 8.71557313e-06 0 0 8.71557313e-06 0 0 8.71558223e-06 0 0 8.71558223e-06 0 0 8.71558223e-06 0 0 8.7155604e-06 0 0 8.7155604e-06 0 0 8.7155604e-06 0 0 8.71557131e-06 0 0 8.71557131e-06 0 0 8.71557131e-06 0 0 8.71557859e-06 0 0 8.71557859e-06 0 0 8.71557859e-06 0 0 8.71556767e-06 0 0 8.71556767e-06 0 0 8.71556767e-06 0 0 8.71557222e-06 0 0 8.71557222e-06 0 0 8.71557222e-06 0 0 8.7155704e-06 0 0 8.7155704e-06 0 0 8.7155704e-06 0 0 8.71557677e-06 0 0 8.71557677e-06 0 0 8.71557677e-06 0 -0 8.71557313e-06 0 -0 8.71557313e-06 0 -0 8.71557313e-06 0 -0 8.71557495e-06 0 -0 8.71557495e-06 0 -0 8.71557495e-06 0 0 8.71557404e-06 -0 0 8.71557404e-06 -0 0 8.71557404e-06 -0 -0 8.71557131e-06 0 -0 8.71557131e-06 0 -0 8.71557131e-06 0 -0 8.71557768e-06 0 -0 8.71557768e-06 0 -0 8.71557768e-06 0 0 8.71557131e-06 0 0 8.71557131e-06 0 0 8.71557131e-06 0 -0 8.71557313e-06 0 -0 8.71557313e-06 0 -0 8.71557313e-06 0 -0 8.71556949e-06 0 -0 8.71556949e-06 0 -0 8.71556949e-06 0 0 8.71557859e-06 0 0 8.71557859e-06 0 0 8.71557859e-06 0 -0 8.7155795e-06 0 -0 8.7155795e-06 0 -0 8.7155795e-06 0 -0 8.71556222e-06 0 -0 8.71556222e-06 0 -0 8.71556222e-06 0 0 8.71558223e-06 0 0 8.71558223e-06 0 0 8.71558223e-06 0 -0 8.71557677e-06 0 -0 8.71557677e-06 0 -0 8.71557677e-06 0 -0 8.71557404e-06 0 -0 8.71557404e-06 0 -0 8.71557404e-06 0 0 8.71558586e-06 0 0 8.71558586e-06 0 0 8.71558586e-06 0 -0 8.7155604e-06 0 -0 8.7155604e-06 0 -0 8.7155604e-06 0 -0 8.71558132e-06 0 -0 8.71558132e-06 0 -0 8.71558132e-06 0 0 8.71556585e-06 0 0 8.71556585e-06 0 0 8.71556585e-06 0 0 -8.7155604e-06 -0 0 -8.7155604e-06 -0 0 -8.7155604e-06 -0 0 -8.71557768e-06 -0 0 -8.71557768e-06 -0 0 -8.71557768e-06 -0 -0 -8.71557768e-06 0 -0 -8.71557768e-06 0 -0 -8.71557768e-06 0 0 -8.71557677e-06 -0 0 -8.71557677e-06 -0 0 -8.71557677e-06 -0 0 -8.71556585e-06 -0 0 -8.71556585e-06 -0 0 -8.71556585e-06 -0 0 -8.71558223e-06 0 0 -8.71558223e-06 0 0 -8.71558223e-06 0 0 -8.7155795e-06 -0 0 -8.7155795e-06 -0 0 -8.7155795e-06 -0 0 -8.71558314e-06 -0 0 -8.71558314e-06 -0 0 -8.71558314e-06 -0 0 -8.71557495e-06 0 0 -8.71557495e-06 0 0 -8.71557495e-06 0 0 -8.71557313e-06 -0 0 -8.71557313e-06 -0 0 -8.71557313e-06 -0 0 -8.71558223e-06 -0 0 -8.71558223e-06 -0 0 -8.71558223e-06 -0 0 -8.7155604e-06 0 0 -8.7155604e-06 0 0 -8.7155604e-06 0 0 -8.71557131e-06 -0 0 -8.71557131e-06 -0 0 -8.71557131e-06 -0 0 -8.71557859e-06 -0 0 -8.71557859e-06 -0 0 -8.71557859e-06 -0 0 -8.71556767e-06 0 0 -8.71556767e-06 0 0 -8.71556767e-06 0 0 -8.71557222e-06 -0 0 -8.71557222e-06 -0 0 -8.71557222e-06 -0 0 -8.7155704e-06 -0 0 -8.7155704e-06 -0 0 -8.7155704e-06 -0 0 -8.71557677e-06 0 0 -8.71557677e-06 0 0 -8.71557677e-06 0 -0 -8.71557313e-06 0 -0 -8.71557313e-06 0 -0 -8.71557313e-06 0 -0 -8.71557495e-06 0 -0 -8.71557495e-06 0 -0 -8.71557495e-06 0 0 -8.71557404e-06 0 0 -8.71557404e-06 0 0 -8.71557404e-06 0 -0 -8.71557131e-06 0 -0 -8.71557131e-06 0 -0 -8.71557131e-06 0 -0 -8.71557768e-06 0 -0 -8.71557768e-06 0 -0 -8.71557768e-06 0 0 -8.71557131e-06 0 0 -8.71557131e-06 0 0 -8.71557131e-06 0 -0 -8.71557313e-06 0 -0 -8.71557313e-06 0 -0 -8.71557313e-06 0 -0 -8.71556949e-06 0 -0 -8.71556949e-06 0 -0 -8.71556949e-06 0 0 -8.71557859e-06 0 0 -8.71557859e-06 0 0 -8.71557859e-06 0 -0 -8.7155795e-06 0 -0 -8.7155795e-06 0 -0 -8.7155795e-06 0 -0 -8.71556222e-06 0 -0 -8.71556222e-06 0 -0 -8.71556222e-06 0 0 -8.71558223e-06 0 0 -8.71558223e-06 0 0 -8.71558223e-06 0 -0 -8.71557677e-06 0 -0 -8.71557677e-06 0 -0 -8.71557677e-06 0 -0 -8.71557404e-06 0 -0 -8.71557404e-06 0 -0 -8.71557404e-06 0 0 -8.71558586e-06 0 0 -8.71558586e-06 0 0 -8.71558586e-06 0 -0 -8.7155604e-06 0 -0 -8.7155604e-06 0 -0 -8.7155604e-06 0 -0 -8.71558132e-06 0 -0 -8.71558132e-06 0 -0 -8.71558132e-06 0 0 -8.71556585e-06 0 0 -8.71556585e-06 0 0 -8.71556585e-06 0 0 -8.71557859e-06 0 0 -8.71557859e-06 0 0 -8.71557859e-06 0 0 -8.71557768e-06 0 0 -8.71557768e-06 0 0 -8.71557768e-06 0 0 -8.71557768e-06 0 0 -8.71557768e-06 0 0 -8.71557768e-06 0 0 -8.71557768e-06 0 0 -8.71557768e-06 0 0 -8.71557768e-06 0 0 -8.71558404e-06 0 0 -8.71558404e-06 0 0 -8.71558404e-06 0 0 -8.71556404e-06 0 0 -8.71556404e-06 0 0 -8.71556404e-06 0 0 -8.7155795e-06 0 0 -8.7155795e-06 0 0 -8.7155795e-06 0 0 -8.71557495e-06 0 0 -8.71557495e-06 0 0 -8.71557495e-06 0 0 -8.71556404e-06 0 0 -8.71556404e-06 0 0 -8.71556404e-06 0 0 -8.71557313e-06 0 0 -8.71557313e-06 0 0 -8.71557313e-06 0 0 -8.71557586e-06 0 0 -8.71557586e-06 0 0 -8.71557586e-06 0 0 -8.71556767e-06 0 0 -8.71556767e-06 0 0 -8.71556767e-06 0 0 -8.71557495e-06 0 0 -8.71557495e-06 0 0 -8.71557495e-06 0 0 -8.71557495e-06 0 0 -8.71557495e-06 0 0 -8.71557495e-06 0 0 -8.71557495e-06 0 0 -8.71557495e-06 0 0 -8.71557495e-06 0 0 -8.71557313e-06 0 0 -8.71557313e-06 0 0 -8.71557313e-06 0 0 -8.71557313e-06 0 0 -8.71557313e-06 0 0 -8.71557313e-06 0 0 -8.71557495e-06 0 0 -8.71557495e-06 0 0 -8.71557495e-06 0 0 -8.71557404e-06 0 0 -8.71557404e-06 0 0 -8.71557404e-06 0 0 -8.71557495e-06 0 0 -8.71557495e-06 0 0 -8.71557495e-06 0 0 -8.71557404e-06 0 0 -8.71557404e-06 0 0 -8.71557404e-06 0 0 -8.71557495e-06 0 0 -8.71557495e-06 0 0 -8.71557495e-06 0 0 -8.71557495e-06 0 0 -8.71557495e-06 0 0 -8.71557495e-06 0 0 -8.71557313e-06 0 0 -8.71557313e-06 0 0 -8.71557313e-06 0 0 -8.71557313e-06 0 0 -8.71557313e-06 0 0 -8.71557313e-06 0 0 -8.71557495e-06 0 0 -8.71557495e-06 0 0 -8.71557495e-06 0 0 -8.71557131e-06 0 0 -8.71557131e-06 0 0 -8.71557131e-06 0 0 -8.7155795e-06 0 0 -8.7155795e-06 0 0 -8.7155795e-06 0 0 -8.71556949e-06 0 0 -8.71556949e-06 0 0 -8.71556949e-06 0 0 -8.71557495e-06 0 0 -8.71557495e-06 0 0 -8.71557495e-06 0 0 -8.71557768e-06 0 0 -8.71557768e-06 0 0 -8.71557768e-06 0 0 -8.71556676e-06 0 0 -8.71556676e-06 0 0 -8.71556676e-06 0 0 -8.71557495e-06 0 0 -8.71557495e-06 0 0 -8.71557495e-06 0 0 -8.71557859e-06 0 0 -8.71557859e-06 0 0 -8.71557859e-06 0 0 -8.71556313e-06 0 0 -8.71556313e-06 0 0 -8.71556313e-06 0 0 -8.71558404e-06 0 0 -8.71558404e-06 0 0 -8.71558404e-06 0 </float_array>
          <technique_common>
            <accessor count="2412" offset="0" source="#mesh_0-normals-array" stride="3">
              <param name="X" type="float" />
              <param name="Y" type="float" />
              <param name="Z" type="float" />
            </accessor>
          </technique_common>
        </source>
        <vertices id="mesh_0-vertices">
          <input semantic="POSITION" source="#mesh_0-positions" />
        </vertices>
        <polylist count="804" material="defaultMaterial">
          <input offset="0" semantic="VERTEX" source="#mesh_0-vertices" />
          <input offset="0" semantic="NORMAL" source="#mesh_0-normals" />
          <vcount>3 3 3 3 3 3 3 3 3 3 3 3 3 3 3 3 3 3 3 3 3 3 3 3 3 3 3 3 3 3 3 3 3 3 3 3 3 3 3 3 3 3 3 3 3 3 3 3 3 3 3 3 3 3 3 3 3 3 3 3 3 3 3 3 3 3 3 3 3 3 3 3 3 3 3 3 3 3 3 3 3 3 3 3 3 3 3 3 3 3 3 3 3 3 3 3 3 3 3 3 3 3 3 3 3 3 3 3 3 3 3 3 3 3 3 3 3 3 3 3 3 3 3 3 3 3 3 3 3 3 3 3 3 3 3 3 3 3 3 3 3 3 3 3 3 3 3 3 3 3 3 3 3 3 3 3 3 3 3 3 3 3 3 3 3 3 3 3 3 3 3 3 3 3 3 3 3 3 3 3 3 3 3 3 3 3 3 3 3 3 3 3 3 3 3 3 3 3 3 3 3 3 3 3 3 3 3 3 3 3 3 3 3 3 3 3 3 3 3 3 3 3 3 3 3 3 3 3 3 3 3 3 3 3 3 3 3 3 3 3 3 3 3 3 3 3 3 3 3 3 3 3 3 3 3 3 3 3 3 3 3 3 3 3 3 3 3 3 3 3 3 3 3 3 3 3 3 3 3 3 3 3 3 3 3 3 3 3 3 3 3 3 3 3 3 3 3 3 3 3 3 3 3 3 3 3 3 3 3 3 3 3 3 3 3 3 3 3 3 3 3 3 3 3 3 3 3 3 3 3 3 3 3 3 3 3 3 3 3 3 3 3 3 3 3 3 3 3 3 3 3 3 3 3 3 3 3 3 3 3 3 3 3 3 3 3 3 3 3 3 3 3 3 3 3 3 3 3 3 3 3 3 3 3 3 3 3 3 3 3 3 3 3 3 3 3 3 3 3 3 3 3 3 3 3 3 3 3 3 3 3 3 3 3 3 3 3 3 3 3 3 3 3 3 3 3 3 3 3 3 3 3 3 3 3 3 3 3 3 3 3 3 3 3 3 3 3 3 3 3 3 3 3 3 3 3 3 3 3 3 3 3 3 3 3 3 3 3 3 3 3 3 3 3 3 3 3 3 3 3 3 3 3 3 3 3 3 3 3 3 3 3 3 3 3 3 3 3 3 3 3 3 3 3 3 3 3 3 3 3 3 3 3 3 3 3 3 3 3 3 3 3 3 3 3 3 3 3 3 3 3 3 3 3 3 3 3 3 3 3 3 3 3 3 3 3 3 3 3 3 3 3 3 3 3 3 3 3 3 3 3 3 3 3 3 3 3 3 3 3 3 3 3 3 3 3 3 3 3 3 3 3 3 3 3 3 3 3 3 3 3 3 3 3 3 3 3 3 3 3 3 3 3 3 3 3 3 3 3 3 3 3 3 3 3 3 3 3 3 3 3 3 3 3 3 3 3 3 3 3 3 3 3 3 3 3 3 3 3 3 3 3 3 3 3 3 3 3 3 3 3 3 3 3 3 3 3 3 3 3 3 3 3 3 3 3 3 3 3 3 3 3 3 3 3 3 3 3 3 3 3 3 3 3 3 3 3 3 3 3 3 3 3 3 3 3 3 3 3 3 3 3 3 3 3 3 3 3 3 3 3 3 3 3 3 3 3 3 3 3 3 3 3 3 3 3 3 3 3 3 3 3 3 3 3 3 3 3 3 3 3 3 3 3 3 3 3 3 3 3 3 3 3 3 3 3 3 3 3 3 3 3 3 3 3 3 3 3 3 3 3 3 3 3 3 3 3 3 3 3 3 3 3 3 3 3 3 3 3 3 3 3 3 3 3 3 3 3 3 3 3 3 3 3 </vcount>
          <p>0 1 2 3 4 5 6 7 8 9 10 11 12 13 14 15 16 17 18 19 20 21 22 23 24 25 26 27 28 29 30 31 32 33 34 35 36 37 38 39 40 41 42 43 44 45 46 47 48 49 50 51 52 53 54 55 56 57 58 59 60 61 62 63 64 65 66 67 68 69 70 71 72 73 74 75 76 77 78 79 80 81 82 83 84 85 86 87 88 89 90 91 92 93 94 95 96 97 98 99 100 101 102 103 104 105 106 107 108 109 110 111 112 113 114 115 116 117 118 119 120 121 122 123 124 125 126 127 128 129 130 131 132 133 134 135 136 137 138 139 140 141 142 143 144 145 146 147 148 149 150 151 152 153 154 155 156 157 158 159 160 161 162 163 164 165 166 167 168 169 170 171 172 173 174 175 176 177 178 179 180 181 182 183 184 185 186 187 188 189 190 191 192 193 194 195 196 197 198 199 200 201 202 203 204 205 206 207 208 209 210 211 212 213 214 215 216 217 218 219 220 221 222 223 224 225 226 227 228 229 230 231 232 233 234 235 236 237 238 239 240 241 242 243 244 245 246 247 248 249 250 251 252 253 254 255 256 257 258 259 260 261 262 263 264 265 266 267 268 269 270 271 272 273 274 275 276 277 278 279 280 281 282 283 284 285 286 287 288 289 290 291 292 293 294 295 296 297 298 299 300 301 302 303 304 305 306 307 308 309 310 311 312 313 314 315 316 317 318 319 320 321 322 323 324 325 326 327 328 329 330 331 332 333 334 335 336 337 338 339 340 341 342 343 344 345 346 347 348 349 350 351 352 353 354 355 356 357 358 359 360 361 362 363 364 365 366 367 368 369 370 371 372 373 374 375 376 377 378 379 380 381 382 383 384 385 386 387 388 389 390 391 392 393 394 395 396 397 398 399 400 401 402 403 404 405 406 407 408 409 410 411 412 413 414 415 416 417 418 419 420 421 422 423 424 425 426 427 428 429 430 431 432 433 434 435 436 437 438 439 440 441 442 443 444 445 446 447 448 449 450 451 452 453 454 455 456 457 458 459 460 461 462 463 464 465 466 467 468 469 470 471 472 473 474 475 476 477 478 479 480 481 482 483 484 485 486 487 488 489 490 491 492 493 494 495 496 497 498 499 500 501 502 503 504 505 506 507 508 509 510 511 512 513 514 515 516 517 518 519 520 521 522 523 524 525 526 527 528 529 530 531 532 533 534 535 536 537 538 539 540 541 542 543 544 545 546 547 548 549 550 551 552 553 554 555 556 557 558 559 560 561 562 563 564 565 566 567 568 569 570 571 572 573 574 575 576 577 578 579 580 581 582 583 584 585 586 587 588 589 590 591 592 593 594 595 596 597 598 599 600 601 602 603 604 605 606 607 608 609 610 611 612 613 614 615 616 617 618 619 620 621 622 623 624 625 626 627 628 629 630 631 632 633 634 635 636 637 638 639 640 641 642 643 644 645 646 647 648 649 650 651 652 653 654 655 656 657 658 659 660 661 662 663 664 665 666 667 668 669 670 671 672 673 674 675 676 677 678 679 680 681 682 683 684 685 686 687 688 689 690 691 692 693 694 695 696 697 698 699 700 701 702 703 704 705 706 707 708 709 710 711 712 713 714 715 716 717 718 719 720 721 722 723 724 725 726 727 728 729 730 731 732 733 734 735 736 737 738 739 740 741 742 743 744 745 746 747 748 749 750 751 752 753 754 755 756 757 758 759 760 761 762 763 764 765 766 767 768 769 770 771 772 773 774 775 776 777 778 779 780 781 782 783 784 785 786 787 788 789 790 791 792 793 794 795 796 797 798 799 800 801 802 803 804 805 806 807 808 809 810 811 812 813 814 815 816 817 818 819 820 821 822 823 824 825 826 827 828 829 830 831 832 833 834 835 836 837 838 839 840 841 842 843 844 845 846 847 848 849 850 851 852 853 854 855 856 857 858 859 860 861 862 863 864 865 866 867 868 869 870 871 872 873 874 875 876 877 878 879 880 881 882 883 884 885 886 887 888 889 890 891 892 893 894 895 896 897 898 899 900 901 902 903 904 905 906 907 908 909 910 911 912 913 914 915 916 917 918 919 920 921 922 923 924 925 926 927 928 929 930 931 932 933 934 935 936 937 938 939 940 941 942 943 944 945 946 947 948 949 950 951 952 953 954 955 956 957 958 959 960 961 962 963 964 965 966 967 968 969 970 971 972 973 974 975 976 977 978 979 980 981 982 983 984 985 986 987 988 989 990 991 992 993 994 995 996 997 998 999 1000 1001 1002 1003 1004 1005 1006 1007 1008 1009 1010 1011 1012 1013 1014 1015 1016 1017 1018 1019 1020 1021 1022 1023 1024 1025 1026 1027 1028 1029 1030 1031 1032 1033 1034 1035 1036 1037 1038 1039 1040 1041 1042 1043 1044 1045 1046 1047 1048 1049 1050 1051 1052 1053 1054 1055 1056 1057 1058 1059 1060 1061 1062 1063 1064 1065 1066 1067 1068 1069 1070 1071 1072 1073 1074 1075 1076 1077 1078 1079 1080 1081 1082 1083 1084 1085 1086 1087 1088 1089 1090 1091 1092 1093 1094 1095 1096 1097 1098 1099 1100 1101 1102 1103 1104 1105 1106 1107 1108 1109 1110 1111 1112 1113 1114 1115 1116 1117 1118 1119 1120 1121 1122 1123 1124 1125 1126 1127 1128 1129 1130 1131 1132 1133 1134 1135 1136 1137 1138 1139 1140 1141 1142 1143 1144 1145 1146 1147 1148 1149 1150 1151 1152 1153 1154 1155 1156 1157 1158 1159 1160 1161 1162 1163 1164 1165 1166 1167 1168 1169 1170 1171 1172 1173 1174 1175 1176 1177 1178 1179 1180 1181 1182 1183 1184 1185 1186 1187 1188 1189 1190 1191 1192 1193 1194 1195 1196 1197 1198 1199 1200 1201 1202 1203 1204 1205 1206 1207 1208 1209 1210 1211 1212 1213 1214 1215 1216 1217 1218 1219 1220 1221 1222 1223 1224 1225 1226 1227 1228 1229 1230 1231 1232 1233 1234 1235 1236 1237 1238 1239 1240 1241 1242 1243 1244 1245 1246 1247 1248 1249 1250 1251 1252 1253 1254 1255 1256 1257 1258 1259 1260 1261 1262 1263 1264 1265 1266 1267 1268 1269 1270 1271 1272 1273 1274 1275 1276 1277 1278 1279 1280 1281 1282 1283 1284 1285 1286 1287 1288 1289 1290 1291 1292 1293 1294 1295 1296 1297 1298 1299 1300 1301 1302 1303 1304 1305 1306 1307 1308 1309 1310 1311 1312 1313 1314 1315 1316 1317 1318 1319 1320 1321 1322 1323 1324 1325 1326 1327 1328 1329 1330 1331 1332 1333 1334 1335 1336 1337 1338 1339 1340 1341 1342 1343 1344 1345 1346 1347 1348 1349 1350 1351 1352 1353 1354 1355 1356 1357 1358 1359 1360 1361 1362 1363 1364 1365 1366 1367 1368 1369 1370 1371 1372 1373 1374 1375 1376 1377 1378 1379 1380 1381 1382 1383 1384 1385 1386 1387 1388 1389 1390 1391 1392 1393 1394 1395 1396 1397 1398 1399 1400 1401 1402 1403 1404 1405 1406 1407 1408 1409 1410 1411 1412 1413 1414 1415 1416 1417 1418 1419 1420 1421 1422 1423 1424 1425 1426 1427 1428 1429 1430 1431 1432 1433 1434 1435 1436 1437 1438 1439 1440 1441 1442 1443 1444 1445 1446 1447 1448 1449 1450 1451 1452 1453 1454 1455 1456 1457 1458 1459 1460 1461 1462 1463 1464 1465 1466 1467 1468 1469 1470 1471 1472 1473 1474 1475 1476 1477 1478 1479 1480 1481 1482 1483 1484 1485 1486 1487 1488 1489 1490 1491 1492 1493 1494 1495 1496 1497 1498 1499 1500 1501 1502 1503 1504 1505 1506 1507 1508 1509 1510 1511 1512 1513 1514 1515 1516 1517 1518 1519 1520 1521 1522 1523 1524 1525 1526 1527 1528 1529 1530 1531 1532 1533 1534 1535 1536 1537 1538 1539 1540 1541 1542 1543 1544 1545 1546 1547 1548 1549 1550 1551 1552 1553 1554 1555 1556 1557 1558 1559 1560 1561 1562 1563 1564 1565 1566 1567 1568 1569 1570 1571 1572 1573 1574 1575 1576 1577 1578 1579 1580 1581 1582 1583 1584 1585 1586 1587 1588 1589 1590 1591 1592 1593 1594 1595 1596 1597 1598 1599 1600 1601 1602 1603 1604 1605 1606 1607 1608 1609 1610 1611 1612 1613 1614 1615 1616 1617 1618 1619 1620 1621 1622 1623 1624 1625 1626 1627 1628 1629 1630 1631 1632 1633 1634 1635 1636 1637 1638 1639 1640 1641 1642 1643 1644 1645 1646 1647 1648 1649 1650 1651 1652 1653 1654 1655 1656 1657 1658 1659 1660 1661 1662 1663 1664 1665 1666 1667 1668 1669 1670 1671 1672 1673 1674 1675 1676 1677 1678 1679 1680 1681 1682 1683 1684 1685 1686 1687 1688 1689 1690 1691 1692 1693 1694 1695 1696 1697 1698 1699 1700 1701 1702 1703 1704 1705 1706 1707 1708 1709 1710 1711 1712 1713 1714 1715 1716 1717 1718 1719 1720 1721 1722 1723 1724 1725 1726 1727 1728 1729 1730 1731 1732 1733 1734 1735 1736 1737 1738 1739 1740 1741 1742 1743 1744 1745 1746 1747 1748 1749 1750 1751 1752 1753 1754 1755 1756 1757 1758 1759 1760 1761 1762 1763 1764 1765 1766 1767 1768 1769 1770 1771 1772 1773 1774 1775 1776 1777 1778 1779 1780 1781 1782 1783 1784 1785 1786 1787 1788 1789 1790 1791 1792 1793 1794 1795 1796 1797 1798 1799 1800 1801 1802 1803 1804 1805 1806 1807 1808 1809 1810 1811 1812 1813 1814 1815 1816 1817 1818 1819 1820 1821 1822 1823 1824 1825 1826 1827 1828 1829 1830 1831 1832 1833 1834 1835 1836 1837 1838 1839 1840 1841 1842 1843 1844 1845 1846 1847 1848 1849 1850 1851 1852 1853 1854 1855 1856 1857 1858 1859 1860 1861 1862 1863 1864 1865 1866 1867 1868 1869 1870 1871 1872 1873 1874 1875 1876 1877 1878 1879 1880 1881 1882 1883 1884 1885 1886 1887 1888 1889 1890 1891 1892 1893 1894 1895 1896 1897 1898 1899 1900 1901 1902 1903 1904 1905 1906 1907 1908 1909 1910 1911 1912 1913 1914 1915 1916 1917 1918 1919 1920 1921 1922 1923 1924 1925 1926 1927 1928 1929 1930 1931 1932 1933 1934 1935 1936 1937 1938 1939 1940 1941 1942 1943 1944 1945 1946 1947 1948 1949 1950 1951 1952 1953 1954 1955 1956 1957 1958 1959 1960 1961 1962 1963 1964 1965 1966 1967 1968 1969 1970 1971 1972 1973 1974 1975 1976 1977 1978 1979 1980 1981 1982 1983 1984 1985 1986 1987 1988 1989 1990 1991 1992 1993 1994 1995 1996 1997 1998 1999 2000 2001 2002 2003 2004 2005 2006 2007 2008 2009 2010 2011 2012 2013 2014 2015 2016 2017 2018 2019 2020 2021 2022 2023 2024 2025 2026 2027 2028 2029 2030 2031 2032 2033 2034 2035 2036 2037 2038 2039 2040 2041 2042 2043 2044 2045 2046 2047 2048 2049 2050 2051 2052 2053 2054 2055 2056 2057 2058 2059 2060 2061 2062 2063 2064 2065 2066 2067 2068 2069 2070 2071 2072 2073 2074 2075 2076 2077 2078 2079 2080 2081 2082 2083 2084 2085 2086 2087 2088 2089 2090 2091 2092 2093 2094 2095 2096 2097 2098 2099 2100 2101 2102 2103 2104 2105 2106 2107 2108 2109 2110 2111 2112 2113 2114 2115 2116 2117 2118 2119 2120 2121 2122 2123 2124 2125 2126 2127 2128 2129 2130 2131 2132 2133 2134 2135 2136 2137 2138 2139 2140 2141 2142 2143 2144 2145 2146 2147 2148 2149 2150 2151 2152 2153 2154 2155 2156 2157 2158 2159 2160 2161 2162 2163 2164 2165 2166 2167 2168 2169 2170 2171 2172 2173 2174 2175 2176 2177 2178 2179 2180 2181 2182 2183 2184 2185 2186 2187 2188 2189 2190 2191 2192 2193 2194 2195 2196 2197 2198 2199 2200 2201 2202 2203 2204 2205 2206 2207 2208 2209 2210 2211 2212 2213 2214 2215 2216 2217 2218 2219 2220 2221 2222 2223 2224 2225 2226 2227 2228 2229 2230 2231 2232 2233 2234 2235 2236 2237 2238 2239 2240 2241 2242 2243 2244 2245 2246 2247 2248 2249 2250 2251 2252 2253 2254 2255 2256 2257 2258 2259 2260 2261 2262 2263 2264 2265 2266 2267 2268 2269 2270 2271 2272 2273 2274 2275 2276 2277 2278 2279 2280 2281 2282 2283 2284 2285 2286 2287 2288 2289 2290 2291 2292 2293 2294 2295 2296 2297 2298 2299 2300 2301 2302 2303 2304 2305 2306 2307 2308 2309 2310 2311 2312 2313 2314 2315 2316 2317 2318 2319 2320 2321 2322 2323 2324 2325 2326 2327 2328 2329 2330 2331 2332 2333 2334 2335 2336 2337 2338 2339 2340 2341 2342 2343 2344 2345 2346 2347 2348 2349 2350 2351 2352 2353 2354 2355 2356 2357 2358 2359 2360 2361 2362 2363 2364 2365 2366 2367 2368 2369 2370 2371 2372 2373 2374 2375 2376 2377 2378 2379 2380 2381 2382 2383 2384 2385 2386 2387 2388 2389 2390 2391 2392 2393 2394 2395 2396 2397 2398 2399 2400 2401 2402 2403 2404 2405 2406 2407 2408 2409 2410 2411 </p>
        </polylist>
      </mesh>
    </geometry>
  </library_geometries>
  <library_controllers>
  </library_controllers>
  <library_visual_scenes>
    <visual_scene id="_ySTL_BINARY_" name="&lt;STL_BINARY&gt;">
      <node id="node" name="" type="NODE">
        <matrix sid="matrix">1 0 0 0 0 1 0 0 0 0 1 0 0 0 0 1</matrix>
        <instance_geometry url="#mesh_0">
          <bind_material>
            <technique_common>
              <instance_material symbol="defaultMaterial" target="#DefaultMaterial">
              </instance_material>
            </technique_common>
          </bind_material>
        </instance_geometry>
      </node>
    </visual_scene>
  </library_visual_scenes>
  <scene>
    <instance_visual_scene url="#_ySTL_BINARY_" />
  </scene>
</COLLADA>
