<?xml version="1.0" encoding="UTF-8" standalone="no" ?>
<COLLADA xmlns="http://www.collada.org/2005/11/COLLADASchema" version="1.4.1">
  <asset>
    <contributor>
      <author>Assimp</author>
      <authoring_tool>Assimp Exporter</authoring_tool>
    </contributor>
    <created>2026-09-22T21:57:54</created>
    <modified>2026-09-22T21:57:54</modified>
    <unit name="meter" meter="1" />
    <up_axis>Z_UP</up_axis>
  </asset>
  <library_images>
  </library_images>
  <library_effects>
    <effect id="DefaultMaterial-fx" name="DefaultMaterial">
      <profile_COMMON>
        <technique sid="standard">
          <phong>
            <ambient>
              <color sid="ambient">0.0500000007   0.0500000007   0.0500000007   1</color>
            </ambient>
            <diffuse>
              <color sid="diffuse">1   1   1   1</color>
            </diffuse>
            <specular>
              <color sid="specular">1   1   1   1</color>
            </specular>
          </phong>
        </technique>
      </profile_COMMON>
    </effect>
  </library_effects>
  <library_materials>
    <material id="DefaultMaterial" name="DefaultMaterial">
      <instance_effect url="#DefaultMaterial-fx"/>
    </material>
  </library_materials>
  <library_geometries>
    <geometry id="mesh_0" name="" >
      <mesh>
        <source id="mesh_0-positions" name="mesh_0-positions">
          <float_array id="mesh_0-positions-array" count="19404"> 0.00299999909 -1.49011614e-09 0 0.00299999909 -1.49011614e-09 0.00200000009 0.00298858481 0.000261469191 0 0.00299999909 -1.49011614e-09 0.00200000009 0.00298858481 0.000261469191 0.00200000009 0.00298858481 0.000261469191 0 0.00298858481 0.000261469191 0 0.00298858481 0.000261469191 0.00200000009 0.00295442389 0.000520943082 0 0.00298858481 0.000261469191 0.00200000009 0.00295442389 0.000520943082 0.00200000009 0.00295442389 0.000520943082 0 0.00295442389 0.000520943082 0 0.00295442389 0.000520943082 0.00200000009 0.00289777713 0.000776460744 0 0.00295442389 0.000520943082 0.00200000009 0.00289777713 0.000776460744 0.00200000009 0.00289777713 0.000776460744 0 0.00289777713 0.000776460744 0 0.00289777713 0.000776460744 0.00200000009 0.00281907851 0.00102606264 0 0.00289777713 0.000776460744 0.00200000009 0.00281907851 0.00102606264 0.00200000009 0.00281907851 0.00102606264 0 0.00281907851 0.00102606264 0 0.00281907851 0.00102606264 0.00200000009 0.00271892408 0.00126785634 0 0.00281907851 0.00102606264 0.00200000009 0.00271892408 0.00126785634 0.00200000009 0.00271892408 0.00126785634 0 0.00271892408 0.00126785634 0 0.00271892408 0.00126785634 0.00200000009 0.00259807566 0.00150000153 0 0.00271892408 0.00126785634 0.00200000009 0.00259807566 0.00150000153 0.00200000009 0.00259807566 0.00150000153 0 0.00259807566 0.00150000153 0 0.00259807566 0.00150000153 0.00200000009 0.00245745527 0.00172073243 0 0.00259807566 0.00150000153 0.00200000009 0.00245745527 0.00172073243 0.00200000009 0.00245745527 0.00172073243 0 0.00245745527 0.00172073243 0 0.00245745527 0.00172073243 0.00200000009 0.00229813391 0.00192836521 0 0.00245745527 0.00172073243 0.00200000009 0.00229813391 0.00192836521 0.00200000009 0.00229813391 0.00192836521 0 0.00229813391 0.00192836521 0 0.00229813391 0.00192836521 0.00200000009 0.00212132046 0.00212132046 0 0.00229813391 0.00192836521 0.00200000009 0.00212132046 0.00212132046 0.00200000009 0.00212132046 0.00212132046 0 0.00212132046 0.00212132046 0 0.00212132046 0.00212132046 0.00200000009 0.00192836346 0.00229813019 0 0.00212132046 0.00212132046 0.00200000009 0.00192836346 0.00229813019 0.00200000009 0.00192836346 0.00229813019 0 0.00192836346 0.00229813019 0 0.00192836346 0.00229813019 0.00200000009 0.00172072882 0.0024574534 0 0.00192836346 0.00229813019 0.00200000009 0.00172072882 0.0024574534 0.00200000009 0.00172072882 0.0024574534 0 0.00172072882 0.0024574534 0 0.00172072882 0.0024574534 0.00200000009 0.00149999978 0.00259807566 0 0.00172072882 0.0024574534 0.00200000009 0.00149999978 0.00259807566 0.00200000009 0.00149999978 0.00259807566 0 0.00149999978 0.00259807566 0 0.00149999978 0.00259807566 0.00200000009 0.00126785459 0.00271892408 0 0.00149999978 0.00259807566 0.00200000009 0.00126785459 0.00271892408 0.00200000009 0.00126785459 0.00271892408 0 0.00126785459 0.00271892408 0 0.00126785459 0.00271892408 0.00200000009 0.0010260609 0.00281907478 0 0.00126785459 0.00271892408 0.00200000009 0.0010260609 0.00281907478 0.00200000009 0.0010260609 0.00281907478 0 0.0010260609 0.00281907478 0 0.0010260609 0.00281907478 0.00200000009 0.000776457135 0.00289777527 0 0.0010260609 0.00281907478 0.00200000009 0.000776457135 0.00289777527 0.00200000009 0.000776457135 0.00289777527 0 0.000776457135 0.00289777527 0 0.000776457135 0.00289777527 0.00200000009 0.000520945061 0.00295442203 0 0.000776457135 0.00289777527 0.00200000009 0.000520945061 0.00295442203 0.00200000009 0.000520945061 0.00295442203 0 0.000520945061 0.00295442203 0 0.000520945061 0.00295442203 0.00200000009 0.000261467416 0.00298858294 0 0.000520945061 0.00295442203 0.00200000009 0.000261467416 0.00298858294 0.00200000009 0.000261467416 0.00298858294 0 0.000261467416 0.00298858294 0 0.000261467416 0.00298858294 0.00200000009 4.67896444e-10 0.00299999723 0 0.000261467416 0.00298858294 0.00200000009 4.67896444e-10 0.00299999723 0.00200000009 4.67896444e-10 0.00299999723 0 4.67896444e-10 0.00299999723 0 4.67896444e-10 0.00299999723 0.00200000009 -0.000261466485 0.00298858294 0 4.67896444e-10 0.00299999723 0.00200000009 -0.000261466485 0.00298858294 0.00200000009 -0.000261466485 0.00298858294 0 -0.000261466485 0.00298858294 0 -0.000261466485 0.00298858294 0.00200000009 -0.00052094413 0.00295442203 0 -0.000261466485 0.00298858294 0.00200000009 -0.00052094413 0.00295442203 0.00200000009 -0.00052094413 0.00295442203 0 -0.00052094413 0.00295442203 0 -0.00052094413 0.00295442203 0.00200000009 -0.000776458066 0.00289777527 0 -0.00052094413 0.00295442203 0.00200000009 -0.000776458066 0.00289777527 0.00200000009 -0.000776458066 0.00289777527 0 -0.000776458066 0.00289777527 0 -0.000776458066 0.00289777527 0.00200000009 -0.00102605997 0.00281907478 0 -0.000776458066 0.00289777527 0.00200000009 -0.00102605997 0.00281907478 0.00200000009 -0.00102605997 0.00281907478 0 -0.00102605997 0.00281907478 0 -0.00102605997 0.00281907478 0.00200000009 -0.00126785552 0.00271892408 0 -0.00102605997 0.00281907478 0.00200000009 -0.00126785552 0.00271892408 0.00200000009 -0.00126785552 0.00271892408 0 -0.00126785552 0.00271892408 0 -0.00126785552 0.00271892408 0.00200000009 -0.00150000071 0.00259807566 0 -0.00126785552 0.00271892408 0.00200000009 -0.00150000071 0.00259807566 0.00200000009 -0.00150000071 0.00259807566 0 -0.00150000071 0.00259807566 0 -0.00150000071 0.00259807566 0.00200000009 -0.00172072975 0.0024574534 0 -0.00150000071 0.00259807566 0.00200000009 -0.00172072975 0.0024574534 0.00200000009 -0.00172072975 0.0024574534 0 -0.00172072975 0.0024574534 0 -0.00172072975 0.0024574534 0.00200000009 -0.00192836253 0.00229813019 0 -0.00172072975 0.0024574534 0.00200000009 -0.00192836253 0.00229813019 0.00200000009 -0.00192836253 0.00229813019 0 -0.00192836253 0.00229813019 0 -0.00192836253 0.00229813019 0.00200000009 -0.00212131953 0.00212132046 0 -0.00192836253 0.00229813019 0.00200000009 -0.00212131953 0.00212132046 0.00200000009 -0.00212131953 0.00212132046 0 -0.00212131953 0.00212132046 0 -0.00212131953 0.00212132046 0.00200000009 -0.00229813298 0.00192836521 0 -0.00212131953 0.00212132046 0.00200000009 -0.00229813298 0.00192836521 0.00200000009 -0.00229813298 0.00192836521 0 -0.00229813298 0.00192836521 0 -0.00229813298 0.00192836521 0.00200000009 -0.0024574562 0.00172073243 0 -0.00229813298 0.00192836521 0.00200000009 -0.0024574562 0.00172073243 0.00200000009 -0.0024574562 0.00172073243 0 -0.0024574562 0.00172073243 0 -0.0024574562 0.00172073243 0.00200000009 -0.00259807659 0.00150000153 0 -0.0024574562 0.00172073243 0.00200000009 -0.00259807659 0.00150000153 0.00200000009 -0.00259807659 0.00150000153 0 -0.00259807659 0.00150000153 0 -0.00259807659 0.00150000153 0.00200000009 -0.00271892315 0.00126785634 0 -0.00259807659 0.00150000153 0.00200000009 -0.00271892315 0.00126785634 0.00200000009 -0.00271892315 0.00126785634 0 -0.00271892315 0.00126785634 0 -0.00271892315 0.00126785634 0.00200000009 -0.00281907758 0.00102606264 0 -0.00271892315 0.00126785634 0.00200000009 -0.00281907758 0.00102606264 0.00200000009 -0.00281907758 0.00102606264 0 -0.00281907758 0.00102606264 0 -0.00281907758 0.00102606264 0.00200000009 -0.00289777806 0.000776460744 0 -0.00281907758 0.00102606264 0.00200000009 -0.00289777806 0.000776460744 0.00200000009 -0.00289777806 0.000776460744 0 -0.00289777806 0.000776460744 0 -0.00289777806 0.000776460744 0.00200000009 -0.00295442296 0.000520943082 0 -0.00289777806 0.000776460744 0.00200000009 -0.00295442296 0.000520943082 0.00200000009 -0.00295442296 0.000520943082 0 -0.00295442296 0.000520943082 0 -0.00295442296 0.000520943082 0.00200000009 -0.00298858387 0.000261469191 0 -0.00295442296 0.000520943082 0.00200000009 -0.00298858387 0.000261469191 0.00200000009 -0.00298858387 0.000261469191 0 -0.00298858387 0.000261469191 0 -0.00298858387 0.000261469191 0.00200000009 -0.00300000003 -1.49011614e-09 0 -0.00298858387 0.000261469191 0.00200000009 -0.00300000003 -1.49011614e-09 0.00200000009 -0.00300000003 -1.49011614e-09 0 -0.00300000003 -1.49011614e-09 0 -0.00300000003 -1.49011614e-09 0.00200000009 -0.00298858387 -0.000261464709 0 -0.00300000003 -1.49011614e-09 0.00200000009 -0.00298858387 -0.000261464709 0.00200000009 -0.00298858387 -0.000261464709 0 -0.00298858387 -0.000261464709 0 -0.00298858387 -0.000261464709 0.00200000009 -0.00295442296 -0.000520946109 0 -0.00298858387 -0.000261464709 0.00200000009 -0.00295442296 -0.000520946109 0.00200000009 -0.00295442296 -0.000520946109 0 -0.00295442296 -0.000520946109 0 -0.00295442296 -0.000520946109 0.00200000009 -0.00289777806 -0.00077645632 0 -0.00295442296 -0.000520946109 0.00200000009 -0.00289777806 -0.00077645632 0.00200000009 -0.00289777806 -0.00077645632 0 -0.00289777806 -0.00077645632 0 -0.00289777806 -0.00077645632 0.00200000009 -0.00281907758 -0.00102605822 0 -0.00289777806 -0.00077645632 0.00200000009 -0.00281907758 -0.00102605822 0.00200000009 -0.00281907758 -0.00102605822 0 -0.00281907758 -0.00102605822 0 -0.00281907758 -0.00102605822 0.00200000009 -0.00271892315 -0.00126785191 0 -0.00281907758 -0.00102605822 0.00200000009 -0.00271892315 -0.00126785191 0.00200000009 -0.00271892315 -0.00126785191 0 -0.00271892315 -0.00126785191 0 -0.00271892315 -0.00126785191 0.00200000009 -0.00259807659 -0.0014999971 0 -0.00271892315 -0.00126785191 0.00200000009 -0.00259807659 -0.0014999971 0.00200000009 -0.00259807659 -0.0014999971 0 -0.00259807659 -0.0014999971 0 -0.00259807659 -0.0014999971 0.00200000009 -0.0024574562 -0.001720728 0 -0.00259807659 -0.0014999971 0.00200000009 -0.0024574562 -0.001720728 0.00200000009 -0.0024574562 -0.001720728 0 -0.0024574562 -0.001720728 0 -0.0024574562 -0.001720728 0.00200000009 -0.00229813298 -0.00192836078 0 -0.0024574562 -0.001720728 0.00200000009 -0.00229813298 -0.00192836078 0.00200000009 -0.00229813298 -0.00192836078 0 -0.00229813298 -0.00192836078 0 -0.00229813298 -0.00192836078 0.00200000009 -0.00212131953 -0.00212132325 0 -0.00229813298 -0.00192836078 0.00200000009 -0.00212131953 -0.00212132325 0.00200000009 -0.00212131953 -0.00212132325 0 -0.00212131953 -0.00212132325 0 -0.00212131953 -0.00212132325 0.00200000009 -0.00192836253 -0.00229813298 0 -0.00212131953 -0.00212132325 0.00200000009 -0.00192836253 -0.00229813298 0.00200000009 -0.00192836253 -0.00229813298 0 -0.00192836253 -0.00229813298 0 -0.00192836253 -0.00229813298 0.00200000009 -0.00172072975 -0.0024574562 0 -0.00192836253 -0.00229813298 0.00200000009 -0.00172072975 -0.0024574562 0.00200000009 -0.00172072975 -0.0024574562 0 -0.00172072975 -0.0024574562 0 -0.00172072975 -0.0024574562 0.00200000009 -0.00150000071 -0.00259807846 0 -0.00172072975 -0.0024574562 0.00200000009 -0.00150000071 -0.00259807846 0.00200000009 -0.00150000071 -0.00259807846 0 -0.00150000071 -0.00259807846 0 -0.00150000071 -0.00259807846 0.00200000009 -0.00126785552 -0.00271892687 0 -0.00150000071 -0.00259807846 0.00200000009 -0.00126785552 -0.00271892687 0.00200000009 -0.00126785552 -0.00271892687 0 -0.00126785552 -0.00271892687 0 -0.00126785552 -0.00271892687 0.00200000009 -0.00102605997 -0.00281907758 0 -0.00126785552 -0.00271892687 0.00200000009 -0.00102605997 -0.00281907758 0.00200000009 -0.00102605997 -0.00281907758 0 -0.00102605997 -0.00281907758 0 -0.00102605997 -0.00281907758 0.00200000009 -0.000776458066 -0.00289777806 0 -0.00102605997 -0.00281907758 0.00200000009 -0.000776458066 -0.00289777806 0.00200000009 -0.000776458066 -0.00289777806 0 -0.000776458066 -0.00289777806 0 -0.000776458066 -0.00289777806 0.00200000009 -0.00052094413 -0.00295442482 0 -0.000776458066 -0.00289777806 0.00200000009 -0.00052094413 -0.00295442482 0.00200000009 -0.00052094413 -0.00295442482 0 -0.00052094413 -0.00295442482 0 -0.00052094413 -0.00295442482 0.00200000009 -0.000261466485 -0.00298858574 0 -0.00052094413 -0.00295442482 0.00200000009 -0.000261466485 -0.00298858574 0.00200000009 -0.000261466485 -0.00298858574 0 -0.000261466485 -0.00298858574 0 -0.000261466485 -0.00298858574 0.00200000009 4.67896444e-10 -0.00300000003 0 -0.000261466485 -0.00298858574 0.00200000009 4.67896444e-10 -0.00300000003 0.00200000009 4.67896444e-10 -0.00300000003 0 4.67896444e-10 -0.00300000003 0 4.67896444e-10 -0.00300000003 0.00200000009 0.000261467416 -0.00298858574 0 4.67896444e-10 -0.00300000003 0.00200000009 0.000261467416 -0.00298858574 0.00200000009 0.000261467416 -0.00298858574 0 0.000261467416 -0.00298858574 0 0.000261467416 -0.00298858574 0.00200000009 0.000520945061 -0.00295442482 0 0.000261467416 -0.00298858574 0.00200000009 0.000520945061 -0.00295442482 0.00200000009 0.000520945061 -0.00295442482 0 0.000520945061 -0.00295442482 0 0.000520945061 -0.00295442482 0.00200000009 0.000776457135 -0.00289777806 0 0.000520945061 -0.00295442482 0.00200000009 0.000776457135 -0.00289777806 0.00200000009 0.000776457135 -0.00289777806 0 0.000776457135 -0.00289777806 0 0.000776457135 -0.00289777806 0.00200000009 0.0010260609 -0.00281907758 0 0.000776457135 -0.00289777806 0.00200000009 0.0010260609 -0.00281907758 0.00200000009 0.0010260609 -0.00281907758 0 0.0010260609 -0.00281907758 0 0.0010260609 -0.00281907758 0.00200000009 0.00126785459 -0.00271892687 0 0.0010260609 -0.00281907758 0.00200000009 0.00126785459 -0.00271892687 0.00200000009 0.00126785459 -0.00271892687 0 0.00126785459 -0.00271892687 0 0.00126785459 -0.00271892687 0.00200000009 0.00149999978 -0.00259807846 0 0.00126785459 -0.00271892687 0.00200000009 0.00149999978 -0.00259807846 0.00200000009 0.00149999978 -0.00259807846 0 0.00149999978 -0.00259807846 0 0.00149999978 -0.00259807846 0.00200000009 0.00172072882 -0.0024574562 0 0.00149999978 -0.00259807846 0.00200000009 0.00172072882 -0.0024574562 0.00200000009 0.00172072882 -0.0024574562 0 0.00172072882 -0.0024574562 0 0.00172072882 -0.0024574562 0.00200000009 0.00192836346 -0.00229813298 0 0.00172072882 -0.0024574562 0.00200000009 0.00192836346 -0.00229813298 0.00200000009 0.00192836346 -0.00229813298 0 0.00192836346 -0.00229813298 0 0.00192836346 -0.00229813298 0.00200000009 0.00212132046 -0.00212132325 0 0.00192836346 -0.00229813298 0.00200000009 0.00212132046 -0.00212132325 0.00200000009 0.00212132046 -0.00212132325 0 0.00212132046 -0.00212132325 0 0.00212132046 -0.00212132325 0.00200000009 0.00229813391 -0.00192836078 0 0.00212132046 -0.00212132325 0.00200000009 0.00229813391 -0.00192836078 0.00200000009 0.00229813391 -0.00192836078 0 0.00229813391 -0.00192836078 0 0.00229813391 -0.00192836078 0.00200000009 0.00245745527 -0.001720728 0 0.00229813391 -0.00192836078 0.00200000009 0.00245745527 -0.001720728 0.00200000009 0.00245745527 -0.001720728 0 0.00245745527 -0.001720728 0 0.00245745527 -0.001720728 0.00200000009 0.00259807566 -0.0014999971 0 0.00245745527 -0.001720728 0.00200000009 0.00259807566 -0.0014999971 0.00200000009 0.00259807566 -0.0014999971 0 0.00259807566 -0.0014999971 0 0.00259807566 -0.0014999971 0.00200000009 0.00271892408 -0.00126785191 0 0.00259807566 -0.0014999971 0.00200000009 0.00271892408 -0.00126785191 0.00200000009 0.00271892408 -0.00126785191 0 0.00271892408 -0.00126785191 0 0.00271892408 -0.00126785191 0.00200000009 0.00281907851 -0.00102605822 0 0.00271892408 -0.00126785191 0.00200000009 0.00281907851 -0.00102605822 0.00200000009 0.00281907851 -0.00102605822 0 0.00281907851 -0.00102605822 0 0.00281907851 -0.00102605822 0.00200000009 0.00289777713 -0.00077645632 0 0.00281907851 -0.00102605822 0.00200000009 0.00289777713 -0.00077645632 0.00200000009 0.00289777713 -0.00077645632 0 0.00289777713 -0.00077645632 0 0.00289777713 -0.00077645632 0.00200000009 0.00295442389 -0.000520946109 0 0.00289777713 -0.00077645632 0.00200000009 0.00295442389 -0.000520946109 0.00200000009 0.00295442389 -0.000520946109 0 0.00295442389 -0.000520946109 0 0.00295442389 -0.000520946109 0.00200000009 0.00298858481 -0.000261464709 0 0.00295442389 -0.000520946109 0.00200000009 0.00298858481 -0.000261464709 0.00200000009 0.00298858481 -0.000261464709 0 0.00298858481 -0.000261464709 0 0.00298858481 -0.000261464709 0.00200000009 0.00299999909 -1.49011614e-09 0 0.00298858481 -0.000261464709 0.00200000009 0.00299999909 -1.49011614e-09 0.00200000009 0.00299999909 -1.49011614e-09 0 0.00299999909 0.200000003 0 0.00299999909 0.200000003 0.00200000009 0.00298858481 0.200261459 0 0.00299999909 0.200000003 0.00200000009 0.00298858481 0.200261459 0.00200000009 0.00298858481 0.200261459 0 0.00298858481 0.200261459 0 0.00298858481 0.200261459 0.00200000009 0.00295442389 0.200520948 0 0.00298858481 0.200261459 0.00200000009 0.00295442389 0.200520948 0.00200000009 0.00295442389 0.200520948 0 0.00295442389 0.200520948 0 0.00295442389 0.200520948 0.00200000009 0.00289777713 0.200776458 0 0.00295442389 0.200520948 0.00200000009 0.00289777713 0.200776458 0.00200000009 0.00289777713 0.200776458 0 0.00289777713 0.200776458 0 0.00289777713 0.200776458 0.00200000009 0.00281907851 0.201026052 0 0.00289777713 0.200776458 0.00200000009 0.00281907851 0.201026052 0.00200000009 0.00281907851 0.201026052 0 0.00281907851 0.201026052 0 0.00281907851 0.201026052 0.00200000009 0.00271892408 0.201267853 0 0.00281907851 0.201026052 0.00200000009 0.00271892408 0.201267853 0.00200000009 0.00271892408 0.201267853 0 0.00271892408 0.201267853 0 0.00271892408 0.201267853 0.00200000009 0.00259807566 0.201499999 0 0.00271892408 0.201267853 0.00200000009 0.00259807566 0.201499999 0.00200000009 0.00259807566 0.201499999 0 0.00259807566 0.201499999 0 0.00259807566 0.201499999 0.00200000009 0.00245745527 0.201720729 0 0.00259807566 0.201499999 0.00200000009 0.00245745527 0.201720729 0.00200000009 0.00245745527 0.201720729 0 0.00245745527 0.201720729 0 0.00245745527 0.201720729 0.00200000009 0.00229813391 0.201928362 0 0.00245745527 0.201720729 0.00200000009 0.00229813391 0.201928362 0.00200000009 0.00229813391 0.201928362 0 0.00229813391 0.201928362 0 0.00229813391 0.201928362 0.00200000009 0.00212132046 0.202121317 0 0.00229813391 0.201928362 0.00200000009 0.00212132046 0.202121317 0.00200000009 0.00212132046 0.202121317 0 0.00212132046 0.202121317 0 0.00212132046 0.202121317 0.00200000009 0.00192836346 0.202298135 0 0.00212132046 0.202121317 0.00200000009 0.00192836346 0.202298135 0.00200000009 0.00192836346 0.202298135 0 0.00192836346 0.202298135 0 0.00192836346 0.202298135 0.00200000009 0.00172072882 0.202457458 0 0.00192836346 0.202298135 0.00200000009 0.00172072882 0.202457458 0.00200000009 0.00172072882 0.202457458 0 0.00172072882 0.202457458 0 0.00172072882 0.202457458 0.00200000009 0.00149999978 0.20259808 0 0.00172072882 0.202457458 0.00200000009 0.00149999978 0.20259808 0.00200000009 0.00149999978 0.20259808 0 0.00149999978 0.20259808 0 0.00149999978 0.20259808 0.00200000009 0.00126785459 0.202718928 0 0.00149999978 0.20259808 0.00200000009 0.00126785459 0.202718928 0.00200000009 0.00126785459 0.202718928 0 0.00126785459 0.202718928 0 0.00126785459 0.202718928 0.00200000009 0.0010260609 0.202819079 0 0.00126785459 0.202718928 0.00200000009 0.0010260609 0.202819079 0.00200000009 0.0010260609 0.202819079 0 0.0010260609 0.202819079 0 0.0010260609 0.202819079 0.00200000009 0.000776457135 0.202897772 0 0.0010260609 0.202819079 0.00200000009 0.000776457135 0.202897772 0.00200000009 0.000776457135 0.202897772 0 0.000776457135 0.202897772 0 0.000776457135 0.202897772 0.00200000009 0.000520945061 0.202954426 0 0.000776457135 0.202897772 0.00200000009 0.000520945061 0.202954426 0.00200000009 0.000520945061 0.202954426 0 0.000520945061 0.202954426 0 0.000520945061 0.202954426 0.00200000009 0.000261467416 0.20298858 0 0.000520945061 0.202954426 0.00200000009 0.000261467416 0.20298858 0.00200000009 0.000261467416 0.20298858 0 0.000261467416 0.20298858 0 0.000261467416 0.20298858 0.00200000009 4.67896444e-10 0.202999994 0 0.000261467416 0.20298858 0.00200000009 4.67896444e-10 0.202999994 0.00200000009 4.67896444e-10 0.202999994 0 4.67896444e-10 0.202999994 0 4.67896444e-10 0.202999994 0.00200000009 -0.000261466485 0.20298858 0 4.67896444e-10 0.202999994 0.00200000009 -0.000261466485 0.20298858 0.00200000009 -0.000261466485 0.20298858 0 -0.000261466485 0.20298858 0 -0.000261466485 0.20298858 0.00200000009 -0.00052094413 0.202954426 0 -0.000261466485 0.20298858 0.00200000009 -0.00052094413 0.202954426 0.00200000009 -0.00052094413 0.202954426 0 -0.00052094413 0.202954426 0 -0.00052094413 0.202954426 0.00200000009 -0.000776458066 0.202897772 0 -0.00052094413 0.202954426 0.00200000009 -0.000776458066 0.202897772 0.00200000009 -0.000776458066 0.202897772 0 -0.000776458066 0.202897772 0 -0.000776458066 0.202897772 0.00200000009 -0.00102605997 0.202819079 0 -0.000776458066 0.202897772 0.00200000009 -0.00102605997 0.202819079 0.00200000009 -0.00102605997 0.202819079 0 -0.00102605997 0.202819079 0 -0.00102605997 0.202819079 0.00200000009 -0.00126785552 0.202718928 0 -0.00102605997 0.202819079 0.00200000009 -0.00126785552 0.202718928 0.00200000009 -0.00126785552 0.202718928 0 -0.00126785552 0.202718928 0 -0.00126785552 0.202718928 0.00200000009 -0.00150000071 0.20259808 0 -0.00126785552 0.202718928 0.00200000009 -0.00150000071 0.20259808 0.00200000009 -0.00150000071 0.20259808 0 -0.00150000071 0.20259808 0 -0.00150000071 0.20259808 0.00200000009 -0.00172072975 0.202457458 0 -0.00150000071 0.20259808 0.00200000009 -0.00172072975 0.202457458 0.00200000009 -0.00172072975 0.202457458 0 -0.00172072975 0.202457458 0 -0.00172072975 0.202457458 0.00200000009 -0.00192836253 0.202298135 0 -0.00172072975 0.202457458 0.00200000009 -0.00192836253 0.202298135 0.00200000009 -0.00192836253 0.202298135 0 -0.00192836253 0.202298135 0 -0.00192836253 0.202298135 0.00200000009 -0.00212131953 0.202121317 0 -0.00192836253 0.202298135 0.00200000009 -0.00212131953 0.202121317 0.00200000009 -0.00212131953 0.202121317 0 -0.00212131953 0.202121317 0 -0.00212131953 0.202121317 0.00200000009 -0.00229813298 0.201928362 0 -0.00212131953 0.202121317 0.00200000009 -0.00229813298 0.201928362 0.00200000009 -0.00229813298 0.201928362 0 -0.00229813298 0.201928362 0 -0.00229813298 0.201928362 0.00200000009 -0.0024574562 0.201720729 0 -0.00229813298 0.201928362 0.00200000009 -0.0024574562 0.201720729 0.00200000009 -0.0024574562 0.201720729 0 -0.0024574562 0.201720729 0 -0.0024574562 0.201720729 0.00200000009 -0.00259807659 0.201499999 0 -0.0024574562 0.201720729 0.00200000009 -0.00259807659 0.201499999 0.00200000009 -0.00259807659 0.201499999 0 -0.00259807659 0.201499999 0 -0.00259807659 0.201499999 0.00200000009 -0.00271892315 0.201267853 0 -0.00259807659 0.201499999 0.00200000009 -0.00271892315 0.201267853 0.00200000009 -0.00271892315 0.201267853 0 -0.00271892315 0.201267853 0 -0.00271892315 0.201267853 0.00200000009 -0.00281907758 0.201026052 0 -0.00271892315 0.201267853 0.00200000009 -0.00281907758 0.201026052 0.00200000009 -0.00281907758 0.201026052 0 -0.00281907758 0.201026052 0 -0.00281907758 0.201026052 0.00200000009 -0.00289777806 0.200776458 0 -0.00281907758 0.201026052 0.00200000009 -0.00289777806 0.200776458 0.00200000009 -0.00289777806 0.200776458 0 -0.00289777806 0.200776458 0 -0.00289777806 0.200776458 0.00200000009 -0.00295442296 0.200520948 0 -0.00289777806 0.200776458 0.00200000009 -0.00295442296 0.200520948 0.00200000009 -0.00295442296 0.200520948 0 -0.00295442296 0.200520948 0 -0.00295442296 0.200520948 0.00200000009 -0.00298858387 0.200261459 0 -0.00295442296 0.200520948 0.00200000009 -0.00298858387 0.200261459 0.00200000009 -0.00298858387 0.200261459 0 -0.00298858387 0.200261459 0 -0.00298858387 0.200261459 0.00200000009 -0.00300000003 0.200000003 0 -0.00298858387 0.200261459 0.00200000009 -0.00300000003 0.200000003 0.00200000009 -0.00300000003 0.200000003 0 -0.00300000003 0.200000003 0 -0.00300000003 0.200000003 0.00200000009 -0.00298858387 0.199738532 0 -0.00300000003 0.200000003 0.00200000009 -0.00298858387 0.199738532 0.00200000009 -0.00298858387 0.199738532 0 -0.00298858387 0.199738532 0 -0.00298858387 0.199738532 0.00200000009 -0.00295442296 0.199479058 0 -0.00298858387 0.199738532 0.00200000009 -0.00295442296 0.199479058 0.00200000009 -0.00295442296 0.199479058 0 -0.00295442296 0.199479058 0 -0.00295442296 0.199479058 0.00200000009 -0.00289777806 0.199223533 0 -0.00295442296 0.199479058 0.00200000009 -0.00289777806 0.199223533 0.00200000009 -0.00289777806 0.199223533 0 -0.00289777806 0.199223533 0 -0.00289777806 0.199223533 0.00200000009 -0.00281907758 0.198973939 0 -0.00289777806 0.199223533 0.00200000009 -0.00281907758 0.198973939 0.00200000009 -0.00281907758 0.198973939 0 -0.00281907758 0.198973939 0 -0.00281907758 0.198973939 0.00200000009 -0.00271892315 0.198732138 0 -0.00281907758 0.198973939 0.00200000009 -0.00271892315 0.198732138 0.00200000009 -0.00271892315 0.198732138 0 -0.00271892315 0.198732138 0 -0.00271892315 0.198732138 0.00200000009 -0.00259807659 0.198499992 0 -0.00271892315 0.198732138 0.00200000009 -0.00259807659 0.198499992 0.00200000009 -0.00259807659 0.198499992 0 -0.00259807659 0.198499992 0 -0.00259807659 0.198499992 0.00200000009 -0.0024574562 0.198279262 0 -0.00259807659 0.198499992 0.00200000009 -0.0024574562 0.198279262 0.00200000009 -0.0024574562 0.198279262 0 -0.0024574562 0.198279262 0 -0.0024574562 0.198279262 0.00200000009 -0.00229813298 0.198071629 0 -0.0024574562 0.198279262 0.00200000009 -0.00229813298 0.198071629 0.00200000009 -0.00229813298 0.198071629 0 -0.00229813298 0.198071629 0 -0.00229813298 0.198071629 0.00200000009 -0.00212131953 0.197878674 0 -0.00229813298 0.198071629 0.00200000009 -0.00212131953 0.197878674 0.00200000009 -0.00212131953 0.197878674 0 -0.00212131953 0.197878674 0 -0.00212131953 0.197878674 0.00200000009 -0.00192836253 0.197701871 0 -0.00212131953 0.197878674 0.00200000009 -0.00192836253 0.197701871 0.00200000009 -0.00192836253 0.197701871 0 -0.00192836253 0.197701871 0 -0.00192836253 0.197701871 0.00200000009 -0.00172072975 0.197542548 0 -0.00192836253 0.197701871 0.00200000009 -0.00172072975 0.197542548 0.00200000009 -0.00172072975 0.197542548 0 -0.00172072975 0.197542548 0 -0.00172072975 0.197542548 0.00200000009 -0.00150000071 0.197401926 0 -0.00172072975 0.197542548 0.00200000009 -0.00150000071 0.197401926 0.00200000009 -0.00150000071 0.197401926 0 -0.00150000071 0.197401926 0 -0.00150000071 0.197401926 0.00200000009 -0.00126785552 0.197281078 0 -0.00150000071 0.197401926 0.00200000009 -0.00126785552 0.197281078 0.00200000009 -0.00126785552 0.197281078 0 -0.00126785552 0.197281078 0 -0.00126785552 0.197281078 0.00200000009 -0.00102605997 0.197180927 0 -0.00126785552 0.197281078 0.00200000009 -0.00102605997 0.197180927 0.00200000009 -0.00102605997 0.197180927 0 -0.00102605997 0.197180927 0 -0.00102605997 0.197180927 0.00200000009 -0.000776458066 0.197102219 0 -0.00102605997 0.197180927 0.00200000009 -0.000776458066 0.197102219 0.00200000009 -0.000776458066 0.197102219 0 -0.000776458066 0.197102219 0 -0.000776458066 0.197102219 0.00200000009 -0.00052094413 0.19704558 0 -0.000776458066 0.197102219 0.00200000009 -0.00052094413 0.19704558 0.00200000009 -0.00052094413 0.19704558 0 -0.00052094413 0.19704558 0 -0.00052094413 0.19704558 0.00200000009 -0.000261466485 0.197011411 0 -0.00052094413 0.19704558 0.00200000009 -0.000261466485 0.197011411 0.00200000009 -0.000261466485 0.197011411 0 -0.000261466485 0.197011411 0 -0.000261466485 0.197011411 0.00200000009 4.67896444e-10 0.196999997 0 -0.000261466485 0.197011411 0.00200000009 4.67896444e-10 0.196999997 0.00200000009 4.67896444e-10 0.196999997 0 4.67896444e-10 0.196999997 0 4.67896444e-10 0.196999997 0.00200000009 0.000261467416 0.197011411 0 4.67896444e-10 0.196999997 0.00200000009 0.000261467416 0.197011411 0.00200000009 0.000261467416 0.197011411 0 0.000261467416 0.197011411 0 0.000261467416 0.197011411 0.00200000009 0.000520945061 0.19704558 0 0.000261467416 0.197011411 0.00200000009 0.000520945061 0.19704558 0.00200000009 0.000520945061 0.19704558 0 0.000520945061 0.19704558 0 0.000520945061 0.19704558 0.00200000009 0.000776457135 0.197102219 0 0.000520945061 0.19704558 0.00200000009 0.000776457135 0.197102219 0.00200000009 0.000776457135 0.197102219 0 0.000776457135 0.197102219 0 0.000776457135 0.197102219 0.00200000009 0.0010260609 0.197180927 0 0.000776457135 0.197102219 0.00200000009 0.0010260609 0.197180927 0.00200000009 0.0010260609 0.197180927 0 0.0010260609 0.197180927 0 0.0010260609 0.197180927 0.00200000009 0.00126785459 0.197281078 0 0.0010260609 0.197180927 0.00200000009 0.00126785459 0.197281078 0.00200000009 0.00126785459 0.197281078 0 0.00126785459 0.197281078 0 0.00126785459 0.197281078 0.00200000009 0.00149999978 0.197401926 0 0.00126785459 0.197281078 0.00200000009 0.00149999978 0.197401926 0.00200000009 0.00149999978 0.197401926 0 0.00149999978 0.197401926 0 0.00149999978 0.197401926 0.00200000009 0.00172072882 0.197542548 0 0.00149999978 0.197401926 0.00200000009 0.00172072882 0.197542548 0.00200000009 0.00172072882 0.197542548 0 0.00172072882 0.197542548 0 0.00172072882 0.197542548 0.00200000009 0.00192836346 0.197701871 0 0.00172072882 0.197542548 0.00200000009 0.00192836346 0.197701871 0.00200000009 0.00192836346 0.197701871 0 0.00192836346 0.197701871 0 0.00192836346 0.197701871 0.00200000009 0.00212132046 0.197878674 0 0.00192836346 0.197701871 0.00200000009 0.00212132046 0.197878674 0.00200000009 0.00212132046 0.197878674 0 0.00212132046 0.197878674 0 0.00212132046 0.197878674 0.00200000009 0.00229813391 0.198071629 0 0.00212132046 0.197878674 0.00200000009 0.00229813391 0.198071629 0.00200000009 0.00229813391 0.198071629 0 0.00229813391 0.198071629 0 0.00229813391 0.198071629 0.00200000009 0.00245745527 0.198279262 0 0.00229813391 0.198071629 0.00200000009 0.00245745527 0.198279262 0.00200000009 0.00245745527 0.198279262 0 0.00245745527 0.198279262 0 0.00245745527 0.198279262 0.00200000009 0.00259807566 0.198499992 0 0.00245745527 0.198279262 0.00200000009 0.00259807566 0.198499992 0.00200000009 0.00259807566 0.198499992 0 0.00259807566 0.198499992 0 0.00259807566 0.198499992 0.00200000009 0.00271892408 0.198732138 0 0.00259807566 0.198499992 0.00200000009 0.00271892408 0.198732138 0.00200000009 0.00271892408 0.198732138 0 0.00271892408 0.198732138 0 0.00271892408 0.198732138 0.00200000009 0.00281907851 0.198973939 0 0.00271892408 0.198732138 0.00200000009 0.00281907851 0.198973939 0.00200000009 0.00281907851 0.198973939 0 0.00281907851 0.198973939 0 0.00281907851 0.198973939 0.00200000009 0.00289777713 0.199223533 0 0.00281907851 0.198973939 0.00200000009 0.00289777713 0.199223533 0.00200000009 0.00289777713 0.199223533 0 0.00289777713 0.199223533 0 0.00289777713 0.199223533 0.00200000009 0.00295442389 0.199479058 0 0.00289777713 0.199223533 0.00200000009 0.00295442389 0.199479058 0.00200000009 0.00295442389 0.199479058 0 0.00295442389 0.199479058 0 0.00295442389 0.199479058 0.00200000009 0.00298858481 0.199738532 0 0.00295442389 0.199479058 0.00200000009 0.00298858481 0.199738532 0.00200000009 0.00298858481 0.199738532 0 0.00298858481 0.199738532 0 0.00298858481 0.199738532 0.00200000009 0.00299999909 0.200000003 0 0.00298858481 0.199738532 0.00200000009 0.00299999909 0.200000003 0.00200000009 0.00299999909 0.200000003 0 0.0507000014 0.200000003 0 0.0507000014 0.200000003 0.00200000009 0.0506885834 0.200261459 0 0.0507000014 0.200000003 0.00200000009 0.0506885834 0.200261459 0.00200000009 0.0506885834 0.200261459 0 0.0506885834 0.200261459 0 0.0506885834 0.200261459 0.00200000009 0.0506544225 0.200520948 0 0.0506885834 0.200261459 0.00200000009 0.0506544225 0.200520948 0.00200000009 0.0506544225 0.200520948 0 0.0506544225 0.200520948 0 0.0506544225 0.200520948 0.00200000009 0.0505977795 0.200776458 0 0.0506544225 0.200520948 0.00200000009 0.0505977795 0.200776458 0.00200000009 0.0505977795 0.200776458 0 0.0505977795 0.200776458 0 0.0505977795 0.200776458 0.00200000009 0.050519079 0.201026052 0 0.0505977795 0.200776458 0.00200000009 0.050519079 0.201026052 0.00200000009 0.050519079 0.201026052 0 0.050519079 0.201026052 0 0.050519079 0.201026052 0.00200000009 0.0504189245 0.201267853 0 0.050519079 0.201026052 0.00200000009 0.0504189245 0.201267853 0.00200000009 0.0504189245 0.201267853 0 0.0504189245 0.201267853 0 0.0504189245 0.201267853 0.00200000009 0.0502980761 0.201499999 0 0.0504189245 0.201267853 0.00200000009 0.0502980761 0.201499999 0.00200000009 0.0502980761 0.201499999 0 0.0502980761 0.201499999 0 0.0502980761 0.201499999 0.00200000009 0.0501574576 0.201720729 0 0.0502980761 0.201499999 0.00200000009 0.0501574576 0.201720729 0.00200000009 0.0501574576 0.201720729 0 0.0501574576 0.201720729 0 0.0501574576 0.201720729 0.00200000009 0.0499981344 0.201928362 0 0.0501574576 0.201720729 0.00200000009 0.0499981344 0.201928362 0.00200000009 0.0499981344 0.201928362 0 0.0499981344 0.201928362 0 0.0499981344 0.201928362 0.00200000009 0.0498213209 0.202121317 0 0.0499981344 0.201928362 0.00200000009 0.0498213209 0.202121317 0.00200000009 0.0498213209 0.202121317 0 0.0498213209 0.202121317 0 0.0498213209 0.202121317 0.00200000009 0.0496283621 0.202298135 0 0.0498213209 0.202121317 0.00200000009 0.0496283621 0.202298135 0.00200000009 0.0496283621 0.202298135 0 0.0496283621 0.202298135 0 0.0496283621 0.202298135 0.00200000009 0.0494207293 0.202457458 0 0.0496283621 0.202298135 0.00200000009 0.0494207293 0.202457458 0.00200000009 0.0494207293 0.202457458 0 0.0494207293 0.202457458 0 0.0494207293 0.202457458 0.00200000009 0.0492000021 0.20259808 0 0.0494207293 0.202457458 0.00200000009 0.0492000021 0.20259808 0.00200000009 0.0492000021 0.20259808 0 0.0492000021 0.20259808 0 0.0492000021 0.20259808 0.00200000009 0.0489678569 0.202718928 0 0.0492000021 0.20259808 0.00200000009 0.0489678569 0.202718928 0.00200000009 0.0489678569 0.202718928 0 0.0489678569 0.202718928 0 0.0489678569 0.202718928 0.00200000009 0.0487260595 0.202819079 0 0.0489678569 0.202718928 0.00200000009 0.0487260595 0.202819079 0.00200000009 0.0487260595 0.202819079 0 0.0487260595 0.202819079 0 0.0487260595 0.202819079 0.00200000009 0.0484764576 0.202897772 0 0.0487260595 0.202819079 0.00200000009 0.0484764576 0.202897772 0.00200000009 0.0484764576 0.202897772 0 0.0484764576 0.202897772 0 0.0484764576 0.202897772 0.00200000009 0.0482209437 0.202954426 0 0.0484764576 0.202897772 0.00200000009 0.0482209437 0.202954426 0.00200000009 0.0482209437 0.202954426 0 0.0482209437 0.202954426 0 0.0482209437 0.202954426 0.00200000009 0.047961466 0.20298858 0 0.0482209437 0.202954426 0.00200000009 0.047961466 0.20298858 0.00200000009 0.047961466 0.20298858 0 0.047961466 0.20298858 0 0.047961466 0.20298858 0.00200000009 0.0476999991 0.202999994 0 0.047961466 0.20298858 0.00200000009 0.0476999991 0.202999994 0.00200000009 0.0476999991 0.202999994 0 0.0476999991 0.202999994 0 0.0476999991 0.202999994 0.00200000009 0.0474385321 0.20298858 0 0.0476999991 0.202999994 0.00200000009 0.0474385321 0.20298858 0.00200000009 0.0474385321 0.20298858 0 0.0474385321 0.20298858 0 0.0474385321 0.20298858 0.00200000009 0.0471790545 0.202954426 0 0.0474385321 0.20298858 0.00200000009 0.0471790545 0.202954426 0.00200000009 0.0471790545 0.202954426 0 0.0471790545 0.202954426 0 0.0471790545 0.202954426 0.00200000009 0.0469235443 0.202897772 0 0.0471790545 0.202954426 0.00200000009 0.0469235443 0.202897772 0.00200000009 0.0469235443 0.202897772 0 0.0469235443 0.202897772 0 0.0469235443 0.202897772 0.00200000009 0.0466739386 0.202819079 0 0.0469235443 0.202897772 0.00200000009 0.0466739386 0.202819079 0.00200000009 0.0466739386 0.202819079 0 0.0466739386 0.202819079 0 0.0466739386 0.202819079 0.00200000009 0.0464321449 0.202718928 0 0.0466739386 0.202819079 0.00200000009 0.0464321449 0.202718928 0.00200000009 0.0464321449 0.202718928 0 0.0464321449 0.202718928 0 0.0464321449 0.202718928 0.00200000009 0.0461999997 0.20259808 0 0.0464321449 0.202718928 0.00200000009 0.0461999997 0.20259808 0.00200000009 0.0461999997 0.20259808 0 0.0461999997 0.20259808 0 0.0461999997 0.20259808 0.00200000009 0.0459792726 0.202457458 0 0.0461999997 0.20259808 0.00200000009 0.0459792726 0.202457458 0.00200000009 0.0459792726 0.202457458 0 0.0459792726 0.202457458 0 0.0459792726 0.202457458 0.00200000009 0.0457716361 0.202298135 0 0.0459792726 0.202457458 0.00200000009 0.0457716361 0.202298135 0.00200000009 0.0457716361 0.202298135 0 0.0457716361 0.202298135 0 0.0457716361 0.202298135 0.00200000009 0.0455786809 0.202121317 0 0.0457716361 0.202298135 0.00200000009 0.0455786809 0.202121317 0.00200000009 0.0455786809 0.202121317 0 0.0455786809 0.202121317 0 0.0455786809 0.202121317 0.00200000009 0.0454018675 0.201928362 0 0.0455786809 0.202121317 0.00200000009 0.0454018675 0.201928362 0.00200000009 0.0454018675 0.201928362 0 0.0454018675 0.201928362 0 0.0454018675 0.201928362 0.00200000009 0.0452425443 0.201720729 0 0.0454018675 0.201928362 0.00200000009 0.0452425443 0.201720729 0.00200000009 0.0452425443 0.201720729 0 0.0452425443 0.201720729 0 0.0452425443 0.201720729 0.00200000009 0.0451019257 0.201499999 0 0.0452425443 0.201720729 0.00200000009 0.0451019257 0.201499999 0.00200000009 0.0451019257 0.201499999 0 0.0451019257 0.201499999 0 0.0451019257 0.201499999 0.00200000009 0.0449810773 0.201267853 0 0.0451019257 0.201499999 0.00200000009 0.0449810773 0.201267853 0.00200000009 0.0449810773 0.201267853 0 0.0449810773 0.201267853 0 0.0449810773 0.201267853 0.00200000009 0.0448809229 0.201026052 0 0.0449810773 0.201267853 0.00200000009 0.0448809229 0.201026052 0.00200000009 0.0448809229 0.201026052 0 0.0448809229 0.201026052 0 0.0448809229 0.201026052 0.00200000009 0.0448022224 0.200776458 0 0.0448809229 0.201026052 0.00200000009 0.0448022224 0.200776458 0.00200000009 0.0448022224 0.200776458 0 0.0448022224 0.200776458 0 0.0448022224 0.200776458 0.00200000009 0.0447455756 0.200520948 0 0.0448022224 0.200776458 0.00200000009 0.0447455756 0.200520948 0.00200000009 0.0447455756 0.200520948 0 0.0447455756 0.200520948 0 0.0447455756 0.200520948 0.00200000009 0.0447114147 0.200261459 0 0.0447455756 0.200520948 0.00200000009 0.0447114147 0.200261459 0.00200000009 0.0447114147 0.200261459 0 0.0447114147 0.200261459 0 0.0447114147 0.200261459 0.00200000009 0.0447000004 0.200000003 0 0.0447114147 0.200261459 0.00200000009 0.0447000004 0.200000003 0.00200000009 0.0447000004 0.200000003 0 0.0447000004 0.200000003 0 0.0447000004 0.200000003 0.00200000009 0.0447114147 0.199738532 0 0.0447000004 0.200000003 0.00200000009 0.0447114147 0.199738532 0.00200000009 0.0447114147 0.199738532 0 0.0447114147 0.199738532 0 0.0447114147 0.199738532 0.00200000009 0.0447455756 0.199479058 0 0.0447114147 0.199738532 0.00200000009 0.0447455756 0.199479058 0.00200000009 0.0447455756 0.199479058 0 0.0447455756 0.199479058 0 0.0447455756 0.199479058 0.00200000009 0.0448022224 0.199223533 0 0.0447455756 0.199479058 0.00200000009 0.0448022224 0.199223533 0.00200000009 0.0448022224 0.199223533 0 0.0448022224 0.199223533 0 0.0448022224 0.199223533 0.00200000009 0.0448809229 0.198973939 0 0.0448022224 0.199223533 0.00200000009 0.0448809229 0.198973939 0.00200000009 0.0448809229 0.198973939 0 0.0448809229 0.198973939 0 0.0448809229 0.198973939 0.00200000009 0.0449810773 0.198732138 0 0.0448809229 0.198973939 0.00200000009 0.0449810773 0.198732138 0.00200000009 0.0449810773 0.198732138 0 0.0449810773 0.198732138 0 0.0449810773 0.198732138 0.00200000009 0.0451019257 0.198499992 0 0.0449810773 0.198732138 0.00200000009 0.0451019257 0.198499992 0.00200000009 0.0451019257 0.198499992 0 0.0451019257 0.198499992 0 0.0451019257 0.198499992 0.00200000009 0.0452425443 0.198279262 0 0.0451019257 0.198499992 0.00200000009 0.0452425443 0.198279262 0.00200000009 0.0452425443 0.198279262 0 0.0452425443 0.198279262 0 0.0452425443 0.198279262 0.00200000009 0.0454018675 0.198071629 0 0.0452425443 0.198279262 0.00200000009 0.0454018675 0.198071629 0.00200000009 0.0454018675 0.198071629 0 0.0454018675 0.198071629 0 0.0454018675 0.198071629 0.00200000009 0.0455786809 0.197878674 0 0.0454018675 0.198071629 0.00200000009 0.0455786809 0.197878674 0.00200000009 0.0455786809 0.197878674 0 0.0455786809 0.197878674 0 0.0455786809 0.197878674 0.00200000009 0.0457716361 0.197701871 0 0.0455786809 0.197878674 0.00200000009 0.0457716361 0.197701871 0.00200000009 0.0457716361 0.197701871 0 0.0457716361 0.197701871 0 0.0457716361 0.197701871 0.00200000009 0.0459792726 0.197542548 0 0.0457716361 0.197701871 0.00200000009 0.0459792726 0.197542548 0.00200000009 0.0459792726 0.197542548 0 0.0459792726 0.197542548 0 0.0459792726 0.197542548 0.00200000009 0.0461999997 0.197401926 0 0.0459792726 0.197542548 0.00200000009 0.0461999997 0.197401926 0.00200000009 0.0461999997 0.197401926 0 0.0461999997 0.197401926 0 0.0461999997 0.197401926 0.00200000009 0.0464321449 0.197281078 0 0.0461999997 0.197401926 0.00200000009 0.0464321449 0.197281078 0.00200000009 0.0464321449 0.197281078 0 0.0464321449 0.197281078 0 0.0464321449 0.197281078 0.00200000009 0.0466739386 0.197180927 0 0.0464321449 0.197281078 0.00200000009 0.0466739386 0.197180927 0.00200000009 0.0466739386 0.197180927 0 0.0466739386 0.197180927 0 0.0466739386 0.197180927 0.00200000009 0.0469235443 0.197102219 0 0.0466739386 0.197180927 0.00200000009 0.0469235443 0.197102219 0.00200000009 0.0469235443 0.197102219 0 0.0469235443 0.197102219 0 0.0469235443 0.197102219 0.00200000009 0.0471790545 0.19704558 0 0.0469235443 0.197102219 0.00200000009 0.0471790545 0.19704558 0.00200000009 0.0471790545 0.19704558 0 0.0471790545 0.19704558 0 0.0471790545 0.19704558 0.00200000009 0.0474385321 0.197011411 0 0.0471790545 0.19704558 0.00200000009 0.0474385321 0.197011411 0.00200000009 0.0474385321 0.197011411 0 0.0474385321 0.197011411 0 0.0474385321 0.197011411 0.00200000009 0.0476999991 0.196999997 0 0.0474385321 0.197011411 0.00200000009 0.0476999991 0.196999997 0.00200000009 0.0476999991 0.196999997 0 0.0476999991 0.196999997 0 0.0476999991 0.196999997 0.00200000009 0.047961466 0.197011411 0 0.0476999991 0.196999997 0.00200000009 0.047961466 0.197011411 0.00200000009 0.047961466 0.197011411 0 0.047961466 0.197011411 0 0.047961466 0.197011411 0.00200000009 0.0482209437 0.19704558 0 0.047961466 0.197011411 0.00200000009 0.0482209437 0.19704558 0.00200000009 0.0482209437 0.19704558 0 0.0482209437 0.19704558 0 0.0482209437 0.19704558 0.00200000009 0.0484764576 0.197102219 0 0.0482209437 0.19704558 0.00200000009 0.0484764576 0.197102219 0.00200000009 0.0484764576 0.197102219 0 0.0484764576 0.197102219 0 0.0484764576 0.197102219 0.00200000009 0.0487260595 0.197180927 0 0.0484764576 0.197102219 0.00200000009 0.0487260595 0.197180927 0.00200000009 0.0487260595 0.197180927 0 0.0487260595 0.197180927 0 0.0487260595 0.197180927 0.00200000009 0.0489678569 0.197281078 0 0.0487260595 0.197180927 0.00200000009 0.0489678569 0.197281078 0.00200000009 0.0489678569 0.197281078 0 0.0489678569 0.197281078 0 0.0489678569 0.197281078 0.00200000009 0.0492000021 0.197401926 0 0.0489678569 0.197281078 0.00200000009 0.0492000021 0.197401926 0.00200000009 0.0492000021 0.197401926 0 0.0492000021 0.197401926 0 0.0492000021 0.197401926 0.00200000009 0.0494207293 0.197542548 0 0.0492000021 0.197401926 0.00200000009 0.0494207293 0.197542548 0.00200000009 0.0494207293 0.197542548 0 0.0494207293 0.197542548 0 0.0494207293 0.197542548 0.00200000009 0.0496283621 0.197701871 0 0.0494207293 0.197542548 0.00200000009 0.0496283621 0.197701871 0.00200000009 0.0496283621 0.197701871 0 0.0496283621 0.197701871 0 0.0496283621 0.197701871 0.00200000009 0.0498213209 0.197878674 0 0.0496283621 0.197701871 0.00200000009 0.0498213209 0.197878674 0.00200000009 0.0498213209 0.197878674 0 0.0498213209 0.197878674 0 0.0498213209 0.197878674 0.00200000009 0.0499981344 0.198071629 0 0.0498213209 0.197878674 0.00200000009 0.0499981344 0.198071629 0.00200000009 0.0499981344 0.198071629 0 0.0499981344 0.198071629 0 0.0499981344 0.198071629 0.00200000009 0.0501574576 0.198279262 0 0.0499981344 0.198071629 0.00200000009 0.0501574576 0.198279262 0.00200000009 0.0501574576 0.198279262 0 0.0501574576 0.198279262 0 0.0501574576 0.198279262 0.00200000009 0.0502980761 0.198499992 0 0.0501574576 0.198279262 0.00200000009 0.0502980761 0.198499992 0.00200000009 0.0502980761 0.198499992 0 0.0502980761 0.198499992 0 0.0502980761 0.198499992 0.00200000009 0.0504189245 0.198732138 0 0.0502980761 0.198499992 0.00200000009 0.0504189245 0.198732138 0.00200000009 0.0504189245 0.198732138 0 0.0504189245 0.198732138 0 0.0504189245 0.198732138 0.00200000009 0.050519079 0.198973939 0 0.0504189245 0.198732138 0.00200000009 0.050519079 0.198973939 0.00200000009 0.050519079 0.198973939 0 0.050519079 0.198973939 0 0.050519079 0.198973939 0.00200000009 0.0505977795 0.199223533 0 0.050519079 0.198973939 0.00200000009 0.0505977795 0.199223533 0.00200000009 0.0505977795 0.199223533 0 0.0505977795 0.199223533 0 0.0505977795 0.199223533 0.00200000009 0.0506544225 0.199479058 0 0.0505977795 0.199223533 0.00200000009 0.0506544225 0.199479058 0.00200000009 0.0506544225 0.199479058 0 0.0506544225 0.199479058 0 0.0506544225 0.199479058 0.00200000009 0.0506885834 0.199738532 0 0.0506544225 0.199479058 0.00200000009 0.0506885834 0.199738532 0.00200000009 0.0506885834 0.199738532 0 0.0506885834 0.199738532 0 0.0506885834 0.199738532 0.00200000009 0.0507000014 0.200000003 0 0.0506885834 0.199738532 0.00200000009 0.0507000014 0.200000003 0.00200000009 0.0507000014 0.200000003 0 -0.0141499983 -0.0199999977 0.00200000009 -0.0141499983 -0.0199999977 0 -0.0095749991 -0.0199999977 0.00200000009 -0.0141499983 -0.0199999977 0 -0.0095749991 -0.0199999977 0 -0.0095749991 -0.0199999977 0.00200000009 -0.0095749991 -0.0199999977 0.00200000009 -0.0095749991 -0.0199999977 0 0.00385000044 -0.0199999977 0.00200000009 -0.0095749991 -0.0199999977 0 0.00385000044 -0.0199999977 0 0.00385000044 -0.0199999977 0.00200000009 0.00385000044 -0.0199999977 0.00200000009 0.00385000044 -0.0199999977 0 0.0238499995 -0.0199999977 0.00200000009 0.00385000044 -0.0199999977 0 0.0238499995 -0.0199999977 0 0.0238499995 -0.0199999977 0.00200000009 0.0238499995 -0.0199999977 0.00200000009 0.0238499995 -0.0199999977 0 0.0438500009 -0.0199999977 0.00200000009 0.0238499995 -0.0199999977 0 0.0438500009 -0.0199999977 0 0.0438500009 -0.0199999977 0.00200000009 0.0438500009 -0.0199999977 0.00200000009 0.0438500009 -0.0199999977 0 0.0618500002 -0.0199999977 0.00200000009 0.0438500009 -0.0199999977 0 0.0618500002 -0.0199999977 0 0.0618500002 -0.0199999977 0.00200000009 0.0430000015 0.100000001 0 0.0430000015 0.100000001 0.00200000009 0.0429885834 0.100261465 0 0.0430000015 0.100000001 0.00200000009 0.0429885834 0.100261465 0.00200000009 0.0429885834 0.100261465 0 0.0429885834 0.100261465 0 0.0429885834 0.100261465 0.00200000009 0.0429544225 0.100520946 0 0.0429885834 0.100261465 0.00200000009 0.0429544225 0.100520946 0.00200000009 0.0429544225 0.100520946 0 0.0429544225 0.100520946 0 0.0429544225 0.100520946 0.00200000009 0.0428977795 0.100776456 0 0.0429544225 0.100520946 0.00200000009 0.0428977795 0.100776456 0.00200000009 0.0428977795 0.100776456 0 0.0428977795 0.100776456 0 0.0428977795 0.100776456 0.00200000009 0.042819079 0.101026058 0 0.0428977795 0.100776456 0.00200000009 0.042819079 0.101026058 0.00200000009 0.042819079 0.101026058 0 0.042819079 0.101026058 0 0.042819079 0.101026058 0.00200000009 0.0427189246 0.101267852 0 0.042819079 0.101026058 0.00200000009 0.0427189246 0.101267852 0.00200000009 0.0427189246 0.101267852 0 0.0427189246 0.101267852 0 0.0427189246 0.101267852 0.00200000009 0.0425980762 0.101499997 0 0.0427189246 0.101267852 0.00200000009 0.0425980762 0.101499997 0.00200000009 0.0425980762 0.101499997 0 0.0425980762 0.101499997 0 0.0425980762 0.101499997 0.00200000009 0.0424574576 0.101720728 0 0.0425980762 0.101499997 0.00200000009 0.0424574576 0.101720728 0.00200000009 0.0424574576 0.101720728 0 0.0424574576 0.101720728 0 0.0424574576 0.101720728 0.00200000009 0.0422981344 0.101928361 0 0.0424574576 0.101720728 0.00200000009 0.0422981344 0.101928361 0.00200000009 0.0422981344 0.101928361 0 0.0422981344 0.101928361 0 0.0422981344 0.101928361 0.00200000009 0.042121321 0.102121323 0 0.0422981344 0.101928361 0.00200000009 0.042121321 0.102121323 0.00200000009 0.042121321 0.102121323 0 0.042121321 0.102121323 0 0.042121321 0.102121323 0.00200000009 0.0419283621 0.102298133 0 0.042121321 0.102121323 0.00200000009 0.0419283621 0.102298133 0.00200000009 0.0419283621 0.102298133 0 0.0419283621 0.102298133 0 0.0419283621 0.102298133 0.00200000009 0.0417207293 0.102457456 0 0.0419283621 0.102298133 0.00200000009 0.0417207293 0.102457456 0.00200000009 0.0417207293 0.102457456 0 0.0417207293 0.102457456 0 0.0417207293 0.102457456 0.00200000009 0.0415000021 0.102598079 0 0.0417207293 0.102457456 0.00200000009 0.0415000021 0.102598079 0.00200000009 0.0415000021 0.102598079 0 0.0415000021 0.102598079 0 0.0415000021 0.102598079 0.00200000009 0.041267857 0.102718927 0 0.0415000021 0.102598079 0.00200000009 0.041267857 0.102718927 0.00200000009 0.041267857 0.102718927 0 0.041267857 0.102718927 0 0.041267857 0.102718927 0.00200000009 0.0410260595 0.102819078 0 0.041267857 0.102718927 0.00200000009 0.0410260595 0.102819078 0.00200000009 0.0410260595 0.102819078 0 0.0410260595 0.102819078 0 0.0410260595 0.102819078 0.00200000009 0.0407764576 0.102897778 0 0.0410260595 0.102819078 0.00200000009 0.0407764576 0.102897778 0.00200000009 0.0407764576 0.102897778 0 0.0407764576 0.102897778 0 0.0407764576 0.102897778 0.00200000009 0.0405209437 0.102954425 0 0.0407764576 0.102897778 0.00200000009 0.0405209437 0.102954425 0.00200000009 0.0405209437 0.102954425 0 0.0405209437 0.102954425 0 0.0405209437 0.102954425 0.00200000009 0.0402614661 0.102988586 0 0.0405209437 0.102954425 0.00200000009 0.0402614661 0.102988586 0.00200000009 0.0402614661 0.102988586 0 0.0402614661 0.102988586 0 0.0402614661 0.102988586 0.00200000009 0.0399999991 0.103 0 0.0402614661 0.102988586 0.00200000009 0.0399999991 0.103 0.00200000009 0.0399999991 0.103 0 0.0399999991 0.103 0 0.0399999991 0.103 0.00200000009 0.0397385322 0.102988586 0 0.0399999991 0.103 0.00200000009 0.0397385322 0.102988586 0.00200000009 0.0397385322 0.102988586 0 0.0397385322 0.102988586 0 0.0397385322 0.102988586 0.00200000009 0.0394790545 0.102954425 0 0.0397385322 0.102988586 0.00200000009 0.0394790545 0.102954425 0.00200000009 0.0394790545 0.102954425 0 0.0394790545 0.102954425 0 0.0394790545 0.102954425 0.00200000009 0.0392235443 0.102897778 0 0.0394790545 0.102954425 0.00200000009 0.0392235443 0.102897778 0.00200000009 0.0392235443 0.102897778 0 0.0392235443 0.102897778 0 0.0392235443 0.102897778 0.00200000009 0.0389739387 0.102819078 0 0.0392235443 0.102897778 0.00200000009 0.0389739387 0.102819078 0.00200000009 0.0389739387 0.102819078 0 0.0389739387 0.102819078 0 0.0389739387 0.102819078 0.00200000009 0.038732145 0.102718927 0 0.0389739387 0.102819078 0.00200000009 0.038732145 0.102718927 0.00200000009 0.038732145 0.102718927 0 0.038732145 0.102718927 0 0.038732145 0.102718927 0.00200000009 0.0384999998 0.102598079 0 0.038732145 0.102718927 0.00200000009 0.0384999998 0.102598079 0.00200000009 0.0384999998 0.102598079 0 0.0384999998 0.102598079 0 0.0384999998 0.102598079 0.00200000009 0.0382792689 0.102457456 0 0.0384999998 0.102598079 0.00200000009 0.0382792689 0.102457456 0.00200000009 0.0382792689 0.102457456 0 0.0382792689 0.102457456 0 0.0382792689 0.102457456 0.00200000009 0.0380716361 0.102298133 0 0.0382792689 0.102457456 0.00200000009 0.0380716361 0.102298133 0.00200000009 0.0380716361 0.102298133 0 0.0380716361 0.102298133 0 0.0380716361 0.102298133 0.00200000009 0.037878681 0.102121323 0 0.0380716361 0.102298133 0.00200000009 0.037878681 0.102121323 0.00200000009 0.037878681 0.102121323 0 0.037878681 0.102121323 0 0.037878681 0.102121323 0.00200000009 0.0377018675 0.101928361 0 0.037878681 0.102121323 0.00200000009 0.0377018675 0.101928361 0.00200000009 0.0377018675 0.101928361 0 0.0377018675 0.101928361 0 0.0377018675 0.101928361 0.00200000009 0.0375425443 0.101720728 0 0.0377018675 0.101928361 0.00200000009 0.0375425443 0.101720728 0.00200000009 0.0375425443 0.101720728 0 0.0375425443 0.101720728 0 0.0375425443 0.101720728 0.00200000009 0.037401922 0.101499997 0 0.0375425443 0.101720728 0.00200000009 0.037401922 0.101499997 0.00200000009 0.037401922 0.101499997 0 0.037401922 0.101499997 0 0.037401922 0.101499997 0.00200000009 0.0372810774 0.101267852 0 0.037401922 0.101499997 0.00200000009 0.0372810774 0.101267852 0.00200000009 0.0372810774 0.101267852 0 0.0372810774 0.101267852 0 0.0372810774 0.101267852 0.00200000009 0.0371809229 0.101026058 0 0.0372810774 0.101267852 0.00200000009 0.0371809229 0.101026058 0.00200000009 0.0371809229 0.101026058 0 0.0371809229 0.101026058 0 0.0371809229 0.101026058 0.00200000009 0.0371022224 0.100776456 0 0.0371809229 0.101026058 0.00200000009 0.0371022224 0.100776456 0.00200000009 0.0371022224 0.100776456 0 0.0371022224 0.100776456 0 0.0371022224 0.100776456 0.00200000009 0.0370455757 0.100520946 0 0.0371022224 0.100776456 0.00200000009 0.0370455757 0.100520946 0.00200000009 0.0370455757 0.100520946 0 0.0370455757 0.100520946 0 0.0370455757 0.100520946 0.00200000009 0.0370114148 0.100261465 0 0.0370455757 0.100520946 0.00200000009 0.0370114148 0.100261465 0.00200000009 0.0370114148 0.100261465 0 0.0370114148 0.100261465 0 0.0370114148 0.100261465 0.00200000009 0.0370000005 0.100000001 0 0.0370114148 0.100261465 0.00200000009 0.0370000005 0.100000001 0.00200000009 0.0370000005 0.100000001 0 0.0370000005 0.100000001 0 0.0370000005 0.100000001 0.00200000009 0.0370114148 0.0997385308 0 0.0370000005 0.100000001 0.00200000009 0.0370114148 0.0997385308 0.00200000009 0.0370114148 0.0997385308 0 0.0370114148 0.0997385308 0 0.0370114148 0.0997385308 0.00200000009 0.0370455757 0.0994790569 0 0.0370114148 0.0997385308 0.00200000009 0.0370455757 0.0994790569 0.00200000009 0.0370455757 0.0994790569 0 0.0370455757 0.0994790569 0 0.0370455757 0.0994790569 0.00200000009 0.0371022224 0.0992235392 0 0.0370455757 0.0994790569 0.00200000009 0.0371022224 0.0992235392 0.00200000009 0.0371022224 0.0992235392 0 0.0371022224 0.0992235392 0 0.0371022224 0.0992235392 0.00200000009 0.0371809229 0.0989739373 0 0.0371022224 0.0992235392 0.00200000009 0.0371809229 0.0989739373 0.00200000009 0.0371809229 0.0989739373 0 0.0371809229 0.0989739373 0 0.0371809229 0.0989739373 0.00200000009 0.0372810774 0.0987321436 0 0.0371809229 0.0989739373 0.00200000009 0.0372810774 0.0987321436 0.00200000009 0.0372810774 0.0987321436 0 0.0372810774 0.0987321436 0 0.0372810774 0.0987321436 0.00200000009 0.037401922 0.0984999985 0 0.0372810774 0.0987321436 0.00200000009 0.037401922 0.0984999985 0.00200000009 0.037401922 0.0984999985 0 0.037401922 0.0984999985 0 0.037401922 0.0984999985 0.00200000009 0.0375425443 0.0982792675 0 0.037401922 0.0984999985 0.00200000009 0.0375425443 0.0982792675 0.00200000009 0.0375425443 0.0982792675 0 0.0375425443 0.0982792675 0 0.0375425443 0.0982792675 0.00200000009 0.0377018675 0.0980716348 0 0.0375425443 0.0982792675 0.00200000009 0.0377018675 0.0980716348 0.00200000009 0.0377018675 0.0980716348 0 0.0377018675 0.0980716348 0 0.0377018675 0.0980716348 0.00200000009 0.037878681 0.0978786796 0 0.0377018675 0.0980716348 0.00200000009 0.037878681 0.0978786796 0.00200000009 0.037878681 0.0978786796 0 0.037878681 0.0978786796 0 0.037878681 0.0978786796 0.00200000009 0.0380716361 0.0977018699 0 0.037878681 0.0978786796 0.00200000009 0.0380716361 0.0977018699 0.00200000009 0.0380716361 0.0977018699 0 0.0380716361 0.0977018699 0 0.0380716361 0.0977018699 0.00200000009 0.0382792689 0.0975425467 0 0.0380716361 0.0977018699 0.00200000009 0.0382792689 0.0975425467 0.00200000009 0.0382792689 0.0975425467 0 0.0382792689 0.0975425467 0 0.0382792689 0.0975425467 0.00200000009 0.0384999998 0.0974019244 0 0.0382792689 0.0975425467 0.00200000009 0.0384999998 0.0974019244 0.00200000009 0.0384999998 0.0974019244 0 0.0384999998 0.0974019244 0 0.0384999998 0.0974019244 0.00200000009 0.038732145 0.097281076 0 0.0384999998 0.0974019244 0.00200000009 0.038732145 0.097281076 0.00200000009 0.038732145 0.097281076 0 0.038732145 0.097281076 0 0.038732145 0.097281076 0.00200000009 0.0389739387 0.0971809253 0 0.038732145 0.097281076 0.00200000009 0.0389739387 0.0971809253 0.00200000009 0.0389739387 0.0971809253 0 0.0389739387 0.0971809253 0 0.0389739387 0.0971809253 0.00200000009 0.0392235443 0.0971022248 0 0.0389739387 0.0971809253 0.00200000009 0.0392235443 0.0971022248 0.00200000009 0.0392235443 0.0971022248 0 0.0392235443 0.0971022248 0 0.0392235443 0.0971022248 0.00200000009 0.0394790545 0.0970455781 0 0.0392235443 0.0971022248 0.00200000009 0.0394790545 0.0970455781 0.00200000009 0.0394790545 0.0970455781 0 0.0394790545 0.0970455781 0 0.0394790545 0.0970455781 0.00200000009 0.0397385322 0.0970114172 0 0.0394790545 0.0970455781 0.00200000009 0.0397385322 0.0970114172 0.00200000009 0.0397385322 0.0970114172 0 0.0397385322 0.0970114172 0 0.0397385322 0.0970114172 0.00200000009 0.0399999991 0.0970000029 0 0.0397385322 0.0970114172 0.00200000009 0.0399999991 0.0970000029 0.00200000009 0.0399999991 0.0970000029 0 0.0399999991 0.0970000029 0 0.0399999991 0.0970000029 0.00200000009 0.0402614661 0.0970114172 0 0.0399999991 0.0970000029 0.00200000009 0.0402614661 0.0970114172 0.00200000009 0.0402614661 0.0970114172 0 0.0402614661 0.0970114172 0 0.0402614661 0.0970114172 0.00200000009 0.0405209437 0.0970455781 0 0.0402614661 0.0970114172 0.00200000009 0.0405209437 0.0970455781 0.00200000009 0.0405209437 0.0970455781 0 0.0405209437 0.0970455781 0 0.0405209437 0.0970455781 0.00200000009 0.0407764576 0.0971022248 0 0.0405209437 0.0970455781 0.00200000009 0.0407764576 0.0971022248 0.00200000009 0.0407764576 0.0971022248 0 0.0407764576 0.0971022248 0 0.0407764576 0.0971022248 0.00200000009 0.0410260595 0.0971809253 0 0.0407764576 0.0971022248 0.00200000009 0.0410260595 0.0971809253 0.00200000009 0.0410260595 0.0971809253 0 0.0410260595 0.0971809253 0 0.0410260595 0.0971809253 0.00200000009 0.041267857 0.097281076 0 0.0410260595 0.0971809253 0.00200000009 0.041267857 0.097281076 0.00200000009 0.041267857 0.097281076 0 0.041267857 0.097281076 0 0.041267857 0.097281076 0.00200000009 0.0415000021 0.0974019244 0 0.041267857 0.097281076 0.00200000009 0.0415000021 0.0974019244 0.00200000009 0.0415000021 0.0974019244 0 0.0415000021 0.0974019244 0 0.0415000021 0.0974019244 0.00200000009 0.0417207293 0.0975425467 0 0.0415000021 0.0974019244 0.00200000009 0.0417207293 0.0975425467 0.00200000009 0.0417207293 0.0975425467 0 0.0417207293 0.0975425467 0 0.0417207293 0.0975425467 0.00200000009 0.0419283621 0.0977018699 0 0.0417207293 0.0975425467 0.00200000009 0.0419283621 0.0977018699 0.00200000009 0.0419283621 0.0977018699 0 0.0419283621 0.0977018699 0 0.0419283621 0.0977018699 0.00200000009 0.042121321 0.0978786796 0 0.0419283621 0.0977018699 0.00200000009 0.042121321 0.0978786796 0.00200000009 0.042121321 0.0978786796 0 0.042121321 0.0978786796 0 0.042121321 0.0978786796 0.00200000009 0.0422981344 0.0980716348 0 0.042121321 0.0978786796 0.00200000009 0.0422981344 0.0980716348 0.00200000009 0.0422981344 0.0980716348 0 0.0422981344 0.0980716348 0 0.0422981344 0.0980716348 0.00200000009 0.0424574576 0.0982792675 0 0.0422981344 0.0980716348 0.00200000009 0.0424574576 0.0982792675 0.00200000009 0.0424574576 0.0982792675 0 0.0424574576 0.0982792675 0 0.0424574576 0.0982792675 0.00200000009 0.0425980762 0.0984999985 0 0.0424574576 0.0982792675 0.00200000009 0.0425980762 0.0984999985 0.00200000009 0.0425980762 0.0984999985 0 0.0425980762 0.0984999985 0 0.0425980762 0.0984999985 0.00200000009 0.0427189246 0.0987321436 0 0.0425980762 0.0984999985 0.00200000009 0.0427189246 0.0987321436 0.00200000009 0.0427189246 0.0987321436 0 0.0427189246 0.0987321436 0 0.0427189246 0.0987321436 0.00200000009 0.042819079 0.0989739373 0 0.0427189246 0.0987321436 0.00200000009 0.042819079 0.0989739373 0.00200000009 0.042819079 0.0989739373 0 0.042819079 0.0989739373 0 0.042819079 0.0989739373 0.00200000009 0.0428977795 0.0992235392 0 0.042819079 0.0989739373 0.00200000009 0.0428977795 0.0992235392 0.00200000009 0.0428977795 0.0992235392 0 0.0428977795 0.0992235392 0 0.0428977795 0.0992235392 0.00200000009 0.0429544225 0.0994790569 0 0.0428977795 0.0992235392 0.00200000009 0.0429544225 0.0994790569 0.00200000009 0.0429544225 0.0994790569 0 0.0429544225 0.0994790569 0 0.0429544225 0.0994790569 0.00200000009 0.0429885834 0.0997385308 0 0.0429544225 0.0994790569 0.00200000009 0.0429885834 0.0997385308 0.00200000009 0.0429885834 0.0997385308 0 0.0429885834 0.0997385308 0 0.0429885834 0.0997385308 0.00200000009 0.0430000015 0.100000001 0 0.0429885834 0.0997385308 0.00200000009 0.0430000015 0.100000001 0.00200000009 0.0430000015 0.100000001 0 -0.0141499983 -0.0199999977 0 -0.0141499983 -0.0199999977 0.00200000009 -0.0143243121 -0.0199923906 0.00200000009 -0.0141499983 -0.0199999977 0 -0.0143243121 -0.0199923906 0.00200000009 -0.0143243121 -0.0199923906 0 -0.0143243121 -0.0199923906 0.00200000009 -0.014497296 -0.0199696142 0.00200000009 -0.0143243121 -0.0199923906 0 -0.0143243121 -0.0199923906 0 -0.014497296 -0.0199696142 0.00200000009 -0.014497296 -0.0199696142 0 -0.014497296 -0.0199696142 0.00200000009 -0.0146676386 -0.0199318547 0.00200000009 -0.014497296 -0.0199696142 0 -0.014497296 -0.0199696142 0 -0.0146676386 -0.0199318547 0.00200000009 -0.0146676386 -0.0199318547 0 -0.0146676386 -0.0199318547 0.00200000009 -0.0148340398 -0.0198793877 0.00200000009 -0.0146676386 -0.0199318547 0 -0.0146676386 -0.0199318547 0 -0.0148340398 -0.0198793877 0.00200000009 -0.0148340398 -0.0198793877 0 -0.0148340398 -0.0198793877 0.00200000009 -0.0149952369 -0.0198126156 0.00200000009 -0.0148340398 -0.0198793877 0 -0.0148340398 -0.0198793877 0 -0.0149952369 -0.0198126156 0.00200000009 -0.0149952369 -0.0198126156 0 -0.0149952369 -0.0198126156 0.00200000009 -0.0151500003 -0.0197320525 0.00200000009 -0.0149952369 -0.0198126156 0 -0.0149952369 -0.0198126156 0 -0.0151500003 -0.0197320525 0.00200000009 -0.0151500003 -0.0197320525 0 -0.0151500003 -0.0197320525 0.00200000009 -0.015297153 -0.0196383018 0.00200000009 -0.0151500003 -0.0197320525 0 -0.0151500003 -0.0197320525 0 -0.015297153 -0.0196383018 0.00200000009 -0.015297153 -0.0196383018 0 -0.015297153 -0.0196383018 0.00200000009 -0.0154355736 -0.0195320863 0.00200000009 -0.015297153 -0.0196383018 0 -0.015297153 -0.0196383018 0 -0.0154355736 -0.0195320863 0.00200000009 -0.0154355736 -0.0195320863 0 -0.0154355736 -0.0195320863 0.00200000009 -0.0155642116 -0.0194142107 0.00200000009 -0.0154355736 -0.0195320863 0 -0.0154355736 -0.0195320863 0 -0.0155642116 -0.0194142107 0.00200000009 -0.0155642116 -0.0194142107 0 -0.0155642116 -0.0194142107 0.00200000009 -0.0156820882 -0.0192855764 0.00200000009 -0.0155642116 -0.0194142107 0 -0.0155642116 -0.0194142107 0 -0.0156820882 -0.0192855764 0.00200000009 -0.0156820882 -0.0192855764 0 -0.0156820882 -0.0192855764 0.00200000009 -0.0157883037 -0.0191471521 0.00200000009 -0.0156820882 -0.0192855764 0 -0.0156820882 -0.0192855764 0 -0.0157883037 -0.0191471521 0.00200000009 -0.0157883037 -0.0191471521 0 -0.0157883037 -0.0191471521 0.00200000009 -0.0158820506 -0.0190000031 0.00200000009 -0.0157883037 -0.0191471521 0 -0.0157883037 -0.0191471521 0 -0.0158820506 -0.0190000031 0.00200000009 -0.0158820506 -0.0190000031 0 -0.0158820506 -0.0190000031 0.00200000009 -0.0159626175 -0.0188452397 0.00200000009 -0.0158820506 -0.0190000031 0 -0.0158820506 -0.0190000031 0 -0.0159626175 -0.0188452397 0.00200000009 -0.0159626175 -0.0188452397 0 -0.0159626175 -0.0188452397 0.00200000009 -0.0160293858 -0.0186840389 0.00200000009 -0.0159626175 -0.0188452397 0 -0.0159626175 -0.0188452397 0 -0.0160293858 -0.0186840389 0.00200000009 -0.0160293858 -0.0186840389 0 -0.0160293858 -0.0186840389 0.00200000009 -0.0160818528 -0.0185176376 0.00200000009 -0.0160293858 -0.0186840389 0 -0.0160293858 -0.0186840389 0 -0.0160818528 -0.0185176376 0.00200000009 -0.0160818528 -0.0185176376 0 -0.0160818528 -0.0185176376 0.00200000009 -0.0161196161 -0.018347295 0.00200000009 -0.0160818528 -0.0185176376 0 -0.0160818528 -0.0185176376 0 -0.0161196161 -0.018347295 0.00200000009 -0.0161196161 -0.018347295 0 -0.0161196161 -0.018347295 0.00200000009 -0.0161423888 -0.0181743149 0.00200000009 -0.0161196161 -0.018347295 0 -0.0161196161 -0.018347295 0 -0.0161423888 -0.0181743149 0.00200000009 -0.0161423888 -0.0181743149 0 -0.0161423888 -0.0181743149 0.00200000009 -0.0161499996 -0.0180000011 0.00200000009 -0.0161423888 -0.0181743149 0 -0.0161423888 -0.0181743149 0 -0.0161499996 -0.0180000011 0.00200000009 -0.0161499996 -0.0180000011 0 -0.0161499996 0.217999995 0.00200000009 -0.0161499996 0.217999995 0 -0.0161499996 0.150000006 0.00200000009 -0.0161499996 0.217999995 0 -0.0161499996 0.150000006 0 -0.0161499996 0.150000006 0.00200000009 -0.0161499996 0.150000006 0.00200000009 -0.0161499996 0.150000006 0 -0.0161499996 0.0500000007 0.00200000009 -0.0161499996 0.150000006 0 -0.0161499996 0.0500000007 0 -0.0161499996 0.0500000007 0.00200000009 -0.0161499996 0.0500000007 0.00200000009 -0.0161499996 0.0500000007 0 -0.0161499996 -0.0115000028 0.00200000009 -0.0161499996 0.0500000007 0 -0.0161499996 -0.0115000028 0 -0.0161499996 -0.0115000028 0.00200000009 -0.0161499996 -0.0115000028 0.00200000009 -0.0161499996 -0.0115000028 0 -0.0161499996 -0.0180000011 0.00200000009 -0.0161499996 -0.0115000028 0 -0.0161499996 -0.0180000011 0 -0.0161499996 -0.0180000011 0.00200000009 -0.0161499996 0.217999995 0 -0.0161499996 0.217999995 0.00200000009 -0.0161423888 0.218174309 0.00200000009 -0.0161499996 0.217999995 0 -0.0161423888 0.218174309 0.00200000009 -0.0161423888 0.218174309 0 -0.0161423888 0.218174309 0.00200000009 -0.0161196161 0.218347296 0.00200000009 -0.0161423888 0.218174309 0 -0.0161423888 0.218174309 0 -0.0161196161 0.218347296 0.00200000009 -0.0161196161 0.218347296 0 -0.0161196161 0.218347296 0.00200000009 -0.0160818528 0.218517631 0.00200000009 -0.0161196161 0.218347296 0 -0.0161196161 0.218347296 0 -0.0160818528 0.218517631 0.00200000009 -0.0160818528 0.218517631 0 -0.0160818528 0.218517631 0.00200000009 -0.0160293858 0.218684033 0.00200000009 -0.0160818528 0.218517631 0 -0.0160818528 0.218517631 0 -0.0160293858 0.218684033 0.00200000009 -0.0160293858 0.218684033 0 -0.0160293858 0.218684033 0.00200000009 -0.0159626175 0.218845233 0.00200000009 -0.0160293858 0.218684033 0 -0.0160293858 0.218684033 0 -0.0159626175 0.218845233 0.00200000009 -0.0159626175 0.218845233 0 -0.0159626175 0.218845233 0.00200000009 -0.0158820506 0.218999997 0.00200000009 -0.0159626175 0.218845233 0 -0.0159626175 0.218845233 0 -0.0158820506 0.218999997 0.00200000009 -0.0158820506 0.218999997 0 -0.0158820506 0.218999997 0.00200000009 -0.0157883037 0.219147146 0.00200000009 -0.0158820506 0.218999997 0 -0.0158820506 0.218999997 0 -0.0157883037 0.219147146 0.00200000009 -0.0157883037 0.219147146 0 -0.0157883037 0.219147146 0.00200000009 -0.0156820882 0.219285578 0.00200000009 -0.0157883037 0.219147146 0 -0.0157883037 0.219147146 0 -0.0156820882 0.219285578 0.00200000009 -0.0156820882 0.219285578 0 -0.0156820882 0.219285578 0.00200000009 -0.0155642116 0.219414204 0.00200000009 -0.0156820882 0.219285578 0 -0.0156820882 0.219285578 0 -0.0155642116 0.219414204 0.00200000009 -0.0155642116 0.219414204 0 -0.0155642116 0.219414204 0.00200000009 -0.0154355736 0.219532087 0.00200000009 -0.0155642116 0.219414204 0 -0.0155642116 0.219414204 0 -0.0154355736 0.219532087 0.00200000009 -0.0154355736 0.219532087 0 -0.0154355736 0.219532087 0.00200000009 -0.015297153 0.219638303 0.00200000009 -0.0154355736 0.219532087 0 -0.0154355736 0.219532087 0 -0.015297153 0.219638303 0.00200000009 -0.015297153 0.219638303 0 -0.015297153 0.219638303 0.00200000009 -0.0151500003 0.219732046 0.00200000009 -0.015297153 0.219638303 0 -0.015297153 0.219638303 0 -0.0151500003 0.219732046 0.00200000009 -0.0151500003 0.219732046 0 -0.0151500003 0.219732046 0.00200000009 -0.0149952369 0.219812617 0.00200000009 -0.0151500003 0.219732046 0 -0.0151500003 0.219732046 0 -0.0149952369 0.219812617 0.00200000009 -0.0149952369 0.219812617 0 -0.0149952369 0.219812617 0.00200000009 -0.0148340398 0.219879389 0.00200000009 -0.0149952369 0.219812617 0 -0.0149952369 0.219812617 0 -0.0148340398 0.219879389 0.00200000009 -0.0148340398 0.219879389 0 -0.0148340398 0.219879389 0.00200000009 -0.0146676386 0.219931856 0.00200000009 -0.0148340398 0.219879389 0 -0.0148340398 0.219879389 0 -0.0146676386 0.219931856 0.00200000009 -0.0146676386 0.219931856 0 -0.0146676386 0.219931856 0.00200000009 -0.014497296 0.219969615 0.00200000009 -0.0146676386 0.219931856 0 -0.0146676386 0.219931856 0 -0.014497296 0.219969615 0.00200000009 -0.014497296 0.219969615 0 -0.014497296 0.219969615 0.00200000009 -0.0143243121 0.219992384 0.00200000009 -0.014497296 0.219969615 0 -0.014497296 0.219969615 0 -0.0143243121 0.219992384 0.00200000009 -0.0143243121 0.219992384 0 -0.0143243121 0.219992384 0.00200000009 -0.0141499983 0.219999999 0.00200000009 -0.0143243121 0.219992384 0 -0.0143243121 0.219992384 0 -0.0141499983 0.219999999 0.00200000009 -0.0141499983 0.219999999 0 0.0618500002 0.219999999 0.00200000009 0.0618500002 0.219999999 0 0.0438500009 0.219999999 0.00200000009 0.0618500002 0.219999999 0 0.0438500009 0.219999999 0 0.0438500009 0.219999999 0.00200000009 0.0438500009 0.219999999 0.00200000009 0.0438500009 0.219999999 0 0.0238499995 0.219999999 0.00200000009 0.0438500009 0.219999999 0 0.0238499995 0.219999999 0 0.0238499995 0.219999999 0.00200000009 0.0238499995 0.219999999 0.00200000009 0.0238499995 0.219999999 0 0.00385000044 0.219999999 0.00200000009 0.0238499995 0.219999999 0 0.00385000044 0.219999999 0 0.00385000044 0.219999999 0.00200000009 0.00385000044 0.219999999 0.00200000009 0.00385000044 0.219999999 0 -0.0095749991 0.219999999 0.00200000009 0.00385000044 0.219999999 0 -0.0095749991 0.219999999 0 -0.0095749991 0.219999999 0.00200000009 -0.0095749991 0.219999999 0.00200000009 -0.0095749991 0.219999999 0 -0.0141499983 0.219999999 0.00200000009 -0.0095749991 0.219999999 0 -0.0141499983 0.219999999 0 -0.0141499983 0.219999999 0.00200000009 0.0238499995 -0.0115000028 0 0.00385000044 -0.0115000028 0 0.00385000044 0.0500000007 0 0.0457716361 0.202298135 0 0.0455786809 0.202121317 0 0.0438500009 0.219999999 0 0.0474385321 0.20298858 0 0.0438500009 0.219999999 0 0.0476999991 0.202999994 0 0.0438500009 0.219999999 0 0.047961466 0.20298858 0 0.0476999991 0.202999994 0 0.0474385321 0.20298858 0 0.0471790545 0.202954426 0 0.0438500009 0.219999999 0 0.0471790545 0.202954426 0 0.0469235443 0.202897772 0 0.0438500009 0.219999999 0 0.0438500009 0.219999999 0 0.0469235443 0.202897772 0 0.0466739386 0.202819079 0 0.0457716361 0.202298135 0 0.0438500009 0.219999999 0 0.0459792726 0.202457458 0 0.0457716361 0.197701871 0 0.0459792726 0.197542548 0 0.0438500009 0.150000006 0 0.0459792726 0.197542548 0 0.0461999997 0.197401926 0 0.0438500009 0.150000006 0 0.0438500009 0.150000006 0 0.0461999997 0.197401926 0 0.0464321449 0.197281078 0 0.0464321449 0.197281078 0 0.0466739386 0.197180927 0 0.0438500009 0.150000006 0 0.0466739386 0.197180927 0 0.0469235443 0.197102219 0 0.0438500009 0.150000006 0 0.0438500009 0.150000006 0 0.0469235443 0.197102219 0 0.0471790545 0.19704558 0 0.047961466 0.197011411 0 0.0482209437 0.19704558 0 0.0638500005 0.150000006 0 0.0482209437 0.19704558 0 0.0484764576 0.197102219 0 0.0638500005 0.150000006 0 0.0638500005 0.150000006 0 0.0484764576 0.197102219 0 0.0487260595 0.197180927 0 0.0494207293 0.202457458 0 0.0492000021 0.20259808 0 0.0618500002 0.219999999 0 0.0492000021 0.20259808 0 0.0489678569 0.202718928 0 0.0618500002 0.219999999 0 0.0455786809 0.202121317 0 0.0454018675 0.201928362 0 0.0438500009 0.219999999 0 0.0454018675 0.201928362 0 0.0452425443 0.201720729 0 0.0438500009 0.219999999 0 0.0438500009 0.219999999 0 0.0452425443 0.201720729 0 0.0451019257 0.201499999 0 0.0447114147 0.200261459 0 0.0438500009 0.219999999 0 0.0447455756 0.200520948 0 0.0438500009 0.219999999 0 0.0448022224 0.200776458 0 0.0447455756 0.200520948 0 0.0471790545 0.19704558 0 0.0474385321 0.197011411 0 0.0438500009 0.150000006 0 0.0474385321 0.197011411 0 0.0476999991 0.196999997 0 0.0438500009 0.150000006 0 0.0438500009 0.150000006 0 0.0476999991 0.196999997 0 0.047961466 0.197011411 0 0.0625340417 0.219879389 0 0.0496283621 0.202298135 0 0.0623676404 0.219931856 0 0.0496283621 0.202298135 0 0.0621972978 0.219969615 0 0.0623676404 0.219931856 0 0.0489678569 0.202718928 0 0.0487260595 0.202819079 0 0.0618500002 0.219999999 0 0.0487260595 0.202819079 0 0.0484764576 0.202897772 0 0.0618500002 0.219999999 0 0.0618500002 0.219999999 0 0.0484764576 0.202897772 0 0.0438500009 0.219999999 0 0.0484764576 0.202897772 0 0.0482209437 0.202954426 0 0.0438500009 0.219999999 0 0.0438500009 0.219999999 0 0.0482209437 0.202954426 0 0.047961466 0.20298858 0 0.0451019257 0.201499999 0 0.0449810773 0.201267853 0 0.0438500009 0.219999999 0 0.0449810773 0.201267853 0 0.0448809229 0.201026052 0 0.0438500009 0.219999999 0 0.0438500009 0.219999999 0 0.0448809229 0.201026052 0 0.0448022224 0.200776458 0 0.0438500009 0.150000006 0 0.0448022224 0.199223533 0 0.0448809229 0.198973939 0 0.0452425443 0.198279262 0 0.0454018675 0.198071629 0 0.0438500009 0.150000006 0 0.0454018675 0.198071629 0 0.0455786809 0.197878674 0 0.0438500009 0.150000006 0 0.0438500009 0.150000006 0 0.0455786809 0.197878674 0 0.0457716361 0.197701871 0 0.0487260595 0.197180927 0 0.0489678569 0.197281078 0 0.0638500005 0.150000006 0 0.0489678569 0.197281078 0 0.0492000021 0.197401926 0 0.0638500005 0.150000006 0 0.0638500005 0.150000006 0 0.0492000021 0.197401926 0 0.0494207293 0.197542548 0 0.0494207293 0.197542548 0 0.0496283621 0.197701871 0 0.0638500005 0.150000006 0 0.0496283621 0.197701871 0 0.0498213209 0.197878674 0 0.0638500005 0.150000006 0 0.0638500005 0.150000006 0 0.0498213209 0.197878674 0 0.0499981344 0.198071629 0 0.0499981344 0.198071629 0 0.0501574576 0.198279262 0 0.0638500005 0.150000006 0 0.0501574576 0.198279262 0 0.0502980761 0.198499992 0 0.0638500005 0.150000006 0 0.0638500005 0.150000006 0 0.0502980761 0.198499992 0 0.0504189245 0.198732138 0 0.0494207293 0.202457458 0 0.0618500002 0.219999999 0 0.0496283621 0.202298135 0 0.0618500002 0.219999999 0 0.062024314 0.219992384 0 0.0496283621 0.202298135 0 0.0496283621 0.202298135 0 0.062024314 0.219992384 0 0.0621972978 0.219969615 0 0.0625340417 0.219879389 0 0.062695235 0.219812617 0 0.0496283621 0.202298135 0 0.062695235 0.219812617 0 0.0628499985 0.219732046 0 0.0496283621 0.202298135 0 0.0496283621 0.202298135 0 0.0628499985 0.219732046 0 0.0629971549 0.219638303 0 0.0466739386 0.202819079 0 0.0464321449 0.202718928 0 0.0438500009 0.219999999 0 0.0464321449 0.202718928 0 0.0461999997 0.20259808 0 0.0438500009 0.219999999 0 0.0438500009 0.219999999 0 0.0461999997 0.20259808 0 0.0459792726 0.202457458 0 0.0447000004 0.200000003 0 0.0447114147 0.199738532 0 0.0438500009 0.150000006 0 0.0447114147 0.199738532 0 0.0447455756 0.199479058 0 0.0438500009 0.150000006 0 0.0438500009 0.150000006 0 0.0447455756 0.199479058 0 0.0448022224 0.199223533 0 0.0448809229 0.198973939 0 0.0449810773 0.198732138 0 0.0438500009 0.150000006 0 0.0449810773 0.198732138 0 0.0451019257 0.198499992 0 0.0438500009 0.150000006 0 0.0438500009 0.150000006 0 0.0451019257 0.198499992 0 0.0452425443 0.198279262 0 0.0504189245 0.198732138 0 0.050519079 0.198973939 0 0.0638500005 0.150000006 0 0.050519079 0.198973939 0 0.0505977795 0.199223533 0 0.0638500005 0.150000006 0 0.0638500005 0.150000006 0 0.0505977795 0.199223533 0 0.0638500005 0.217999995 0 0.0638500005 0.217999995 0 0.0505977795 0.200776458 0 0.050519079 0.201026052 0 0.06378185 0.218517631 0 0.0496283621 0.202298135 0 0.0637293831 0.218684033 0 0.0496283621 0.202298135 0 0.0636626184 0.218845233 0 0.0637293831 0.218684033 0 0.0629971549 0.219638303 0 0.0631355718 0.219532087 0 0.0496283621 0.202298135 0 0.0631355718 0.219532087 0 0.0632642135 0.219414204 0 0.0496283621 0.202298135 0 0.0496283621 0.202298135 0 0.0632642135 0.219414204 0 0.0633820891 0.219285578 0 0.0633820891 0.219285578 0 0.0634883046 0.219147146 0 0.0496283621 0.202298135 0 0.0634883046 0.219147146 0 0.0635820478 0.218999997 0 0.0496283621 0.202298135 0 0.0496283621 0.202298135 0 0.0635820478 0.218999997 0 0.0636626184 0.218845233 0 0.0505977795 0.199223533 0 0.0506544225 0.199479058 0 0.0638500005 0.217999995 0 0.0506544225 0.199479058 0 0.0506885834 0.199738532 0 0.0638500005 0.217999995 0 0.0638500005 0.217999995 0 0.0506885834 0.199738532 0 0.0507000014 0.200000003 0 0.050519079 0.201026052 0 0.0504189245 0.201267853 0 0.0638500005 0.217999995 0 0.0504189245 0.201267853 0 0.0502980761 0.201499999 0 0.0638500005 0.217999995 0 0.0638500005 0.217999995 0 0.0502980761 0.201499999 0 0.0501574576 0.201720729 0 0.0507000014 0.200000003 0 0.0506885834 0.200261459 0 0.0638500005 0.217999995 0 0.0506885834 0.200261459 0 0.0506544225 0.200520948 0 0.0638500005 0.217999995 0 0.0638500005 0.217999995 0 0.0506544225 0.200520948 0 0.0505977795 0.200776458 0 0.0501574576 0.201720729 0 0.0499981344 0.201928362 0 0.0638500005 0.217999995 0 0.0499981344 0.201928362 0 0.0498213209 0.202121317 0 0.0638500005 0.217999995 0 0.0638500005 0.217999995 0 0.0498213209 0.202121317 0 0.063842386 0.218174309 0 0.0498213209 0.202121317 0 0.0496283621 0.202298135 0 0.063842386 0.218174309 0 0.063842386 0.218174309 0 0.0496283621 0.202298135 0 0.063819617 0.218347296 0 0.0496283621 0.202298135 0 0.06378185 0.218517631 0 0.063819617 0.218347296 0 -0.0161499996 0.150000006 0 -0.0161499996 0.217999995 0 -0.0095749991 0.219999999 0 -0.0156820882 0.219285578 0 -0.0155642116 0.219414204 0 -0.0161499996 0.217999995 0 -0.0161499996 0.217999995 0 -0.0151500003 0.219732046 0 -0.0149952369 0.219812617 0 -0.0155642116 0.219414204 0 -0.0154355736 0.219532087 0 -0.0161499996 0.217999995 0 -0.0154355736 0.219532087 0 -0.015297153 0.219638303 0 -0.0161499996 0.217999995 0 -0.0161499996 0.217999995 0 -0.015297153 0.219638303 0 -0.0151500003 0.219732046 0 -0.0149952369 0.219812617 0 -0.0148340398 0.219879389 0 -0.0161499996 0.217999995 0 -0.0148340398 0.219879389 0 -0.0146676386 0.219931856 0 -0.0161499996 0.217999995 0 -0.0161499996 0.217999995 0 -0.0146676386 0.219931856 0 -0.014497296 0.219969615 0 -0.014497296 0.219969615 0 -0.0143243121 0.219992384 0 -0.0161499996 0.217999995 0 -0.0143243121 0.219992384 0 -0.0141499983 0.219999999 0 -0.0161499996 0.217999995 0 -0.0161499996 0.217999995 0 -0.0141499983 0.219999999 0 -0.0095749991 0.219999999 0 -0.0161499996 0.217999995 0 -0.0161423888 0.218174309 0 -0.0161196161 0.218347296 0 -0.0161196161 0.218347296 0 -0.0160818528 0.218517631 0 -0.0161499996 0.217999995 0 -0.0160818528 0.218517631 0 -0.0160293858 0.218684033 0 -0.0161499996 0.217999995 0 -0.0161499996 0.217999995 0 -0.0160293858 0.218684033 0 -0.0159626175 0.218845233 0 -0.0159626175 0.218845233 0 -0.0158820506 0.218999997 0 -0.0161499996 0.217999995 0 -0.0158820506 0.218999997 0 -0.0157883037 0.219147146 0 -0.0161499996 0.217999995 0 -0.0161499996 0.217999995 0 -0.0157883037 0.219147146 0 -0.0156820882 0.219285578 0 -0.0161499996 -0.0180000011 0 -0.0141499983 -0.0199999977 0 -0.0143243121 -0.0199923906 0 -0.0143243121 -0.0199923906 0 -0.014497296 -0.0199696142 0 -0.0161499996 -0.0180000011 0 -0.014497296 -0.0199696142 0 -0.0146676386 -0.0199318547 0 -0.0161499996 -0.0180000011 0 -0.0161499996 -0.0180000011 0 -0.0146676386 -0.0199318547 0 -0.0148340398 -0.0198793877 0 -0.0148340398 -0.0198793877 0 -0.0149952369 -0.0198126156 0 -0.0161499996 -0.0180000011 0 -0.0149952369 -0.0198126156 0 -0.0151500003 -0.0197320525 0 -0.0161499996 -0.0180000011 0 -0.0161499996 -0.0180000011 0 -0.0151500003 -0.0197320525 0 -0.015297153 -0.0196383018 0 -0.0161499996 -0.0180000011 0 -0.0156820882 -0.0192855764 0 -0.0157883037 -0.0191471521 0 -0.0160293858 -0.0186840389 0 -0.0160818528 -0.0185176376 0 -0.0161499996 -0.0180000011 0 -0.0160818528 -0.0185176376 0 -0.0161196161 -0.018347295 0 -0.0161499996 -0.0180000011 0 -0.0161499996 -0.0180000011 0 -0.0161196161 -0.018347295 0 -0.0161423888 -0.0181743149 0 -0.015297153 -0.0196383018 0 -0.0154355736 -0.0195320863 0 -0.0161499996 -0.0180000011 0 -0.0154355736 -0.0195320863 0 -0.0155642116 -0.0194142107 0 -0.0161499996 -0.0180000011 0 -0.0161499996 -0.0180000011 0 -0.0155642116 -0.0194142107 0 -0.0156820882 -0.0192855764 0 -0.0157883037 -0.0191471521 0 -0.0158820506 -0.0190000031 0 -0.0161499996 -0.0180000011 0 -0.0158820506 -0.0190000031 0 -0.0159626175 -0.0188452397 0 -0.0161499996 -0.0180000011 0 -0.0161499996 -0.0180000011 0 -0.0159626175 -0.0188452397 0 -0.0160293858 -0.0186840389 0 0.0631355718 -0.0195320863 0 0.0629971549 -0.0196383018 0 0.0638500005 -0.0180000011 0 0.0629971549 -0.0196383018 0 0.0628499985 -0.0197320525 0 0.0638500005 -0.0180000011 0 0.0638500005 -0.0180000011 0 0.0628499985 -0.0197320525 0 0.062695235 -0.0198126156 0 0.062695235 -0.0198126156 0 0.0625340417 -0.0198793877 0 0.0638500005 -0.0180000011 0 0.0625340417 -0.0198793877 0 0.0623676404 -0.0199318547 0 0.0638500005 -0.0180000011 0 0.0638500005 -0.0180000011 0 0.0623676404 -0.0199318547 0 0.0621972978 -0.0199696142 0 0.0621972978 -0.0199696142 0 0.062024314 -0.0199923906 0 0.0638500005 -0.0180000011 0 0.062024314 -0.0199923906 0 0.0618500002 -0.0199999977 0 0.0638500005 -0.0180000011 0 0.0638500005 -0.0180000011 0 0.0618500002 -0.0199999977 0 0.0438500009 -0.0199999977 0 0.063842386 -0.0181743149 0 0.063819617 -0.018347295 0 0.0638500005 -0.0180000011 0 0.063819617 -0.018347295 0 0.06378185 -0.0185176376 0 0.0638500005 -0.0180000011 0 0.0638500005 -0.0180000011 0 0.06378185 -0.0185176376 0 0.0637293831 -0.0186840389 0 0.0637293831 -0.0186840389 0 0.0636626184 -0.0188452397 0 0.0638500005 -0.0180000011 0 0.0636626184 -0.0188452397 0 0.0635820478 -0.0190000031 0 0.0638500005 -0.0180000011 0 0.0638500005 -0.0180000011 0 0.0635820478 -0.0190000031 0 0.0634883046 -0.0191471521 0 0.0634883046 -0.0191471521 0 0.0633820891 -0.0192855764 0 0.0638500005 -0.0180000011 0 0.0633820891 -0.0192855764 0 0.0632642135 -0.0194142107 0 0.0638500005 -0.0180000011 0 0.0638500005 -0.0180000011 0 0.0632642135 -0.0194142107 0 0.0631355718 -0.0195320863 0 -0.0141499983 -0.0199999977 0 -0.0161499996 -0.0180000011 0 -0.0095749991 -0.0199999977 0 -0.0161499996 -0.0180000011 0 -0.0095749991 -0.0115000028 0 -0.0095749991 -0.0199999977 0 -0.0095749991 -0.0199999977 0 -0.0095749991 -0.0115000028 0 0.00385000044 -0.0199999977 0 -0.0095749991 -0.0115000028 0 0.00385000044 -0.0115000028 0 0.00385000044 -0.0199999977 0 0.00385000044 -0.0199999977 0 0.00385000044 -0.0115000028 0 0.0238499995 -0.0199999977 0 0.00385000044 -0.0115000028 0 0.0238499995 -0.0115000028 0 0.0238499995 -0.0199999977 0 0.0238499995 -0.0199999977 0 0.0238499995 -0.0115000028 0 0.0438500009 -0.0199999977 0 0.0457716361 0.00229813019 0 0.0455786809 0.00212132046 0 0.0438500009 0.0500000007 0 0.0501574576 0.00172073243 0 0.0499981344 0.00192836521 0 0.0638500005 0.0500000007 0 0.0494207293 0.0024574534 0 0.0492000021 0.00259807566 0 0.0638500005 0.0500000007 0 0.0492000021 0.00259807566 0 0.0489678569 0.00271892408 0 0.0638500005 0.0500000007 0 0.0474385321 0.00298858294 0 0.0438500009 0.0500000007 0 0.0476999991 0.00299999723 0 0.0438500009 0.0500000007 0 0.047961466 0.00298858294 0 0.0476999991 0.00299999723 0 0.0474385321 0.00298858294 0 0.0471790545 0.00295442203 0 0.0438500009 0.0500000007 0 0.0471790545 0.00295442203 0 0.0469235443 0.00289777527 0 0.0438500009 0.0500000007 0 0.0438500009 0.0500000007 0 0.0469235443 0.00289777527 0 0.0466739386 0.00281907478 0 0.0457716361 0.00229813019 0 0.0438500009 0.0500000007 0 0.0459792726 0.0024574534 0 0.0459792726 -0.0024574562 0 0.0461999997 -0.00259807846 0 0.0438500009 -0.0115000028 0 0.0461999997 -0.00259807846 0 0.0464321449 -0.00271892687 0 0.0438500009 -0.0115000028 0 0.0464321449 -0.00271892687 0 0.0466739386 -0.00281907758 0 0.0438500009 -0.0115000028 0 0.0466739386 -0.00281907758 0 0.0469235443 -0.00289777806 0 0.0438500009 -0.0115000028 0 0.0438500009 -0.0115000028 0 0.0469235443 -0.00289777806 0 0.0471790545 -0.00295442482 0 0.0499981344 0.00192836521 0 0.0498213209 0.00212132046 0 0.0638500005 0.0500000007 0 0.0498213209 0.00212132046 0 0.0496283621 0.00229813019 0 0.0638500005 0.0500000007 0 0.0638500005 0.0500000007 0 0.0496283621 0.00229813019 0 0.0494207293 0.0024574534 0 0.0489678569 0.00271892408 0 0.0487260595 0.00281907478 0 0.0638500005 0.0500000007 0 0.0487260595 0.00281907478 0 0.0484764576 0.00289777527 0 0.0638500005 0.0500000007 0 0.0638500005 0.0500000007 0 0.0484764576 0.00289777527 0 0.0482209437 0.00295442203 0 0.0455786809 0.00212132046 0 0.0454018675 0.00192836521 0 0.0438500009 0.0500000007 0 0.0454018675 0.00192836521 0 0.0452425443 0.00172073243 0 0.0438500009 0.0500000007 0 0.0438500009 0.0500000007 0 0.0452425443 0.00172073243 0 0.0451019257 0.00150000153 0 0.0447114147 0.000261469191 0 0.0438500009 0.0500000007 0 0.0447455756 0.000520943082 0 0.0438500009 0.0500000007 0 0.0448022224 0.000776460744 0 0.0447455756 0.000520943082 0 0.0438500009 -0.0115000028 0 0.0452425443 -0.001720728 0 0.0454018675 -0.00192836078 0 0.0471790545 -0.00295442482 0 0.0474385321 -0.00298858574 0 0.0438500009 -0.0115000028 0 0.0474385321 -0.00298858574 0 0.0476999991 -0.00300000003 0 0.0438500009 -0.0115000028 0 0.0438500009 -0.0115000028 0 0.0476999991 -0.00300000003 0 0.047961466 -0.00298858574 0 0.0489678569 -0.00271892687 0 0.0492000021 -0.00259807846 0 0.0638500005 -0.0115000028 0 0.0451019257 0.00150000153 0 0.0449810773 0.00126785634 0 0.0438500009 0.0500000007 0 0.0449810773 0.00126785634 0 0.0448809229 0.00102606264 0 0.0438500009 0.0500000007 0 0.0438500009 0.0500000007 0 0.0448809229 0.00102606264 0 0.0448022224 0.000776460744 0 0.0438500009 -0.0115000028 0 0.0448022224 -0.00077645632 0 0.0448809229 -0.00102605822 0 0.0454018675 -0.00192836078 0 0.0455786809 -0.00212132325 0 0.0438500009 -0.0115000028 0 0.0455786809 -0.00212132325 0 0.0457716361 -0.00229813298 0 0.0438500009 -0.0115000028 0 0.0438500009 -0.0115000028 0 0.0457716361 -0.00229813298 0 0.0459792726 -0.0024574562 0 0.047961466 -0.00298858574 0 0.0482209437 -0.00295442482 0 0.0438500009 -0.0115000028 0 0.0482209437 -0.00295442482 0 0.0484764576 -0.00289777806 0 0.0438500009 -0.0115000028 0 0.0438500009 -0.0115000028 0 0.0484764576 -0.00289777806 0 0.0638500005 -0.0115000028 0 0.0484764576 -0.00289777806 0 0.0487260595 -0.00281907758 0 0.0638500005 -0.0115000028 0 0.0638500005 -0.0115000028 0 0.0487260595 -0.00281907758 0 0.0489678569 -0.00271892687 0 0.0492000021 -0.00259807846 0 0.0494207293 -0.0024574562 0 0.0638500005 -0.0115000028 0 0.0494207293 -0.0024574562 0 0.0496283621 -0.00229813298 0 0.0638500005 -0.0115000028 0 0.0638500005 -0.0115000028 0 0.0496283621 -0.00229813298 0 0.0498213209 -0.00212132325 0 0.0498213209 -0.00212132325 0 0.0499981344 -0.00192836078 0 0.0638500005 -0.0115000028 0 0.0499981344 -0.00192836078 0 0.0501574576 -0.001720728 0 0.0638500005 -0.0115000028 0 0.0638500005 -0.0115000028 0 0.0501574576 -0.001720728 0 0.0502980761 -0.0014999971 0 0.0466739386 0.00281907478 0 0.0464321449 0.00271892408 0 0.0438500009 0.0500000007 0 0.0464321449 0.00271892408 0 0.0461999997 0.00259807566 0 0.0438500009 0.0500000007 0 0.0438500009 0.0500000007 0 0.0461999997 0.00259807566 0 0.0459792726 0.0024574534 0 0.0447000004 -1.49011614e-09 0 0.0447114147 -0.000261464709 0 0.0438500009 -0.0115000028 0 0.0447114147 -0.000261464709 0 0.0447455756 -0.000520946109 0 0.0438500009 -0.0115000028 0 0.0438500009 -0.0115000028 0 0.0447455756 -0.000520946109 0 0.0448022224 -0.00077645632 0 0.0448809229 -0.00102605822 0 0.0449810773 -0.00126785191 0 0.0438500009 -0.0115000028 0 0.0449810773 -0.00126785191 0 0.0451019257 -0.0014999971 0 0.0438500009 -0.0115000028 0 0.0438500009 -0.0115000028 0 0.0451019257 -0.0014999971 0 0.0452425443 -0.001720728 0 0.0502980761 -0.0014999971 0 0.0504189245 -0.00126785191 0 0.0638500005 -0.0115000028 0 0.0504189245 -0.00126785191 0 0.050519079 -0.00102605822 0 0.0638500005 -0.0115000028 0 0.0638500005 -0.0115000028 0 0.050519079 -0.00102605822 0 0.0505977795 -0.00077645632 0 0.0505977795 -0.00077645632 0 0.0506544225 -0.000520946109 0 0.0638500005 -0.0115000028 0 0.0506544225 -0.000520946109 0 0.0506885834 -0.000261464709 0 0.0638500005 -0.0115000028 0 0.0638500005 -0.0115000028 0 0.0506885834 -0.000261464709 0 0.0507000014 -1.49011614e-09 0 0.0638500005 -0.0115000028 0 0.0505977795 0.000776460744 0 0.0638500005 0.0500000007 0 0.0505977795 0.000776460744 0 0.050519079 0.00102606264 0 0.0638500005 0.0500000007 0 0.050519079 0.00102606264 0 0.0504189245 0.00126785634 0 0.0638500005 0.0500000007 0 0.0504189245 0.00126785634 0 0.0502980761 0.00150000153 0 0.0638500005 0.0500000007 0 0.0638500005 0.0500000007 0 0.0502980761 0.00150000153 0 0.0501574576 0.00172073243 0 0.0507000014 -1.49011614e-09 0 0.0506885834 0.000261469191 0 0.0638500005 -0.0115000028 0 0.0506885834 0.000261469191 0 0.0506544225 0.000520943082 0 0.0638500005 -0.0115000028 0 0.0638500005 -0.0115000028 0 0.0506544225 0.000520943082 0 0.0505977795 0.000776460744 0 0.0447114147 0.000261469191 0 0.0447000004 -1.49011614e-09 0 0.0438500009 0.0500000007 0 0.0447000004 -1.49011614e-09 0 0.0438500009 -0.0115000028 0 0.0438500009 0.0500000007 0 0.0438500009 0.0500000007 0 0.0438500009 -0.0115000028 0 0.0238499995 0.0500000007 0 4.67896444e-10 0.00299999723 0 -0.000261466485 0.00298858294 0 -0.0095749991 0.0500000007 0 4.67896444e-10 -0.00300000003 0 0.000261467416 -0.00298858574 0 0.00385000044 -0.0115000028 0 0.00245745527 0.00172073243 0 0.00229813391 0.00192836521 0 0.00385000044 0.0500000007 0 0.00172072882 0.0024574534 0 0.00149999978 0.00259807566 0 0.00385000044 0.0500000007 0 0.00149999978 0.00259807566 0 0.00126785459 0.00271892408 0 0.00385000044 0.0500000007 0 0.00385000044 0.0500000007 0 0.00126785459 0.00271892408 0 0.0010260609 0.00281907478 0 0.00385000044 0.0500000007 0 0.000261467416 0.00298858294 0 4.67896444e-10 0.00299999723 0 -0.000261466485 0.00298858294 0 -0.00052094413 0.00295442203 0 -0.0095749991 0.0500000007 0 -0.00052094413 0.00295442203 0 -0.000776458066 0.00289777527 0 -0.0095749991 0.0500000007 0 -0.0095749991 0.0500000007 0 -0.000776458066 0.00289777527 0 -0.00102605997 0.00281907478 0 -0.00172072975 0.0024574534 0 -0.00192836253 0.00229813019 0 -0.0095749991 0.0500000007 0 -0.00172072975 -0.0024574562 0 -0.00150000071 -0.00259807846 0 -0.0095749991 -0.0115000028 0 -0.00150000071 -0.00259807846 0 -0.00126785552 -0.00271892687 0 -0.0095749991 -0.0115000028 0 -0.0095749991 -0.0115000028 0 -0.00126785552 -0.00271892687 0 -0.00102605997 -0.00281907758 0 0.000261467416 -0.00298858574 0 0.000520945061 -0.00295442482 0 0.00385000044 -0.0115000028 0 0.000520945061 -0.00295442482 0 0.000776457135 -0.00289777806 0 0.00385000044 -0.0115000028 0 0.00385000044 -0.0115000028 0 0.000776457135 -0.00289777806 0 0.0010260609 -0.00281907758 0 0.00229813391 0.00192836521 0 0.00212132046 0.00212132046 0 0.00385000044 0.0500000007 0 0.00212132046 0.00212132046 0 0.00192836346 0.00229813019 0 0.00385000044 0.0500000007 0 0.00385000044 0.0500000007 0 0.00192836346 0.00229813019 0 0.00172072882 0.0024574534 0 0.0010260609 0.00281907478 0 0.000776457135 0.00289777527 0 0.00385000044 0.0500000007 0 0.000776457135 0.00289777527 0 0.000520945061 0.00295442203 0 0.00385000044 0.0500000007 0 0.00385000044 0.0500000007 0 0.000520945061 0.00295442203 0 0.000261467416 0.00298858294 0 -0.00192836253 0.00229813019 0 -0.00212131953 0.00212132046 0 -0.0095749991 0.0500000007 0 -0.00212131953 0.00212132046 0 -0.00229813298 0.00192836521 0 -0.0095749991 0.0500000007 0 -0.0095749991 0.0500000007 0 -0.00229813298 0.00192836521 0 -0.0024574562 0.00172073243 0 -0.0095749991 -0.0115000028 0 -0.0024574562 -0.001720728 0 -0.00229813298 -0.00192836078 0 -0.0024574562 0.00172073243 0 -0.00259807659 0.00150000153 0 -0.0095749991 0.0500000007 0 -0.00259807659 0.00150000153 0 -0.00271892315 0.00126785634 0 -0.0095749991 0.0500000007 0 -0.0095749991 0.0500000007 0 -0.00271892315 0.00126785634 0 -0.00281907758 0.00102606264 0 -0.00281907758 0.00102606264 0 -0.00289777806 0.000776460744 0 -0.0095749991 0.0500000007 0 -0.00289777806 0.000776460744 0 -0.00295442296 0.000520943082 0 -0.0095749991 0.0500000007 0 -0.0095749991 0.0500000007 0 -0.00295442296 0.000520943082 0 -0.0095749991 -0.0115000028 0 -0.00295442296 0.000520943082 0 -0.00298858387 0.000261469191 0 -0.0095749991 -0.0115000028 0 -0.0095749991 -0.0115000028 0 -0.00298858387 0.000261469191 0 -0.00300000003 -1.49011614e-09 0 -0.0095749991 -0.0115000028 0 -0.00289777806 -0.00077645632 0 -0.00281907758 -0.00102605822 0 -0.00229813298 -0.00192836078 0 -0.00212131953 -0.00212132325 0 -0.0095749991 -0.0115000028 0 -0.00212131953 -0.00212132325 0 -0.00192836253 -0.00229813298 0 -0.0095749991 -0.0115000028 0 -0.0095749991 -0.0115000028 0 -0.00192836253 -0.00229813298 0 -0.00172072975 -0.0024574562 0 -0.00102605997 -0.00281907758 0 -0.000776458066 -0.00289777806 0 -0.0095749991 -0.0115000028 0 -0.000776458066 -0.00289777806 0 -0.00052094413 -0.00295442482 0 -0.0095749991 -0.0115000028 0 -0.0095749991 -0.0115000028 0 -0.00052094413 -0.00295442482 0 0.00385000044 -0.0115000028 0 -0.00052094413 -0.00295442482 0 -0.000261466485 -0.00298858574 0 0.00385000044 -0.0115000028 0 0.00385000044 -0.0115000028 0 -0.000261466485 -0.00298858574 0 4.67896444e-10 -0.00300000003 0 0.0010260609 -0.00281907758 0 0.00126785459 -0.00271892687 0 0.00385000044 -0.0115000028 0 0.00126785459 -0.00271892687 0 0.00149999978 -0.00259807846 0 0.00385000044 -0.0115000028 0 0.00385000044 -0.0115000028 0 0.00149999978 -0.00259807846 0 0.00172072882 -0.0024574562 0 0.00172072882 -0.0024574562 0 0.00192836346 -0.00229813298 0 0.00385000044 -0.0115000028 0 0.00192836346 -0.00229813298 0 0.00212132046 -0.00212132325 0 0.00385000044 -0.0115000028 0 0.00385000044 -0.0115000028 0 0.00212132046 -0.00212132325 0 0.00229813391 -0.00192836078 0 0.00229813391 -0.00192836078 0 0.00245745527 -0.001720728 0 0.00385000044 -0.0115000028 0 0.00245745527 -0.001720728 0 0.00259807566 -0.0014999971 0 0.00385000044 -0.0115000028 0 0.00385000044 -0.0115000028 0 0.00259807566 -0.0014999971 0 0.00271892408 -0.00126785191 0 -0.00102605997 0.00281907478 0 -0.00126785552 0.00271892408 0 -0.0095749991 0.0500000007 0 -0.00126785552 0.00271892408 0 -0.00150000071 0.00259807566 0 -0.0095749991 0.0500000007 0 -0.0095749991 0.0500000007 0 -0.00150000071 0.00259807566 0 -0.00172072975 0.0024574534 0 -0.00300000003 -1.49011614e-09 0 -0.00298858387 -0.000261464709 0 -0.0095749991 -0.0115000028 0 -0.00298858387 -0.000261464709 0 -0.00295442296 -0.000520946109 0 -0.0095749991 -0.0115000028 0 -0.0095749991 -0.0115000028 0 -0.00295442296 -0.000520946109 0 -0.00289777806 -0.00077645632 0 -0.00281907758 -0.00102605822 0 -0.00271892315 -0.00126785191 0 -0.0095749991 -0.0115000028 0 -0.00271892315 -0.00126785191 0 -0.00259807659 -0.0014999971 0 -0.0095749991 -0.0115000028 0 -0.0095749991 -0.0115000028 0 -0.00259807659 -0.0014999971 0 -0.0024574562 -0.001720728 0 0.00271892408 -0.00126785191 0 0.00281907851 -0.00102605822 0 0.00385000044 -0.0115000028 0 0.00281907851 -0.00102605822 0 0.00289777713 -0.00077645632 0 0.00385000044 -0.0115000028 0 0.00385000044 -0.0115000028 0 0.00289777713 -0.00077645632 0 0.00295442389 -0.000520946109 0 0.00295442389 0.000520943082 0 0.00289777713 0.000776460744 0 0.00385000044 0.0500000007 0 0.00289777713 0.000776460744 0 0.00281907851 0.00102606264 0 0.00385000044 0.0500000007 0 0.00281907851 0.00102606264 0 0.00271892408 0.00126785634 0 0.00385000044 0.0500000007 0 0.00271892408 0.00126785634 0 0.00259807566 0.00150000153 0 0.00385000044 0.0500000007 0 0.00385000044 0.0500000007 0 0.00259807566 0.00150000153 0 0.00245745527 0.00172073243 0 0.00295442389 -0.000520946109 0 0.00298858481 -0.000261464709 0 0.00385000044 -0.0115000028 0 0.00298858481 -0.000261464709 0 0.00299999909 -1.49011614e-09 0 0.00385000044 -0.0115000028 0 0.00385000044 -0.0115000028 0 0.00299999909 -1.49011614e-09 0 0.00385000044 0.0500000007 0 0.00299999909 -1.49011614e-09 0 0.00298858481 0.000261469191 0 0.00385000044 0.0500000007 0 0.00385000044 0.0500000007 0 0.00298858481 0.000261469191 0 0.00295442389 0.000520943082 0 0.047961466 0.197011411 0 0.0638500005 0.150000006 0 0.0438500009 0.150000006 0 0.0638500005 0.150000006 0 0.0638500005 0.0500000007 0 0.0438500009 0.150000006 0 0.0438500009 0.150000006 0 0.0638500005 0.0500000007 0 0.0438500009 0.0500000007 0 0.0638500005 0.0500000007 0 0.0482209437 0.00295442203 0 0.0438500009 0.0500000007 0 0.0438500009 0.0500000007 0 0.0482209437 0.00295442203 0 0.047961466 0.00298858294 0 0.0424574576 0.0982792675 0 0.0425980762 0.0984999985 0 0.0438500009 0.0500000007 0 0.0371809229 0.101026058 0 0.0371022224 0.100776456 0 0.0238499995 0.150000006 0 0.0238499995 0.150000006 0 0.0370000005 0.100000001 0 0.0238499995 0.0500000007 0 0.0370000005 0.100000001 0 0.0370114148 0.0997385308 0 0.0238499995 0.0500000007 0 0.0238499995 0.0500000007 0 0.0370114148 0.0997385308 0 0.0370455757 0.0994790569 0 0.0428977795 0.0992235392 0 0.0429544225 0.0994790569 0 0.0438500009 0.0500000007 0 0.0425980762 0.101499997 0 0.0424574576 0.101720728 0 0.0438500009 0.150000006 0 0.041267857 0.102718927 0 0.0410260595 0.102819078 0 0.0438500009 0.150000006 0 0.0371022224 0.100776456 0 0.0370455757 0.100520946 0 0.0238499995 0.150000006 0 0.0370455757 0.100520946 0 0.0370114148 0.100261465 0 0.0238499995 0.150000006 0 0.0238499995 0.150000006 0 0.0370114148 0.100261465 0 0.0370000005 0.100000001 0 0.0370455757 0.0994790569 0 0.0371022224 0.0992235392 0 0.0238499995 0.0500000007 0 0.0371022224 0.0992235392 0 0.0371809229 0.0989739373 0 0.0238499995 0.0500000007 0 0.0238499995 0.0500000007 0 0.0371809229 0.0989739373 0 0.0372810774 0.0987321436 0 0.0429544225 0.100520946 0 0.0428977795 0.100776456 0 0.0438500009 0.150000006 0 0.0382792689 0.102457456 0 0.0380716361 0.102298133 0 0.0238499995 0.150000006 0 0.0372810774 0.0987321436 0 0.037401922 0.0984999985 0 0.0238499995 0.0500000007 0 0.037401922 0.0984999985 0 0.0375425443 0.0982792675 0 0.0238499995 0.0500000007 0 0.0238499995 0.0500000007 0 0.0375425443 0.0982792675 0 0.0377018675 0.0980716348 0 0.0377018675 0.0980716348 0 0.037878681 0.0978786796 0 0.0238499995 0.0500000007 0 0.037878681 0.0978786796 0 0.0380716361 0.0977018699 0 0.0238499995 0.0500000007 0 0.0238499995 0.0500000007 0 0.0380716361 0.0977018699 0 0.0382792689 0.0975425467 0 0.0382792689 0.0975425467 0 0.0384999998 0.0974019244 0 0.0238499995 0.0500000007 0 0.0384999998 0.0974019244 0 0.038732145 0.097281076 0 0.0238499995 0.0500000007 0 0.0238499995 0.0500000007 0 0.038732145 0.097281076 0 0.0389739387 0.0971809253 0 0.0429544225 0.0994790569 0 0.0429885834 0.0997385308 0 0.0438500009 0.0500000007 0 0.0429885834 0.0997385308 0 0.0430000015 0.100000001 0 0.0438500009 0.0500000007 0 0.0438500009 0.0500000007 0 0.0430000015 0.100000001 0 0.0438500009 0.150000006 0 0.0430000015 0.100000001 0 0.0429885834 0.100261465 0 0.0438500009 0.150000006 0 0.0438500009 0.150000006 0 0.0429885834 0.100261465 0 0.0429544225 0.100520946 0 0.0428977795 0.100776456 0 0.042819079 0.101026058 0 0.0438500009 0.150000006 0 0.042819079 0.101026058 0 0.0427189246 0.101267852 0 0.0438500009 0.150000006 0 0.0438500009 0.150000006 0 0.0427189246 0.101267852 0 0.0425980762 0.101499997 0 0.0382792689 0.102457456 0 0.0238499995 0.150000006 0 0.0384999998 0.102598079 0 0.0375425443 0.101720728 0 0.037401922 0.101499997 0 0.0238499995 0.150000006 0 0.037401922 0.101499997 0 0.0372810774 0.101267852 0 0.0238499995 0.150000006 0 0.0238499995 0.150000006 0 0.0372810774 0.101267852 0 0.0371809229 0.101026058 0 0.0425980762 0.0984999985 0 0.0427189246 0.0987321436 0 0.0438500009 0.0500000007 0 0.0427189246 0.0987321436 0 0.042819079 0.0989739373 0 0.0438500009 0.0500000007 0 0.0438500009 0.0500000007 0 0.042819079 0.0989739373 0 0.0428977795 0.0992235392 0 0.0424574576 0.101720728 0 0.0422981344 0.101928361 0 0.0438500009 0.150000006 0 0.0422981344 0.101928361 0 0.042121321 0.102121323 0 0.0438500009 0.150000006 0 0.0438500009 0.150000006 0 0.042121321 0.102121323 0 0.0419283621 0.102298133 0 0.0419283621 0.102298133 0 0.0417207293 0.102457456 0 0.0438500009 0.150000006 0 0.0417207293 0.102457456 0 0.0415000021 0.102598079 0 0.0438500009 0.150000006 0 0.0438500009 0.150000006 0 0.0415000021 0.102598079 0 0.041267857 0.102718927 0 0.0399999991 0.0970000029 0 0.0402614661 0.0970114172 0 0.0438500009 0.0500000007 0 0.0402614661 0.0970114172 0 0.0405209437 0.0970455781 0 0.0438500009 0.0500000007 0 0.0380716361 0.102298133 0 0.037878681 0.102121323 0 0.0238499995 0.150000006 0 0.037878681 0.102121323 0 0.0377018675 0.101928361 0 0.0238499995 0.150000006 0 0.0238499995 0.150000006 0 0.0377018675 0.101928361 0 0.0375425443 0.101720728 0 0.0410260595 0.102819078 0 0.0407764576 0.102897778 0 0.0438500009 0.150000006 0 0.0407764576 0.102897778 0 0.0405209437 0.102954425 0 0.0438500009 0.150000006 0 0.0438500009 0.150000006 0 0.0405209437 0.102954425 0 0.0402614661 0.102988586 0 0.0389739387 0.0971809253 0 0.0392235443 0.0971022248 0 0.0238499995 0.0500000007 0 0.0392235443 0.0971022248 0 0.0394790545 0.0970455781 0 0.0238499995 0.0500000007 0 0.0238499995 0.0500000007 0 0.0394790545 0.0970455781 0 0.0438500009 0.0500000007 0 0.0394790545 0.0970455781 0 0.0397385322 0.0970114172 0 0.0438500009 0.0500000007 0 0.0438500009 0.0500000007 0 0.0397385322 0.0970114172 0 0.0399999991 0.0970000029 0 0.0405209437 0.0970455781 0 0.0407764576 0.0971022248 0 0.0438500009 0.0500000007 0 0.0407764576 0.0971022248 0 0.0410260595 0.0971809253 0 0.0438500009 0.0500000007 0 0.0438500009 0.0500000007 0 0.0410260595 0.0971809253 0 0.041267857 0.097281076 0 0.041267857 0.097281076 0 0.0415000021 0.0974019244 0 0.0438500009 0.0500000007 0 0.0415000021 0.0974019244 0 0.0417207293 0.0975425467 0 0.0438500009 0.0500000007 0 0.0438500009 0.0500000007 0 0.0417207293 0.0975425467 0 0.0419283621 0.0977018699 0 0.0419283621 0.0977018699 0 0.042121321 0.0978786796 0 0.0438500009 0.0500000007 0 0.042121321 0.0978786796 0 0.0422981344 0.0980716348 0 0.0438500009 0.0500000007 0 0.0438500009 0.0500000007 0 0.0422981344 0.0980716348 0 0.0424574576 0.0982792675 0 0.0392235443 0.102897778 0 0.0389739387 0.102819078 0 0.0238499995 0.150000006 0 0.0389739387 0.102819078 0 0.038732145 0.102718927 0 0.0238499995 0.150000006 0 0.0238499995 0.150000006 0 0.038732145 0.102718927 0 0.0384999998 0.102598079 0 0.0402614661 0.102988586 0 0.0399999991 0.103 0 0.0438500009 0.150000006 0 0.0399999991 0.103 0 0.0397385322 0.102988586 0 0.0438500009 0.150000006 0 0.0438500009 0.150000006 0 0.0397385322 0.102988586 0 0.0238499995 0.150000006 0 0.0397385322 0.102988586 0 0.0394790545 0.102954425 0 0.0238499995 0.150000006 0 0.0238499995 0.150000006 0 0.0394790545 0.102954425 0 0.0392235443 0.102897778 0 0.00540186698 0.0980716348 0 0.00557868043 0.0978786796 0 0.0238499995 0.0500000007 0 0.00498107681 0.0987321436 0 0.00510192337 0.0984999985 0 0.00385000044 0.0500000007 0 0.00510192337 0.0984999985 0 0.00524254376 0.0982792675 0 0.00385000044 0.0500000007 0 0.00524254376 0.0982792675 0 0.00540186698 0.0980716348 0 0.00385000044 0.0500000007 0 0.00540186698 0.0980716348 0 0.0238499995 0.0500000007 0 0.00385000044 0.0500000007 0 0.00385000044 0.0500000007 0 0.0238499995 0.0500000007 0 0.0238499995 -0.0115000028 0 0.0238499995 0.0500000007 0 0.0438500009 -0.0115000028 0 0.0238499995 -0.0115000028 0 0.0238499995 -0.0115000028 0 0.0438500009 -0.0115000028 0 0.0438500009 -0.0199999977 0 0.0438500009 -0.0115000028 0 0.0638500005 -0.0115000028 0 0.0438500009 -0.0199999977 0 0.0438500009 -0.0199999977 0 0.0638500005 -0.0115000028 0 0.0638500005 -0.0180000011 0 0.004745577 0.0994790569 0 0.0048022219 0.0992235392 0 0.00385000044 0.0500000007 0 0.0048022219 0.0992235392 0 0.00488092238 0.0989739373 0 0.00385000044 0.0500000007 0 0.00385000044 0.0500000007 0 0.00488092238 0.0989739373 0 0.00498107681 0.0987321436 0 0.0104189236 0.101267852 0 0.010298077 0.101499997 0 0.0238499995 0.150000006 0 0.010298077 0.101499997 0 0.0101574566 0.101720728 0 0.0238499995 0.150000006 0 0.0238499995 0.150000006 0 0.0101574566 0.101720728 0 0.00999813341 0.101928361 0 0.00498107681 0.101267852 0 0.00488092238 0.101026058 0 0.00385000044 0.150000006 0 0.00488092238 0.101026058 0 0.0048022219 0.100776456 0 0.00385000044 0.150000006 0 0.00385000044 0.150000006 0 0.0048022219 0.100776456 0 0.004745577 0.100520946 0 0.004745577 0.100520946 0 0.00471141608 0.100261465 0 0.00385000044 0.150000006 0 0.00471141608 0.100261465 0 0.00469999993 0.100000001 0 0.00385000044 0.150000006 0 0.00385000044 0.150000006 0 0.00469999993 0.100000001 0 0.00385000044 0.0500000007 0 0.00469999993 0.100000001 0 0.00471141608 0.0997385308 0 0.00385000044 0.0500000007 0 0.00385000044 0.0500000007 0 0.00471141608 0.0997385308 0 0.004745577 0.0994790569 0 0.00557868043 0.0978786796 0 0.00577163743 0.0977018699 0 0.0238499995 0.0500000007 0 0.00577163743 0.0977018699 0 0.00597927021 0.0975425467 0 0.0238499995 0.0500000007 0 0.0238499995 0.0500000007 0 0.00597927021 0.0975425467 0 0.00619999925 0.0974019244 0 0.00962836295 0.0977018699 0 0.00982132088 0.0978786796 0 0.0238499995 0.0500000007 0 0.00982132088 0.0978786796 0 0.00999813341 0.0980716348 0 0.0238499995 0.0500000007 0 0.00540186698 0.101928361 0 0.00385000044 0.150000006 0 0.00557868043 0.102121323 0 0.00385000044 0.150000006 0 0.00577163743 0.102298133 0 0.00557868043 0.102121323 0 0.00540186698 0.101928361 0 0.00524254376 0.101720728 0 0.00385000044 0.150000006 0 0.00524254376 0.101720728 0 0.00510192337 0.101499997 0 0.00385000044 0.150000006 0 0.00385000044 0.150000006 0 0.00510192337 0.101499997 0 0.00498107681 0.101267852 0 0.00619999925 0.0974019244 0 0.00643214444 0.097281076 0 0.0238499995 0.0500000007 0 0.00643214444 0.097281076 0 0.00667393999 0.0971809253 0 0.0238499995 0.0500000007 0 0.0238499995 0.0500000007 0 0.00667393999 0.0971809253 0 0.00692354375 0.0971022248 0 0.00999813341 0.0980716348 0 0.0101574566 0.0982792675 0 0.0238499995 0.0500000007 0 0.0101574566 0.0982792675 0 0.010298077 0.0984999985 0 0.0238499995 0.0500000007 0 0.0238499995 0.0500000007 0 0.010298077 0.0984999985 0 0.0104189236 0.0987321436 0 0.00743853347 0.102988586 0 0.00717905583 0.102954425 0 0.00385000044 0.150000006 0 0.0104189236 0.0987321436 0 0.010519078 0.0989739373 0 0.0238499995 0.0500000007 0 0.010519078 0.0989739373 0 0.0105977776 0.0992235392 0 0.0238499995 0.0500000007 0 0.0238499995 0.0500000007 0 0.0105977776 0.0992235392 0 0.0106544234 0.0994790569 0 0.00999813341 0.101928361 0 0.00982132088 0.102121323 0 0.0238499995 0.150000006 0 0.00982132088 0.102121323 0 0.00962836295 0.102298133 0 0.0238499995 0.150000006 0 0.0238499995 0.150000006 0 0.00962836295 0.102298133 0 0.00942073017 0.102457456 0 0.00743853347 0.102988586 0 0.00385000044 0.150000006 0 0.00770000042 0.103 0 0.00643214444 0.102718927 0 0.00619999925 0.102598079 0 0.00385000044 0.150000006 0 0.00619999925 0.102598079 0 0.00597927021 0.102457456 0 0.00385000044 0.150000006 0 0.00385000044 0.150000006 0 0.00597927021 0.102457456 0 0.00577163743 0.102298133 0 0.00770000042 0.0970000029 0 0.00796146784 0.0970114172 0 0.0238499995 0.0500000007 0 0.00796146784 0.0970114172 0 0.00822094548 0.0970455781 0 0.0238499995 0.0500000007 0 0.0106544234 0.0994790569 0 0.0106885843 0.0997385308 0 0.0238499995 0.0500000007 0 0.0106885843 0.0997385308 0 0.0107000005 0.100000001 0 0.0238499995 0.0500000007 0 0.0238499995 0.0500000007 0 0.0107000005 0.100000001 0 0.0238499995 0.150000006 0 0.0107000005 0.100000001 0 0.0106885843 0.100261465 0 0.0238499995 0.150000006 0 0.0238499995 0.150000006 0 0.0106885843 0.100261465 0 0.0106544234 0.100520946 0 0.0106544234 0.100520946 0 0.0105977776 0.100776456 0 0.0238499995 0.150000006 0 0.0105977776 0.100776456 0 0.010519078 0.101026058 0 0.0238499995 0.150000006 0 0.0238499995 0.150000006 0 0.010519078 0.101026058 0 0.0104189236 0.101267852 0 0.00717905583 0.102954425 0 0.00692354375 0.102897778 0 0.00385000044 0.150000006 0 0.00692354375 0.102897778 0 0.00667393999 0.102819078 0 0.00385000044 0.150000006 0 0.00385000044 0.150000006 0 0.00667393999 0.102819078 0 0.00643214444 0.102718927 0 0.00692354375 0.0971022248 0 0.00717905583 0.0970455781 0 0.0238499995 0.0500000007 0 0.00717905583 0.0970455781 0 0.00743853347 0.0970114172 0 0.0238499995 0.0500000007 0 0.0238499995 0.0500000007 0 0.00743853347 0.0970114172 0 0.00770000042 0.0970000029 0 0.00822094548 0.0970455781 0 0.00847645756 0.0971022248 0 0.0238499995 0.0500000007 0 0.00847645756 0.0971022248 0 0.00872606132 0.0971809253 0 0.0238499995 0.0500000007 0 0.0238499995 0.0500000007 0 0.00872606132 0.0971809253 0 0.00896785501 0.097281076 0 0.00896785501 0.097281076 0 0.0092000002 0.0974019244 0 0.0238499995 0.0500000007 0 0.0092000002 0.0974019244 0 0.00942073017 0.0975425467 0 0.0238499995 0.0500000007 0 0.0238499995 0.0500000007 0 0.00942073017 0.0975425467 0 0.00962836295 0.0977018699 0 0.00942073017 0.102457456 0 0.0092000002 0.102598079 0 0.0238499995 0.150000006 0 0.0092000002 0.102598079 0 0.00896785501 0.102718927 0 0.0238499995 0.150000006 0 0.0238499995 0.150000006 0 0.00896785501 0.102718927 0 0.00872606132 0.102819078 0 0.00872606132 0.102819078 0 0.00847645756 0.102897778 0 0.0238499995 0.150000006 0 0.00847645756 0.102897778 0 0.00822094548 0.102954425 0 0.0238499995 0.150000006 0 0.0238499995 0.150000006 0 0.00822094548 0.102954425 0 0.00385000044 0.150000006 0 0.00822094548 0.102954425 0 0.00796146784 0.102988586 0 0.00385000044 0.150000006 0 0.00385000044 0.150000006 0 0.00796146784 0.102988586 0 0.00770000042 0.103 0 0.00385000044 0.150000006 0 0.00385000044 0.219999999 0 0.0238499995 0.150000006 0 0.00385000044 0.219999999 0 0.0238499995 0.219999999 0 0.0238499995 0.150000006 0 0.0238499995 0.150000006 0 0.0238499995 0.219999999 0 0.0438500009 0.150000006 0 0.0238499995 0.219999999 0 0.0438500009 0.219999999 0 0.0438500009 0.150000006 0 0.0438500009 0.150000006 0 0.0438500009 0.219999999 0 0.0447000004 0.200000003 0 0.0438500009 0.219999999 0 0.0447114147 0.200261459 0 0.0447000004 0.200000003 0 -0.000776458066 0.202897772 0 -0.00102605997 0.202819079 0 -0.0095749991 0.219999999 0 -0.00192836253 0.197701871 0 -0.00172072975 0.197542548 0 -0.0095749991 0.150000006 0 4.67896444e-10 0.196999997 0 0.000261467416 0.197011411 0 0.00385000044 0.150000006 0 -0.00192836253 0.202298135 0 -0.00212131953 0.202121317 0 -0.0095749991 0.219999999 0 0.000261467416 0.20298858 0 4.67896444e-10 0.202999994 0 0.00385000044 0.219999999 0 4.67896444e-10 0.202999994 0 -0.000261466485 0.20298858 0 0.00385000044 0.219999999 0 0.00385000044 0.219999999 0 -0.000261466485 0.20298858 0 -0.0095749991 0.219999999 0 -0.000261466485 0.20298858 0 -0.00052094413 0.202954426 0 -0.0095749991 0.219999999 0 -0.0095749991 0.219999999 0 -0.00052094413 0.202954426 0 -0.000776458066 0.202897772 0 -0.00192836253 0.202298135 0 -0.0095749991 0.219999999 0 -0.00172072975 0.202457458 0 -0.00172072975 0.197542548 0 -0.00150000071 0.197401926 0 -0.0095749991 0.150000006 0 -0.00150000071 0.197401926 0 -0.00126785552 0.197281078 0 -0.0095749991 0.150000006 0 -0.0095749991 0.150000006 0 -0.00126785552 0.197281078 0 -0.00102605997 0.197180927 0 0.000261467416 0.197011411 0 0.000520945061 0.19704558 0 0.00385000044 0.150000006 0 0.000520945061 0.19704558 0 0.000776457135 0.197102219 0 0.00385000044 0.150000006 0 0.00385000044 0.150000006 0 0.000776457135 0.197102219 0 0.0010260609 0.197180927 0 0.00229813391 0.201928362 0 0.00385000044 0.219999999 0 0.00245745527 0.201720729 0 0.00385000044 0.219999999 0 0.00259807566 0.201499999 0 0.00245745527 0.201720729 0 0.00229813391 0.201928362 0 0.00212132046 0.202121317 0 0.00385000044 0.219999999 0 0.00212132046 0.202121317 0 0.00192836346 0.202298135 0 0.00385000044 0.219999999 0 0.00385000044 0.219999999 0 0.00192836346 0.202298135 0 0.00172072882 0.202457458 0 0.00172072882 0.202457458 0 0.00149999978 0.20259808 0 0.00385000044 0.219999999 0 0.00149999978 0.20259808 0 0.00126785459 0.202718928 0 0.00385000044 0.219999999 0 0.00385000044 0.219999999 0 0.00126785459 0.202718928 0 0.0010260609 0.202819079 0 0.0010260609 0.202819079 0 0.000776457135 0.202897772 0 0.00385000044 0.219999999 0 0.000776457135 0.202897772 0 0.000520945061 0.202954426 0 0.00385000044 0.219999999 0 0.00385000044 0.219999999 0 0.000520945061 0.202954426 0 0.000261467416 0.20298858 0 -0.00212131953 0.202121317 0 -0.00229813298 0.201928362 0 -0.0095749991 0.219999999 0 -0.00229813298 0.201928362 0 -0.0024574562 0.201720729 0 -0.0095749991 0.219999999 0 -0.0095749991 0.219999999 0 -0.0024574562 0.201720729 0 -0.00259807659 0.201499999 0 -0.00289777806 0.200776458 0 -0.00295442296 0.200520948 0 -0.0095749991 0.219999999 0 -0.00295442296 0.200520948 0 -0.00298858387 0.200261459 0 -0.0095749991 0.219999999 0 -0.0095749991 0.219999999 0 -0.00298858387 0.200261459 0 -0.00300000003 0.200000003 0 -0.00102605997 0.197180927 0 -0.000776458066 0.197102219 0 -0.0095749991 0.150000006 0 -0.000776458066 0.197102219 0 -0.00052094413 0.19704558 0 -0.0095749991 0.150000006 0 -0.0095749991 0.150000006 0 -0.00052094413 0.19704558 0 -0.000261466485 0.197011411 0 -0.00259807659 0.201499999 0 -0.00271892315 0.201267853 0 -0.0095749991 0.219999999 0 -0.00271892315 0.201267853 0 -0.00281907758 0.201026052 0 -0.0095749991 0.219999999 0 -0.0095749991 0.219999999 0 -0.00281907758 0.201026052 0 -0.00289777806 0.200776458 0 -0.00298858387 0.199738532 0 -0.00295442296 0.199479058 0 -0.0095749991 0.150000006 0 -0.00295442296 0.199479058 0 -0.00289777806 0.199223533 0 -0.0095749991 0.150000006 0 -0.0095749991 0.150000006 0 -0.00289777806 0.199223533 0 -0.00281907758 0.198973939 0 -0.0024574562 0.198279262 0 -0.00229813298 0.198071629 0 -0.0095749991 0.150000006 0 -0.00229813298 0.198071629 0 -0.00212131953 0.197878674 0 -0.0095749991 0.150000006 0 -0.0095749991 0.150000006 0 -0.00212131953 0.197878674 0 -0.00192836253 0.197701871 0 4.67896444e-10 0.00299999723 0 -0.0095749991 0.0500000007 0 0.00385000044 0.0500000007 0 -0.0095749991 0.0500000007 0 -0.0095749991 0.150000006 0 0.00385000044 0.0500000007 0 0.00385000044 0.0500000007 0 -0.0095749991 0.150000006 0 0.00385000044 0.150000006 0 -0.0095749991 0.150000006 0 -0.000261466485 0.197011411 0 0.00385000044 0.150000006 0 0.00385000044 0.150000006 0 -0.000261466485 0.197011411 0 4.67896444e-10 0.196999997 0 0.0010260609 0.197180927 0 0.00126785459 0.197281078 0 0.00385000044 0.150000006 0 0.00126785459 0.197281078 0 0.00149999978 0.197401926 0 0.00385000044 0.150000006 0 0.00385000044 0.150000006 0 0.00149999978 0.197401926 0 0.00172072882 0.197542548 0 0.00172072882 0.197542548 0 0.00192836346 0.197701871 0 0.00385000044 0.150000006 0 0.00192836346 0.197701871 0 0.00212132046 0.197878674 0 0.00385000044 0.150000006 0 0.00385000044 0.150000006 0 0.00212132046 0.197878674 0 0.00229813391 0.198071629 0 0.00229813391 0.198071629 0 0.00245745527 0.198279262 0 0.00385000044 0.150000006 0 0.00245745527 0.198279262 0 0.00259807566 0.198499992 0 0.00385000044 0.150000006 0 0.00385000044 0.150000006 0 0.00259807566 0.198499992 0 0.00271892408 0.198732138 0 0.00295442389 0.200520948 0 0.00289777713 0.200776458 0 0.00385000044 0.219999999 0 -0.00102605997 0.202819079 0 -0.00126785552 0.202718928 0 -0.0095749991 0.219999999 0 -0.00126785552 0.202718928 0 -0.00150000071 0.20259808 0 -0.0095749991 0.219999999 0 -0.0095749991 0.219999999 0 -0.00150000071 0.20259808 0 -0.00172072975 0.202457458 0 -0.00281907758 0.198973939 0 -0.00271892315 0.198732138 0 -0.0095749991 0.150000006 0 -0.00271892315 0.198732138 0 -0.00259807659 0.198499992 0 -0.0095749991 0.150000006 0 -0.0095749991 0.150000006 0 -0.00259807659 0.198499992 0 -0.0024574562 0.198279262 0 -0.0161499996 -0.0180000011 0 -0.0161499996 -0.0115000028 0 -0.0095749991 -0.0115000028 0 -0.0161499996 -0.0115000028 0 -0.0161499996 0.0500000007 0 -0.0095749991 -0.0115000028 0 -0.0095749991 -0.0115000028 0 -0.0161499996 0.0500000007 0 -0.0095749991 0.0500000007 0 -0.0161499996 0.0500000007 0 -0.0161499996 0.150000006 0 -0.0095749991 0.0500000007 0 -0.0095749991 0.0500000007 0 -0.0161499996 0.150000006 0 -0.0095749991 0.150000006 0 -0.0161499996 0.150000006 0 -0.0095749991 0.219999999 0 -0.0095749991 0.150000006 0 -0.0095749991 0.150000006 0 -0.0095749991 0.219999999 0 -0.00298858387 0.199738532 0 -0.0095749991 0.219999999 0 -0.00300000003 0.200000003 0 -0.00298858387 0.199738532 0 0.00271892408 0.198732138 0 0.00281907851 0.198973939 0 0.00385000044 0.150000006 0 0.00281907851 0.198973939 0 0.00289777713 0.199223533 0 0.00385000044 0.150000006 0 0.00385000044 0.150000006 0 0.00289777713 0.199223533 0 0.00295442389 0.199479058 0 0.00289777713 0.200776458 0 0.00281907851 0.201026052 0 0.00385000044 0.219999999 0 0.00281907851 0.201026052 0 0.00271892408 0.201267853 0 0.00385000044 0.219999999 0 0.00385000044 0.219999999 0 0.00271892408 0.201267853 0 0.00259807566 0.201499999 0 0.00295442389 0.199479058 0 0.00298858481 0.199738532 0 0.00385000044 0.150000006 0 0.00298858481 0.199738532 0 0.00299999909 0.200000003 0 0.00385000044 0.150000006 0 0.00385000044 0.150000006 0 0.00299999909 0.200000003 0 0.00385000044 0.219999999 0 0.00299999909 0.200000003 0 0.00298858481 0.200261459 0 0.00385000044 0.219999999 0 0.00385000044 0.219999999 0 0.00298858481 0.200261459 0 0.00295442389 0.200520948 0 0.0618500002 0.219999999 0 0.0618500002 0.219999999 0.00200000009 0.062024314 0.219992384 0.00200000009 0.0618500002 0.219999999 0 0.062024314 0.219992384 0.00200000009 0.062024314 0.219992384 0 0.062024314 0.219992384 0.00200000009 0.0621972978 0.219969615 0.00200000009 0.062024314 0.219992384 0 0.062024314 0.219992384 0 0.0621972978 0.219969615 0.00200000009 0.0621972978 0.219969615 0 0.0621972978 0.219969615 0.00200000009 0.0623676404 0.219931856 0.00200000009 0.0621972978 0.219969615 0 0.0621972978 0.219969615 0 0.0623676404 0.219931856 0.00200000009 0.0623676404 0.219931856 0 0.0623676404 0.219931856 0.00200000009 0.0625340417 0.219879389 0.00200000009 0.0623676404 0.219931856 0 0.0623676404 0.219931856 0 0.0625340417 0.219879389 0.00200000009 0.0625340417 0.219879389 0 0.0625340417 0.219879389 0.00200000009 0.062695235 0.219812617 0.00200000009 0.0625340417 0.219879389 0 0.0625340417 0.219879389 0 0.062695235 0.219812617 0.00200000009 0.062695235 0.219812617 0 0.062695235 0.219812617 0.00200000009 0.0628499985 0.219732046 0.00200000009 0.062695235 0.219812617 0 0.062695235 0.219812617 0 0.0628499985 0.219732046 0.00200000009 0.0628499985 0.219732046 0 0.0628499985 0.219732046 0.00200000009 0.0629971549 0.219638303 0.00200000009 0.0628499985 0.219732046 0 0.0628499985 0.219732046 0 0.0629971549 0.219638303 0.00200000009 0.0629971549 0.219638303 0 0.0629971549 0.219638303 0.00200000009 0.0631355718 0.219532087 0.00200000009 0.0629971549 0.219638303 0 0.0629971549 0.219638303 0 0.0631355718 0.219532087 0.00200000009 0.0631355718 0.219532087 0 0.0631355718 0.219532087 0.00200000009 0.0632642135 0.219414204 0.00200000009 0.0631355718 0.219532087 0 0.0631355718 0.219532087 0 0.0632642135 0.219414204 0.00200000009 0.0632642135 0.219414204 0 0.0632642135 0.219414204 0.00200000009 0.0633820891 0.219285578 0.00200000009 0.0632642135 0.219414204 0 0.0632642135 0.219414204 0 0.0633820891 0.219285578 0.00200000009 0.0633820891 0.219285578 0 0.0633820891 0.219285578 0.00200000009 0.0634883046 0.219147146 0.00200000009 0.0633820891 0.219285578 0 0.0633820891 0.219285578 0 0.0634883046 0.219147146 0.00200000009 0.0634883046 0.219147146 0 0.0634883046 0.219147146 0.00200000009 0.0635820478 0.218999997 0.00200000009 0.0634883046 0.219147146 0 0.0634883046 0.219147146 0 0.0635820478 0.218999997 0.00200000009 0.0635820478 0.218999997 0 0.0635820478 0.218999997 0.00200000009 0.0636626184 0.218845233 0.00200000009 0.0635820478 0.218999997 0 0.0635820478 0.218999997 0 0.0636626184 0.218845233 0.00200000009 0.0636626184 0.218845233 0 0.0636626184 0.218845233 0.00200000009 0.0637293831 0.218684033 0.00200000009 0.0636626184 0.218845233 0 0.0636626184 0.218845233 0 0.0637293831 0.218684033 0.00200000009 0.0637293831 0.218684033 0 0.0637293831 0.218684033 0.00200000009 0.06378185 0.218517631 0.00200000009 0.0637293831 0.218684033 0 0.0637293831 0.218684033 0 0.06378185 0.218517631 0.00200000009 0.06378185 0.218517631 0 0.06378185 0.218517631 0.00200000009 0.063819617 0.218347296 0.00200000009 0.06378185 0.218517631 0 0.06378185 0.218517631 0 0.063819617 0.218347296 0.00200000009 0.063819617 0.218347296 0 0.063819617 0.218347296 0.00200000009 0.063842386 0.218174309 0.00200000009 0.063819617 0.218347296 0 0.063819617 0.218347296 0 0.063842386 0.218174309 0.00200000009 0.063842386 0.218174309 0 0.063842386 0.218174309 0.00200000009 0.0638500005 0.217999995 0.00200000009 0.063842386 0.218174309 0 0.063842386 0.218174309 0 0.0638500005 0.217999995 0.00200000009 0.0638500005 0.217999995 0 0.0638500005 -0.0180000011 0.00200000009 0.0638500005 -0.0180000011 0 0.0638500005 -0.0115000028 0.00200000009 0.0638500005 -0.0180000011 0 0.0638500005 -0.0115000028 0 0.0638500005 -0.0115000028 0.00200000009 0.0638500005 -0.0115000028 0.00200000009 0.0638500005 -0.0115000028 0 0.0638500005 0.0500000007 0.00200000009 0.0638500005 -0.0115000028 0 0.0638500005 0.0500000007 0 0.0638500005 0.0500000007 0.00200000009 0.0638500005 0.0500000007 0.00200000009 0.0638500005 0.0500000007 0 0.0638500005 0.150000006 0.00200000009 0.0638500005 0.0500000007 0 0.0638500005 0.150000006 0 0.0638500005 0.150000006 0.00200000009 0.0638500005 0.150000006 0.00200000009 0.0638500005 0.150000006 0 0.0638500005 0.217999995 0.00200000009 0.0638500005 0.150000006 0 0.0638500005 0.217999995 0 0.0638500005 0.217999995 0.00200000009 0.0106885843 0.100261465 0.00200000009 0.0107000005 0.100000001 0.00200000009 0.0238499995 0.150000006 0.00200000009 0.0438500009 -0.0199999977 0.00200000009 0.0618500002 -0.0199999977 0.00200000009 0.0638500005 -0.0180000011 0.00200000009 0.0618500002 -0.0199999977 0.00200000009 0.062024314 -0.0199923906 0.00200000009 0.0638500005 -0.0180000011 0.00200000009 0.0638500005 -0.0180000011 0.00200000009 0.062024314 -0.0199923906 0.00200000009 0.0621972978 -0.0199696142 0.00200000009 0.0621972978 -0.0199696142 0.00200000009 0.0623676404 -0.0199318547 0.00200000009 0.0638500005 -0.0180000011 0.00200000009 0.0623676404 -0.0199318547 0.00200000009 0.0625340417 -0.0198793877 0.00200000009 0.0638500005 -0.0180000011 0.00200000009 0.0638500005 -0.0180000011 0.00200000009 0.0625340417 -0.0198793877 0.00200000009 0.062695235 -0.0198126156 0.00200000009 0.062695235 -0.0198126156 0.00200000009 0.0628499985 -0.0197320525 0.00200000009 0.0638500005 -0.0180000011 0.00200000009 0.0628499985 -0.0197320525 0.00200000009 0.0629971549 -0.0196383018 0.00200000009 0.0638500005 -0.0180000011 0.00200000009 0.0638500005 -0.0180000011 0.00200000009 0.0629971549 -0.0196383018 0.00200000009 0.0631355718 -0.0195320863 0.00200000009 0.0631355718 -0.0195320863 0.00200000009 0.0632642135 -0.0194142107 0.00200000009 0.0638500005 -0.0180000011 0.00200000009 0.0632642135 -0.0194142107 0.00200000009 0.0633820891 -0.0192855764 0.00200000009 0.0638500005 -0.0180000011 0.00200000009 0.0638500005 -0.0180000011 0.00200000009 0.0633820891 -0.0192855764 0.00200000009 0.0634883046 -0.0191471521 0.00200000009 0.0634883046 -0.0191471521 0.00200000009 0.0635820478 -0.0190000031 0.00200000009 0.0638500005 -0.0180000011 0.00200000009 0.0635820478 -0.0190000031 0.00200000009 0.0636626184 -0.0188452397 0.00200000009 0.0638500005 -0.0180000011 0.00200000009 0.0638500005 -0.0180000011 0.00200000009 0.0636626184 -0.0188452397 0.00200000009 0.0637293831 -0.0186840389 0.00200000009 0.0637293831 -0.0186840389 0.00200000009 0.06378185 -0.0185176376 0.00200000009 0.0638500005 -0.0180000011 0.00200000009 0.06378185 -0.0185176376 0.00200000009 0.063819617 -0.018347295 0.00200000009 0.0638500005 -0.0180000011 0.00200000009 0.0638500005 -0.0180000011 0.00200000009 0.063819617 -0.018347295 0.00200000009 0.063842386 -0.0181743149 0.00200000009 -0.0161499996 -0.0115000028 0.00200000009 -0.0161499996 -0.0180000011 0.00200000009 -0.0095749991 -0.0199999977 0.00200000009 -0.0156820882 -0.0192855764 0.00200000009 -0.0155642116 -0.0194142107 0.00200000009 -0.0161499996 -0.0180000011 0.00200000009 -0.014497296 -0.0199696142 0.00200000009 -0.0143243121 -0.0199923906 0.00200000009 -0.0161499996 -0.0180000011 0.00200000009 -0.0143243121 -0.0199923906 0.00200000009 -0.0141499983 -0.0199999977 0.00200000009 -0.0161499996 -0.0180000011 0.00200000009 -0.0161499996 -0.0180000011 0.00200000009 -0.0141499983 -0.0199999977 0.00200000009 -0.0095749991 -0.0199999977 0.00200000009 -0.0151500003 -0.0197320525 0.00200000009 -0.0149952369 -0.0198126156 0.00200000009 -0.0161499996 -0.0180000011 0.00200000009 -0.0149952369 -0.0198126156 0.00200000009 -0.0148340398 -0.0198793877 0.00200000009 -0.0161499996 -0.0180000011 0.00200000009 -0.0148340398 -0.0198793877 0.00200000009 -0.0146676386 -0.0199318547 0.00200000009 -0.0161499996 -0.0180000011 0.00200000009 -0.0161499996 -0.0180000011 0.00200000009 -0.0146676386 -0.0199318547 0.00200000009 -0.014497296 -0.0199696142 0.00200000009 -0.0161499996 -0.0180000011 0.00200000009 -0.0161423888 -0.0181743149 0.00200000009 -0.0161196161 -0.018347295 0.00200000009 -0.0161196161 -0.018347295 0.00200000009 -0.0160818528 -0.0185176376 0.00200000009 -0.0161499996 -0.0180000011 0.00200000009 -0.0160818528 -0.0185176376 0.00200000009 -0.0160293858 -0.0186840389 0.00200000009 -0.0161499996 -0.0180000011 0.00200000009 -0.0161499996 -0.0180000011 0.00200000009 -0.0160293858 -0.0186840389 0.00200000009 -0.0159626175 -0.0188452397 0.00200000009 -0.0159626175 -0.0188452397 0.00200000009 -0.0158820506 -0.0190000031 0.00200000009 -0.0161499996 -0.0180000011 0.00200000009 -0.0158820506 -0.0190000031 0.00200000009 -0.0157883037 -0.0191471521 0.00200000009 -0.0161499996 -0.0180000011 0.00200000009 -0.0161499996 -0.0180000011 0.00200000009 -0.0157883037 -0.0191471521 0.00200000009 -0.0156820882 -0.0192855764 0.00200000009 -0.0155642116 -0.0194142107 0.00200000009 -0.0154355736 -0.0195320863 0.00200000009 -0.0161499996 -0.0180000011 0.00200000009 -0.0154355736 -0.0195320863 0.00200000009 -0.015297153 -0.0196383018 0.00200000009 -0.0161499996 -0.0180000011 0.00200000009 -0.0161499996 -0.0180000011 0.00200000009 -0.015297153 -0.0196383018 0.00200000009 -0.0151500003 -0.0197320525 0.00200000009 -0.014497296 0.219969615 0.00200000009 -0.0161499996 0.217999995 0.00200000009 -0.0143243121 0.219992384 0.00200000009 -0.0161499996 0.217999995 0.00200000009 -0.0141499983 0.219999999 0.00200000009 -0.0143243121 0.219992384 0.00200000009 -0.014497296 0.219969615 0.00200000009 -0.0146676386 0.219931856 0.00200000009 -0.0161499996 0.217999995 0.00200000009 -0.0146676386 0.219931856 0.00200000009 -0.0148340398 0.219879389 0.00200000009 -0.0161499996 0.217999995 0.00200000009 -0.0161499996 0.217999995 0.00200000009 -0.0148340398 0.219879389 0.00200000009 -0.0149952369 0.219812617 0.00200000009 -0.0149952369 0.219812617 0.00200000009 -0.0151500003 0.219732046 0.00200000009 -0.0161499996 0.217999995 0.00200000009 -0.0151500003 0.219732046 0.00200000009 -0.015297153 0.219638303 0.00200000009 -0.0161499996 0.217999995 0.00200000009 -0.0161499996 0.217999995 0.00200000009 -0.015297153 0.219638303 0.00200000009 -0.0154355736 0.219532087 0.00200000009 -0.0154355736 0.219532087 0.00200000009 -0.0155642116 0.219414204 0.00200000009 -0.0161499996 0.217999995 0.00200000009 -0.0155642116 0.219414204 0.00200000009 -0.0156820882 0.219285578 0.00200000009 -0.0161499996 0.217999995 0.00200000009 -0.0161499996 0.217999995 0.00200000009 -0.0156820882 0.219285578 0.00200000009 -0.0157883037 0.219147146 0.00200000009 -0.0160293858 0.218684033 0.00200000009 -0.0160818528 0.218517631 0.00200000009 -0.0161499996 0.217999995 0.00200000009 -0.0160818528 0.218517631 0.00200000009 -0.0161196161 0.218347296 0.00200000009 -0.0161499996 0.217999995 0.00200000009 -0.0161499996 0.217999995 0.00200000009 -0.0161196161 0.218347296 0.00200000009 -0.0161423888 0.218174309 0.00200000009 -0.0157883037 0.219147146 0.00200000009 -0.0158820506 0.218999997 0.00200000009 -0.0161499996 0.217999995 0.00200000009 -0.0158820506 0.218999997 0.00200000009 -0.0159626175 0.218845233 0.00200000009 -0.0161499996 0.217999995 0.00200000009 -0.0161499996 0.217999995 0.00200000009 -0.0159626175 0.218845233 0.00200000009 -0.0160293858 0.218684033 0.00200000009 0.0502980761 0.198499992 0.00200000009 0.0501574576 0.198279262 0.00200000009 0.0638500005 0.150000006 0.00200000009 0.0496283621 0.197701871 0.00200000009 0.0494207293 0.197542548 0.00200000009 0.0638500005 0.150000006 0.00200000009 0.0494207293 0.197542548 0.00200000009 0.0492000021 0.197401926 0.00200000009 0.0638500005 0.150000006 0.00200000009 0.0501574576 0.198279262 0.00200000009 0.0499981344 0.198071629 0.00200000009 0.0638500005 0.150000006 0.00200000009 0.0499981344 0.198071629 0.00200000009 0.0498213209 0.197878674 0.00200000009 0.0638500005 0.150000006 0.00200000009 0.0638500005 0.150000006 0.00200000009 0.0498213209 0.197878674 0.00200000009 0.0496283621 0.197701871 0.00200000009 0.0505977795 0.199223533 0.00200000009 0.050519079 0.198973939 0.00200000009 0.0638500005 0.150000006 0.00200000009 0.050519079 0.198973939 0.00200000009 0.0504189245 0.198732138 0.00200000009 0.0638500005 0.150000006 0.00200000009 0.0638500005 0.150000006 0.00200000009 0.0504189245 0.198732138 0.00200000009 0.0502980761 0.198499992 0.00200000009 0.0492000021 0.197401926 0.00200000009 0.0489678569 0.197281078 0.00200000009 0.0638500005 0.150000006 0.00200000009 0.0489678569 0.197281078 0.00200000009 0.0487260595 0.197180927 0.00200000009 0.0638500005 0.150000006 0.00200000009 0.0638500005 0.150000006 0.00200000009 0.0487260595 0.197180927 0.00200000009 0.0484764576 0.197102219 0.00200000009 0.0482209437 0.19704558 0.00200000009 0.047961466 0.197011411 0.00200000009 0.0438500009 0.150000006 0.00200000009 0.047961466 0.197011411 0.00200000009 0.0476999991 0.196999997 0.00200000009 0.0438500009 0.150000006 0.00200000009 0.0469235443 0.197102219 0.00200000009 0.0466739386 0.197180927 0.00200000009 0.0438500009 0.150000006 0.00200000009 0.0466739386 0.197180927 0.00200000009 0.0464321449 0.197281078 0.00200000009 0.0438500009 0.150000006 0.00200000009 0.0438500009 0.150000006 0.00200000009 0.0464321449 0.197281078 0.00200000009 0.0461999997 0.197401926 0.00200000009 0.0469235443 0.202897772 0.00200000009 0.0471790545 0.202954426 0.00200000009 0.0438500009 0.219999999 0.00200000009 0.0471790545 0.202954426 0.00200000009 0.0474385321 0.20298858 0.00200000009 0.0438500009 0.219999999 0.00200000009 0.0438500009 0.219999999 0.00200000009 0.0474385321 0.20298858 0.00200000009 0.0476999991 0.202999994 0.00200000009 0.0505977795 0.199223533 0.00200000009 0.0638500005 0.150000006 0.00200000009 0.0506544225 0.199479058 0.00200000009 0.0638500005 0.150000006 0.00200000009 0.0638500005 0.217999995 0.00200000009 0.0506544225 0.199479058 0.00200000009 0.0506544225 0.199479058 0.00200000009 0.0638500005 0.217999995 0.00200000009 0.0506885834 0.199738532 0.00200000009 0.0476999991 0.196999997 0.00200000009 0.0474385321 0.197011411 0.00200000009 0.0438500009 0.150000006 0.00200000009 0.0474385321 0.197011411 0.00200000009 0.0471790545 0.19704558 0.00200000009 0.0438500009 0.150000006 0.00200000009 0.0438500009 0.150000006 0.00200000009 0.0471790545 0.19704558 0.00200000009 0.0469235443 0.197102219 0.00200000009 0.0618500002 0.219999999 0.00200000009 0.0487260595 0.202819079 0.00200000009 0.0489678569 0.202718928 0.00200000009 0.0498213209 0.202121317 0.00200000009 0.0499981344 0.201928362 0.00200000009 0.0638500005 0.217999995 0.00200000009 0.0499981344 0.201928362 0.00200000009 0.0501574576 0.201720729 0.00200000009 0.0638500005 0.217999995 0.00200000009 0.0638500005 0.217999995 0.00200000009 0.0501574576 0.201720729 0.00200000009 0.0502980761 0.201499999 0.00200000009 0.0638500005 0.217999995 0.00200000009 0.0505977795 0.200776458 0.00200000009 0.0506544225 0.200520948 0.00200000009 0.0448022224 0.200776458 0.00200000009 0.0438500009 0.219999999 0.00200000009 0.0447455756 0.200520948 0.00200000009 0.0438500009 0.219999999 0.00200000009 0.0447114147 0.200261459 0.00200000009 0.0447455756 0.200520948 0.00200000009 0.0451019257 0.201499999 0.00200000009 0.0452425443 0.201720729 0.00200000009 0.0438500009 0.219999999 0.00200000009 0.0452425443 0.201720729 0.00200000009 0.0454018675 0.201928362 0.00200000009 0.0438500009 0.219999999 0.00200000009 0.0438500009 0.219999999 0.00200000009 0.0454018675 0.201928362 0.00200000009 0.0455786809 0.202121317 0.00200000009 0.0476999991 0.202999994 0.00200000009 0.047961466 0.20298858 0.00200000009 0.0438500009 0.219999999 0.00200000009 0.047961466 0.20298858 0.00200000009 0.0482209437 0.202954426 0.00200000009 0.0438500009 0.219999999 0.00200000009 0.0438500009 0.219999999 0.00200000009 0.0482209437 0.202954426 0.00200000009 0.0618500002 0.219999999 0.00200000009 0.0482209437 0.202954426 0.00200000009 0.0484764576 0.202897772 0.00200000009 0.0618500002 0.219999999 0.00200000009 0.0618500002 0.219999999 0.00200000009 0.0484764576 0.202897772 0.00200000009 0.0487260595 0.202819079 0.00200000009 0.0628499985 0.219732046 0.00200000009 0.062695235 0.219812617 0.00200000009 0.0496283621 0.202298135 0.00200000009 0.062695235 0.219812617 0.00200000009 0.0625340417 0.219879389 0.00200000009 0.0496283621 0.202298135 0.00200000009 0.0496283621 0.202298135 0.00200000009 0.0625340417 0.219879389 0.00200000009 0.0623676404 0.219931856 0.00200000009 0.0502980761 0.201499999 0.00200000009 0.0504189245 0.201267853 0.00200000009 0.0638500005 0.217999995 0.00200000009 0.0504189245 0.201267853 0.00200000009 0.050519079 0.201026052 0.00200000009 0.0638500005 0.217999995 0.00200000009 0.0638500005 0.217999995 0.00200000009 0.050519079 0.201026052 0.00200000009 0.0505977795 0.200776458 0.00200000009 0.0506544225 0.200520948 0.00200000009 0.0506885834 0.200261459 0.00200000009 0.0638500005 0.217999995 0.00200000009 0.0506885834 0.200261459 0.00200000009 0.0507000014 0.200000003 0.00200000009 0.0638500005 0.217999995 0.00200000009 0.0638500005 0.217999995 0.00200000009 0.0507000014 0.200000003 0.00200000009 0.0506885834 0.199738532 0.00200000009 0.0461999997 0.197401926 0.00200000009 0.0459792726 0.197542548 0.00200000009 0.0438500009 0.150000006 0.00200000009 0.0459792726 0.197542548 0.00200000009 0.0457716361 0.197701871 0.00200000009 0.0438500009 0.150000006 0.00200000009 0.0438500009 0.150000006 0.00200000009 0.0457716361 0.197701871 0.00200000009 0.0455786809 0.197878674 0.00200000009 0.0455786809 0.197878674 0.00200000009 0.0454018675 0.198071629 0.00200000009 0.0438500009 0.150000006 0.00200000009 0.0454018675 0.198071629 0.00200000009 0.0452425443 0.198279262 0.00200000009 0.0438500009 0.150000006 0.00200000009 0.0438500009 0.150000006 0.00200000009 0.0452425443 0.198279262 0.00200000009 0.0451019257 0.198499992 0.00200000009 0.0448022224 0.200776458 0.00200000009 0.0448809229 0.201026052 0.00200000009 0.0438500009 0.219999999 0.00200000009 0.0448809229 0.201026052 0.00200000009 0.0449810773 0.201267853 0.00200000009 0.0438500009 0.219999999 0.00200000009 0.0438500009 0.219999999 0.00200000009 0.0449810773 0.201267853 0.00200000009 0.0451019257 0.201499999 0.00200000009 0.0455786809 0.202121317 0.00200000009 0.0457716361 0.202298135 0.00200000009 0.0438500009 0.219999999 0.00200000009 0.0457716361 0.202298135 0.00200000009 0.0459792726 0.202457458 0.00200000009 0.0438500009 0.219999999 0.00200000009 0.0438500009 0.219999999 0.00200000009 0.0459792726 0.202457458 0.00200000009 0.0461999997 0.20259808 0.00200000009 0.0489678569 0.202718928 0.00200000009 0.0492000021 0.20259808 0.00200000009 0.0618500002 0.219999999 0.00200000009 0.0492000021 0.20259808 0.00200000009 0.0494207293 0.202457458 0.00200000009 0.0618500002 0.219999999 0.00200000009 0.0618500002 0.219999999 0.00200000009 0.0494207293 0.202457458 0.00200000009 0.062024314 0.219992384 0.00200000009 0.0494207293 0.202457458 0.00200000009 0.0496283621 0.202298135 0.00200000009 0.062024314 0.219992384 0.00200000009 0.062024314 0.219992384 0.00200000009 0.0496283621 0.202298135 0.00200000009 0.0621972978 0.219969615 0.00200000009 0.0496283621 0.202298135 0.00200000009 0.0623676404 0.219931856 0.00200000009 0.0621972978 0.219969615 0.00200000009 0.063819617 0.218347296 0.00200000009 0.06378185 0.218517631 0.00200000009 0.0496283621 0.202298135 0.00200000009 0.0461999997 0.20259808 0.00200000009 0.0464321449 0.202718928 0.00200000009 0.0438500009 0.219999999 0.00200000009 0.0464321449 0.202718928 0.00200000009 0.0466739386 0.202819079 0.00200000009 0.0438500009 0.219999999 0.00200000009 0.0438500009 0.219999999 0.00200000009 0.0466739386 0.202819079 0.00200000009 0.0469235443 0.202897772 0.00200000009 0.0635820478 0.218999997 0.00200000009 0.0634883046 0.219147146 0.00200000009 0.0496283621 0.202298135 0.00200000009 0.0634883046 0.219147146 0.00200000009 0.0633820891 0.219285578 0.00200000009 0.0496283621 0.202298135 0.00200000009 0.0496283621 0.202298135 0.00200000009 0.0633820891 0.219285578 0.00200000009 0.0632642135 0.219414204 0.00200000009 0.0632642135 0.219414204 0.00200000009 0.0631355718 0.219532087 0.00200000009 0.0496283621 0.202298135 0.00200000009 0.0631355718 0.219532087 0.00200000009 0.0629971549 0.219638303 0.00200000009 0.0496283621 0.202298135 0.00200000009 0.0496283621 0.202298135 0.00200000009 0.0629971549 0.219638303 0.00200000009 0.0628499985 0.219732046 0.00200000009 0.06378185 0.218517631 0.00200000009 0.0637293831 0.218684033 0.00200000009 0.0496283621 0.202298135 0.00200000009 0.0637293831 0.218684033 0.00200000009 0.0636626184 0.218845233 0.00200000009 0.0496283621 0.202298135 0.00200000009 0.0496283621 0.202298135 0.00200000009 0.0636626184 0.218845233 0.00200000009 0.0635820478 0.218999997 0.00200000009 0.0451019257 0.198499992 0.00200000009 0.0449810773 0.198732138 0.00200000009 0.0438500009 0.150000006 0.00200000009 0.0449810773 0.198732138 0.00200000009 0.0448809229 0.198973939 0.00200000009 0.0438500009 0.150000006 0.00200000009 0.0438500009 0.150000006 0.00200000009 0.0448809229 0.198973939 0.00200000009 0.0448022224 0.199223533 0.00200000009 0.0448022224 0.199223533 0.00200000009 0.0447455756 0.199479058 0.00200000009 0.0438500009 0.150000006 0.00200000009 0.0447455756 0.199479058 0.00200000009 0.0447114147 0.199738532 0.00200000009 0.0438500009 0.150000006 0.00200000009 0.0438500009 0.150000006 0.00200000009 0.0447114147 0.199738532 0.00200000009 0.0447000004 0.200000003 0.00200000009 0.0498213209 0.202121317 0.00200000009 0.0638500005 0.217999995 0.00200000009 0.0496283621 0.202298135 0.00200000009 0.0638500005 0.217999995 0.00200000009 0.063842386 0.218174309 0.00200000009 0.0496283621 0.202298135 0.00200000009 0.0496283621 0.202298135 0.00200000009 0.063842386 0.218174309 0.00200000009 0.063819617 0.218347296 0.00200000009 0.00385000044 0.219999999 0.00200000009 0.0238499995 0.150000006 0.00200000009 0.0238499995 0.219999999 0.00200000009 0.0238499995 0.150000006 0.00200000009 0.0438500009 0.150000006 0.00200000009 0.0238499995 0.219999999 0.00200000009 0.0238499995 0.219999999 0.00200000009 0.0438500009 0.150000006 0.00200000009 0.0438500009 0.219999999 0.00200000009 0.0438500009 0.150000006 0.00200000009 0.0447000004 0.200000003 0.00200000009 0.0438500009 0.219999999 0.00200000009 0.0438500009 0.219999999 0.00200000009 0.0447000004 0.200000003 0.00200000009 0.0447114147 0.200261459 0.00200000009 0.00192836346 0.197701871 0.00200000009 0.00172072882 0.197542548 0.00200000009 0.00385000044 0.150000006 0.00200000009 0.00259807566 0.198499992 0.00200000009 0.00245745527 0.198279262 0.00200000009 0.00385000044 0.150000006 0.00200000009 0.00172072882 0.202457458 0.00200000009 0.00192836346 0.202298135 0.00200000009 0.00385000044 0.219999999 0.00200000009 0.00245745527 0.198279262 0.00200000009 0.00229813391 0.198071629 0.00200000009 0.00385000044 0.150000006 0.00200000009 0.00229813391 0.198071629 0.00200000009 0.00212132046 0.197878674 0.00200000009 0.00385000044 0.150000006 0.00200000009 0.00385000044 0.150000006 0.00200000009 0.00212132046 0.197878674 0.00200000009 0.00192836346 0.197701871 0.00200000009 0.00172072882 0.197542548 0.00200000009 0.00149999978 0.197401926 0.00200000009 0.00385000044 0.150000006 0.00200000009 0.00149999978 0.197401926 0.00200000009 0.00126785459 0.197281078 0.00200000009 0.00385000044 0.150000006 0.00200000009 0.00385000044 0.150000006 0.00200000009 0.00126785459 0.197281078 0.00200000009 0.0010260609 0.197180927 0.00200000009 -0.000776458066 0.202897772 0.00200000009 -0.00052094413 0.202954426 0.00200000009 -0.0095749991 0.219999999 0.00200000009 4.67896444e-10 0.202999994 0.00200000009 0.000261467416 0.20298858 0.00200000009 0.00385000044 0.219999999 0.00200000009 0.00299999909 0.200000003 0.00200000009 0.00298858481 0.199738532 0.00200000009 0.00385000044 0.150000006 0.00200000009 0.00298858481 0.199738532 0.00200000009 0.00295442389 0.199479058 0.00200000009 0.00385000044 0.150000006 0.00200000009 0.00385000044 0.150000006 0.00200000009 0.00295442389 0.199479058 0.00200000009 0.00289777713 0.199223533 0.00200000009 0.00289777713 0.199223533 0.00200000009 0.00281907851 0.198973939 0.00200000009 0.00385000044 0.150000006 0.00200000009 0.00281907851 0.198973939 0.00200000009 0.00271892408 0.198732138 0.00200000009 0.00385000044 0.150000006 0.00200000009 0.00385000044 0.150000006 0.00200000009 0.00271892408 0.198732138 0.00200000009 0.00259807566 0.198499992 0.00200000009 0.0010260609 0.197180927 0.00200000009 0.000776457135 0.197102219 0.00200000009 0.00385000044 0.150000006 0.00200000009 0.000776457135 0.197102219 0.00200000009 0.000520945061 0.19704558 0.00200000009 0.00385000044 0.150000006 0.00200000009 0.00385000044 0.150000006 0.00200000009 0.000520945061 0.19704558 0.00200000009 0.000261467416 0.197011411 0.00200000009 -0.000776458066 0.197102219 0.00200000009 -0.00102605997 0.197180927 0.00200000009 -0.0095749991 0.150000006 0.00200000009 -0.00102605997 0.197180927 0.00200000009 -0.00126785552 0.197281078 0.00200000009 -0.0095749991 0.150000006 0.00200000009 -0.0095749991 0.150000006 0.00200000009 -0.00126785552 0.197281078 0.00200000009 -0.00150000071 0.197401926 0.00200000009 -0.00229813298 0.201928362 0.00200000009 -0.00212131953 0.202121317 0.00200000009 -0.0095749991 0.219999999 0.00200000009 -0.0095749991 0.219999999 0.00200000009 -0.00052094413 0.202954426 0.00200000009 0.00385000044 0.219999999 0.00200000009 -0.00052094413 0.202954426 0.00200000009 -0.000261466485 0.20298858 0.00200000009 0.00385000044 0.219999999 0.00200000009 0.00385000044 0.219999999 0.00200000009 -0.000261466485 0.20298858 0.00200000009 4.67896444e-10 0.202999994 0.00200000009 -0.00229813298 0.201928362 0.00200000009 -0.0095749991 0.219999999 0.00200000009 -0.0024574562 0.201720729 0.00200000009 0.000261467416 0.20298858 0.00200000009 0.000520945061 0.202954426 0.00200000009 0.00385000044 0.219999999 0.00200000009 0.000520945061 0.202954426 0.00200000009 0.000776457135 0.202897772 0.00200000009 0.00385000044 0.219999999 0.00200000009 0.00385000044 0.219999999 0.00200000009 0.000776457135 0.202897772 0.00200000009 0.0010260609 0.202819079 0.00200000009 0.0010260609 0.202819079 0.00200000009 0.00126785459 0.202718928 0.00200000009 0.00385000044 0.219999999 0.00200000009 0.00126785459 0.202718928 0.00200000009 0.00149999978 0.20259808 0.00200000009 0.00385000044 0.219999999 0.00200000009 0.00385000044 0.219999999 0.00200000009 0.00149999978 0.20259808 0.00200000009 0.00172072882 0.202457458 0.00200000009 0.00192836346 0.202298135 0.00200000009 0.00212132046 0.202121317 0.00200000009 0.00385000044 0.219999999 0.00200000009 0.00212132046 0.202121317 0.00200000009 0.00229813391 0.201928362 0.00200000009 0.00385000044 0.219999999 0.00200000009 0.00385000044 0.219999999 0.00200000009 0.00229813391 0.201928362 0.00200000009 0.00245745527 0.201720729 0.00200000009 4.67896444e-10 0.196999997 0.00200000009 -0.000261466485 0.197011411 0.00200000009 -0.0095749991 0.150000006 0.00200000009 -0.000261466485 0.197011411 0.00200000009 -0.00052094413 0.19704558 0.00200000009 -0.0095749991 0.150000006 0.00200000009 -0.0095749991 0.150000006 0.00200000009 -0.00052094413 0.19704558 0.00200000009 -0.000776458066 0.197102219 0.00200000009 -0.00298858387 0.200261459 0.00200000009 -0.00295442296 0.200520948 0.00200000009 -0.0095749991 0.219999999 0.00200000009 -0.00295442296 0.200520948 0.00200000009 -0.00289777806 0.200776458 0.00200000009 -0.0095749991 0.219999999 0.00200000009 -0.0095749991 0.219999999 0.00200000009 -0.00289777806 0.200776458 0.00200000009 -0.00281907758 0.201026052 0.00200000009 0.00245745527 0.201720729 0.00200000009 0.00259807566 0.201499999 0.00200000009 0.00385000044 0.219999999 0.00200000009 0.00259807566 0.201499999 0.00200000009 0.00271892408 0.201267853 0.00200000009 0.00385000044 0.219999999 0.00200000009 0.00385000044 0.219999999 0.00200000009 0.00271892408 0.201267853 0.00200000009 0.00281907851 0.201026052 0.00200000009 0.00281907851 0.201026052 0.00200000009 0.00289777713 0.200776458 0.00200000009 0.00385000044 0.219999999 0.00200000009 0.00289777713 0.200776458 0.00200000009 0.00295442389 0.200520948 0.00200000009 0.00385000044 0.219999999 0.00200000009 0.00385000044 0.219999999 0.00200000009 0.00295442389 0.200520948 0.00200000009 0.00298858481 0.200261459 0.00200000009 -0.00150000071 0.197401926 0.00200000009 -0.00172072975 0.197542548 0.00200000009 -0.0095749991 0.150000006 0.00200000009 -0.00172072975 0.197542548 0.00200000009 -0.00192836253 0.197701871 0.00200000009 -0.0095749991 0.150000006 0.00200000009 -0.0095749991 0.150000006 0.00200000009 -0.00192836253 0.197701871 0.00200000009 -0.00212131953 0.197878674 0.00200000009 -0.00212131953 0.197878674 0.00200000009 -0.00229813298 0.198071629 0.00200000009 -0.0095749991 0.150000006 0.00200000009 -0.00229813298 0.198071629 0.00200000009 -0.0024574562 0.198279262 0.00200000009 -0.0095749991 0.150000006 0.00200000009 -0.0095749991 0.150000006 0.00200000009 -0.0024574562 0.198279262 0.00200000009 -0.00259807659 0.198499992 0.00200000009 -0.00281907758 0.201026052 0.00200000009 -0.00271892315 0.201267853 0.00200000009 -0.0095749991 0.219999999 0.00200000009 -0.00271892315 0.201267853 0.00200000009 -0.00259807659 0.201499999 0.00200000009 -0.0095749991 0.219999999 0.00200000009 -0.0095749991 0.219999999 0.00200000009 -0.00259807659 0.201499999 0.00200000009 -0.0024574562 0.201720729 0.00200000009 -0.00212131953 0.202121317 0.00200000009 -0.00192836253 0.202298135 0.00200000009 -0.0095749991 0.219999999 0.00200000009 -0.00192836253 0.202298135 0.00200000009 -0.00172072975 0.202457458 0.00200000009 -0.0095749991 0.219999999 0.00200000009 -0.0095749991 0.219999999 0.00200000009 -0.00172072975 0.202457458 0.00200000009 -0.00150000071 0.20259808 0.00200000009 -0.00150000071 0.20259808 0.00200000009 -0.00126785552 0.202718928 0.00200000009 -0.0095749991 0.219999999 0.00200000009 -0.00126785552 0.202718928 0.00200000009 -0.00102605997 0.202819079 0.00200000009 -0.0095749991 0.219999999 0.00200000009 -0.0095749991 0.219999999 0.00200000009 -0.00102605997 0.202819079 0.00200000009 -0.000776458066 0.202897772 0.00200000009 -0.00259807659 0.198499992 0.00200000009 -0.00271892315 0.198732138 0.00200000009 -0.0095749991 0.150000006 0.00200000009 -0.00271892315 0.198732138 0.00200000009 -0.00281907758 0.198973939 0.00200000009 -0.0095749991 0.150000006 0.00200000009 -0.0095749991 0.150000006 0.00200000009 -0.00281907758 0.198973939 0.00200000009 -0.0095749991 0.219999999 0.00200000009 -0.00281907758 0.198973939 0.00200000009 -0.00289777806 0.199223533 0.00200000009 -0.0095749991 0.219999999 0.00200000009 -0.0095749991 0.219999999 0.00200000009 -0.00289777806 0.199223533 0.00200000009 -0.00295442296 0.199479058 0.00200000009 -0.00295442296 0.199479058 0.00200000009 -0.00298858387 0.199738532 0.00200000009 -0.0095749991 0.219999999 0.00200000009 -0.00298858387 0.199738532 0.00200000009 -0.00300000003 0.200000003 0.00200000009 -0.0095749991 0.219999999 0.00200000009 -0.0095749991 0.219999999 0.00200000009 -0.00300000003 0.200000003 0.00200000009 -0.00298858387 0.200261459 0.00200000009 0.0484764576 0.197102219 0.00200000009 0.0482209437 0.19704558 0.00200000009 0.0638500005 0.150000006 0.00200000009 0.0482209437 0.19704558 0.00200000009 0.0438500009 0.150000006 0.00200000009 0.0638500005 0.150000006 0.00200000009 0.0638500005 0.150000006 0.00200000009 0.0438500009 0.150000006 0.00200000009 0.0638500005 0.0500000007 0.00200000009 0.0438500009 0.150000006 0.00200000009 0.0438500009 0.0500000007 0.00200000009 0.0638500005 0.0500000007 0.00200000009 0.0371809229 0.101026058 0.00200000009 0.0372810774 0.101267852 0.00200000009 0.0238499995 0.150000006 0.00200000009 0.0427189246 0.0987321436 0.00200000009 0.0425980762 0.0984999985 0.00200000009 0.0438500009 0.0500000007 0.00200000009 0.0425980762 0.0984999985 0.00200000009 0.0424574576 0.0982792675 0.00200000009 0.0438500009 0.0500000007 0.00200000009 0.0438500009 0.0500000007 0.00200000009 0.0424574576 0.0982792675 0.00200000009 0.0422981344 0.0980716348 0.00200000009 0.0370000005 0.100000001 0.00200000009 0.0370114148 0.100261465 0.00200000009 0.0238499995 0.150000006 0.00200000009 0.0425980762 0.101499997 0.00200000009 0.0427189246 0.101267852 0.00200000009 0.0438500009 0.150000006 0.00200000009 0.0429544225 0.0994790569 0.00200000009 0.0428977795 0.0992235392 0.00200000009 0.0438500009 0.0500000007 0.00200000009 0.0428977795 0.0992235392 0.00200000009 0.042819079 0.0989739373 0.00200000009 0.0438500009 0.0500000007 0.00200000009 0.0438500009 0.0500000007 0.00200000009 0.042819079 0.0989739373 0.00200000009 0.0427189246 0.0987321436 0.00200000009 0.0392235443 0.0971022248 0.00200000009 0.0389739387 0.0971809253 0.00200000009 0.0238499995 0.0500000007 0.00200000009 0.0382792689 0.0975425467 0.00200000009 0.0380716361 0.0977018699 0.00200000009 0.0238499995 0.0500000007 0.00200000009 0.0380716361 0.0977018699 0.00200000009 0.037878681 0.0978786796 0.00200000009 0.0238499995 0.0500000007 0.00200000009 0.0425980762 0.101499997 0.00200000009 0.0438500009 0.150000006 0.00200000009 0.0424574576 0.101720728 0.00200000009 0.0429544225 0.100520946 0.00200000009 0.0429885834 0.100261465 0.00200000009 0.0438500009 0.150000006 0.00200000009 0.0429885834 0.100261465 0.00200000009 0.0430000015 0.100000001 0.00200000009 0.0438500009 0.150000006 0.00200000009 0.0438500009 0.150000006 0.00200000009 0.0430000015 0.100000001 0.00200000009 0.0438500009 0.0500000007 0.00200000009 0.0430000015 0.100000001 0.00200000009 0.0429885834 0.0997385308 0.00200000009 0.0438500009 0.0500000007 0.00200000009 0.0438500009 0.0500000007 0.00200000009 0.0429885834 0.0997385308 0.00200000009 0.0429544225 0.0994790569 0.00200000009 0.0389739387 0.0971809253 0.00200000009 0.038732145 0.097281076 0.00200000009 0.0238499995 0.0500000007 0.00200000009 0.038732145 0.097281076 0.00200000009 0.0384999998 0.0974019244 0.00200000009 0.0238499995 0.0500000007 0.00200000009 0.0238499995 0.0500000007 0.00200000009 0.0384999998 0.0974019244 0.00200000009 0.0382792689 0.0975425467 0.00200000009 0.037878681 0.0978786796 0.00200000009 0.0377018675 0.0980716348 0.00200000009 0.0238499995 0.0500000007 0.00200000009 0.0377018675 0.0980716348 0.00200000009 0.0375425443 0.0982792675 0.00200000009 0.0238499995 0.0500000007 0.00200000009 0.0238499995 0.0500000007 0.00200000009 0.0375425443 0.0982792675 0.00200000009 0.037401922 0.0984999985 0.00200000009 0.037401922 0.0984999985 0.00200000009 0.0372810774 0.0987321436 0.00200000009 0.0238499995 0.0500000007 0.00200000009 0.0372810774 0.0987321436 0.00200000009 0.0371809229 0.0989739373 0.00200000009 0.0238499995 0.0500000007 0.00200000009 0.0238499995 0.0500000007 0.00200000009 0.0371809229 0.0989739373 0.00200000009 0.0371022224 0.0992235392 0.00200000009 0.0371022224 0.0992235392 0.00200000009 0.0370455757 0.0994790569 0.00200000009 0.0238499995 0.0500000007 0.00200000009 0.0370455757 0.0994790569 0.00200000009 0.0370114148 0.0997385308 0.00200000009 0.0238499995 0.0500000007 0.00200000009 0.0238499995 0.0500000007 0.00200000009 0.0370114148 0.0997385308 0.00200000009 0.0370000005 0.100000001 0.00200000009 0.0417207293 0.0975425467 0.00200000009 0.0415000021 0.0974019244 0.00200000009 0.0438500009 0.0500000007 0.00200000009 0.0370114148 0.100261465 0.00200000009 0.0370455757 0.100520946 0.00200000009 0.0238499995 0.150000006 0.00200000009 0.0370455757 0.100520946 0.00200000009 0.0371022224 0.100776456 0.00200000009 0.0238499995 0.150000006 0.00200000009 0.0238499995 0.150000006 0.00200000009 0.0371022224 0.100776456 0.00200000009 0.0371809229 0.101026058 0.00200000009 0.0372810774 0.101267852 0.00200000009 0.037401922 0.101499997 0.00200000009 0.0238499995 0.150000006 0.00200000009 0.037401922 0.101499997 0.00200000009 0.0375425443 0.101720728 0.00200000009 0.0238499995 0.150000006 0.00200000009 0.0238499995 0.150000006 0.00200000009 0.0375425443 0.101720728 0.00200000009 0.0377018675 0.101928361 0.00200000009 0.0377018675 0.101928361 0.00200000009 0.037878681 0.102121323 0.00200000009 0.0238499995 0.150000006 0.00200000009 0.037878681 0.102121323 0.00200000009 0.0380716361 0.102298133 0.00200000009 0.0238499995 0.150000006 0.00200000009 0.0238499995 0.150000006 0.00200000009 0.0380716361 0.102298133 0.00200000009 0.0438500009 0.150000006 0.00200000009 0.0380716361 0.102298133 0.00200000009 0.0382792689 0.102457456 0.00200000009 0.0438500009 0.150000006 0.00200000009 0.0402614661 0.0970114172 0.00200000009 0.0438500009 0.0500000007 0.00200000009 0.0405209437 0.0970455781 0.00200000009 0.0438500009 0.0500000007 0.00200000009 0.0407764576 0.0971022248 0.00200000009 0.0405209437 0.0970455781 0.00200000009 0.041267857 0.102718927 0.00200000009 0.0415000021 0.102598079 0.00200000009 0.0438500009 0.150000006 0.00200000009 0.0415000021 0.102598079 0.00200000009 0.0417207293 0.102457456 0.00200000009 0.0438500009 0.150000006 0.00200000009 0.0438500009 0.150000006 0.00200000009 0.0417207293 0.102457456 0.00200000009 0.0419283621 0.102298133 0.00200000009 0.0419283621 0.102298133 0.00200000009 0.042121321 0.102121323 0.00200000009 0.0438500009 0.150000006 0.00200000009 0.042121321 0.102121323 0.00200000009 0.0422981344 0.101928361 0.00200000009 0.0438500009 0.150000006 0.00200000009 0.0438500009 0.150000006 0.00200000009 0.0422981344 0.101928361 0.00200000009 0.0424574576 0.101720728 0.00200000009 0.0427189246 0.101267852 0.00200000009 0.042819079 0.101026058 0.00200000009 0.0438500009 0.150000006 0.00200000009 0.042819079 0.101026058 0.00200000009 0.0428977795 0.100776456 0.00200000009 0.0438500009 0.150000006 0.00200000009 0.0438500009 0.150000006 0.00200000009 0.0428977795 0.100776456 0.00200000009 0.0429544225 0.100520946 0.00200000009 0.0415000021 0.0974019244 0.00200000009 0.041267857 0.097281076 0.00200000009 0.0438500009 0.0500000007 0.00200000009 0.041267857 0.097281076 0.00200000009 0.0410260595 0.0971809253 0.00200000009 0.0438500009 0.0500000007 0.00200000009 0.0438500009 0.0500000007 0.00200000009 0.0410260595 0.0971809253 0.00200000009 0.0407764576 0.0971022248 0.00200000009 0.0382792689 0.102457456 0.00200000009 0.0384999998 0.102598079 0.00200000009 0.0438500009 0.150000006 0.00200000009 0.0384999998 0.102598079 0.00200000009 0.038732145 0.102718927 0.00200000009 0.0438500009 0.150000006 0.00200000009 0.0438500009 0.150000006 0.00200000009 0.038732145 0.102718927 0.00200000009 0.0389739387 0.102819078 0.00200000009 0.0422981344 0.0980716348 0.00200000009 0.042121321 0.0978786796 0.00200000009 0.0438500009 0.0500000007 0.00200000009 0.042121321 0.0978786796 0.00200000009 0.0419283621 0.0977018699 0.00200000009 0.0438500009 0.0500000007 0.00200000009 0.0438500009 0.0500000007 0.00200000009 0.0419283621 0.0977018699 0.00200000009 0.0417207293 0.0975425467 0.00200000009 0.0389739387 0.102819078 0.00200000009 0.0392235443 0.102897778 0.00200000009 0.0438500009 0.150000006 0.00200000009 0.0392235443 0.102897778 0.00200000009 0.0394790545 0.102954425 0.00200000009 0.0438500009 0.150000006 0.00200000009 0.0438500009 0.150000006 0.00200000009 0.0394790545 0.102954425 0.00200000009 0.0397385322 0.102988586 0.00200000009 0.0397385322 0.102988586 0.00200000009 0.0399999991 0.103 0.00200000009 0.0438500009 0.150000006 0.00200000009 0.0399999991 0.103 0.00200000009 0.0402614661 0.102988586 0.00200000009 0.0438500009 0.150000006 0.00200000009 0.0438500009 0.150000006 0.00200000009 0.0402614661 0.102988586 0.00200000009 0.0405209437 0.102954425 0.00200000009 0.0402614661 0.0970114172 0.00200000009 0.0399999991 0.0970000029 0.00200000009 0.0438500009 0.0500000007 0.00200000009 0.0399999991 0.0970000029 0.00200000009 0.0397385322 0.0970114172 0.00200000009 0.0438500009 0.0500000007 0.00200000009 0.0438500009 0.0500000007 0.00200000009 0.0397385322 0.0970114172 0.00200000009 0.0238499995 0.0500000007 0.00200000009 0.0397385322 0.0970114172 0.00200000009 0.0394790545 0.0970455781 0.00200000009 0.0238499995 0.0500000007 0.00200000009 0.0238499995 0.0500000007 0.00200000009 0.0394790545 0.0970455781 0.00200000009 0.0392235443 0.0971022248 0.00200000009 0.0405209437 0.102954425 0.00200000009 0.0407764576 0.102897778 0.00200000009 0.0438500009 0.150000006 0.00200000009 0.0407764576 0.102897778 0.00200000009 0.0410260595 0.102819078 0.00200000009 0.0438500009 0.150000006 0.00200000009 0.0438500009 0.150000006 0.00200000009 0.0410260595 0.102819078 0.00200000009 0.041267857 0.102718927 0.00200000009 0.00540186698 0.0980716348 0.00200000009 0.00524254376 0.0982792675 0.00200000009 0.00385000044 0.0500000007 0.00200000009 0.00524254376 0.0982792675 0.00200000009 0.00510192337 0.0984999985 0.00200000009 0.00385000044 0.0500000007 0.00200000009 0.00385000044 0.0500000007 0.00200000009 0.00510192337 0.0984999985 0.00200000009 0.00498107681 0.0987321436 0.00200000009 0.0370000005 0.100000001 0.00200000009 0.0238499995 0.150000006 0.00200000009 0.0238499995 0.0500000007 0.00200000009 0.0238499995 0.150000006 0.00200000009 0.0107000005 0.100000001 0.00200000009 0.0238499995 0.0500000007 0.00200000009 0.0238499995 0.0500000007 0.00200000009 0.0107000005 0.100000001 0.00200000009 0.0106885843 0.0997385308 0.00200000009 0.00962836295 0.0977018699 0.00200000009 0.00942073017 0.0975425467 0.00200000009 0.0238499995 0.0500000007 0.00200000009 0.00597927021 0.0975425467 0.00200000009 0.00577163743 0.0977018699 0.00200000009 0.00385000044 0.0500000007 0.00200000009 0.00577163743 0.0977018699 0.00200000009 0.00557868043 0.0978786796 0.00200000009 0.00385000044 0.0500000007 0.00200000009 0.00385000044 0.0500000007 0.00200000009 0.00557868043 0.0978786796 0.00200000009 0.00540186698 0.0980716348 0.00200000009 0.0101574566 0.101720728 0.00200000009 0.010298077 0.101499997 0.00200000009 0.0238499995 0.150000006 0.00200000009 0.010298077 0.101499997 0.00200000009 0.0104189236 0.101267852 0.00200000009 0.0238499995 0.150000006 0.00200000009 0.0238499995 0.150000006 0.00200000009 0.0104189236 0.101267852 0.00200000009 0.010519078 0.101026058 0.00200000009 0.004745577 0.100520946 0.00200000009 0.0048022219 0.100776456 0.00200000009 0.00385000044 0.150000006 0.00200000009 0.0048022219 0.100776456 0.00200000009 0.00488092238 0.101026058 0.00200000009 0.00385000044 0.150000006 0.00200000009 0.0106885843 0.0997385308 0.00200000009 0.0106544234 0.0994790569 0.00200000009 0.0238499995 0.0500000007 0.00200000009 0.0106544234 0.0994790569 0.00200000009 0.0105977776 0.0992235392 0.00200000009 0.0238499995 0.0500000007 0.00200000009 0.0238499995 0.0500000007 0.00200000009 0.0105977776 0.0992235392 0.00200000009 0.010519078 0.0989739373 0.00200000009 0.0101574566 0.0982792675 0.00200000009 0.00999813341 0.0980716348 0.00200000009 0.0238499995 0.0500000007 0.00200000009 0.00999813341 0.0980716348 0.00200000009 0.00982132088 0.0978786796 0.00200000009 0.0238499995 0.0500000007 0.00200000009 0.0238499995 0.0500000007 0.00200000009 0.00982132088 0.0978786796 0.00200000009 0.00962836295 0.0977018699 0.00200000009 0.010519078 0.101026058 0.00200000009 0.0105977776 0.100776456 0.00200000009 0.0238499995 0.150000006 0.00200000009 0.0105977776 0.100776456 0.00200000009 0.0106544234 0.100520946 0.00200000009 0.0238499995 0.150000006 0.00200000009 0.0238499995 0.150000006 0.00200000009 0.0106544234 0.100520946 0.00200000009 0.0106885843 0.100261465 0.00200000009 0.010519078 0.0989739373 0.00200000009 0.0104189236 0.0987321436 0.00200000009 0.0238499995 0.0500000007 0.00200000009 0.0104189236 0.0987321436 0.00200000009 0.010298077 0.0984999985 0.00200000009 0.0238499995 0.0500000007 0.00200000009 0.0238499995 0.0500000007 0.00200000009 0.010298077 0.0984999985 0.00200000009 0.0101574566 0.0982792675 0.00200000009 0.00667393999 0.0971809253 0.00200000009 0.00643214444 0.097281076 0.00200000009 0.00385000044 0.0500000007 0.00200000009 0.00643214444 0.097281076 0.00200000009 0.00619999925 0.0974019244 0.00200000009 0.00385000044 0.0500000007 0.00200000009 0.00385000044 0.0500000007 0.00200000009 0.00619999925 0.0974019244 0.00200000009 0.00597927021 0.0975425467 0.00200000009 0.00498107681 0.0987321436 0.00200000009 0.00488092238 0.0989739373 0.00200000009 0.00385000044 0.0500000007 0.00200000009 0.00488092238 0.0989739373 0.00200000009 0.0048022219 0.0992235392 0.00200000009 0.00385000044 0.0500000007 0.00200000009 0.00385000044 0.0500000007 0.00200000009 0.0048022219 0.0992235392 0.00200000009 0.004745577 0.0994790569 0.00200000009 0.004745577 0.0994790569 0.00200000009 0.00471141608 0.0997385308 0.00200000009 0.00385000044 0.0500000007 0.00200000009 0.00471141608 0.0997385308 0.00200000009 0.00469999993 0.100000001 0.00200000009 0.00385000044 0.0500000007 0.00200000009 0.00385000044 0.0500000007 0.00200000009 0.00469999993 0.100000001 0.00200000009 0.00385000044 0.150000006 0.00200000009 0.00469999993 0.100000001 0.00200000009 0.00471141608 0.100261465 0.00200000009 0.00385000044 0.150000006 0.00200000009 0.00385000044 0.150000006 0.00200000009 0.00471141608 0.100261465 0.00200000009 0.004745577 0.100520946 0.00200000009 0.00488092238 0.101026058 0.00200000009 0.00498107681 0.101267852 0.00200000009 0.00385000044 0.150000006 0.00200000009 0.00498107681 0.101267852 0.00200000009 0.00510192337 0.101499997 0.00200000009 0.00385000044 0.150000006 0.00200000009 0.00385000044 0.150000006 0.00200000009 0.00510192337 0.101499997 0.00200000009 0.00524254376 0.101720728 0.00200000009 0.00524254376 0.101720728 0.00200000009 0.00540186698 0.101928361 0.00200000009 0.00385000044 0.150000006 0.00200000009 0.00540186698 0.101928361 0.00200000009 0.00557868043 0.102121323 0.00200000009 0.00385000044 0.150000006 0.00200000009 0.00385000044 0.150000006 0.00200000009 0.00557868043 0.102121323 0.00200000009 0.00577163743 0.102298133 0.00200000009 0.00298858481 0.200261459 0.00200000009 0.00299999909 0.200000003 0.00200000009 0.00385000044 0.219999999 0.00200000009 0.00299999909 0.200000003 0.00200000009 0.00385000044 0.150000006 0.00200000009 0.00385000044 0.219999999 0.00200000009 0.00385000044 0.219999999 0.00200000009 0.00385000044 0.150000006 0.00200000009 0.0238499995 0.150000006 0.00200000009 0.00385000044 0.150000006 0.00200000009 0.00577163743 0.102298133 0.00200000009 0.0238499995 0.150000006 0.00200000009 0.0238499995 0.150000006 0.00200000009 0.00577163743 0.102298133 0.00200000009 0.00597927021 0.102457456 0.00200000009 0.00942073017 0.0975425467 0.00200000009 0.0092000002 0.0974019244 0.00200000009 0.0238499995 0.0500000007 0.00200000009 0.0092000002 0.0974019244 0.00200000009 0.00896785501 0.097281076 0.00200000009 0.0238499995 0.0500000007 0.00200000009 0.0238499995 0.0500000007 0.00200000009 0.00896785501 0.097281076 0.00200000009 0.00872606132 0.0971809253 0.00200000009 0.00872606132 0.0971809253 0.00200000009 0.00847645756 0.0971022248 0.00200000009 0.0238499995 0.0500000007 0.00200000009 0.00847645756 0.0971022248 0.00200000009 0.00822094548 0.0970455781 0.00200000009 0.0238499995 0.0500000007 0.00200000009 0.0238499995 0.0500000007 0.00200000009 0.00822094548 0.0970455781 0.00200000009 0.00385000044 0.0500000007 0.00200000009 0.00822094548 0.0970455781 0.00200000009 0.00796146784 0.0970114172 0.00200000009 0.00385000044 0.0500000007 0.00200000009 0.00796146784 0.0970114172 0.00200000009 0.00770000042 0.0970000029 0.00200000009 0.00385000044 0.0500000007 0.00200000009 0.00385000044 0.0500000007 0.00200000009 0.00770000042 0.0970000029 0.00200000009 0.00743853347 0.0970114172 0.00200000009 0.00743853347 0.0970114172 0.00200000009 0.00717905583 0.0970455781 0.00200000009 0.00385000044 0.0500000007 0.00200000009 0.00717905583 0.0970455781 0.00200000009 0.00692354375 0.0971022248 0.00200000009 0.00385000044 0.0500000007 0.00200000009 0.00385000044 0.0500000007 0.00200000009 0.00692354375 0.0971022248 0.00200000009 0.00667393999 0.0971809253 0.00200000009 0.00597927021 0.102457456 0.00200000009 0.00619999925 0.102598079 0.00200000009 0.0238499995 0.150000006 0.00200000009 0.00619999925 0.102598079 0.00200000009 0.00643214444 0.102718927 0.00200000009 0.0238499995 0.150000006 0.00200000009 0.0238499995 0.150000006 0.00200000009 0.00643214444 0.102718927 0.00200000009 0.00667393999 0.102819078 0.00200000009 0.00667393999 0.102819078 0.00200000009 0.00692354375 0.102897778 0.00200000009 0.0238499995 0.150000006 0.00200000009 0.00692354375 0.102897778 0.00200000009 0.00717905583 0.102954425 0.00200000009 0.0238499995 0.150000006 0.00200000009 0.0238499995 0.150000006 0.00200000009 0.00717905583 0.102954425 0.00200000009 0.00743853347 0.102988586 0.00200000009 0.00743853347 0.102988586 0.00200000009 0.00770000042 0.103 0.00200000009 0.0238499995 0.150000006 0.00200000009 0.00770000042 0.103 0.00200000009 0.00796146784 0.102988586 0.00200000009 0.0238499995 0.150000006 0.00200000009 0.0238499995 0.150000006 0.00200000009 0.00796146784 0.102988586 0.00200000009 0.00822094548 0.102954425 0.00200000009 0.00822094548 0.102954425 0.00200000009 0.00847645756 0.102897778 0.00200000009 0.0238499995 0.150000006 0.00200000009 0.00847645756 0.102897778 0.00200000009 0.00872606132 0.102819078 0.00200000009 0.0238499995 0.150000006 0.00200000009 0.0238499995 0.150000006 0.00200000009 0.00872606132 0.102819078 0.00200000009 0.00896785501 0.102718927 0.00200000009 0.00896785501 0.102718927 0.00200000009 0.0092000002 0.102598079 0.00200000009 0.0238499995 0.150000006 0.00200000009 0.0092000002 0.102598079 0.00200000009 0.00942073017 0.102457456 0.00200000009 0.0238499995 0.150000006 0.00200000009 0.0238499995 0.150000006 0.00200000009 0.00942073017 0.102457456 0.00200000009 0.00962836295 0.102298133 0.00200000009 0.00962836295 0.102298133 0.00200000009 0.00982132088 0.102121323 0.00200000009 0.0238499995 0.150000006 0.00200000009 0.00982132088 0.102121323 0.00200000009 0.00999813341 0.101928361 0.00200000009 0.0238499995 0.150000006 0.00200000009 0.0238499995 0.150000006 0.00200000009 0.00999813341 0.101928361 0.00200000009 0.0101574566 0.101720728 0.00200000009 0.000261467416 0.197011411 0.00200000009 4.67896444e-10 0.196999997 0.00200000009 0.00385000044 0.150000006 0.00200000009 4.67896444e-10 0.196999997 0.00200000009 -0.0095749991 0.150000006 0.00200000009 0.00385000044 0.150000006 0.00200000009 0.00385000044 0.150000006 0.00200000009 -0.0095749991 0.150000006 0.00200000009 0.00385000044 0.0500000007 0.00200000009 -0.0095749991 0.150000006 0.00200000009 -0.0095749991 0.0500000007 0.00200000009 0.00385000044 0.0500000007 0.00200000009 0.0502980761 -0.0014999971 0.00200000009 0.0501574576 -0.001720728 0.00200000009 0.0638500005 -0.0115000028 0.00200000009 0.0501574576 -0.001720728 0.00200000009 0.0499981344 -0.00192836078 0.00200000009 0.0638500005 -0.0115000028 0.00200000009 0.0638500005 -0.0115000028 0.00200000009 0.0499981344 -0.00192836078 0.00200000009 0.0498213209 -0.00212132325 0.00200000009 0.0498213209 -0.00212132325 0.00200000009 0.0496283621 -0.00229813298 0.00200000009 0.0638500005 -0.0115000028 0.00200000009 0.0496283621 -0.00229813298 0.00200000009 0.0494207293 -0.0024574562 0.00200000009 0.0638500005 -0.0115000028 0.00200000009 0.0638500005 -0.0115000028 0.00200000009 0.0494207293 -0.0024574562 0.00200000009 0.0492000021 -0.00259807846 0.00200000009 0.0505977795 -0.00077645632 0.00200000009 0.0638500005 -0.0115000028 0.00200000009 0.0506544225 -0.000520946109 0.00200000009 0.0638500005 -0.0115000028 0.00200000009 0.0506885834 -0.000261464709 0.00200000009 0.0506544225 -0.000520946109 0.00200000009 0.0505977795 -0.00077645632 0.00200000009 0.050519079 -0.00102605822 0.00200000009 0.0638500005 -0.0115000028 0.00200000009 0.050519079 -0.00102605822 0.00200000009 0.0504189245 -0.00126785191 0.00200000009 0.0638500005 -0.0115000028 0.00200000009 0.0638500005 -0.0115000028 0.00200000009 0.0504189245 -0.00126785191 0.00200000009 0.0502980761 -0.0014999971 0.00200000009 0.0482209437 -0.00295442482 0.00200000009 0.047961466 -0.00298858574 0.00200000009 0.0438500009 -0.0115000028 0.00200000009 0.047961466 -0.00298858574 0.00200000009 0.0476999991 -0.00300000003 0.00200000009 0.0438500009 -0.0115000028 0.00200000009 0.0469235443 -0.00289777806 0.00200000009 0.0466739386 -0.00281907758 0.00200000009 0.0438500009 -0.0115000028 0.00200000009 0.0466739386 -0.00281907758 0.00200000009 0.0464321449 -0.00271892687 0.00200000009 0.0438500009 -0.0115000028 0.00200000009 0.0466739386 0.00281907478 0.00200000009 0.0469235443 0.00289777527 0.00200000009 0.0438500009 0.0500000007 0.00200000009 0.0469235443 0.00289777527 0.00200000009 0.0471790545 0.00295442203 0.00200000009 0.0438500009 0.0500000007 0.00200000009 0.0438500009 0.0500000007 0.00200000009 0.0471790545 0.00295442203 0.00200000009 0.0474385321 0.00298858294 0.00200000009 0.0492000021 -0.00259807846 0.00200000009 0.0489678569 -0.00271892687 0.00200000009 0.0638500005 -0.0115000028 0.00200000009 0.0489678569 -0.00271892687 0.00200000009 0.0487260595 -0.00281907758 0.00200000009 0.0638500005 -0.0115000028 0.00200000009 0.0638500005 -0.0115000028 0.00200000009 0.0487260595 -0.00281907758 0.00200000009 0.0438500009 -0.0115000028 0.00200000009 0.0487260595 -0.00281907758 0.00200000009 0.0484764576 -0.00289777806 0.00200000009 0.0438500009 -0.0115000028 0.00200000009 0.0438500009 -0.0115000028 0.00200000009 0.0484764576 -0.00289777806 0.00200000009 0.0482209437 -0.00295442482 0.00200000009 0.0476999991 -0.00300000003 0.00200000009 0.0474385321 -0.00298858574 0.00200000009 0.0438500009 -0.0115000028 0.00200000009 0.0474385321 -0.00298858574 0.00200000009 0.0471790545 -0.00295442482 0.00200000009 0.0438500009 -0.0115000028 0.00200000009 0.0438500009 -0.0115000028 0.00200000009 0.0471790545 -0.00295442482 0.00200000009 0.0469235443 -0.00289777806 0.00200000009 0.0474385321 0.00298858294 0.00200000009 0.0476999991 0.00299999723 0.00200000009 0.0438500009 0.0500000007 0.00200000009 0.0476999991 0.00299999723 0.00200000009 0.047961466 0.00298858294 0.00200000009 0.0438500009 0.0500000007 0.00200000009 0.0438500009 0.0500000007 0.00200000009 0.047961466 0.00298858294 0.00200000009 0.0638500005 0.0500000007 0.00200000009 0.047961466 0.00298858294 0.00200000009 0.0482209437 0.00295442203 0.00200000009 0.0638500005 0.0500000007 0.00200000009 0.0638500005 0.0500000007 0.00200000009 0.0482209437 0.00295442203 0.00200000009 0.0484764576 0.00289777527 0.00200000009 0.0484764576 0.00289777527 0.00200000009 0.0487260595 0.00281907478 0.00200000009 0.0638500005 0.0500000007 0.00200000009 0.0487260595 0.00281907478 0.00200000009 0.0489678569 0.00271892408 0.00200000009 0.0638500005 0.0500000007 0.00200000009 0.0638500005 0.0500000007 0.00200000009 0.0489678569 0.00271892408 0.00200000009 0.0492000021 0.00259807566 0.00200000009 0.0492000021 0.00259807566 0.00200000009 0.0494207293 0.0024574534 0.00200000009 0.0638500005 0.0500000007 0.00200000009 0.0494207293 0.0024574534 0.00200000009 0.0496283621 0.00229813019 0.00200000009 0.0638500005 0.0500000007 0.00200000009 0.0638500005 0.0500000007 0.00200000009 0.0496283621 0.00229813019 0.00200000009 0.0498213209 0.00212132046 0.00200000009 0.0498213209 0.00212132046 0.00200000009 0.0499981344 0.00192836521 0.00200000009 0.0638500005 0.0500000007 0.00200000009 0.0499981344 0.00192836521 0.00200000009 0.0501574576 0.00172073243 0.00200000009 0.0638500005 0.0500000007 0.00200000009 0.0638500005 0.0500000007 0.00200000009 0.0501574576 0.00172073243 0.00200000009 0.0502980761 0.00150000153 0.00200000009 0.0464321449 -0.00271892687 0.00200000009 0.0461999997 -0.00259807846 0.00200000009 0.0438500009 -0.0115000028 0.00200000009 0.0461999997 -0.00259807846 0.00200000009 0.0459792726 -0.0024574562 0.00200000009 0.0438500009 -0.0115000028 0.00200000009 0.0438500009 -0.0115000028 0.00200000009 0.0459792726 -0.0024574562 0.00200000009 0.0457716361 -0.00229813298 0.00200000009 0.0438500009 -0.0115000028 0.00200000009 0.0452425443 -0.001720728 0.00200000009 0.0451019257 -0.0014999971 0.00200000009 0.0454018675 0.00192836521 0.00200000009 0.0438500009 0.0500000007 0.00200000009 0.0452425443 0.00172073243 0.00200000009 0.0438500009 0.0500000007 0.00200000009 0.0451019257 0.00150000153 0.00200000009 0.0452425443 0.00172073243 0.00200000009 0.0454018675 0.00192836521 0.00200000009 0.0455786809 0.00212132046 0.00200000009 0.0438500009 0.0500000007 0.00200000009 0.0455786809 0.00212132046 0.00200000009 0.0457716361 0.00229813019 0.00200000009 0.0438500009 0.0500000007 0.00200000009 0.0438500009 0.0500000007 0.00200000009 0.0457716361 0.00229813019 0.00200000009 0.0459792726 0.0024574534 0.00200000009 0.0502980761 0.00150000153 0.00200000009 0.0504189245 0.00126785634 0.00200000009 0.0638500005 0.0500000007 0.00200000009 0.0504189245 0.00126785634 0.00200000009 0.050519079 0.00102606264 0.00200000009 0.0638500005 0.0500000007 0.00200000009 0.0638500005 0.0500000007 0.00200000009 0.050519079 0.00102606264 0.00200000009 0.0638500005 -0.0115000028 0.00200000009 0.050519079 0.00102606264 0.00200000009 0.0505977795 0.000776460744 0.00200000009 0.0638500005 -0.0115000028 0.00200000009 0.0638500005 -0.0115000028 0.00200000009 0.0505977795 0.000776460744 0.00200000009 0.0506544225 0.000520943082 0.00200000009 0.0506544225 0.000520943082 0.00200000009 0.0506885834 0.000261469191 0.00200000009 0.0638500005 -0.0115000028 0.00200000009 0.0506885834 0.000261469191 0.00200000009 0.0507000014 -1.49011614e-09 0.00200000009 0.0638500005 -0.0115000028 0.00200000009 0.0638500005 -0.0115000028 0.00200000009 0.0507000014 -1.49011614e-09 0.00200000009 0.0506885834 -0.000261464709 0.00200000009 0.0447000004 -1.49011614e-09 0.00200000009 0.0447114147 0.000261469191 0.00200000009 0.0438500009 0.0500000007 0.00200000009 0.0447114147 0.000261469191 0.00200000009 0.0447455756 0.000520943082 0.00200000009 0.0438500009 0.0500000007 0.00200000009 0.0438500009 0.0500000007 0.00200000009 0.0447455756 0.000520943082 0.00200000009 0.0448022224 0.000776460744 0.00200000009 0.0448022224 0.000776460744 0.00200000009 0.0448809229 0.00102606264 0.00200000009 0.0438500009 0.0500000007 0.00200000009 0.0448809229 0.00102606264 0.00200000009 0.0449810773 0.00126785634 0.00200000009 0.0438500009 0.0500000007 0.00200000009 0.0438500009 0.0500000007 0.00200000009 0.0449810773 0.00126785634 0.00200000009 0.0451019257 0.00150000153 0.00200000009 0.0459792726 0.0024574534 0.00200000009 0.0461999997 0.00259807566 0.00200000009 0.0438500009 0.0500000007 0.00200000009 0.0461999997 0.00259807566 0.00200000009 0.0464321449 0.00271892408 0.00200000009 0.0438500009 0.0500000007 0.00200000009 0.0438500009 0.0500000007 0.00200000009 0.0464321449 0.00271892408 0.00200000009 0.0466739386 0.00281907478 0.00200000009 0.0457716361 -0.00229813298 0.00200000009 0.0455786809 -0.00212132325 0.00200000009 0.0438500009 -0.0115000028 0.00200000009 0.0455786809 -0.00212132325 0.00200000009 0.0454018675 -0.00192836078 0.00200000009 0.0438500009 -0.0115000028 0.00200000009 0.0438500009 -0.0115000028 0.00200000009 0.0454018675 -0.00192836078 0.00200000009 0.0452425443 -0.001720728 0.00200000009 0.0451019257 -0.0014999971 0.00200000009 0.0449810773 -0.00126785191 0.00200000009 0.0438500009 -0.0115000028 0.00200000009 0.0449810773 -0.00126785191 0.00200000009 0.0448809229 -0.00102605822 0.00200000009 0.0438500009 -0.0115000028 0.00200000009 0.0438500009 -0.0115000028 0.00200000009 0.0448809229 -0.00102605822 0.00200000009 0.0448022224 -0.00077645632 0.00200000009 0.0448022224 -0.00077645632 0.00200000009 0.0447455756 -0.000520946109 0.00200000009 0.0438500009 -0.0115000028 0.00200000009 0.0447455756 -0.000520946109 0.00200000009 0.0447114147 -0.000261464709 0.00200000009 0.0438500009 -0.0115000028 0.00200000009 0.0438500009 -0.0115000028 0.00200000009 0.0447114147 -0.000261464709 0.00200000009 0.0447000004 -1.49011614e-09 0.00200000009 0.0447000004 -1.49011614e-09 0.00200000009 0.0438500009 0.0500000007 0.00200000009 0.0438500009 -0.0115000028 0.00200000009 0.0438500009 0.0500000007 0.00200000009 0.0238499995 0.0500000007 0.00200000009 0.0438500009 -0.0115000028 0.00200000009 0.0438500009 -0.0115000028 0.00200000009 0.0238499995 0.0500000007 0.00200000009 0.0238499995 -0.0115000028 0.00200000009 0.0238499995 0.0500000007 0.00200000009 0.00385000044 0.0500000007 0.00200000009 0.0238499995 -0.0115000028 0.00200000009 0.0238499995 -0.0115000028 0.00200000009 0.00385000044 0.0500000007 0.00200000009 0.00385000044 -0.0115000028 0.00200000009 0.00298858481 -0.000261464709 0.00200000009 0.00295442389 -0.000520946109 0.00200000009 0.00385000044 -0.0115000028 0.00200000009 0.00295442389 -0.000520946109 0.00200000009 0.00289777713 -0.00077645632 0.00200000009 0.00385000044 -0.0115000028 0.00200000009 0.00259807566 -0.0014999971 0.00200000009 0.00245745527 -0.001720728 0.00200000009 0.00385000044 -0.0115000028 0.00200000009 0.00245745527 -0.001720728 0.00200000009 0.00229813391 -0.00192836078 0.00200000009 0.00385000044 -0.0115000028 0.00200000009 0.00229813391 -0.00192836078 0.00200000009 0.00212132046 -0.00212132325 0.00200000009 0.00385000044 -0.0115000028 0.00200000009 0.00212132046 -0.00212132325 0.00200000009 0.00192836346 -0.00229813298 0.00200000009 0.00385000044 -0.0115000028 0.00200000009 0.00385000044 -0.0115000028 0.00200000009 0.00192836346 -0.00229813298 0.00200000009 0.00172072882 -0.0024574562 0.00200000009 0.00172072882 -0.0024574562 0.00200000009 0.00149999978 -0.00259807846 0.00200000009 0.00385000044 -0.0115000028 0.00200000009 0.00149999978 -0.00259807846 0.00200000009 0.00126785459 -0.00271892687 0.00200000009 0.00385000044 -0.0115000028 0.00200000009 0.00385000044 -0.0115000028 0.00200000009 0.00126785459 -0.00271892687 0.00200000009 0.0010260609 -0.00281907758 0.00200000009 0.00289777713 -0.00077645632 0.00200000009 0.00281907851 -0.00102605822 0.00200000009 0.00385000044 -0.0115000028 0.00200000009 0.00281907851 -0.00102605822 0.00200000009 0.00271892408 -0.00126785191 0.00200000009 0.00385000044 -0.0115000028 0.00200000009 0.00385000044 -0.0115000028 0.00200000009 0.00271892408 -0.00126785191 0.00200000009 0.00259807566 -0.0014999971 0.00200000009 0.0010260609 -0.00281907758 0.00200000009 0.000776457135 -0.00289777806 0.00200000009 0.00385000044 -0.0115000028 0.00200000009 0.000776457135 -0.00289777806 0.00200000009 0.000520945061 -0.00295442482 0.00200000009 0.00385000044 -0.0115000028 0.00200000009 0.00385000044 -0.0115000028 0.00200000009 0.000520945061 -0.00295442482 0.00200000009 0.000261467416 -0.00298858574 0.00200000009 -0.000776458066 -0.00289777806 0.00200000009 -0.00102605997 -0.00281907758 0.00200000009 -0.0095749991 -0.0115000028 0.00200000009 -0.00102605997 -0.00281907758 0.00200000009 -0.00126785552 -0.00271892687 0.00200000009 -0.0095749991 -0.0115000028 0.00200000009 -0.00229813298 0.00192836521 0.00200000009 -0.00212131953 0.00212132046 0.00200000009 -0.0095749991 0.0500000007 0.00200000009 -0.00229813298 0.00192836521 0.00200000009 -0.0095749991 0.0500000007 0.00200000009 -0.0024574562 0.00172073243 0.00200000009 -0.000776458066 0.00289777527 0.00200000009 -0.00052094413 0.00295442203 0.00200000009 -0.0095749991 0.0500000007 0.00200000009 -0.00052094413 0.00295442203 0.00200000009 -0.000261466485 0.00298858294 0.00200000009 -0.0095749991 0.0500000007 0.00200000009 -0.0095749991 0.0500000007 0.00200000009 -0.000261466485 0.00298858294 0.00200000009 0.00385000044 0.0500000007 0.00200000009 -0.000261466485 0.00298858294 0.00200000009 4.67896444e-10 0.00299999723 0.00200000009 0.00385000044 0.0500000007 0.00200000009 4.67896444e-10 0.00299999723 0.00200000009 0.000261467416 0.00298858294 0.00200000009 0.00385000044 0.0500000007 0.00200000009 0.000261467416 0.00298858294 0.00200000009 0.000520945061 0.00295442203 0.00200000009 0.00385000044 0.0500000007 0.00200000009 0.00385000044 0.0500000007 0.00200000009 0.000520945061 0.00295442203 0.00200000009 0.000776457135 0.00289777527 0.00200000009 0.000776457135 0.00289777527 0.00200000009 0.0010260609 0.00281907478 0.00200000009 0.00385000044 0.0500000007 0.00200000009 0.0010260609 0.00281907478 0.00200000009 0.00126785459 0.00271892408 0.00200000009 0.00385000044 0.0500000007 0.00200000009 0.00385000044 0.0500000007 0.00200000009 0.00126785459 0.00271892408 0.00200000009 0.00149999978 0.00259807566 0.00200000009 0.00149999978 0.00259807566 0.00200000009 0.00172072882 0.0024574534 0.00200000009 0.00385000044 0.0500000007 0.00200000009 0.00172072882 0.0024574534 0.00200000009 0.00192836346 0.00229813019 0.00200000009 0.00385000044 0.0500000007 0.00200000009 0.00385000044 0.0500000007 0.00200000009 0.00192836346 0.00229813019 0.00200000009 0.00212132046 0.00212132046 0.00200000009 0.00212132046 0.00212132046 0.00200000009 0.00229813391 0.00192836521 0.00200000009 0.00385000044 0.0500000007 0.00200000009 0.00229813391 0.00192836521 0.00200000009 0.00245745527 0.00172073243 0.00200000009 0.00385000044 0.0500000007 0.00200000009 0.00385000044 0.0500000007 0.00200000009 0.00245745527 0.00172073243 0.00200000009 0.00259807566 0.00150000153 0.00200000009 0.000261467416 -0.00298858574 0.00200000009 4.67896444e-10 -0.00300000003 0.00200000009 0.00385000044 -0.0115000028 0.00200000009 4.67896444e-10 -0.00300000003 0.00200000009 -0.000261466485 -0.00298858574 0.00200000009 0.00385000044 -0.0115000028 0.00200000009 0.00385000044 -0.0115000028 0.00200000009 -0.000261466485 -0.00298858574 0.00200000009 -0.0095749991 -0.0115000028 0.00200000009 -0.000261466485 -0.00298858574 0.00200000009 -0.00052094413 -0.00295442482 0.00200000009 -0.0095749991 -0.0115000028 0.00200000009 -0.0095749991 -0.0115000028 0.00200000009 -0.00052094413 -0.00295442482 0.00200000009 -0.000776458066 -0.00289777806 0.00200000009 -0.00126785552 -0.00271892687 0.00200000009 -0.00150000071 -0.00259807846 0.00200000009 -0.0095749991 -0.0115000028 0.00200000009 -0.00150000071 -0.00259807846 0.00200000009 -0.00172072975 -0.0024574562 0.00200000009 -0.0095749991 -0.0115000028 0.00200000009 -0.0095749991 -0.0115000028 0.00200000009 -0.00172072975 -0.0024574562 0.00200000009 -0.00192836253 -0.00229813298 0.00200000009 -0.0095749991 -0.0115000028 0.00200000009 -0.0024574562 -0.001720728 0.00200000009 -0.00259807659 -0.0014999971 0.00200000009 -0.0095749991 0.0500000007 0.00200000009 -0.00289777806 0.000776460744 0.00200000009 -0.00281907758 0.00102606264 0.00200000009 -0.00212131953 0.00212132046 0.00200000009 -0.00192836253 0.00229813019 0.00200000009 -0.0095749991 0.0500000007 0.00200000009 -0.00192836253 0.00229813019 0.00200000009 -0.00172072975 0.0024574534 0.00200000009 -0.0095749991 0.0500000007 0.00200000009 -0.0095749991 0.0500000007 0.00200000009 -0.00172072975 0.0024574534 0.00200000009 -0.00150000071 0.00259807566 0.00200000009 0.00259807566 0.00150000153 0.00200000009 0.00271892408 0.00126785634 0.00200000009 0.00385000044 0.0500000007 0.00200000009 0.00271892408 0.00126785634 0.00200000009 0.00281907851 0.00102606264 0.00200000009 0.00385000044 0.0500000007 0.00200000009 0.00385000044 0.0500000007 0.00200000009 0.00281907851 0.00102606264 0.00200000009 0.00289777713 0.000776460744 0.00200000009 -0.00289777806 0.000776460744 0.00200000009 -0.0095749991 0.0500000007 0.00200000009 -0.00295442296 0.000520943082 0.00200000009 -0.0095749991 0.0500000007 0.00200000009 -0.0095749991 -0.0115000028 0.00200000009 -0.00295442296 0.000520943082 0.00200000009 -0.00295442296 0.000520943082 0.00200000009 -0.0095749991 -0.0115000028 0.00200000009 -0.00298858387 0.000261469191 0.00200000009 -0.00281907758 0.00102606264 0.00200000009 -0.00271892315 0.00126785634 0.00200000009 -0.0095749991 0.0500000007 0.00200000009 -0.00271892315 0.00126785634 0.00200000009 -0.00259807659 0.00150000153 0.00200000009 -0.0095749991 0.0500000007 0.00200000009 -0.0095749991 0.0500000007 0.00200000009 -0.00259807659 0.00150000153 0.00200000009 -0.0024574562 0.00172073243 0.00200000009 -0.00150000071 0.00259807566 0.00200000009 -0.00126785552 0.00271892408 0.00200000009 -0.0095749991 0.0500000007 0.00200000009 -0.00126785552 0.00271892408 0.00200000009 -0.00102605997 0.00281907478 0.00200000009 -0.0095749991 0.0500000007 0.00200000009 -0.0095749991 0.0500000007 0.00200000009 -0.00102605997 0.00281907478 0.00200000009 -0.000776458066 0.00289777527 0.00200000009 0.00289777713 0.000776460744 0.00200000009 0.00295442389 0.000520943082 0.00200000009 0.00385000044 0.0500000007 0.00200000009 0.00295442389 0.000520943082 0.00200000009 0.00298858481 0.000261469191 0.00200000009 0.00385000044 0.0500000007 0.00200000009 0.00385000044 0.0500000007 0.00200000009 0.00298858481 0.000261469191 0.00200000009 0.00385000044 -0.0115000028 0.00200000009 0.00298858481 0.000261469191 0.00200000009 0.00299999909 -1.49011614e-09 0.00200000009 0.00385000044 -0.0115000028 0.00200000009 0.00385000044 -0.0115000028 0.00200000009 0.00299999909 -1.49011614e-09 0.00200000009 0.00298858481 -0.000261464709 0.00200000009 -0.00192836253 -0.00229813298 0.00200000009 -0.00212131953 -0.00212132325 0.00200000009 -0.0095749991 -0.0115000028 0.00200000009 -0.00212131953 -0.00212132325 0.00200000009 -0.00229813298 -0.00192836078 0.00200000009 -0.0095749991 -0.0115000028 0.00200000009 -0.0095749991 -0.0115000028 0.00200000009 -0.00229813298 -0.00192836078 0.00200000009 -0.0024574562 -0.001720728 0.00200000009 -0.0095749991 -0.0115000028 0.00200000009 -0.00289777806 -0.00077645632 0.00200000009 -0.00295442296 -0.000520946109 0.00200000009 -0.00259807659 -0.0014999971 0.00200000009 -0.00271892315 -0.00126785191 0.00200000009 -0.0095749991 -0.0115000028 0.00200000009 -0.00271892315 -0.00126785191 0.00200000009 -0.00281907758 -0.00102605822 0.00200000009 -0.0095749991 -0.0115000028 0.00200000009 -0.0095749991 -0.0115000028 0.00200000009 -0.00281907758 -0.00102605822 0.00200000009 -0.00289777806 -0.00077645632 0.00200000009 -0.00295442296 -0.000520946109 0.00200000009 -0.00298858387 -0.000261464709 0.00200000009 -0.0095749991 -0.0115000028 0.00200000009 -0.00298858387 -0.000261464709 0.00200000009 -0.00300000003 -1.49011614e-09 0.00200000009 -0.0095749991 -0.0115000028 0.00200000009 -0.0095749991 -0.0115000028 0.00200000009 -0.00300000003 -1.49011614e-09 0.00200000009 -0.00298858387 0.000261469191 0.00200000009 -0.0161499996 -0.0115000028 0.00200000009 -0.0095749991 -0.0115000028 0.00200000009 -0.0161499996 0.0500000007 0.00200000009 -0.0095749991 -0.0115000028 0.00200000009 -0.0095749991 0.0500000007 0.00200000009 -0.0161499996 0.0500000007 0.00200000009 -0.0161499996 0.0500000007 0.00200000009 -0.0095749991 0.0500000007 0.00200000009 -0.0161499996 0.150000006 0.00200000009 -0.0095749991 0.0500000007 0.00200000009 -0.0095749991 0.150000006 0.00200000009 -0.0161499996 0.150000006 0.00200000009 -0.0161499996 0.150000006 0.00200000009 -0.0095749991 0.150000006 0.00200000009 -0.0161499996 0.217999995 0.00200000009 -0.0095749991 0.150000006 0.00200000009 -0.0095749991 0.219999999 0.00200000009 -0.0161499996 0.217999995 0.00200000009 -0.0161499996 0.217999995 0.00200000009 -0.0095749991 0.219999999 0.00200000009 -0.0141499983 0.219999999 0.00200000009 -0.0161499996 -0.0115000028 0.00200000009 -0.0095749991 -0.0199999977 0.00200000009 -0.0095749991 -0.0115000028 0.00200000009 -0.0095749991 -0.0199999977 0.00200000009 0.00385000044 -0.0199999977 0.00200000009 -0.0095749991 -0.0115000028 0.00200000009 -0.0095749991 -0.0115000028 0.00200000009 0.00385000044 -0.0199999977 0.00200000009 0.00385000044 -0.0115000028 0.00200000009 0.00385000044 -0.0199999977 0.00200000009 0.0238499995 -0.0199999977 0.00200000009 0.00385000044 -0.0115000028 0.00200000009 0.00385000044 -0.0115000028 0.00200000009 0.0238499995 -0.0199999977 0.00200000009 0.0238499995 -0.0115000028 0.00200000009 0.0238499995 -0.0199999977 0.00200000009 0.0438500009 -0.0199999977 0.00200000009 0.0238499995 -0.0115000028 0.00200000009 0.0238499995 -0.0115000028 0.00200000009 0.0438500009 -0.0199999977 0.00200000009 0.0438500009 -0.0115000028 0.00200000009 0.0438500009 -0.0199999977 0.00200000009 0.0638500005 -0.0180000011 0.00200000009 0.0438500009 -0.0115000028 0.00200000009 0.0438500009 -0.0115000028 0.00200000009 0.0638500005 -0.0180000011 0.00200000009 0.0638500005 -0.0115000028 0.00200000009 0.0638500005 -0.0180000011 0 0.0638500005 -0.0180000011 0.00200000009 0.063842386 -0.0181743149 0.00200000009 0.0638500005 -0.0180000011 0 0.063842386 -0.0181743149 0.00200000009 0.063842386 -0.0181743149 0 0.063842386 -0.0181743149 0.00200000009 0.063819617 -0.018347295 0.00200000009 0.063842386 -0.0181743149 0 0.063842386 -0.0181743149 0 0.063819617 -0.018347295 0.00200000009 0.063819617 -0.018347295 0 0.063819617 -0.018347295 0.00200000009 0.06378185 -0.0185176376 0.00200000009 0.063819617 -0.018347295 0 0.063819617 -0.018347295 0 0.06378185 -0.0185176376 0.00200000009 0.06378185 -0.0185176376 0 0.06378185 -0.0185176376 0.00200000009 0.0637293831 -0.0186840389 0.00200000009 0.06378185 -0.0185176376 0 0.06378185 -0.0185176376 0 0.0637293831 -0.0186840389 0.00200000009 0.0637293831 -0.0186840389 0 0.0637293831 -0.0186840389 0.00200000009 0.0636626184 -0.0188452397 0.00200000009 0.0637293831 -0.0186840389 0 0.0637293831 -0.0186840389 0 0.0636626184 -0.0188452397 0.00200000009 0.0636626184 -0.0188452397 0 0.0636626184 -0.0188452397 0.00200000009 0.0635820478 -0.0190000031 0.00200000009 0.0636626184 -0.0188452397 0 0.0636626184 -0.0188452397 0 0.0635820478 -0.0190000031 0.00200000009 0.0635820478 -0.0190000031 0 0.0635820478 -0.0190000031 0.00200000009 0.0634883046 -0.0191471521 0.00200000009 0.0635820478 -0.0190000031 0 0.0635820478 -0.0190000031 0 0.0634883046 -0.0191471521 0.00200000009 0.0634883046 -0.0191471521 0 0.0634883046 -0.0191471521 0.00200000009 0.0633820891 -0.0192855764 0.00200000009 0.0634883046 -0.0191471521 0 0.0634883046 -0.0191471521 0 0.0633820891 -0.0192855764 0.00200000009 0.0633820891 -0.0192855764 0 0.0633820891 -0.0192855764 0.00200000009 0.0632642135 -0.0194142107 0.00200000009 0.0633820891 -0.0192855764 0 0.0633820891 -0.0192855764 0 0.0632642135 -0.0194142107 0.00200000009 0.0632642135 -0.0194142107 0 0.0632642135 -0.0194142107 0.00200000009 0.0631355718 -0.0195320863 0.00200000009 0.0632642135 -0.0194142107 0 0.0632642135 -0.0194142107 0 0.0631355718 -0.0195320863 0.00200000009 0.0631355718 -0.0195320863 0 0.0631355718 -0.0195320863 0.00200000009 0.0629971549 -0.0196383018 0.00200000009 0.0631355718 -0.0195320863 0 0.0631355718 -0.0195320863 0 0.0629971549 -0.0196383018 0.00200000009 0.0629971549 -0.0196383018 0 0.0629971549 -0.0196383018 0.00200000009 0.0628499985 -0.0197320525 0.00200000009 0.0629971549 -0.0196383018 0 0.0629971549 -0.0196383018 0 0.0628499985 -0.0197320525 0.00200000009 0.0628499985 -0.0197320525 0 0.0628499985 -0.0197320525 0.00200000009 0.062695235 -0.0198126156 0.00200000009 0.0628499985 -0.0197320525 0 0.0628499985 -0.0197320525 0 0.062695235 -0.0198126156 0.00200000009 0.062695235 -0.0198126156 0 0.062695235 -0.0198126156 0.00200000009 0.0625340417 -0.0198793877 0.00200000009 0.062695235 -0.0198126156 0 0.062695235 -0.0198126156 0 0.0625340417 -0.0198793877 0.00200000009 0.0625340417 -0.0198793877 0 0.0625340417 -0.0198793877 0.00200000009 0.0623676404 -0.0199318547 0.00200000009 0.0625340417 -0.0198793877 0 0.0625340417 -0.0198793877 0 0.0623676404 -0.0199318547 0.00200000009 0.0623676404 -0.0199318547 0 0.0623676404 -0.0199318547 0.00200000009 0.0621972978 -0.0199696142 0.00200000009 0.0623676404 -0.0199318547 0 0.0623676404 -0.0199318547 0 0.0621972978 -0.0199696142 0.00200000009 0.0621972978 -0.0199696142 0 0.0621972978 -0.0199696142 0.00200000009 0.062024314 -0.0199923906 0.00200000009 0.0621972978 -0.0199696142 0 0.0621972978 -0.0199696142 0 0.062024314 -0.0199923906 0.00200000009 0.062024314 -0.0199923906 0 0.062024314 -0.0199923906 0.00200000009 0.0618500002 -0.0199999977 0.00200000009 0.062024314 -0.0199923906 0 0.062024314 -0.0199923906 0 0.0618500002 -0.0199999977 0.00200000009 0.0618500002 -0.0199999977 0 0.0507000014 -1.49011614e-09 0 0.0507000014 -1.49011614e-09 0.00200000009 0.0506885834 0.000261469191 0 0.0507000014 -1.49011614e-09 0.00200000009 0.0506885834 0.000261469191 0.00200000009 0.0506885834 0.000261469191 0 0.0506885834 0.000261469191 0 0.0506885834 0.000261469191 0.00200000009 0.0506544225 0.000520943082 0 0.0506885834 0.000261469191 0.00200000009 0.0506544225 0.000520943082 0.00200000009 0.0506544225 0.000520943082 0 0.0506544225 0.000520943082 0 0.0506544225 0.000520943082 0.00200000009 0.0505977795 0.000776460744 0 0.0506544225 0.000520943082 0.00200000009 0.0505977795 0.000776460744 0.00200000009 0.0505977795 0.000776460744 0 0.0505977795 0.000776460744 0 0.0505977795 0.000776460744 0.00200000009 0.050519079 0.00102606264 0 0.0505977795 0.000776460744 0.00200000009 0.050519079 0.00102606264 0.00200000009 0.050519079 0.00102606264 0 0.050519079 0.00102606264 0 0.050519079 0.00102606264 0.00200000009 0.0504189245 0.00126785634 0 0.050519079 0.00102606264 0.00200000009 0.0504189245 0.00126785634 0.00200000009 0.0504189245 0.00126785634 0 0.0504189245 0.00126785634 0 0.0504189245 0.00126785634 0.00200000009 0.0502980761 0.00150000153 0 0.0504189245 0.00126785634 0.00200000009 0.0502980761 0.00150000153 0.00200000009 0.0502980761 0.00150000153 0 0.0502980761 0.00150000153 0 0.0502980761 0.00150000153 0.00200000009 0.0501574576 0.00172073243 0 0.0502980761 0.00150000153 0.00200000009 0.0501574576 0.00172073243 0.00200000009 0.0501574576 0.00172073243 0 0.0501574576 0.00172073243 0 0.0501574576 0.00172073243 0.00200000009 0.0499981344 0.00192836521 0 0.0501574576 0.00172073243 0.00200000009 0.0499981344 0.00192836521 0.00200000009 0.0499981344 0.00192836521 0 0.0499981344 0.00192836521 0 0.0499981344 0.00192836521 0.00200000009 0.0498213209 0.00212132046 0 0.0499981344 0.00192836521 0.00200000009 0.0498213209 0.00212132046 0.00200000009 0.0498213209 0.00212132046 0 0.0498213209 0.00212132046 0 0.0498213209 0.00212132046 0.00200000009 0.0496283621 0.00229813019 0 0.0498213209 0.00212132046 0.00200000009 0.0496283621 0.00229813019 0.00200000009 0.0496283621 0.00229813019 0 0.0496283621 0.00229813019 0 0.0496283621 0.00229813019 0.00200000009 0.0494207293 0.0024574534 0 0.0496283621 0.00229813019 0.00200000009 0.0494207293 0.0024574534 0.00200000009 0.0494207293 0.0024574534 0 0.0494207293 0.0024574534 0 0.0494207293 0.0024574534 0.00200000009 0.0492000021 0.00259807566 0 0.0494207293 0.0024574534 0.00200000009 0.0492000021 0.00259807566 0.00200000009 0.0492000021 0.00259807566 0 0.0492000021 0.00259807566 0 0.0492000021 0.00259807566 0.00200000009 0.0489678569 0.00271892408 0 0.0492000021 0.00259807566 0.00200000009 0.0489678569 0.00271892408 0.00200000009 0.0489678569 0.00271892408 0 0.0489678569 0.00271892408 0 0.0489678569 0.00271892408 0.00200000009 0.0487260595 0.00281907478 0 0.0489678569 0.00271892408 0.00200000009 0.0487260595 0.00281907478 0.00200000009 0.0487260595 0.00281907478 0 0.0487260595 0.00281907478 0 0.0487260595 0.00281907478 0.00200000009 0.0484764576 0.00289777527 0 0.0487260595 0.00281907478 0.00200000009 0.0484764576 0.00289777527 0.00200000009 0.0484764576 0.00289777527 0 0.0484764576 0.00289777527 0 0.0484764576 0.00289777527 0.00200000009 0.0482209437 0.00295442203 0 0.0484764576 0.00289777527 0.00200000009 0.0482209437 0.00295442203 0.00200000009 0.0482209437 0.00295442203 0 0.0482209437 0.00295442203 0 0.0482209437 0.00295442203 0.00200000009 0.047961466 0.00298858294 0 0.0482209437 0.00295442203 0.00200000009 0.047961466 0.00298858294 0.00200000009 0.047961466 0.00298858294 0 0.047961466 0.00298858294 0 0.047961466 0.00298858294 0.00200000009 0.0476999991 0.00299999723 0 0.047961466 0.00298858294 0.00200000009 0.0476999991 0.00299999723 0.00200000009 0.0476999991 0.00299999723 0 0.0476999991 0.00299999723 0 0.0476999991 0.00299999723 0.00200000009 0.0474385321 0.00298858294 0 0.0476999991 0.00299999723 0.00200000009 0.0474385321 0.00298858294 0.00200000009 0.0474385321 0.00298858294 0 0.0474385321 0.00298858294 0 0.0474385321 0.00298858294 0.00200000009 0.0471790545 0.00295442203 0 0.0474385321 0.00298858294 0.00200000009 0.0471790545 0.00295442203 0.00200000009 0.0471790545 0.00295442203 0 0.0471790545 0.00295442203 0 0.0471790545 0.00295442203 0.00200000009 0.0469235443 0.00289777527 0 0.0471790545 0.00295442203 0.00200000009 0.0469235443 0.00289777527 0.00200000009 0.0469235443 0.00289777527 0 0.0469235443 0.00289777527 0 0.0469235443 0.00289777527 0.00200000009 0.0466739386 0.00281907478 0 0.0469235443 0.00289777527 0.00200000009 0.0466739386 0.00281907478 0.00200000009 0.0466739386 0.00281907478 0 0.0466739386 0.00281907478 0 0.0466739386 0.00281907478 0.00200000009 0.0464321449 0.00271892408 0 0.0466739386 0.00281907478 0.00200000009 0.0464321449 0.00271892408 0.00200000009 0.0464321449 0.00271892408 0 0.0464321449 0.00271892408 0 0.0464321449 0.00271892408 0.00200000009 0.0461999997 0.00259807566 0 0.0464321449 0.00271892408 0.00200000009 0.0461999997 0.00259807566 0.00200000009 0.0461999997 0.00259807566 0 0.0461999997 0.00259807566 0 0.0461999997 0.00259807566 0.00200000009 0.0459792726 0.0024574534 0 0.0461999997 0.00259807566 0.00200000009 0.0459792726 0.0024574534 0.00200000009 0.0459792726 0.0024574534 0 0.0459792726 0.0024574534 0 0.0459792726 0.0024574534 0.00200000009 0.0457716361 0.00229813019 0 0.0459792726 0.0024574534 0.00200000009 0.0457716361 0.00229813019 0.00200000009 0.0457716361 0.00229813019 0 0.0457716361 0.00229813019 0 0.0457716361 0.00229813019 0.00200000009 0.0455786809 0.00212132046 0 0.0457716361 0.00229813019 0.00200000009 0.0455786809 0.00212132046 0.00200000009 0.0455786809 0.00212132046 0 0.0455786809 0.00212132046 0 0.0455786809 0.00212132046 0.00200000009 0.0454018675 0.00192836521 0 0.0455786809 0.00212132046 0.00200000009 0.0454018675 0.00192836521 0.00200000009 0.0454018675 0.00192836521 0 0.0454018675 0.00192836521 0 0.0454018675 0.00192836521 0.00200000009 0.0452425443 0.00172073243 0 0.0454018675 0.00192836521 0.00200000009 0.0452425443 0.00172073243 0.00200000009 0.0452425443 0.00172073243 0 0.0452425443 0.00172073243 0 0.0452425443 0.00172073243 0.00200000009 0.0451019257 0.00150000153 0 0.0452425443 0.00172073243 0.00200000009 0.0451019257 0.00150000153 0.00200000009 0.0451019257 0.00150000153 0 0.0451019257 0.00150000153 0 0.0451019257 0.00150000153 0.00200000009 0.0449810773 0.00126785634 0 0.0451019257 0.00150000153 0.00200000009 0.0449810773 0.00126785634 0.00200000009 0.0449810773 0.00126785634 0 0.0449810773 0.00126785634 0 0.0449810773 0.00126785634 0.00200000009 0.0448809229 0.00102606264 0 0.0449810773 0.00126785634 0.00200000009 0.0448809229 0.00102606264 0.00200000009 0.0448809229 0.00102606264 0 0.0448809229 0.00102606264 0 0.0448809229 0.00102606264 0.00200000009 0.0448022224 0.000776460744 0 0.0448809229 0.00102606264 0.00200000009 0.0448022224 0.000776460744 0.00200000009 0.0448022224 0.000776460744 0 0.0448022224 0.000776460744 0 0.0448022224 0.000776460744 0.00200000009 0.0447455756 0.000520943082 0 0.0448022224 0.000776460744 0.00200000009 0.0447455756 0.000520943082 0.00200000009 0.0447455756 0.000520943082 0 0.0447455756 0.000520943082 0 0.0447455756 0.000520943082 0.00200000009 0.0447114147 0.000261469191 0 0.0447455756 0.000520943082 0.00200000009 0.0447114147 0.000261469191 0.00200000009 0.0447114147 0.000261469191 0 0.0447114147 0.000261469191 0 0.0447114147 0.000261469191 0.00200000009 0.0447000004 -1.49011614e-09 0 0.0447114147 0.000261469191 0.00200000009 0.0447000004 -1.49011614e-09 0.00200000009 0.0447000004 -1.49011614e-09 0 0.0447000004 -1.49011614e-09 0 0.0447000004 -1.49011614e-09 0.00200000009 0.0447114147 -0.000261464709 0 0.0447000004 -1.49011614e-09 0.00200000009 0.0447114147 -0.000261464709 0.00200000009 0.0447114147 -0.000261464709 0 0.0447114147 -0.000261464709 0 0.0447114147 -0.000261464709 0.00200000009 0.0447455756 -0.000520946109 0 0.0447114147 -0.000261464709 0.00200000009 0.0447455756 -0.000520946109 0.00200000009 0.0447455756 -0.000520946109 0 0.0447455756 -0.000520946109 0 0.0447455756 -0.000520946109 0.00200000009 0.0448022224 -0.00077645632 0 0.0447455756 -0.000520946109 0.00200000009 0.0448022224 -0.00077645632 0.00200000009 0.0448022224 -0.00077645632 0 0.0448022224 -0.00077645632 0 0.0448022224 -0.00077645632 0.00200000009 0.0448809229 -0.00102605822 0 0.0448022224 -0.00077645632 0.00200000009 0.0448809229 -0.00102605822 0.00200000009 0.0448809229 -0.00102605822 0 0.0448809229 -0.00102605822 0 0.0448809229 -0.00102605822 0.00200000009 0.0449810773 -0.00126785191 0 0.0448809229 -0.00102605822 0.00200000009 0.0449810773 -0.00126785191 0.00200000009 0.0449810773 -0.00126785191 0 0.0449810773 -0.00126785191 0 0.0449810773 -0.00126785191 0.00200000009 0.0451019257 -0.0014999971 0 0.0449810773 -0.00126785191 0.00200000009 0.0451019257 -0.0014999971 0.00200000009 0.0451019257 -0.0014999971 0 0.0451019257 -0.0014999971 0 0.0451019257 -0.0014999971 0.00200000009 0.0452425443 -0.001720728 0 0.0451019257 -0.0014999971 0.00200000009 0.0452425443 -0.001720728 0.00200000009 0.0452425443 -0.001720728 0 0.0452425443 -0.001720728 0 0.0452425443 -0.001720728 0.00200000009 0.0454018675 -0.00192836078 0 0.0452425443 -0.001720728 0.00200000009 0.0454018675 -0.00192836078 0.00200000009 0.0454018675 -0.00192836078 0 0.0454018675 -0.00192836078 0 0.0454018675 -0.00192836078 0.00200000009 0.0455786809 -0.00212132325 0 0.0454018675 -0.00192836078 0.00200000009 0.0455786809 -0.00212132325 0.00200000009 0.0455786809 -0.00212132325 0 0.0455786809 -0.00212132325 0 0.0455786809 -0.00212132325 0.00200000009 0.0457716361 -0.00229813298 0 0.0455786809 -0.00212132325 0.00200000009 0.0457716361 -0.00229813298 0.00200000009 0.0457716361 -0.00229813298 0 0.0457716361 -0.00229813298 0 0.0457716361 -0.00229813298 0.00200000009 0.0459792726 -0.0024574562 0 0.0457716361 -0.00229813298 0.00200000009 0.0459792726 -0.0024574562 0.00200000009 0.0459792726 -0.0024574562 0 0.0459792726 -0.0024574562 0 0.0459792726 -0.0024574562 0.00200000009 0.0461999997 -0.00259807846 0 0.0459792726 -0.0024574562 0.00200000009 0.0461999997 -0.00259807846 0.00200000009 0.0461999997 -0.00259807846 0 0.0461999997 -0.00259807846 0 0.0461999997 -0.00259807846 0.00200000009 0.0464321449 -0.00271892687 0 0.0461999997 -0.00259807846 0.00200000009 0.0464321449 -0.00271892687 0.00200000009 0.0464321449 -0.00271892687 0 0.0464321449 -0.00271892687 0 0.0464321449 -0.00271892687 0.00200000009 0.0466739386 -0.00281907758 0 0.0464321449 -0.00271892687 0.00200000009 0.0466739386 -0.00281907758 0.00200000009 0.0466739386 -0.00281907758 0 0.0466739386 -0.00281907758 0 0.0466739386 -0.00281907758 0.00200000009 0.0469235443 -0.00289777806 0 0.0466739386 -0.00281907758 0.00200000009 0.0469235443 -0.00289777806 0.00200000009 0.0469235443 -0.00289777806 0 0.0469235443 -0.00289777806 0 0.0469235443 -0.00289777806 0.00200000009 0.0471790545 -0.00295442482 0 0.0469235443 -0.00289777806 0.00200000009 0.0471790545 -0.00295442482 0.00200000009 0.0471790545 -0.00295442482 0 0.0471790545 -0.00295442482 0 0.0471790545 -0.00295442482 0.00200000009 0.0474385321 -0.00298858574 0 0.0471790545 -0.00295442482 0.00200000009 0.0474385321 -0.00298858574 0.00200000009 0.0474385321 -0.00298858574 0 0.0474385321 -0.00298858574 0 0.0474385321 -0.00298858574 0.00200000009 0.0476999991 -0.00300000003 0 0.0474385321 -0.00298858574 0.00200000009 0.0476999991 -0.00300000003 0.00200000009 0.0476999991 -0.00300000003 0 0.0476999991 -0.00300000003 0 0.0476999991 -0.00300000003 0.00200000009 0.047961466 -0.00298858574 0 0.0476999991 -0.00300000003 0.00200000009 0.047961466 -0.00298858574 0.00200000009 0.047961466 -0.00298858574 0 0.047961466 -0.00298858574 0 0.047961466 -0.00298858574 0.00200000009 0.0482209437 -0.00295442482 0 0.047961466 -0.00298858574 0.00200000009 0.0482209437 -0.00295442482 0.00200000009 0.0482209437 -0.00295442482 0 0.0482209437 -0.00295442482 0 0.0482209437 -0.00295442482 0.00200000009 0.0484764576 -0.00289777806 0 0.0482209437 -0.00295442482 0.00200000009 0.0484764576 -0.00289777806 0.00200000009 0.0484764576 -0.00289777806 0 0.0484764576 -0.00289777806 0 0.0484764576 -0.00289777806 0.00200000009 0.0487260595 -0.00281907758 0 0.0484764576 -0.00289777806 0.00200000009 0.0487260595 -0.00281907758 0.00200000009 0.0487260595 -0.00281907758 0 0.0487260595 -0.00281907758 0 0.0487260595 -0.00281907758 0.00200000009 0.0489678569 -0.00271892687 0 0.0487260595 -0.00281907758 0.00200000009 0.0489678569 -0.00271892687 0.00200000009 0.0489678569 -0.00271892687 0 0.0489678569 -0.00271892687 0 0.0489678569 -0.00271892687 0.00200000009 0.0492000021 -0.00259807846 0 0.0489678569 -0.00271892687 0.00200000009 0.0492000021 -0.00259807846 0.00200000009 0.0492000021 -0.00259807846 0 0.0492000021 -0.00259807846 0 0.0492000021 -0.00259807846 0.00200000009 0.0494207293 -0.0024574562 0 0.0492000021 -0.00259807846 0.00200000009 0.0494207293 -0.0024574562 0.00200000009 0.0494207293 -0.0024574562 0 0.0494207293 -0.0024574562 0 0.0494207293 -0.0024574562 0.00200000009 0.0496283621 -0.00229813298 0 0.0494207293 -0.0024574562 0.00200000009 0.0496283621 -0.00229813298 0.00200000009 0.0496283621 -0.00229813298 0 0.0496283621 -0.00229813298 0 0.0496283621 -0.00229813298 0.00200000009 0.0498213209 -0.00212132325 0 0.0496283621 -0.00229813298 0.00200000009 0.0498213209 -0.00212132325 0.00200000009 0.0498213209 -0.00212132325 0 0.0498213209 -0.00212132325 0 0.0498213209 -0.00212132325 0.00200000009 0.0499981344 -0.00192836078 0 0.0498213209 -0.00212132325 0.00200000009 0.0499981344 -0.00192836078 0.00200000009 0.0499981344 -0.00192836078 0 0.0499981344 -0.00192836078 0 0.0499981344 -0.00192836078 0.00200000009 0.0501574576 -0.001720728 0 0.0499981344 -0.00192836078 0.00200000009 0.0501574576 -0.001720728 0.00200000009 0.0501574576 -0.001720728 0 0.0501574576 -0.001720728 0 0.0501574576 -0.001720728 0.00200000009 0.0502980761 -0.0014999971 0 0.0501574576 -0.001720728 0.00200000009 0.0502980761 -0.0014999971 0.00200000009 0.0502980761 -0.0014999971 0 0.0502980761 -0.0014999971 0 0.0502980761 -0.0014999971 0.00200000009 0.0504189245 -0.00126785191 0 0.0502980761 -0.0014999971 0.00200000009 0.0504189245 -0.00126785191 0.00200000009 0.0504189245 -0.00126785191 0 0.0504189245 -0.00126785191 0 0.0504189245 -0.00126785191 0.00200000009 0.050519079 -0.00102605822 0 0.0504189245 -0.00126785191 0.00200000009 0.050519079 -0.00102605822 0.00200000009 0.050519079 -0.00102605822 0 0.050519079 -0.00102605822 0 0.050519079 -0.00102605822 0.00200000009 0.0505977795 -0.00077645632 0 0.050519079 -0.00102605822 0.00200000009 0.0505977795 -0.00077645632 0.00200000009 0.0505977795 -0.00077645632 0 0.0505977795 -0.00077645632 0 0.0505977795 -0.00077645632 0.00200000009 0.0506544225 -0.000520946109 0 0.0505977795 -0.00077645632 0.00200000009 0.0506544225 -0.000520946109 0.00200000009 0.0506544225 -0.000520946109 0 0.0506544225 -0.000520946109 0 0.0506544225 -0.000520946109 0.00200000009 0.0506885834 -0.000261464709 0 0.0506544225 -0.000520946109 0.00200000009 0.0506885834 -0.000261464709 0.00200000009 0.0506885834 -0.000261464709 0 0.0506885834 -0.000261464709 0 0.0506885834 -0.000261464709 0.00200000009 0.0507000014 -1.49011614e-09 0 0.0506885834 -0.000261464709 0.00200000009 0.0507000014 -1.49011614e-09 0.00200000009 0.0507000014 -1.49011614e-09 0 0.0107000005 0.100000001 0 0.0107000005 0.100000001 0.00200000009 0.0106885843 0.100261465 0 0.0107000005 0.100000001 0.00200000009 0.0106885843 0.100261465 0.00200000009 0.0106885843 0.100261465 0 0.0106885843 0.100261465 0 0.0106885843 0.100261465 0.00200000009 0.0106544234 0.100520946 0 0.0106885843 0.100261465 0.00200000009 0.0106544234 0.100520946 0.00200000009 0.0106544234 0.100520946 0 0.0106544234 0.100520946 0 0.0106544234 0.100520946 0.00200000009 0.0105977776 0.100776456 0 0.0106544234 0.100520946 0.00200000009 0.0105977776 0.100776456 0.00200000009 0.0105977776 0.100776456 0 0.0105977776 0.100776456 0 0.0105977776 0.100776456 0.00200000009 0.010519078 0.101026058 0 0.0105977776 0.100776456 0.00200000009 0.010519078 0.101026058 0.00200000009 0.010519078 0.101026058 0 0.010519078 0.101026058 0 0.010519078 0.101026058 0.00200000009 0.0104189236 0.101267852 0 0.010519078 0.101026058 0.00200000009 0.0104189236 0.101267852 0.00200000009 0.0104189236 0.101267852 0 0.0104189236 0.101267852 0 0.0104189236 0.101267852 0.00200000009 0.010298077 0.101499997 0 0.0104189236 0.101267852 0.00200000009 0.010298077 0.101499997 0.00200000009 0.010298077 0.101499997 0 0.010298077 0.101499997 0 0.010298077 0.101499997 0.00200000009 0.0101574566 0.101720728 0 0.010298077 0.101499997 0.00200000009 0.0101574566 0.101720728 0.00200000009 0.0101574566 0.101720728 0 0.0101574566 0.101720728 0 0.0101574566 0.101720728 0.00200000009 0.00999813341 0.101928361 0 0.0101574566 0.101720728 0.00200000009 0.00999813341 0.101928361 0.00200000009 0.00999813341 0.101928361 0 0.00999813341 0.101928361 0 0.00999813341 0.101928361 0.00200000009 0.00982132088 0.102121323 0 0.00999813341 0.101928361 0.00200000009 0.00982132088 0.102121323 0.00200000009 0.00982132088 0.102121323 0 0.00982132088 0.102121323 0 0.00982132088 0.102121323 0.00200000009 0.00962836295 0.102298133 0 0.00982132088 0.102121323 0.00200000009 0.00962836295 0.102298133 0.00200000009 0.00962836295 0.102298133 0 0.00962836295 0.102298133 0 0.00962836295 0.102298133 0.00200000009 0.00942073017 0.102457456 0 0.00962836295 0.102298133 0.00200000009 0.00942073017 0.102457456 0.00200000009 0.00942073017 0.102457456 0 0.00942073017 0.102457456 0 0.00942073017 0.102457456 0.00200000009 0.0092000002 0.102598079 0 0.00942073017 0.102457456 0.00200000009 0.0092000002 0.102598079 0.00200000009 0.0092000002 0.102598079 0 0.0092000002 0.102598079 0 0.0092000002 0.102598079 0.00200000009 0.00896785501 0.102718927 0 0.0092000002 0.102598079 0.00200000009 0.00896785501 0.102718927 0.00200000009 0.00896785501 0.102718927 0 0.00896785501 0.102718927 0 0.00896785501 0.102718927 0.00200000009 0.00872606132 0.102819078 0 0.00896785501 0.102718927 0.00200000009 0.00872606132 0.102819078 0.00200000009 0.00872606132 0.102819078 0 0.00872606132 0.102819078 0 0.00872606132 0.102819078 0.00200000009 0.00847645756 0.102897778 0 0.00872606132 0.102819078 0.00200000009 0.00847645756 0.102897778 0.00200000009 0.00847645756 0.102897778 0 0.00847645756 0.102897778 0 0.00847645756 0.102897778 0.00200000009 0.00822094548 0.102954425 0 0.00847645756 0.102897778 0.00200000009 0.00822094548 0.102954425 0.00200000009 0.00822094548 0.102954425 0 0.00822094548 0.102954425 0 0.00822094548 0.102954425 0.00200000009 0.00796146784 0.102988586 0 0.00822094548 0.102954425 0.00200000009 0.00796146784 0.102988586 0.00200000009 0.00796146784 0.102988586 0 0.00796146784 0.102988586 0 0.00796146784 0.102988586 0.00200000009 0.00770000042 0.103 0 0.00796146784 0.102988586 0.00200000009 0.00770000042 0.103 0.00200000009 0.00770000042 0.103 0 0.00770000042 0.103 0 0.00770000042 0.103 0.00200000009 0.00743853347 0.102988586 0 0.00770000042 0.103 0.00200000009 0.00743853347 0.102988586 0.00200000009 0.00743853347 0.102988586 0 0.00743853347 0.102988586 0 0.00743853347 0.102988586 0.00200000009 0.00717905583 0.102954425 0 0.00743853347 0.102988586 0.00200000009 0.00717905583 0.102954425 0.00200000009 0.00717905583 0.102954425 0 0.00717905583 0.102954425 0 0.00717905583 0.102954425 0.00200000009 0.00692354375 0.102897778 0 0.00717905583 0.102954425 0.00200000009 0.00692354375 0.102897778 0.00200000009 0.00692354375 0.102897778 0 0.00692354375 0.102897778 0 0.00692354375 0.102897778 0.00200000009 0.00667393999 0.102819078 0 0.00692354375 0.102897778 0.00200000009 0.00667393999 0.102819078 0.00200000009 0.00667393999 0.102819078 0 0.00667393999 0.102819078 0 0.00667393999 0.102819078 0.00200000009 0.00643214444 0.102718927 0 0.00667393999 0.102819078 0.00200000009 0.00643214444 0.102718927 0.00200000009 0.00643214444 0.102718927 0 0.00643214444 0.102718927 0 0.00643214444 0.102718927 0.00200000009 0.00619999925 0.102598079 0 0.00643214444 0.102718927 0.00200000009 0.00619999925 0.102598079 0.00200000009 0.00619999925 0.102598079 0 0.00619999925 0.102598079 0 0.00619999925 0.102598079 0.00200000009 0.00597927021 0.102457456 0 0.00619999925 0.102598079 0.00200000009 0.00597927021 0.102457456 0.00200000009 0.00597927021 0.102457456 0 0.00597927021 0.102457456 0 0.00597927021 0.102457456 0.00200000009 0.00577163743 0.102298133 0 0.00597927021 0.102457456 0.00200000009 0.00577163743 0.102298133 0.00200000009 0.00577163743 0.102298133 0 0.00577163743 0.102298133 0 0.00577163743 0.102298133 0.00200000009 0.00557868043 0.102121323 0 0.00577163743 0.102298133 0.00200000009 0.00557868043 0.102121323 0.00200000009 0.00557868043 0.102121323 0 0.00557868043 0.102121323 0 0.00557868043 0.102121323 0.00200000009 0.00540186698 0.101928361 0 0.00557868043 0.102121323 0.00200000009 0.00540186698 0.101928361 0.00200000009 0.00540186698 0.101928361 0 0.00540186698 0.101928361 0 0.00540186698 0.101928361 0.00200000009 0.00524254376 0.101720728 0 0.00540186698 0.101928361 0.00200000009 0.00524254376 0.101720728 0.00200000009 0.00524254376 0.101720728 0 0.00524254376 0.101720728 0 0.00524254376 0.101720728 0.00200000009 0.00510192337 0.101499997 0 0.00524254376 0.101720728 0.00200000009 0.00510192337 0.101499997 0.00200000009 0.00510192337 0.101499997 0 0.00510192337 0.101499997 0 0.00510192337 0.101499997 0.00200000009 0.00498107681 0.101267852 0 0.00510192337 0.101499997 0.00200000009 0.00498107681 0.101267852 0.00200000009 0.00498107681 0.101267852 0 0.00498107681 0.101267852 0 0.00498107681 0.101267852 0.00200000009 0.00488092238 0.101026058 0 0.00498107681 0.101267852 0.00200000009 0.00488092238 0.101026058 0.00200000009 0.00488092238 0.101026058 0 0.00488092238 0.101026058 0 0.00488092238 0.101026058 0.00200000009 0.0048022219 0.100776456 0 0.00488092238 0.101026058 0.00200000009 0.0048022219 0.100776456 0.00200000009 0.0048022219 0.100776456 0 0.0048022219 0.100776456 0 0.0048022219 0.100776456 0.00200000009 0.004745577 0.100520946 0 0.0048022219 0.100776456 0.00200000009 0.004745577 0.100520946 0.00200000009 0.004745577 0.100520946 0 0.004745577 0.100520946 0 0.004745577 0.100520946 0.00200000009 0.00471141608 0.100261465 0 0.004745577 0.100520946 0.00200000009 0.00471141608 0.100261465 0.00200000009 0.00471141608 0.100261465 0 0.00471141608 0.100261465 0 0.00471141608 0.100261465 0.00200000009 0.00469999993 0.100000001 0 0.00471141608 0.100261465 0.00200000009 0.00469999993 0.100000001 0.00200000009 0.00469999993 0.100000001 0 0.00469999993 0.100000001 0 0.00469999993 0.100000001 0.00200000009 0.00471141608 0.0997385308 0 0.00469999993 0.100000001 0.00200000009 0.00471141608 0.0997385308 0.00200000009 0.00471141608 0.0997385308 0 0.00471141608 0.0997385308 0 0.00471141608 0.0997385308 0.00200000009 0.004745577 0.0994790569 0 0.00471141608 0.0997385308 0.00200000009 0.004745577 0.0994790569 0.00200000009 0.004745577 0.0994790569 0 0.004745577 0.0994790569 0 0.004745577 0.0994790569 0.00200000009 0.0048022219 0.0992235392 0 0.004745577 0.0994790569 0.00200000009 0.0048022219 0.0992235392 0.00200000009 0.0048022219 0.0992235392 0 0.0048022219 0.0992235392 0 0.0048022219 0.0992235392 0.00200000009 0.00488092238 0.0989739373 0 0.0048022219 0.0992235392 0.00200000009 0.00488092238 0.0989739373 0.00200000009 0.00488092238 0.0989739373 0 0.00488092238 0.0989739373 0 0.00488092238 0.0989739373 0.00200000009 0.00498107681 0.0987321436 0 0.00488092238 0.0989739373 0.00200000009 0.00498107681 0.0987321436 0.00200000009 0.00498107681 0.0987321436 0 0.00498107681 0.0987321436 0 0.00498107681 0.0987321436 0.00200000009 0.00510192337 0.0984999985 0 0.00498107681 0.0987321436 0.00200000009 0.00510192337 0.0984999985 0.00200000009 0.00510192337 0.0984999985 0 0.00510192337 0.0984999985 0 0.00510192337 0.0984999985 0.00200000009 0.00524254376 0.0982792675 0 0.00510192337 0.0984999985 0.00200000009 0.00524254376 0.0982792675 0.00200000009 0.00524254376 0.0982792675 0 0.00524254376 0.0982792675 0 0.00524254376 0.0982792675 0.00200000009 0.00540186698 0.0980716348 0 0.00524254376 0.0982792675 0.00200000009 0.00540186698 0.0980716348 0.00200000009 0.00540186698 0.0980716348 0 0.00540186698 0.0980716348 0 0.00540186698 0.0980716348 0.00200000009 0.00557868043 0.0978786796 0 0.00540186698 0.0980716348 0.00200000009 0.00557868043 0.0978786796 0.00200000009 0.00557868043 0.0978786796 0 0.00557868043 0.0978786796 0 0.00557868043 0.0978786796 0.00200000009 0.00577163743 0.0977018699 0 0.00557868043 0.0978786796 0.00200000009 0.00577163743 0.0977018699 0.00200000009 0.00577163743 0.0977018699 0 0.00577163743 0.0977018699 0 0.00577163743 0.0977018699 0.00200000009 0.00597927021 0.0975425467 0 0.00577163743 0.0977018699 0.00200000009 0.00597927021 0.0975425467 0.00200000009 0.00597927021 0.0975425467 0 0.00597927021 0.0975425467 0 0.00597927021 0.0975425467 0.00200000009 0.00619999925 0.0974019244 0 0.00597927021 0.0975425467 0.00200000009 0.00619999925 0.0974019244 0.00200000009 0.00619999925 0.0974019244 0 0.00619999925 0.0974019244 0 0.00619999925 0.0974019244 0.00200000009 0.00643214444 0.097281076 0 0.00619999925 0.0974019244 0.00200000009 0.00643214444 0.097281076 0.00200000009 0.00643214444 0.097281076 0 0.00643214444 0.097281076 0 0.00643214444 0.097281076 0.00200000009 0.00667393999 0.0971809253 0 0.00643214444 0.097281076 0.00200000009 0.00667393999 0.0971809253 0.00200000009 0.00667393999 0.0971809253 0 0.00667393999 0.0971809253 0 0.00667393999 0.0971809253 0.00200000009 0.00692354375 0.0971022248 0 0.00667393999 0.0971809253 0.00200000009 0.00692354375 0.0971022248 0.00200000009 0.00692354375 0.0971022248 0 0.00692354375 0.0971022248 0 0.00692354375 0.0971022248 0.00200000009 0.00717905583 0.0970455781 0 0.00692354375 0.0971022248 0.00200000009 0.00717905583 0.0970455781 0.00200000009 0.00717905583 0.0970455781 0 0.00717905583 0.0970455781 0 0.00717905583 0.0970455781 0.00200000009 0.00743853347 0.0970114172 0 0.00717905583 0.0970455781 0.00200000009 0.00743853347 0.0970114172 0.00200000009 0.00743853347 0.0970114172 0 0.00743853347 0.0970114172 0 0.00743853347 0.0970114172 0.00200000009 0.00770000042 0.0970000029 0 0.00743853347 0.0970114172 0.00200000009 0.00770000042 0.0970000029 0.00200000009 0.00770000042 0.0970000029 0 0.00770000042 0.0970000029 0 0.00770000042 0.0970000029 0.00200000009 0.00796146784 0.0970114172 0 0.00770000042 0.0970000029 0.00200000009 0.00796146784 0.0970114172 0.00200000009 0.00796146784 0.0970114172 0 0.00796146784 0.0970114172 0 0.00796146784 0.0970114172 0.00200000009 0.00822094548 0.0970455781 0 0.00796146784 0.0970114172 0.00200000009 0.00822094548 0.0970455781 0.00200000009 0.00822094548 0.0970455781 0 0.00822094548 0.0970455781 0 0.00822094548 0.0970455781 0.00200000009 0.00847645756 0.0971022248 0 0.00822094548 0.0970455781 0.00200000009 0.00847645756 0.0971022248 0.00200000009 0.00847645756 0.0971022248 0 0.00847645756 0.0971022248 0 0.00847645756 0.0971022248 0.00200000009 0.00872606132 0.0971809253 0 0.00847645756 0.0971022248 0.00200000009 0.00872606132 0.0971809253 0.00200000009 0.00872606132 0.0971809253 0 0.00872606132 0.0971809253 0 0.00872606132 0.0971809253 0.00200000009 0.00896785501 0.097281076 0 0.00872606132 0.0971809253 0.00200000009 0.00896785501 0.097281076 0.00200000009 0.00896785501 0.097281076 0 0.00896785501 0.097281076 0 0.00896785501 0.097281076 0.00200000009 0.0092000002 0.0974019244 0 0.00896785501 0.097281076 0.00200000009 0.0092000002 0.0974019244 0.00200000009 0.0092000002 0.0974019244 0 0.0092000002 0.0974019244 0 0.0092000002 0.0974019244 0.00200000009 0.00942073017 0.0975425467 0 0.0092000002 0.0974019244 0.00200000009 0.00942073017 0.0975425467 0.00200000009 0.00942073017 0.0975425467 0 0.00942073017 0.0975425467 0 0.00942073017 0.0975425467 0.00200000009 0.00962836295 0.0977018699 0 0.00942073017 0.0975425467 0.00200000009 0.00962836295 0.0977018699 0.00200000009 0.00962836295 0.0977018699 0 0.00962836295 0.0977018699 0 0.00962836295 0.0977018699 0.00200000009 0.00982132088 0.0978786796 0 0.00962836295 0.0977018699 0.00200000009 0.00982132088 0.0978786796 0.00200000009 0.00982132088 0.0978786796 0 0.00982132088 0.0978786796 0 0.00982132088 0.0978786796 0.00200000009 0.00999813341 0.0980716348 0 0.00982132088 0.0978786796 0.00200000009 0.00999813341 0.0980716348 0.00200000009 0.00999813341 0.0980716348 0 0.00999813341 0.0980716348 0 0.00999813341 0.0980716348 0.00200000009 0.0101574566 0.0982792675 0 0.00999813341 0.0980716348 0.00200000009 0.0101574566 0.0982792675 0.00200000009 0.0101574566 0.0982792675 0 0.0101574566 0.0982792675 0 0.0101574566 0.0982792675 0.00200000009 0.010298077 0.0984999985 0 0.0101574566 0.0982792675 0.00200000009 0.010298077 0.0984999985 0.00200000009 0.010298077 0.0984999985 0 0.010298077 0.0984999985 0 0.010298077 0.0984999985 0.00200000009 0.0104189236 0.0987321436 0 0.010298077 0.0984999985 0.00200000009 0.0104189236 0.0987321436 0.00200000009 0.0104189236 0.0987321436 0 0.0104189236 0.0987321436 0 0.0104189236 0.0987321436 0.00200000009 0.010519078 0.0989739373 0 0.0104189236 0.0987321436 0.00200000009 0.010519078 0.0989739373 0.00200000009 0.010519078 0.0989739373 0 0.010519078 0.0989739373 0 0.010519078 0.0989739373 0.00200000009 0.0105977776 0.0992235392 0 0.010519078 0.0989739373 0.00200000009 0.0105977776 0.0992235392 0.00200000009 0.0105977776 0.0992235392 0 0.0105977776 0.0992235392 0 0.0105977776 0.0992235392 0.00200000009 0.0106544234 0.0994790569 0 0.0105977776 0.0992235392 0.00200000009 0.0106544234 0.0994790569 0.00200000009 0.0106544234 0.0994790569 0 0.0106544234 0.0994790569 0 0.0106544234 0.0994790569 0.00200000009 0.0106885843 0.0997385308 0 0.0106544234 0.0994790569 0.00200000009 0.0106885843 0.0997385308 0.00200000009 0.0106885843 0.0997385308 0 0.0106885843 0.0997385308 0 0.0106885843 0.0997385308 0.00200000009 0.0107000005 0.100000001 0 0.0106885843 0.0997385308 0.00200000009 0.0107000005 0.100000001 0.00200000009 0.0107000005 0.100000001 0 </float_array>
          <technique_common>
            <accessor count="6468" offset="0" source="#mesh_0-positions-array" stride="3">
              <param name="X" type="float" />
              <param name="Y" type="float" />
              <param name="Z" type="float" />
            </accessor>
          </technique_common>
        </source>
        <source id="mesh_0-normals" name="mesh_0-normals">
          <float_array id="mesh_0-normals-array" count="19404"> -5.22941377e-07 -2.28285799e-08 0 -5.22941377e-07 -2.28285799e-08 0 -5.22941377e-07 -2.28285799e-08 0 -5.22941377e-07 -2.28285799e-08 0 -5.22941377e-07 -2.28285799e-08 0 -5.22941377e-07 -2.28285799e-08 0 -5.18947786e-07 -6.83218246e-08 0 -5.18947786e-07 -6.83218246e-08 0 -5.18947786e-07 -6.83218246e-08 0 -5.18947786e-07 -6.83218246e-08 0 -5.18947786e-07 -6.83218246e-08 0 -5.18947786e-07 -6.83218246e-08 0 -5.11035353e-07 -1.13293531e-07 0 -5.11035353e-07 -1.13293531e-07 0 -5.11035353e-07 -1.13293531e-07 0 -5.11035353e-07 -1.13293531e-07 0 -5.11035353e-07 -1.13293531e-07 0 -5.11035353e-07 -1.13293531e-07 0 -4.9920385e-07 -1.57397253e-07 0 -4.9920385e-07 -1.57397253e-07 0 -4.9920385e-07 -1.57397253e-07 0 -4.9920385e-07 -1.57397253e-07 0 -4.9920385e-07 -1.57397253e-07 0 -4.9920385e-07 -1.57397253e-07 0 -4.83587428e-07 -2.00308875e-07 0 -4.83587428e-07 -2.00308875e-07 0 -4.83587428e-07 -2.00308875e-07 0 -4.83587428e-07 -2.00308875e-07 0 -4.83587428e-07 -2.00308875e-07 0 -4.83587428e-07 -2.00308875e-07 0 -4.64290395e-07 -2.41696853e-07 0 -4.64290395e-07 -2.41696853e-07 0 -4.64290395e-07 -2.41696853e-07 0 -4.64290395e-07 -2.41696853e-07 0 -4.64290395e-07 -2.41696853e-07 0 -4.64290395e-07 -2.41696853e-07 0 -4.41461822e-07 -2.81240801e-07 0 -4.41461822e-07 -2.81240801e-07 0 -4.41461822e-07 -2.81240801e-07 0 -4.41461822e-07 -2.81240801e-07 0 -4.41461822e-07 -2.81240801e-07 0 -4.41461822e-07 -2.81240801e-07 0 -4.15265589e-07 -3.18642719e-07 0 -4.15265589e-07 -3.18642719e-07 0 -4.15265589e-07 -3.18642719e-07 0 -4.15265589e-07 -3.18642719e-07 0 -4.15265589e-07 -3.18642719e-07 0 -4.15265589e-07 -3.18642719e-07 0 -3.85910511e-07 -3.53626916e-07 0 -3.85910511e-07 -3.53626916e-07 0 -3.85910511e-07 -3.53626916e-07 0 -3.85910511e-07 -3.53626916e-07 0 -3.85910511e-07 -3.53626916e-07 0 -3.85910511e-07 -3.53626916e-07 0 -3.5361947e-07 -3.85914007e-07 0 -3.5361947e-07 -3.85914007e-07 0 -3.5361947e-07 -3.85914007e-07 0 -3.5361947e-07 -3.85914007e-07 0 -3.5361947e-07 -3.85914007e-07 0 -3.5361947e-07 -3.85914007e-07 0 -3.18646443e-07 -4.15269312e-07 0 -3.18646443e-07 -4.15269312e-07 0 -3.18646443e-07 -4.15269312e-07 0 -3.18646443e-07 -4.15269312e-07 0 -3.18646443e-07 -4.15269312e-07 0 -3.18646443e-07 -4.15269312e-07 0 -2.81244525e-07 -4.41458099e-07 0 -2.81244525e-07 -4.41458099e-07 0 -2.81244525e-07 -4.41458099e-07 0 -2.81244525e-07 -4.41458099e-07 0 -2.81244525e-07 -4.41458099e-07 0 -2.81244525e-07 -4.41458099e-07 0 -2.41696853e-07 -4.64290395e-07 0 -2.41696853e-07 -4.64290395e-07 0 -2.41696853e-07 -4.64290395e-07 0 -2.41696853e-07 -4.64290395e-07 0 -2.41696853e-07 -4.64290395e-07 0 -2.41696853e-07 -4.64290395e-07 0 -2.00301415e-07 -4.83587428e-07 0 -2.00301415e-07 -4.83587428e-07 0 -2.00301415e-07 -4.83587428e-07 0 -2.00301415e-07 -4.83587428e-07 0 -2.00301415e-07 -4.83587428e-07 0 -2.00301415e-07 -4.83587428e-07 0 -1.57400976e-07 -4.99207545e-07 0 -1.57400976e-07 -4.99207545e-07 0 -1.57400976e-07 -4.99207545e-07 0 -1.57400976e-07 -4.99207545e-07 0 -1.57400976e-07 -4.99207545e-07 0 -1.57400976e-07 -4.99207545e-07 0 -1.13293531e-07 -5.11024155e-07 0 -1.13293531e-07 -5.11024155e-07 0 -1.13293531e-07 -5.11024155e-07 0 -1.13293531e-07 -5.11024155e-07 0 -1.13293531e-07 -5.11024155e-07 0 -1.13293531e-07 -5.11024155e-07 0 -6.83218246e-08 -5.18955289e-07 0 -6.83218246e-08 -5.18955289e-07 0 -6.83218246e-08 -5.18955289e-07 0 -6.83218246e-08 -5.18955289e-07 0 -6.83218246e-08 -5.18955289e-07 0 -6.83218246e-08 -5.18955289e-07 0 -2.28285799e-08 -5.22933931e-07 0 -2.28285799e-08 -5.22933931e-07 0 -2.28285799e-08 -5.22933931e-07 0 -2.28285799e-08 -5.22933931e-07 0 -2.28285799e-08 -5.22933931e-07 0 -2.28285799e-08 -5.22933931e-07 0 2.28285799e-08 -5.22933931e-07 0 2.28285799e-08 -5.22933931e-07 0 2.28285799e-08 -5.22933931e-07 0 2.28285799e-08 -5.22933931e-07 0 2.28285799e-08 -5.22933931e-07 0 2.28285799e-08 -5.22933931e-07 0 6.83218246e-08 -5.18955289e-07 0 6.83218246e-08 -5.18955289e-07 0 6.83218246e-08 -5.18955289e-07 0 6.83218246e-08 -5.18955289e-07 0 6.83218246e-08 -5.18955289e-07 0 6.83218246e-08 -5.18955289e-07 0 1.13293531e-07 -5.11027906e-07 0 1.13293531e-07 -5.11027906e-07 0 1.13293531e-07 -5.11027906e-07 0 1.13293531e-07 -5.11027906e-07 0 1.13293531e-07 -5.11027906e-07 0 1.13293531e-07 -5.11027906e-07 0 1.57400976e-07 -4.9920385e-07 0 1.57400976e-07 -4.9920385e-07 0 1.57400976e-07 -4.9920385e-07 0 1.57400976e-07 -4.9920385e-07 0 1.57400976e-07 -4.9920385e-07 0 1.57400976e-07 -4.9920385e-07 0 2.00301415e-07 -4.83591123e-07 0 2.00301415e-07 -4.83591123e-07 0 2.00301415e-07 -4.83591123e-07 0 2.00301415e-07 -4.83591123e-07 0 2.00301415e-07 -4.83591123e-07 0 2.00301415e-07 -4.83591123e-07 0 2.41696853e-07 -4.64290395e-07 0 2.41696853e-07 -4.64290395e-07 0 2.41696853e-07 -4.64290395e-07 0 2.41696853e-07 -4.64290395e-07 0 2.41696853e-07 -4.64290395e-07 0 2.41696853e-07 -4.64290395e-07 0 2.81244525e-07 -4.41458099e-07 0 2.81244525e-07 -4.41458099e-07 0 2.81244525e-07 -4.41458099e-07 0 2.81244525e-07 -4.41458099e-07 0 2.81244525e-07 -4.41458099e-07 0 2.81244525e-07 -4.41458099e-07 0 3.18646443e-07 -4.15265589e-07 0 3.18646443e-07 -4.15265589e-07 0 3.18646443e-07 -4.15265589e-07 0 3.18646443e-07 -4.15265589e-07 0 3.18646443e-07 -4.15265589e-07 0 3.18646443e-07 -4.15265589e-07 0 3.5361947e-07 -3.85914007e-07 0 3.5361947e-07 -3.85914007e-07 0 3.5361947e-07 -3.85914007e-07 0 3.5361947e-07 -3.85914007e-07 0 3.5361947e-07 -3.85914007e-07 0 3.5361947e-07 -3.85914007e-07 0 3.85910511e-07 -3.53626916e-07 0 3.85910511e-07 -3.53626916e-07 0 3.85910511e-07 -3.53626916e-07 0 3.85910511e-07 -3.53626916e-07 0 3.85910511e-07 -3.53626916e-07 0 3.85910511e-07 -3.53626916e-07 0 4.15265589e-07 -3.18646443e-07 0 4.15265589e-07 -3.18646443e-07 0 4.15265589e-07 -3.18646443e-07 0 4.15265589e-07 -3.18646443e-07 0 4.15265589e-07 -3.18646443e-07 0 4.15265589e-07 -3.18646443e-07 0 4.41461822e-07 -2.81240801e-07 0 4.41461822e-07 -2.81240801e-07 0 4.41461822e-07 -2.81240801e-07 0 4.41461822e-07 -2.81240801e-07 0 4.41461822e-07 -2.81240801e-07 0 4.41461822e-07 -2.81240801e-07 0 4.64290395e-07 -2.4169313e-07 0 4.64290395e-07 -2.4169313e-07 0 4.64290395e-07 -2.4169313e-07 0 4.64290395e-07 -2.4169313e-07 0 4.64290395e-07 -2.4169313e-07 0 4.64290395e-07 -2.4169313e-07 0 4.83587428e-07 -2.00308875e-07 0 4.83587428e-07 -2.00308875e-07 0 4.83587428e-07 -2.00308875e-07 0 4.83587428e-07 -2.00308875e-07 0 4.83587428e-07 -2.00308875e-07 0 4.83587428e-07 -2.00308875e-07 0 4.9920385e-07 -1.57400976e-07 0 4.9920385e-07 -1.57400976e-07 0 4.9920385e-07 -1.57400976e-07 0 4.9920385e-07 -1.57400976e-07 0 4.9920385e-07 -1.57400976e-07 0 4.9920385e-07 -1.57400976e-07 0 5.11035353e-07 -1.13289808e-07 0 5.11035353e-07 -1.13289808e-07 0 5.11035353e-07 -1.13289808e-07 0 5.11035353e-07 -1.13289808e-07 0 5.11035353e-07 -1.13289808e-07 0 5.11035353e-07 -1.13289808e-07 0 5.18947786e-07 -6.83218246e-08 0 5.18947786e-07 -6.83218246e-08 0 5.18947786e-07 -6.83218246e-08 0 5.18947786e-07 -6.83218246e-08 0 5.18947786e-07 -6.83218246e-08 0 5.18947786e-07 -6.83218246e-08 0 5.22941377e-07 -2.28323049e-08 0 5.22941377e-07 -2.28323049e-08 0 5.22941377e-07 -2.28323049e-08 0 5.22941377e-07 -2.28323049e-08 0 5.22941377e-07 -2.28323049e-08 0 5.22941377e-07 -2.28323049e-08 0 5.22926484e-07 2.28323049e-08 -0 5.22926484e-07 2.28323049e-08 -0 5.22926484e-07 2.28323049e-08 -0 5.22926484e-07 2.28323049e-08 0 5.22926484e-07 2.28323049e-08 0 5.22926484e-07 2.28323049e-08 0 5.1896285e-07 6.83218246e-08 -0 5.1896285e-07 6.83218246e-08 -0 5.1896285e-07 6.83218246e-08 -0 5.1896285e-07 6.83218246e-08 0 5.1896285e-07 6.83218246e-08 0 5.1896285e-07 6.83218246e-08 0 5.1102046e-07 1.13289808e-07 -0 5.1102046e-07 1.13289808e-07 -0 5.1102046e-07 1.13289808e-07 -0 5.1102046e-07 1.13289808e-07 0 5.1102046e-07 1.13289808e-07 0 5.1102046e-07 1.13289808e-07 0 4.9920385e-07 1.57400976e-07 -0 4.9920385e-07 1.57400976e-07 -0 4.9920385e-07 1.57400976e-07 -0 4.9920385e-07 1.57400976e-07 0 4.9920385e-07 1.57400976e-07 0 4.9920385e-07 1.57400976e-07 0 4.83587428e-07 2.00308875e-07 -0 4.83587428e-07 2.00308875e-07 -0 4.83587428e-07 2.00308875e-07 -0 4.83587428e-07 2.00308875e-07 0 4.83587428e-07 2.00308875e-07 0 4.83587428e-07 2.00308875e-07 0 4.64290395e-07 2.4169313e-07 -0 4.64290395e-07 2.4169313e-07 -0 4.64290395e-07 2.4169313e-07 -0 4.64290395e-07 2.4169313e-07 0 4.64290395e-07 2.4169313e-07 0 4.64290395e-07 2.4169313e-07 0 4.41461822e-07 2.81240801e-07 -0 4.41461822e-07 2.81240801e-07 -0 4.41461822e-07 2.81240801e-07 -0 4.41461822e-07 2.81240801e-07 0 4.41461822e-07 2.81240801e-07 0 4.41461822e-07 2.81240801e-07 0 4.15265589e-07 3.18646443e-07 -0 4.15265589e-07 3.18646443e-07 -0 4.15265589e-07 3.18646443e-07 -0 4.15265589e-07 3.18646443e-07 0 4.15265589e-07 3.18646443e-07 0 4.15265589e-07 3.18646443e-07 0 3.85924949e-07 3.53626916e-07 -0 3.85924949e-07 3.53626916e-07 -0 3.85924949e-07 3.53626916e-07 -0 3.85924949e-07 3.53626916e-07 0 3.85924949e-07 3.53626916e-07 0 3.85924949e-07 3.53626916e-07 0 3.5361947e-07 3.85914007e-07 -0 3.5361947e-07 3.85914007e-07 -0 3.5361947e-07 3.85914007e-07 -0 3.5361947e-07 3.85914007e-07 0 3.5361947e-07 3.85914007e-07 0 3.5361947e-07 3.85914007e-07 0 3.18646443e-07 4.15265589e-07 -0 3.18646443e-07 4.15265589e-07 -0 3.18646443e-07 4.15265589e-07 -0 3.18646443e-07 4.15265589e-07 0 3.18646443e-07 4.15265589e-07 0 3.18646443e-07 4.15265589e-07 0 2.81244525e-07 4.41458099e-07 -0 2.81244525e-07 4.41458099e-07 -0 2.81244525e-07 4.41458099e-07 -0 2.81244525e-07 4.41458099e-07 0 2.81244525e-07 4.41458099e-07 0 2.81244525e-07 4.41458099e-07 0 2.41696853e-07 4.64290395e-07 -0 2.41696853e-07 4.64290395e-07 -0 2.41696853e-07 4.64290395e-07 -0 2.41696853e-07 4.64290395e-07 0 2.41696853e-07 4.64290395e-07 0 2.41696853e-07 4.64290395e-07 0 2.00301415e-07 4.83591123e-07 -0 2.00301415e-07 4.83591123e-07 -0 2.00301415e-07 4.83591123e-07 -0 2.00301415e-07 4.83591123e-07 0 2.00301415e-07 4.83591123e-07 0 2.00301415e-07 4.83591123e-07 0 1.57400976e-07 4.9920385e-07 -0 1.57400976e-07 4.9920385e-07 -0 1.57400976e-07 4.9920385e-07 -0 1.57400976e-07 4.9920385e-07 0 1.57400976e-07 4.9920385e-07 0 1.57400976e-07 4.9920385e-07 0 1.13293531e-07 5.11027906e-07 -0 1.13293531e-07 5.11027906e-07 -0 1.13293531e-07 5.11027906e-07 -0 1.13293531e-07 5.11027906e-07 0 1.13293531e-07 5.11027906e-07 0 1.13293531e-07 5.11027906e-07 0 6.83218246e-08 5.18955289e-07 -0 6.83218246e-08 5.18955289e-07 -0 6.83218246e-08 5.18955289e-07 -0 6.83218246e-08 5.18955289e-07 0 6.83218246e-08 5.18955289e-07 0 6.83218246e-08 5.18955289e-07 0 2.28285799e-08 5.22933931e-07 -0 2.28285799e-08 5.22933931e-07 -0 2.28285799e-08 5.22933931e-07 -0 2.28285799e-08 5.22933931e-07 0 2.28285799e-08 5.22933931e-07 0 2.28285799e-08 5.22933931e-07 0 -2.28285799e-08 5.22933931e-07 0 -2.28285799e-08 5.22933931e-07 0 -2.28285799e-08 5.22933931e-07 0 -2.28285799e-08 5.22933931e-07 0 -2.28285799e-08 5.22933931e-07 0 -2.28285799e-08 5.22933931e-07 0 -6.83218246e-08 5.18955289e-07 0 -6.83218246e-08 5.18955289e-07 0 -6.83218246e-08 5.18955289e-07 0 -6.83218246e-08 5.18955289e-07 0 -6.83218246e-08 5.18955289e-07 0 -6.83218246e-08 5.18955289e-07 0 -1.13293531e-07 5.11024155e-07 0 -1.13293531e-07 5.11024155e-07 0 -1.13293531e-07 5.11024155e-07 0 -1.13293531e-07 5.11024155e-07 0 -1.13293531e-07 5.11024155e-07 0 -1.13293531e-07 5.11024155e-07 0 -1.57400976e-07 4.99207545e-07 0 -1.57400976e-07 4.99207545e-07 0 -1.57400976e-07 4.99207545e-07 0 -1.57400976e-07 4.99207545e-07 0 -1.57400976e-07 4.99207545e-07 0 -1.57400976e-07 4.99207545e-07 0 -2.00301415e-07 4.83587428e-07 0 -2.00301415e-07 4.83587428e-07 0 -2.00301415e-07 4.83587428e-07 0 -2.00301415e-07 4.83587428e-07 0 -2.00301415e-07 4.83587428e-07 0 -2.00301415e-07 4.83587428e-07 0 -2.41696853e-07 4.64290395e-07 0 -2.41696853e-07 4.64290395e-07 0 -2.41696853e-07 4.64290395e-07 0 -2.41696853e-07 4.64290395e-07 0 -2.41696853e-07 4.64290395e-07 0 -2.41696853e-07 4.64290395e-07 0 -2.81244525e-07 4.41458099e-07 0 -2.81244525e-07 4.41458099e-07 0 -2.81244525e-07 4.41458099e-07 0 -2.81244525e-07 4.41458099e-07 0 -2.81244525e-07 4.41458099e-07 0 -2.81244525e-07 4.41458099e-07 0 -3.18646443e-07 4.15269312e-07 0 -3.18646443e-07 4.15269312e-07 0 -3.18646443e-07 4.15269312e-07 0 -3.18646443e-07 4.15269312e-07 0 -3.18646443e-07 4.15269312e-07 0 -3.18646443e-07 4.15269312e-07 0 -3.5361947e-07 3.85914007e-07 0 -3.5361947e-07 3.85914007e-07 0 -3.5361947e-07 3.85914007e-07 0 -3.5361947e-07 3.85914007e-07 0 -3.5361947e-07 3.85914007e-07 0 -3.5361947e-07 3.85914007e-07 0 -3.85924949e-07 3.53626916e-07 0 -3.85924949e-07 3.53626916e-07 0 -3.85924949e-07 3.53626916e-07 0 -3.85924949e-07 3.53626916e-07 0 -3.85924949e-07 3.53626916e-07 0 -3.85924949e-07 3.53626916e-07 0 -4.15265589e-07 3.18642719e-07 0 -4.15265589e-07 3.18642719e-07 0 -4.15265589e-07 3.18642719e-07 0 -4.15265589e-07 3.18642719e-07 0 -4.15265589e-07 3.18642719e-07 0 -4.15265589e-07 3.18642719e-07 0 -4.41461822e-07 2.81240801e-07 0 -4.41461822e-07 2.81240801e-07 0 -4.41461822e-07 2.81240801e-07 0 -4.41461822e-07 2.81240801e-07 0 -4.41461822e-07 2.81240801e-07 0 -4.41461822e-07 2.81240801e-07 0 -4.64290395e-07 2.41696853e-07 0 -4.64290395e-07 2.41696853e-07 0 -4.64290395e-07 2.41696853e-07 0 -4.64290395e-07 2.41696853e-07 0 -4.64290395e-07 2.41696853e-07 0 -4.64290395e-07 2.41696853e-07 0 -4.83587428e-07 2.00308875e-07 0 -4.83587428e-07 2.00308875e-07 0 -4.83587428e-07 2.00308875e-07 0 -4.83587428e-07 2.00308875e-07 0 -4.83587428e-07 2.00308875e-07 0 -4.83587428e-07 2.00308875e-07 0 -4.9920385e-07 1.57397253e-07 0 -4.9920385e-07 1.57397253e-07 0 -4.9920385e-07 1.57397253e-07 0 -4.9920385e-07 1.57397253e-07 0 -4.9920385e-07 1.57397253e-07 0 -4.9920385e-07 1.57397253e-07 0 -5.1102046e-07 1.13293531e-07 0 -5.1102046e-07 1.13293531e-07 0 -5.1102046e-07 1.13293531e-07 0 -5.1102046e-07 1.13293531e-07 0 -5.1102046e-07 1.13293531e-07 0 -5.1102046e-07 1.13293531e-07 0 -5.1896285e-07 6.83218246e-08 0 -5.1896285e-07 6.83218246e-08 0 -5.1896285e-07 6.83218246e-08 0 -5.1896285e-07 6.83218246e-08 0 -5.1896285e-07 6.83218246e-08 0 -5.1896285e-07 6.83218246e-08 0 -5.22926484e-07 2.28285799e-08 0 -5.22926484e-07 2.28285799e-08 0 -5.22926484e-07 2.28285799e-08 0 -5.22926484e-07 2.28285799e-08 0 -5.22926484e-07 2.28285799e-08 0 -5.22926484e-07 2.28285799e-08 0 -5.22911591e-07 -2.28285799e-08 0 -5.22911591e-07 -2.28285799e-08 0 -5.22911591e-07 -2.28285799e-08 0 -5.22911591e-07 -2.28285799e-08 0 -5.22911591e-07 -2.28285799e-08 0 -5.22911591e-07 -2.28285799e-08 0 -5.18977686e-07 -6.83218246e-08 0 -5.18977686e-07 -6.83218246e-08 0 -5.18977686e-07 -6.83218246e-08 0 -5.18977686e-07 -6.83218246e-08 0 -5.18977686e-07 -6.83218246e-08 0 -5.18977686e-07 -6.83218246e-08 0 -5.1102046e-07 -1.13293531e-07 0 -5.1102046e-07 -1.13293531e-07 0 -5.1102046e-07 -1.13293531e-07 0 -5.1102046e-07 -1.13293531e-07 0 -5.1102046e-07 -1.13293531e-07 0 -5.1102046e-07 -1.13293531e-07 0 -4.991889e-07 -1.57397253e-07 0 -4.991889e-07 -1.57397253e-07 0 -4.991889e-07 -1.57397253e-07 0 -4.991889e-07 -1.57397253e-07 0 -4.991889e-07 -1.57397253e-07 0 -4.991889e-07 -1.57397253e-07 0 -4.83602321e-07 -2.00308875e-07 0 -4.83602321e-07 -2.00308875e-07 0 -4.83602321e-07 -2.00308875e-07 0 -4.83602321e-07 -2.00308875e-07 0 -4.83602321e-07 -2.00308875e-07 0 -4.83602321e-07 -2.00308875e-07 0 -4.64290395e-07 -2.41696853e-07 0 -4.64290395e-07 -2.41696853e-07 0 -4.64290395e-07 -2.41696853e-07 0 -4.64290395e-07 -2.41696853e-07 0 -4.64290395e-07 -2.41696853e-07 0 -4.64290395e-07 -2.41696853e-07 0 -4.41461822e-07 -2.81240801e-07 0 -4.41461822e-07 -2.81240801e-07 0 -4.41461822e-07 -2.81240801e-07 0 -4.41461822e-07 -2.81240801e-07 0 -4.41461822e-07 -2.81240801e-07 0 -4.41461822e-07 -2.81240801e-07 0 -4.15265589e-07 -3.18642719e-07 0 -4.15265589e-07 -3.18642719e-07 0 -4.15265589e-07 -3.18642719e-07 0 -4.15265589e-07 -3.18642719e-07 0 -4.15265589e-07 -3.18642719e-07 0 -4.15265589e-07 -3.18642719e-07 0 -3.85910283e-07 -3.53626916e-07 0 -3.85910283e-07 -3.53626916e-07 0 -3.85910283e-07 -3.53626916e-07 0 -3.85910283e-07 -3.53626916e-07 0 -3.85910283e-07 -3.53626916e-07 0 -3.85910283e-07 -3.53626916e-07 0 -3.53634363e-07 -3.85914007e-07 0 -3.53634363e-07 -3.85914007e-07 0 -3.53634363e-07 -3.85914007e-07 0 -3.53634363e-07 -3.85914007e-07 0 -3.53634363e-07 -3.85914007e-07 0 -3.53634363e-07 -3.85914007e-07 0 -3.18646443e-07 -4.15269312e-07 0 -3.18646443e-07 -4.15269312e-07 0 -3.18646443e-07 -4.15269312e-07 0 -3.18646443e-07 -4.15269312e-07 0 -3.18646443e-07 -4.15269312e-07 0 -3.18646443e-07 -4.15269312e-07 0 -2.81244525e-07 -4.41458099e-07 0 -2.81244525e-07 -4.41458099e-07 0 -2.81244525e-07 -4.41458099e-07 0 -2.81244525e-07 -4.41458099e-07 0 -2.81244525e-07 -4.41458099e-07 0 -2.81244525e-07 -4.41458099e-07 0 -2.41696853e-07 -4.64290395e-07 0 -2.41696853e-07 -4.64290395e-07 0 -2.41696853e-07 -4.64290395e-07 0 -2.41696853e-07 -4.64290395e-07 0 -2.41696853e-07 -4.64290395e-07 0 -2.41696853e-07 -4.64290395e-07 0 -2.00301415e-07 -4.83587428e-07 0 -2.00301415e-07 -4.83587428e-07 0 -2.00301415e-07 -4.83587428e-07 0 -2.00301415e-07 -4.83587428e-07 0 -2.00301415e-07 -4.83587428e-07 0 -2.00301415e-07 -4.83587428e-07 0 -1.57386069e-07 -4.99207545e-07 0 -1.57386069e-07 -4.99207545e-07 0 -1.57386069e-07 -4.99207545e-07 0 -1.57386069e-07 -4.99207545e-07 0 -1.57386069e-07 -4.99207545e-07 0 -1.57386069e-07 -4.99207545e-07 0 -1.13308438e-07 -5.11024155e-07 0 -1.13308438e-07 -5.11024155e-07 0 -1.13308438e-07 -5.11024155e-07 0 -1.13308438e-07 -5.11024155e-07 0 -1.13308438e-07 -5.11024155e-07 0 -1.13308438e-07 -5.11024155e-07 0 -6.83069246e-08 -5.18955289e-07 0 -6.83069246e-08 -5.18955289e-07 0 -6.83069246e-08 -5.18955289e-07 0 -6.83069246e-08 -5.18955289e-07 0 -6.83069246e-08 -5.18955289e-07 0 -6.83069246e-08 -5.18955289e-07 0 -2.28285799e-08 -5.22933931e-07 0 -2.28285799e-08 -5.22933931e-07 0 -2.28285799e-08 -5.22933931e-07 0 -2.28285799e-08 -5.22933931e-07 0 -2.28285799e-08 -5.22933931e-07 0 -2.28285799e-08 -5.22933931e-07 0 2.28285799e-08 -5.22933931e-07 0 2.28285799e-08 -5.22933931e-07 0 2.28285799e-08 -5.22933931e-07 0 2.28285799e-08 -5.22933931e-07 0 2.28285799e-08 -5.22933931e-07 0 2.28285799e-08 -5.22933931e-07 0 6.83069246e-08 -5.18955289e-07 0 6.83069246e-08 -5.18955289e-07 0 6.83069246e-08 -5.18955289e-07 0 6.83069246e-08 -5.18955289e-07 0 6.83069246e-08 -5.18955289e-07 0 6.83069246e-08 -5.18955289e-07 0 1.13308438e-07 -5.11027906e-07 0 1.13308438e-07 -5.11027906e-07 0 1.13308438e-07 -5.11027906e-07 0 1.13308438e-07 -5.11027906e-07 0 1.13308438e-07 -5.11027906e-07 0 1.13308438e-07 -5.11027906e-07 0 1.57386069e-07 -4.9920385e-07 0 1.57386069e-07 -4.9920385e-07 0 1.57386069e-07 -4.9920385e-07 0 1.57386069e-07 -4.9920385e-07 0 1.57386069e-07 -4.9920385e-07 0 1.57386069e-07 -4.9920385e-07 0 2.00301415e-07 -4.83591123e-07 0 2.00301415e-07 -4.83591123e-07 0 2.00301415e-07 -4.83591123e-07 0 2.00301415e-07 -4.83591123e-07 0 2.00301415e-07 -4.83591123e-07 0 2.00301415e-07 -4.83591123e-07 0 2.41696853e-07 -4.64290395e-07 0 2.41696853e-07 -4.64290395e-07 0 2.41696853e-07 -4.64290395e-07 0 2.41696853e-07 -4.64290395e-07 0 2.41696853e-07 -4.64290395e-07 0 2.41696853e-07 -4.64290395e-07 0 2.81244525e-07 -4.41458099e-07 0 2.81244525e-07 -4.41458099e-07 0 2.81244525e-07 -4.41458099e-07 0 2.81244525e-07 -4.41458099e-07 0 2.81244525e-07 -4.41458099e-07 0 2.81244525e-07 -4.41458099e-07 0 3.18646443e-07 -4.15265589e-07 0 3.18646443e-07 -4.15265589e-07 0 3.18646443e-07 -4.15265589e-07 0 3.18646443e-07 -4.15265589e-07 0 3.18646443e-07 -4.15265589e-07 0 3.18646443e-07 -4.15265589e-07 0 3.53634363e-07 -3.85914007e-07 0 3.53634363e-07 -3.85914007e-07 0 3.53634363e-07 -3.85914007e-07 0 3.53634363e-07 -3.85914007e-07 0 3.53634363e-07 -3.85914007e-07 0 3.53634363e-07 -3.85914007e-07 0 3.85910283e-07 -3.53626916e-07 0 3.85910283e-07 -3.53626916e-07 0 3.85910283e-07 -3.53626916e-07 0 3.85910283e-07 -3.53626916e-07 0 3.85910283e-07 -3.53626916e-07 0 3.85910283e-07 -3.53626916e-07 0 4.15265589e-07 -3.18646443e-07 0 4.15265589e-07 -3.18646443e-07 0 4.15265589e-07 -3.18646443e-07 0 4.15265589e-07 -3.18646443e-07 0 4.15265589e-07 -3.18646443e-07 0 4.15265589e-07 -3.18646443e-07 0 4.41461822e-07 -2.81240801e-07 0 4.41461822e-07 -2.81240801e-07 0 4.41461822e-07 -2.81240801e-07 0 4.41461822e-07 -2.81240801e-07 0 4.41461822e-07 -2.81240801e-07 0 4.41461822e-07 -2.81240801e-07 0 4.64290395e-07 -2.4169313e-07 0 4.64290395e-07 -2.4169313e-07 0 4.64290395e-07 -2.4169313e-07 0 4.64290395e-07 -2.4169313e-07 0 4.64290395e-07 -2.4169313e-07 0 4.64290395e-07 -2.4169313e-07 0 4.83602321e-07 -2.00308875e-07 0 4.83602321e-07 -2.00308875e-07 0 4.83602321e-07 -2.00308875e-07 0 4.83602321e-07 -2.00308875e-07 0 4.83602321e-07 -2.00308875e-07 0 4.83602321e-07 -2.00308875e-07 0 4.991889e-07 -1.57400976e-07 0 4.991889e-07 -1.57400976e-07 0 4.991889e-07 -1.57400976e-07 0 4.991889e-07 -1.57400976e-07 0 4.991889e-07 -1.57400976e-07 0 4.991889e-07 -1.57400976e-07 0 5.1102046e-07 -1.13289808e-07 0 5.1102046e-07 -1.13289808e-07 0 5.1102046e-07 -1.13289808e-07 0 5.1102046e-07 -1.13289808e-07 0 5.1102046e-07 -1.13289808e-07 0 5.1102046e-07 -1.13289808e-07 0 5.18977686e-07 -6.83218246e-08 0 5.18977686e-07 -6.83218246e-08 0 5.18977686e-07 -6.83218246e-08 0 5.18977686e-07 -6.83218246e-08 0 5.18977686e-07 -6.83218246e-08 0 5.18977686e-07 -6.83218246e-08 0 5.22911591e-07 -2.28323049e-08 0 5.22911591e-07 -2.28323049e-08 0 5.22911591e-07 -2.28323049e-08 0 5.22911591e-07 -2.28323049e-08 0 5.22911591e-07 -2.28323049e-08 0 5.22911591e-07 -2.28323049e-08 0 5.22941377e-07 2.28323049e-08 -0 5.22941377e-07 2.28323049e-08 -0 5.22941377e-07 2.28323049e-08 -0 5.22941377e-07 2.28323049e-08 0 5.22941377e-07 2.28323049e-08 0 5.22941377e-07 2.28323049e-08 0 5.18947843e-07 6.83218246e-08 -0 5.18947843e-07 6.83218246e-08 -0 5.18947843e-07 6.83218246e-08 -0 5.18947843e-07 6.83218246e-08 0 5.18947843e-07 6.83218246e-08 0 5.18947843e-07 6.83218246e-08 0 5.11050246e-07 1.13289808e-07 -0 5.11050246e-07 1.13289808e-07 -0 5.11050246e-07 1.13289808e-07 -0 5.11050246e-07 1.13289808e-07 0 5.11050246e-07 1.13289808e-07 0 5.11050246e-07 1.13289808e-07 0 4.991889e-07 1.57400976e-07 -0 4.991889e-07 1.57400976e-07 -0 4.991889e-07 1.57400976e-07 -0 4.991889e-07 1.57400976e-07 0 4.991889e-07 1.57400976e-07 0 4.991889e-07 1.57400976e-07 0 4.83602321e-07 2.00308875e-07 -0 4.83602321e-07 2.00308875e-07 -0 4.83602321e-07 2.00308875e-07 -0 4.83602321e-07 2.00308875e-07 0 4.83602321e-07 2.00308875e-07 0 4.83602321e-07 2.00308875e-07 0 4.64290395e-07 2.4169313e-07 -0 4.64290395e-07 2.4169313e-07 -0 4.64290395e-07 2.4169313e-07 -0 4.64290395e-07 2.4169313e-07 0 4.64290395e-07 2.4169313e-07 0 4.64290395e-07 2.4169313e-07 0 4.41461822e-07 2.81240801e-07 -0 4.41461822e-07 2.81240801e-07 -0 4.41461822e-07 2.81240801e-07 -0 4.41461822e-07 2.81240801e-07 0 4.41461822e-07 2.81240801e-07 0 4.41461822e-07 2.81240801e-07 0 4.15265589e-07 3.18646443e-07 -0 4.15265589e-07 3.18646443e-07 -0 4.15265589e-07 3.18646443e-07 -0 4.15265589e-07 3.18646443e-07 0 4.15265589e-07 3.18646443e-07 0 4.15265589e-07 3.18646443e-07 0 3.85910283e-07 3.53626916e-07 -0 3.85910283e-07 3.53626916e-07 -0 3.85910283e-07 3.53626916e-07 -0 3.85910283e-07 3.53626916e-07 0 3.85910283e-07 3.53626916e-07 0 3.85910283e-07 3.53626916e-07 0 3.53604577e-07 3.85914007e-07 -0 3.53604577e-07 3.85914007e-07 -0 3.53604577e-07 3.85914007e-07 -0 3.53604577e-07 3.85914007e-07 0 3.53604577e-07 3.85914007e-07 0 3.53604577e-07 3.85914007e-07 0 3.18646443e-07 4.15265589e-07 -0 3.18646443e-07 4.15265589e-07 -0 3.18646443e-07 4.15265589e-07 -0 3.18646443e-07 4.15265589e-07 0 3.18646443e-07 4.15265589e-07 0 3.18646443e-07 4.15265589e-07 0 2.81244525e-07 4.41458099e-07 -0 2.81244525e-07 4.41458099e-07 -0 2.81244525e-07 4.41458099e-07 -0 2.81244525e-07 4.41458099e-07 0 2.81244525e-07 4.41458099e-07 0 2.81244525e-07 4.41458099e-07 0 2.41696853e-07 4.64290395e-07 -0 2.41696853e-07 4.64290395e-07 -0 2.41696853e-07 4.64290395e-07 -0 2.41696853e-07 4.64290395e-07 0 2.41696853e-07 4.64290395e-07 0 2.41696853e-07 4.64290395e-07 0 2.00301415e-07 4.83591123e-07 -0 2.00301415e-07 4.83591123e-07 -0 2.00301415e-07 4.83591123e-07 -0 2.00301415e-07 4.83591123e-07 0 2.00301415e-07 4.83591123e-07 0 2.00301415e-07 4.83591123e-07 0 1.57415869e-07 4.9920385e-07 -0 1.57415869e-07 4.9920385e-07 -0 1.57415869e-07 4.9920385e-07 -0 1.57415869e-07 4.9920385e-07 0 1.57415869e-07 4.9920385e-07 0 1.57415869e-07 4.9920385e-07 0 1.13278631e-07 5.11027906e-07 -0 1.13278631e-07 5.11027906e-07 -0 1.13278631e-07 5.11027906e-07 -0 1.13278631e-07 5.11027906e-07 0 1.13278631e-07 5.11027906e-07 0 1.13278631e-07 5.11027906e-07 0 6.83367318e-08 5.18955289e-07 -0 6.83367318e-08 5.18955289e-07 -0 6.83367318e-08 5.18955289e-07 -0 6.83367318e-08 5.18955289e-07 0 6.83367318e-08 5.18955289e-07 0 6.83367318e-08 5.18955289e-07 0 2.28285799e-08 5.22933931e-07 -0 2.28285799e-08 5.22933931e-07 -0 2.28285799e-08 5.22933931e-07 -0 2.28285799e-08 5.22933931e-07 0 2.28285799e-08 5.22933931e-07 0 2.28285799e-08 5.22933931e-07 0 -2.28285799e-08 5.22933931e-07 0 -2.28285799e-08 5.22933931e-07 0 -2.28285799e-08 5.22933931e-07 0 -2.28285799e-08 5.22933931e-07 0 -2.28285799e-08 5.22933931e-07 0 -2.28285799e-08 5.22933931e-07 0 -6.83367318e-08 5.18955289e-07 0 -6.83367318e-08 5.18955289e-07 0 -6.83367318e-08 5.18955289e-07 0 -6.83367318e-08 5.18955289e-07 0 -6.83367318e-08 5.18955289e-07 0 -6.83367318e-08 5.18955289e-07 0 -1.13278631e-07 5.11024155e-07 0 -1.13278631e-07 5.11024155e-07 0 -1.13278631e-07 5.11024155e-07 0 -1.13278631e-07 5.11024155e-07 0 -1.13278631e-07 5.11024155e-07 0 -1.13278631e-07 5.11024155e-07 0 -1.57415869e-07 4.99207545e-07 0 -1.57415869e-07 4.99207545e-07 0 -1.57415869e-07 4.99207545e-07 0 -1.57415869e-07 4.99207545e-07 0 -1.57415869e-07 4.99207545e-07 0 -1.57415869e-07 4.99207545e-07 0 -2.00301415e-07 4.83587428e-07 0 -2.00301415e-07 4.83587428e-07 0 -2.00301415e-07 4.83587428e-07 0 -2.00301415e-07 4.83587428e-07 0 -2.00301415e-07 4.83587428e-07 0 -2.00301415e-07 4.83587428e-07 0 -2.41696853e-07 4.64290395e-07 0 -2.41696853e-07 4.64290395e-07 0 -2.41696853e-07 4.64290395e-07 0 -2.41696853e-07 4.64290395e-07 0 -2.41696853e-07 4.64290395e-07 0 -2.41696853e-07 4.64290395e-07 0 -2.81244525e-07 4.41458099e-07 0 -2.81244525e-07 4.41458099e-07 0 -2.81244525e-07 4.41458099e-07 0 -2.81244525e-07 4.41458099e-07 0 -2.81244525e-07 4.41458099e-07 0 -2.81244525e-07 4.41458099e-07 0 -3.18646443e-07 4.15269312e-07 0 -3.18646443e-07 4.15269312e-07 0 -3.18646443e-07 4.15269312e-07 0 -3.18646443e-07 4.15269312e-07 0 -3.18646443e-07 4.15269312e-07 0 -3.18646443e-07 4.15269312e-07 0 -3.53604577e-07 3.85914007e-07 0 -3.53604577e-07 3.85914007e-07 0 -3.53604577e-07 3.85914007e-07 0 -3.53604577e-07 3.85914007e-07 0 -3.53604577e-07 3.85914007e-07 0 -3.53604577e-07 3.85914007e-07 0 -3.85910283e-07 3.53626916e-07 0 -3.85910283e-07 3.53626916e-07 0 -3.85910283e-07 3.53626916e-07 0 -3.85910283e-07 3.53626916e-07 0 -3.85910283e-07 3.53626916e-07 0 -3.85910283e-07 3.53626916e-07 0 -4.15265589e-07 3.18642719e-07 0 -4.15265589e-07 3.18642719e-07 0 -4.15265589e-07 3.18642719e-07 0 -4.15265589e-07 3.18642719e-07 0 -4.15265589e-07 3.18642719e-07 0 -4.15265589e-07 3.18642719e-07 0 -4.41461822e-07 2.81240801e-07 0 -4.41461822e-07 2.81240801e-07 0 -4.41461822e-07 2.81240801e-07 0 -4.41461822e-07 2.81240801e-07 0 -4.41461822e-07 2.81240801e-07 0 -4.41461822e-07 2.81240801e-07 0 -4.64290395e-07 2.41696853e-07 0 -4.64290395e-07 2.41696853e-07 0 -4.64290395e-07 2.41696853e-07 0 -4.64290395e-07 2.41696853e-07 0 -4.64290395e-07 2.41696853e-07 0 -4.64290395e-07 2.41696853e-07 0 -4.83602321e-07 2.00308875e-07 0 -4.83602321e-07 2.00308875e-07 0 -4.83602321e-07 2.00308875e-07 0 -4.83602321e-07 2.00308875e-07 0 -4.83602321e-07 2.00308875e-07 0 -4.83602321e-07 2.00308875e-07 0 -4.991889e-07 1.57397253e-07 0 -4.991889e-07 1.57397253e-07 0 -4.991889e-07 1.57397253e-07 0 -4.991889e-07 1.57397253e-07 0 -4.991889e-07 1.57397253e-07 0 -4.991889e-07 1.57397253e-07 0 -5.11050246e-07 1.13293531e-07 0 -5.11050246e-07 1.13293531e-07 0 -5.11050246e-07 1.13293531e-07 0 -5.11050246e-07 1.13293531e-07 0 -5.11050246e-07 1.13293531e-07 0 -5.11050246e-07 1.13293531e-07 0 -5.18947843e-07 6.83218246e-08 0 -5.18947843e-07 6.83218246e-08 0 -5.18947843e-07 6.83218246e-08 0 -5.18947843e-07 6.83218246e-08 0 -5.18947843e-07 6.83218246e-08 0 -5.18947843e-07 6.83218246e-08 0 -5.22941377e-07 2.28285799e-08 0 -5.22941377e-07 2.28285799e-08 0 -5.22941377e-07 2.28285799e-08 0 -5.22941377e-07 2.28285799e-08 0 -5.22941377e-07 2.28285799e-08 0 -5.22941377e-07 2.28285799e-08 0 -5.22911591e-07 -2.283603e-08 0 -5.22911591e-07 -2.283603e-08 0 -5.22911591e-07 -2.283603e-08 0 -5.22911591e-07 -2.283603e-08 0 -5.22911591e-07 -2.283603e-08 0 -5.22911591e-07 -2.283603e-08 0 -5.18977686e-07 -6.83218246e-08 0 -5.18977686e-07 -6.83218246e-08 0 -5.18977686e-07 -6.83218246e-08 0 -5.18977686e-07 -6.83218246e-08 0 -5.18977686e-07 -6.83218246e-08 0 -5.18977686e-07 -6.83218246e-08 0 -5.1102046e-07 -1.13286085e-07 0 -5.1102046e-07 -1.13286085e-07 0 -5.1102046e-07 -1.13286085e-07 0 -5.1102046e-07 -1.13286085e-07 0 -5.1102046e-07 -1.13286085e-07 0 -5.1102046e-07 -1.13286085e-07 0 -4.991889e-07 -1.57400976e-07 0 -4.991889e-07 -1.57400976e-07 0 -4.991889e-07 -1.57400976e-07 0 -4.991889e-07 -1.57400976e-07 0 -4.991889e-07 -1.57400976e-07 0 -4.991889e-07 -1.57400976e-07 0 -4.83602321e-07 -2.00308875e-07 0 -4.83602321e-07 -2.00308875e-07 0 -4.83602321e-07 -2.00308875e-07 0 -4.83602321e-07 -2.00308875e-07 0 -4.83602321e-07 -2.00308875e-07 0 -4.83602321e-07 -2.00308875e-07 0 -4.64290395e-07 -2.41696853e-07 0 -4.64290395e-07 -2.41696853e-07 0 -4.64290395e-07 -2.41696853e-07 0 -4.64290395e-07 -2.41696853e-07 0 -4.64290395e-07 -2.41696853e-07 0 -4.64290395e-07 -2.41696853e-07 0 -4.41461822e-07 -2.81237078e-07 0 -4.41461822e-07 -2.81237078e-07 0 -4.41461822e-07 -2.81237078e-07 0 -4.41461822e-07 -2.81237078e-07 0 -4.41461822e-07 -2.81237078e-07 0 -4.41461822e-07 -2.81237078e-07 0 -4.15265589e-07 -3.18646443e-07 0 -4.15265589e-07 -3.18646443e-07 0 -4.15265589e-07 -3.18646443e-07 0 -4.15265589e-07 -3.18646443e-07 0 -4.15265589e-07 -3.18646443e-07 0 -4.15265589e-07 -3.18646443e-07 0 -3.85910283e-07 -3.53626916e-07 0 -3.85910283e-07 -3.53626916e-07 0 -3.85910283e-07 -3.53626916e-07 0 -3.85910283e-07 -3.53626916e-07 0 -3.85910283e-07 -3.53626916e-07 0 -3.85910283e-07 -3.53626916e-07 0 -3.53634363e-07 -3.8591773e-07 0 -3.53634363e-07 -3.8591773e-07 0 -3.53634363e-07 -3.8591773e-07 0 -3.53634363e-07 -3.8591773e-07 0 -3.53634363e-07 -3.8591773e-07 0 -3.53634363e-07 -3.8591773e-07 0 -3.18646443e-07 -4.15265589e-07 0 -3.18646443e-07 -4.15265589e-07 0 -3.18646443e-07 -4.15265589e-07 0 -3.18646443e-07 -4.15265589e-07 0 -3.18646443e-07 -4.15265589e-07 0 -3.18646443e-07 -4.15265589e-07 0 -2.81244525e-07 -4.41454375e-07 0 -2.81244525e-07 -4.41454375e-07 0 -2.81244525e-07 -4.41454375e-07 0 -2.81244525e-07 -4.41454375e-07 0 -2.81244525e-07 -4.41454375e-07 0 -2.81244525e-07 -4.41454375e-07 0 -2.41696853e-07 -4.64290395e-07 0 -2.41696853e-07 -4.64290395e-07 0 -2.41696853e-07 -4.64290395e-07 0 -2.41696853e-07 -4.64290395e-07 0 -2.41696853e-07 -4.64290395e-07 0 -2.41696853e-07 -4.64290395e-07 0 -2.00301415e-07 -4.83594874e-07 0 -2.00301415e-07 -4.83594874e-07 0 -2.00301415e-07 -4.83594874e-07 0 -2.00301415e-07 -4.83594874e-07 0 -2.00301415e-07 -4.83594874e-07 0 -2.00301415e-07 -4.83594874e-07 0 -1.57386069e-07 -4.9920385e-07 0 -1.57386069e-07 -4.9920385e-07 0 -1.57386069e-07 -4.9920385e-07 0 -1.57386069e-07 -4.9920385e-07 0 -1.57386069e-07 -4.9920385e-07 0 -1.57386069e-07 -4.9920385e-07 0 -1.13308438e-07 -5.11027906e-07 0 -1.13308438e-07 -5.11027906e-07 0 -1.13308438e-07 -5.11027906e-07 0 -1.13308438e-07 -5.11027906e-07 0 -1.13308438e-07 -5.11027906e-07 0 -1.13308438e-07 -5.11027906e-07 0 -6.83069246e-08 -5.18955289e-07 0 -6.83069246e-08 -5.18955289e-07 0 -6.83069246e-08 -5.18955289e-07 0 -6.83069246e-08 -5.18955289e-07 0 -6.83069246e-08 -5.18955289e-07 0 -6.83069246e-08 -5.18955289e-07 0 -2.28285799e-08 -5.22933931e-07 0 -2.28285799e-08 -5.22933931e-07 0 -2.28285799e-08 -5.22933931e-07 0 -2.28285799e-08 -5.22933931e-07 0 -2.28285799e-08 -5.22933931e-07 0 -2.28285799e-08 -5.22933931e-07 0 2.28285799e-08 -5.22933931e-07 0 2.28285799e-08 -5.22933931e-07 0 2.28285799e-08 -5.22933931e-07 0 2.28285799e-08 -5.22933931e-07 0 2.28285799e-08 -5.22933931e-07 0 2.28285799e-08 -5.22933931e-07 0 6.83069246e-08 -5.18955289e-07 0 6.83069246e-08 -5.18955289e-07 0 6.83069246e-08 -5.18955289e-07 0 6.83069246e-08 -5.18955289e-07 0 6.83069246e-08 -5.18955289e-07 0 6.83069246e-08 -5.18955289e-07 0 1.13308438e-07 -5.1102046e-07 0 1.13308438e-07 -5.1102046e-07 0 1.13308438e-07 -5.1102046e-07 0 1.13308438e-07 -5.1102046e-07 0 1.13308438e-07 -5.1102046e-07 0 1.13308438e-07 -5.1102046e-07 0 1.57386069e-07 -4.99211296e-07 0 1.57386069e-07 -4.99211296e-07 0 1.57386069e-07 -4.99211296e-07 0 1.57386069e-07 -4.99211296e-07 0 1.57386069e-07 -4.99211296e-07 0 1.57386069e-07 -4.99211296e-07 0 2.00301415e-07 -4.83587428e-07 0 2.00301415e-07 -4.83587428e-07 0 2.00301415e-07 -4.83587428e-07 0 2.00301415e-07 -4.83587428e-07 0 2.00301415e-07 -4.83587428e-07 0 2.00301415e-07 -4.83587428e-07 0 2.41696853e-07 -4.64290395e-07 0 2.41696853e-07 -4.64290395e-07 0 2.41696853e-07 -4.64290395e-07 0 2.41696853e-07 -4.64290395e-07 0 2.41696853e-07 -4.64290395e-07 0 2.41696853e-07 -4.64290395e-07 0 2.81244525e-07 -4.41454375e-07 0 2.81244525e-07 -4.41454375e-07 0 2.81244525e-07 -4.41454375e-07 0 2.81244525e-07 -4.41454375e-07 0 2.81244525e-07 -4.41454375e-07 0 2.81244525e-07 -4.41454375e-07 0 3.18646443e-07 -4.15273036e-07 0 3.18646443e-07 -4.15273036e-07 0 3.18646443e-07 -4.15273036e-07 0 3.18646443e-07 -4.15273036e-07 0 3.18646443e-07 -4.15273036e-07 0 3.18646443e-07 -4.15273036e-07 0 3.53634363e-07 -3.85910283e-07 0 3.53634363e-07 -3.85910283e-07 0 3.53634363e-07 -3.85910283e-07 0 3.53634363e-07 -3.85910283e-07 0 3.53634363e-07 -3.85910283e-07 0 3.53634363e-07 -3.85910283e-07 0 3.85910283e-07 -3.53626916e-07 0 3.85910283e-07 -3.53626916e-07 0 3.85910283e-07 -3.53626916e-07 0 3.85910283e-07 -3.53626916e-07 0 3.85910283e-07 -3.53626916e-07 0 3.85910283e-07 -3.53626916e-07 0 4.15265589e-07 -3.18646443e-07 0 4.15265589e-07 -3.18646443e-07 0 4.15265589e-07 -3.18646443e-07 0 4.15265589e-07 -3.18646443e-07 0 4.15265589e-07 -3.18646443e-07 0 4.15265589e-07 -3.18646443e-07 0 4.41461822e-07 -2.81237078e-07 0 4.41461822e-07 -2.81237078e-07 0 4.41461822e-07 -2.81237078e-07 0 4.41461822e-07 -2.81237078e-07 0 4.41461822e-07 -2.81237078e-07 0 4.41461822e-07 -2.81237078e-07 0 4.64290395e-07 -2.41696853e-07 0 4.64290395e-07 -2.41696853e-07 0 4.64290395e-07 -2.41696853e-07 0 4.64290395e-07 -2.41696853e-07 0 4.64290395e-07 -2.41696853e-07 0 4.64290395e-07 -2.41696853e-07 0 4.83602321e-07 -2.00308875e-07 0 4.83602321e-07 -2.00308875e-07 0 4.83602321e-07 -2.00308875e-07 0 4.83602321e-07 -2.00308875e-07 0 4.83602321e-07 -2.00308875e-07 0 4.83602321e-07 -2.00308875e-07 0 4.991889e-07 -1.57400976e-07 0 4.991889e-07 -1.57400976e-07 0 4.991889e-07 -1.57400976e-07 0 4.991889e-07 -1.57400976e-07 0 4.991889e-07 -1.57400976e-07 0 4.991889e-07 -1.57400976e-07 0 5.1102046e-07 -1.13293531e-07 0 5.1102046e-07 -1.13293531e-07 0 5.1102046e-07 -1.13293531e-07 0 5.1102046e-07 -1.13293531e-07 0 5.1102046e-07 -1.13293531e-07 0 5.1102046e-07 -1.13293531e-07 0 5.18977686e-07 -6.83218246e-08 0 5.18977686e-07 -6.83218246e-08 0 5.18977686e-07 -6.83218246e-08 0 5.18977686e-07 -6.83218246e-08 0 5.18977686e-07 -6.83218246e-08 0 5.18977686e-07 -6.83218246e-08 0 5.22911591e-07 -2.28285799e-08 0 5.22911591e-07 -2.28285799e-08 0 5.22911591e-07 -2.28285799e-08 0 5.22911591e-07 -2.28285799e-08 0 5.22911591e-07 -2.28285799e-08 0 5.22911591e-07 -2.28285799e-08 0 5.22941377e-07 2.28285799e-08 -0 5.22941377e-07 2.28285799e-08 -0 5.22941377e-07 2.28285799e-08 -0 5.22941377e-07 2.28285799e-08 0 5.22941377e-07 2.28285799e-08 0 5.22941377e-07 2.28285799e-08 0 5.18947843e-07 6.83218246e-08 -0 5.18947843e-07 6.83218246e-08 -0 5.18947843e-07 6.83218246e-08 -0 5.18947843e-07 6.83218246e-08 0 5.18947843e-07 6.83218246e-08 0 5.18947843e-07 6.83218246e-08 0 5.11050246e-07 1.13293531e-07 -0 5.11050246e-07 1.13293531e-07 -0 5.11050246e-07 1.13293531e-07 -0 5.11050246e-07 1.13293531e-07 0 5.11050246e-07 1.13293531e-07 0 5.11050246e-07 1.13293531e-07 0 4.991889e-07 1.57400976e-07 -0 4.991889e-07 1.57400976e-07 -0 4.991889e-07 1.57400976e-07 -0 4.991889e-07 1.57400976e-07 0 4.991889e-07 1.57400976e-07 0 4.991889e-07 1.57400976e-07 0 4.83602321e-07 2.00308875e-07 -0 4.83602321e-07 2.00308875e-07 -0 4.83602321e-07 2.00308875e-07 -0 4.83602321e-07 2.00308875e-07 0 4.83602321e-07 2.00308875e-07 0 4.83602321e-07 2.00308875e-07 0 4.64290395e-07 2.41696853e-07 -0 4.64290395e-07 2.41696853e-07 -0 4.64290395e-07 2.41696853e-07 -0 4.64290395e-07 2.41696853e-07 0 4.64290395e-07 2.41696853e-07 0 4.64290395e-07 2.41696853e-07 0 4.41461822e-07 2.81237078e-07 -0 4.41461822e-07 2.81237078e-07 -0 4.41461822e-07 2.81237078e-07 -0 4.41461822e-07 2.81237078e-07 0 4.41461822e-07 2.81237078e-07 0 4.41461822e-07 2.81237078e-07 0 4.15265589e-07 3.18646443e-07 -0 4.15265589e-07 3.18646443e-07 -0 4.15265589e-07 3.18646443e-07 -0 4.15265589e-07 3.18646443e-07 0 4.15265589e-07 3.18646443e-07 0 4.15265589e-07 3.18646443e-07 0 3.85910283e-07 3.53626916e-07 -0 3.85910283e-07 3.53626916e-07 -0 3.85910283e-07 3.53626916e-07 -0 3.85910283e-07 3.53626916e-07 0 3.85910283e-07 3.53626916e-07 0 3.85910283e-07 3.53626916e-07 0 3.53604577e-07 3.85910283e-07 -0 3.53604577e-07 3.85910283e-07 -0 3.53604577e-07 3.85910283e-07 -0 3.53604577e-07 3.85910283e-07 0 3.53604577e-07 3.85910283e-07 0 3.53604577e-07 3.85910283e-07 0 3.18646443e-07 4.15273036e-07 -0 3.18646443e-07 4.15273036e-07 -0 3.18646443e-07 4.15273036e-07 -0 3.18646443e-07 4.15273036e-07 0 3.18646443e-07 4.15273036e-07 0 3.18646443e-07 4.15273036e-07 0 2.81244525e-07 4.41454375e-07 -0 2.81244525e-07 4.41454375e-07 -0 2.81244525e-07 4.41454375e-07 -0 2.81244525e-07 4.41454375e-07 0 2.81244525e-07 4.41454375e-07 0 2.81244525e-07 4.41454375e-07 0 2.41696853e-07 4.64290395e-07 -0 2.41696853e-07 4.64290395e-07 -0 2.41696853e-07 4.64290395e-07 -0 2.41696853e-07 4.64290395e-07 0 2.41696853e-07 4.64290395e-07 0 2.41696853e-07 4.64290395e-07 0 2.00301415e-07 4.83587428e-07 -0 2.00301415e-07 4.83587428e-07 -0 2.00301415e-07 4.83587428e-07 -0 2.00301415e-07 4.83587428e-07 0 2.00301415e-07 4.83587428e-07 0 2.00301415e-07 4.83587428e-07 0 1.57415869e-07 4.99211296e-07 -0 1.57415869e-07 4.99211296e-07 -0 1.57415869e-07 4.99211296e-07 -0 1.57415869e-07 4.99211296e-07 0 1.57415869e-07 4.99211296e-07 0 1.57415869e-07 4.99211296e-07 0 1.13278631e-07 5.1102046e-07 -0 1.13278631e-07 5.1102046e-07 -0 1.13278631e-07 5.1102046e-07 -0 1.13278631e-07 5.1102046e-07 0 1.13278631e-07 5.1102046e-07 0 1.13278631e-07 5.1102046e-07 0 6.83367318e-08 5.18955289e-07 -0 6.83367318e-08 5.18955289e-07 -0 6.83367318e-08 5.18955289e-07 -0 6.83367318e-08 5.18955289e-07 0 6.83367318e-08 5.18955289e-07 0 6.83367318e-08 5.18955289e-07 0 2.28285799e-08 5.22933931e-07 -0 2.28285799e-08 5.22933931e-07 -0 2.28285799e-08 5.22933931e-07 -0 2.28285799e-08 5.22933931e-07 0 2.28285799e-08 5.22933931e-07 0 2.28285799e-08 5.22933931e-07 0 -2.28285799e-08 5.22933931e-07 0 -2.28285799e-08 5.22933931e-07 0 -2.28285799e-08 5.22933931e-07 0 -2.28285799e-08 5.22933931e-07 0 -2.28285799e-08 5.22933931e-07 0 -2.28285799e-08 5.22933931e-07 0 -6.83367318e-08 5.18955289e-07 0 -6.83367318e-08 5.18955289e-07 0 -6.83367318e-08 5.18955289e-07 0 -6.83367318e-08 5.18955289e-07 0 -6.83367318e-08 5.18955289e-07 0 -6.83367318e-08 5.18955289e-07 0 -1.13278631e-07 5.11027906e-07 0 -1.13278631e-07 5.11027906e-07 0 -1.13278631e-07 5.11027906e-07 0 -1.13278631e-07 5.11027906e-07 0 -1.13278631e-07 5.11027906e-07 0 -1.13278631e-07 5.11027906e-07 0 -1.57415869e-07 4.9920385e-07 0 -1.57415869e-07 4.9920385e-07 0 -1.57415869e-07 4.9920385e-07 0 -1.57415869e-07 4.9920385e-07 0 -1.57415869e-07 4.9920385e-07 0 -1.57415869e-07 4.9920385e-07 0 -2.00301415e-07 4.83594874e-07 0 -2.00301415e-07 4.83594874e-07 0 -2.00301415e-07 4.83594874e-07 0 -2.00301415e-07 4.83594874e-07 0 -2.00301415e-07 4.83594874e-07 0 -2.00301415e-07 4.83594874e-07 0 -2.41696853e-07 4.64290395e-07 0 -2.41696853e-07 4.64290395e-07 0 -2.41696853e-07 4.64290395e-07 0 -2.41696853e-07 4.64290395e-07 0 -2.41696853e-07 4.64290395e-07 0 -2.41696853e-07 4.64290395e-07 0 -2.81244525e-07 4.41454375e-07 0 -2.81244525e-07 4.41454375e-07 0 -2.81244525e-07 4.41454375e-07 0 -2.81244525e-07 4.41454375e-07 0 -2.81244525e-07 4.41454375e-07 0 -2.81244525e-07 4.41454375e-07 0 -3.18646443e-07 4.15265589e-07 0 -3.18646443e-07 4.15265589e-07 0 -3.18646443e-07 4.15265589e-07 0 -3.18646443e-07 4.15265589e-07 0 -3.18646443e-07 4.15265589e-07 0 -3.18646443e-07 4.15265589e-07 0 -3.53604577e-07 3.8591773e-07 0 -3.53604577e-07 3.8591773e-07 0 -3.53604577e-07 3.8591773e-07 0 -3.53604577e-07 3.8591773e-07 0 -3.53604577e-07 3.8591773e-07 0 -3.53604577e-07 3.8591773e-07 0 -3.85910283e-07 3.53626916e-07 0 -3.85910283e-07 3.53626916e-07 0 -3.85910283e-07 3.53626916e-07 0 -3.85910283e-07 3.53626916e-07 0 -3.85910283e-07 3.53626916e-07 0 -3.85910283e-07 3.53626916e-07 0 -4.15265589e-07 3.18646443e-07 0 -4.15265589e-07 3.18646443e-07 0 -4.15265589e-07 3.18646443e-07 0 -4.15265589e-07 3.18646443e-07 0 -4.15265589e-07 3.18646443e-07 0 -4.15265589e-07 3.18646443e-07 0 -4.41461822e-07 2.81237078e-07 0 -4.41461822e-07 2.81237078e-07 0 -4.41461822e-07 2.81237078e-07 0 -4.41461822e-07 2.81237078e-07 0 -4.41461822e-07 2.81237078e-07 0 -4.41461822e-07 2.81237078e-07 0 -4.64290395e-07 2.41696853e-07 0 -4.64290395e-07 2.41696853e-07 0 -4.64290395e-07 2.41696853e-07 0 -4.64290395e-07 2.41696853e-07 0 -4.64290395e-07 2.41696853e-07 0 -4.64290395e-07 2.41696853e-07 0 -4.83602321e-07 2.00308875e-07 0 -4.83602321e-07 2.00308875e-07 0 -4.83602321e-07 2.00308875e-07 0 -4.83602321e-07 2.00308875e-07 0 -4.83602321e-07 2.00308875e-07 0 -4.83602321e-07 2.00308875e-07 0 -4.991889e-07 1.57400976e-07 0 -4.991889e-07 1.57400976e-07 0 -4.991889e-07 1.57400976e-07 0 -4.991889e-07 1.57400976e-07 0 -4.991889e-07 1.57400976e-07 0 -4.991889e-07 1.57400976e-07 0 -5.11050246e-07 1.13286085e-07 0 -5.11050246e-07 1.13286085e-07 0 -5.11050246e-07 1.13286085e-07 0 -5.11050246e-07 1.13286085e-07 0 -5.11050246e-07 1.13286085e-07 0 -5.11050246e-07 1.13286085e-07 0 -5.18947843e-07 6.83218246e-08 0 -5.18947843e-07 6.83218246e-08 0 -5.18947843e-07 6.83218246e-08 0 -5.18947843e-07 6.83218246e-08 0 -5.18947843e-07 6.83218246e-08 0 -5.18947843e-07 6.83218246e-08 0 -5.22941377e-07 2.283603e-08 0 -5.22941377e-07 2.283603e-08 0 -5.22941377e-07 2.283603e-08 0 -5.22941377e-07 2.283603e-08 0 -5.22941377e-07 2.283603e-08 0 -5.22941377e-07 2.283603e-08 0 0 -9.14999873e-06 0 0 -9.14999873e-06 0 0 -9.14999873e-06 0 0 -9.14999873e-06 0 0 -9.14999873e-06 0 0 -9.14999873e-06 0 0 -2.68500007e-05 0 0 -2.68500007e-05 0 0 -2.68500007e-05 0 0 -2.68500007e-05 0 0 -2.68500007e-05 0 0 -2.68500007e-05 0 0 -4.00000026e-05 0 0 -4.00000026e-05 0 0 -4.00000026e-05 0 0 -4.00000026e-05 0 0 -4.00000026e-05 0 0 -4.00000026e-05 0 0 -4.00000063e-05 0 0 -4.00000063e-05 0 0 -4.00000063e-05 0 0 -4.00000063e-05 0 0 -4.00000063e-05 0 0 -4.00000063e-05 0 0 -3.60000013e-05 0 0 -3.60000013e-05 0 0 -3.60000013e-05 0 0 -3.60000013e-05 0 0 -3.60000013e-05 0 0 -3.60000013e-05 0 -5.22926484e-07 -2.283603e-08 0 -5.22926484e-07 -2.283603e-08 0 -5.22926484e-07 -2.283603e-08 0 -5.22926484e-07 -2.283603e-08 0 -5.22926484e-07 -2.283603e-08 0 -5.22926484e-07 -2.283603e-08 0 -5.18962793e-07 -6.83218246e-08 0 -5.18962793e-07 -6.83218246e-08 0 -5.18962793e-07 -6.83218246e-08 0 -5.18962793e-07 -6.83218246e-08 0 -5.18962793e-07 -6.83218246e-08 0 -5.18962793e-07 -6.83218246e-08 0 -5.1102046e-07 -1.13286085e-07 0 -5.1102046e-07 -1.13286085e-07 0 -5.1102046e-07 -1.13286085e-07 0 -5.1102046e-07 -1.13286085e-07 0 -5.1102046e-07 -1.13286085e-07 0 -5.1102046e-07 -1.13286085e-07 0 -4.9920385e-07 -1.57400976e-07 0 -4.9920385e-07 -1.57400976e-07 0 -4.9920385e-07 -1.57400976e-07 0 -4.9920385e-07 -1.57400976e-07 0 -4.9920385e-07 -1.57400976e-07 0 -4.9920385e-07 -1.57400976e-07 0 -4.83587428e-07 -2.00308875e-07 0 -4.83587428e-07 -2.00308875e-07 0 -4.83587428e-07 -2.00308875e-07 0 -4.83587428e-07 -2.00308875e-07 0 -4.83587428e-07 -2.00308875e-07 0 -4.83587428e-07 -2.00308875e-07 0 -4.64290395e-07 -2.41696853e-07 0 -4.64290395e-07 -2.41696853e-07 0 -4.64290395e-07 -2.41696853e-07 0 -4.64290395e-07 -2.41696853e-07 0 -4.64290395e-07 -2.41696853e-07 0 -4.64290395e-07 -2.41696853e-07 0 -4.41461822e-07 -2.81237078e-07 0 -4.41461822e-07 -2.81237078e-07 0 -4.41461822e-07 -2.81237078e-07 0 -4.41461822e-07 -2.81237078e-07 0 -4.41461822e-07 -2.81237078e-07 0 -4.41461822e-07 -2.81237078e-07 0 -4.15265589e-07 -3.18646443e-07 0 -4.15265589e-07 -3.18646443e-07 0 -4.15265589e-07 -3.18646443e-07 0 -4.15265589e-07 -3.18646443e-07 0 -4.15265589e-07 -3.18646443e-07 0 -4.15265589e-07 -3.18646443e-07 0 -3.85925205e-07 -3.53626916e-07 0 -3.85925205e-07 -3.53626916e-07 0 -3.85925205e-07 -3.53626916e-07 0 -3.85925205e-07 -3.53626916e-07 0 -3.85925205e-07 -3.53626916e-07 0 -3.85925205e-07 -3.53626916e-07 0 -3.5361947e-07 -3.8591773e-07 0 -3.5361947e-07 -3.8591773e-07 0 -3.5361947e-07 -3.8591773e-07 0 -3.5361947e-07 -3.8591773e-07 0 -3.5361947e-07 -3.8591773e-07 0 -3.5361947e-07 -3.8591773e-07 0 -3.18646443e-07 -4.15265589e-07 0 -3.18646443e-07 -4.15265589e-07 0 -3.18646443e-07 -4.15265589e-07 0 -3.18646443e-07 -4.15265589e-07 0 -3.18646443e-07 -4.15265589e-07 0 -3.18646443e-07 -4.15265589e-07 0 -2.81244525e-07 -4.41454375e-07 0 -2.81244525e-07 -4.41454375e-07 0 -2.81244525e-07 -4.41454375e-07 0 -2.81244525e-07 -4.41454375e-07 0 -2.81244525e-07 -4.41454375e-07 0 -2.81244525e-07 -4.41454375e-07 0 -2.41696853e-07 -4.64290395e-07 0 -2.41696853e-07 -4.64290395e-07 0 -2.41696853e-07 -4.64290395e-07 0 -2.41696853e-07 -4.64290395e-07 0 -2.41696853e-07 -4.64290395e-07 0 -2.41696853e-07 -4.64290395e-07 0 -2.00301415e-07 -4.83594874e-07 0 -2.00301415e-07 -4.83594874e-07 0 -2.00301415e-07 -4.83594874e-07 0 -2.00301415e-07 -4.83594874e-07 0 -2.00301415e-07 -4.83594874e-07 0 -2.00301415e-07 -4.83594874e-07 0 -1.57400976e-07 -4.9920385e-07 0 -1.57400976e-07 -4.9920385e-07 0 -1.57400976e-07 -4.9920385e-07 0 -1.57400976e-07 -4.9920385e-07 0 -1.57400976e-07 -4.9920385e-07 0 -1.57400976e-07 -4.9920385e-07 0 -1.13293531e-07 -5.11027906e-07 0 -1.13293531e-07 -5.11027906e-07 0 -1.13293531e-07 -5.11027906e-07 0 -1.13293531e-07 -5.11027906e-07 0 -1.13293531e-07 -5.11027906e-07 0 -1.13293531e-07 -5.11027906e-07 0 -6.83218246e-08 -5.18955289e-07 0 -6.83218246e-08 -5.18955289e-07 0 -6.83218246e-08 -5.18955289e-07 0 -6.83218246e-08 -5.18955289e-07 0 -6.83218246e-08 -5.18955289e-07 0 -6.83218246e-08 -5.18955289e-07 0 -2.28285799e-08 -5.22933931e-07 0 -2.28285799e-08 -5.22933931e-07 0 -2.28285799e-08 -5.22933931e-07 0 -2.28285799e-08 -5.22933931e-07 0 -2.28285799e-08 -5.22933931e-07 0 -2.28285799e-08 -5.22933931e-07 0 2.28285799e-08 -5.22933931e-07 0 2.28285799e-08 -5.22933931e-07 0 2.28285799e-08 -5.22933931e-07 0 2.28285799e-08 -5.22933931e-07 0 2.28285799e-08 -5.22933931e-07 0 2.28285799e-08 -5.22933931e-07 0 6.83218246e-08 -5.18955289e-07 0 6.83218246e-08 -5.18955289e-07 0 6.83218246e-08 -5.18955289e-07 0 6.83218246e-08 -5.18955289e-07 0 6.83218246e-08 -5.18955289e-07 0 6.83218246e-08 -5.18955289e-07 0 1.13293531e-07 -5.1102046e-07 0 1.13293531e-07 -5.1102046e-07 0 1.13293531e-07 -5.1102046e-07 0 1.13293531e-07 -5.1102046e-07 0 1.13293531e-07 -5.1102046e-07 0 1.13293531e-07 -5.1102046e-07 0 1.57400976e-07 -4.99211296e-07 0 1.57400976e-07 -4.99211296e-07 0 1.57400976e-07 -4.99211296e-07 0 1.57400976e-07 -4.99211296e-07 0 1.57400976e-07 -4.99211296e-07 0 1.57400976e-07 -4.99211296e-07 0 2.00301415e-07 -4.83587428e-07 0 2.00301415e-07 -4.83587428e-07 0 2.00301415e-07 -4.83587428e-07 0 2.00301415e-07 -4.83587428e-07 0 2.00301415e-07 -4.83587428e-07 0 2.00301415e-07 -4.83587428e-07 0 2.41696853e-07 -4.64290395e-07 0 2.41696853e-07 -4.64290395e-07 0 2.41696853e-07 -4.64290395e-07 0 2.41696853e-07 -4.64290395e-07 0 2.41696853e-07 -4.64290395e-07 0 2.41696853e-07 -4.64290395e-07 0 2.81244525e-07 -4.41461822e-07 0 2.81244525e-07 -4.41461822e-07 0 2.81244525e-07 -4.41461822e-07 0 2.81244525e-07 -4.41461822e-07 0 2.81244525e-07 -4.41461822e-07 0 2.81244525e-07 -4.41461822e-07 0 3.18646443e-07 -4.15265589e-07 0 3.18646443e-07 -4.15265589e-07 0 3.18646443e-07 -4.15265589e-07 0 3.18646443e-07 -4.15265589e-07 0 3.18646443e-07 -4.15265589e-07 0 3.18646443e-07 -4.15265589e-07 0 3.5361947e-07 -3.85910283e-07 0 3.5361947e-07 -3.85910283e-07 0 3.5361947e-07 -3.85910283e-07 0 3.5361947e-07 -3.85910283e-07 0 3.5361947e-07 -3.85910283e-07 0 3.5361947e-07 -3.85910283e-07 0 3.85925205e-07 -3.53626916e-07 0 3.85925205e-07 -3.53626916e-07 0 3.85925205e-07 -3.53626916e-07 0 3.85925205e-07 -3.53626916e-07 0 3.85925205e-07 -3.53626916e-07 0 3.85925205e-07 -3.53626916e-07 0 4.15265589e-07 -3.18646443e-07 0 4.15265589e-07 -3.18646443e-07 0 4.15265589e-07 -3.18646443e-07 0 4.15265589e-07 -3.18646443e-07 0 4.15265589e-07 -3.18646443e-07 0 4.15265589e-07 -3.18646443e-07 0 4.41461822e-07 -2.81244525e-07 0 4.41461822e-07 -2.81244525e-07 0 4.41461822e-07 -2.81244525e-07 0 4.41461822e-07 -2.81244525e-07 0 4.41461822e-07 -2.81244525e-07 0 4.41461822e-07 -2.81244525e-07 0 4.64290395e-07 -2.41689406e-07 0 4.64290395e-07 -2.41689406e-07 0 4.64290395e-07 -2.41689406e-07 0 4.64290395e-07 -2.41689406e-07 0 4.64290395e-07 -2.41689406e-07 0 4.64290395e-07 -2.41689406e-07 0 4.83587428e-07 -2.00308875e-07 0 4.83587428e-07 -2.00308875e-07 0 4.83587428e-07 -2.00308875e-07 0 4.83587428e-07 -2.00308875e-07 0 4.83587428e-07 -2.00308875e-07 0 4.83587428e-07 -2.00308875e-07 0 4.9920385e-07 -1.57400976e-07 0 4.9920385e-07 -1.57400976e-07 0 4.9920385e-07 -1.57400976e-07 0 4.9920385e-07 -1.57400976e-07 0 4.9920385e-07 -1.57400976e-07 0 4.9920385e-07 -1.57400976e-07 0 5.1102046e-07 -1.13293531e-07 0 5.1102046e-07 -1.13293531e-07 0 5.1102046e-07 -1.13293531e-07 0 5.1102046e-07 -1.13293531e-07 0 5.1102046e-07 -1.13293531e-07 0 5.1102046e-07 -1.13293531e-07 0 5.18962793e-07 -6.83218246e-08 0 5.18962793e-07 -6.83218246e-08 0 5.18962793e-07 -6.83218246e-08 0 5.18962793e-07 -6.83218246e-08 0 5.18962793e-07 -6.83218246e-08 0 5.18962793e-07 -6.83218246e-08 0 5.22926484e-07 -2.28285799e-08 0 5.22926484e-07 -2.28285799e-08 0 5.22926484e-07 -2.28285799e-08 0 5.22926484e-07 -2.28285799e-08 0 5.22926484e-07 -2.28285799e-08 0 5.22926484e-07 -2.28285799e-08 0 5.22941377e-07 2.28285799e-08 -0 5.22941377e-07 2.28285799e-08 -0 5.22941377e-07 2.28285799e-08 -0 5.22941377e-07 2.28285799e-08 0 5.22941377e-07 2.28285799e-08 0 5.22941377e-07 2.28285799e-08 0 5.18947843e-07 6.83218246e-08 -0 5.18947843e-07 6.83218246e-08 -0 5.18947843e-07 6.83218246e-08 -0 5.18947843e-07 6.83218246e-08 0 5.18947843e-07 6.83218246e-08 0 5.18947843e-07 6.83218246e-08 0 5.11035353e-07 1.13293531e-07 -0 5.11035353e-07 1.13293531e-07 -0 5.11035353e-07 1.13293531e-07 -0 5.11035353e-07 1.13293531e-07 0 5.11035353e-07 1.13293531e-07 0 5.11035353e-07 1.13293531e-07 0 4.9920385e-07 1.57400976e-07 -0 4.9920385e-07 1.57400976e-07 -0 4.9920385e-07 1.57400976e-07 -0 4.9920385e-07 1.57400976e-07 0 4.9920385e-07 1.57400976e-07 0 4.9920385e-07 1.57400976e-07 0 4.83587428e-07 2.00308875e-07 -0 4.83587428e-07 2.00308875e-07 -0 4.83587428e-07 2.00308875e-07 -0 4.83587428e-07 2.00308875e-07 0 4.83587428e-07 2.00308875e-07 0 4.83587428e-07 2.00308875e-07 0 4.64290395e-07 2.41689406e-07 -0 4.64290395e-07 2.41689406e-07 -0 4.64290395e-07 2.41689406e-07 -0 4.64290395e-07 2.41689406e-07 0 4.64290395e-07 2.41689406e-07 0 4.64290395e-07 2.41689406e-07 0 4.41461822e-07 2.81244525e-07 -0 4.41461822e-07 2.81244525e-07 -0 4.41461822e-07 2.81244525e-07 -0 4.41461822e-07 2.81244525e-07 0 4.41461822e-07 2.81244525e-07 0 4.41461822e-07 2.81244525e-07 0 4.15265589e-07 3.18646443e-07 -0 4.15265589e-07 3.18646443e-07 -0 4.15265589e-07 3.18646443e-07 -0 4.15265589e-07 3.18646443e-07 0 4.15265589e-07 3.18646443e-07 0 4.15265589e-07 3.18646443e-07 0 3.85910283e-07 3.53626916e-07 -0 3.85910283e-07 3.53626916e-07 -0 3.85910283e-07 3.53626916e-07 -0 3.85910283e-07 3.53626916e-07 0 3.85910283e-07 3.53626916e-07 0 3.85910283e-07 3.53626916e-07 0 3.5361947e-07 3.85910283e-07 -0 3.5361947e-07 3.85910283e-07 -0 3.5361947e-07 3.85910283e-07 -0 3.5361947e-07 3.85910283e-07 0 3.5361947e-07 3.85910283e-07 0 3.5361947e-07 3.85910283e-07 0 3.18646443e-07 4.15265589e-07 -0 3.18646443e-07 4.15265589e-07 -0 3.18646443e-07 4.15265589e-07 -0 3.18646443e-07 4.15265589e-07 0 3.18646443e-07 4.15265589e-07 0 3.18646443e-07 4.15265589e-07 0 2.81244525e-07 4.41461822e-07 -0 2.81244525e-07 4.41461822e-07 -0 2.81244525e-07 4.41461822e-07 -0 2.81244525e-07 4.41461822e-07 0 2.81244525e-07 4.41461822e-07 0 2.81244525e-07 4.41461822e-07 0 2.41696853e-07 4.64290395e-07 -0 2.41696853e-07 4.64290395e-07 -0 2.41696853e-07 4.64290395e-07 -0 2.41696853e-07 4.64290395e-07 0 2.41696853e-07 4.64290395e-07 0 2.41696853e-07 4.64290395e-07 0 2.00301415e-07 4.83587428e-07 -0 2.00301415e-07 4.83587428e-07 -0 2.00301415e-07 4.83587428e-07 -0 2.00301415e-07 4.83587428e-07 0 2.00301415e-07 4.83587428e-07 0 2.00301415e-07 4.83587428e-07 0 1.57400976e-07 4.99211296e-07 -0 1.57400976e-07 4.99211296e-07 -0 1.57400976e-07 4.99211296e-07 -0 1.57400976e-07 4.99211296e-07 0 1.57400976e-07 4.99211296e-07 0 1.57400976e-07 4.99211296e-07 0 1.13293531e-07 5.1102046e-07 -0 1.13293531e-07 5.1102046e-07 -0 1.13293531e-07 5.1102046e-07 -0 1.13293531e-07 5.1102046e-07 0 1.13293531e-07 5.1102046e-07 0 1.13293531e-07 5.1102046e-07 0 6.83218246e-08 5.18955289e-07 -0 6.83218246e-08 5.18955289e-07 -0 6.83218246e-08 5.18955289e-07 -0 6.83218246e-08 5.18955289e-07 0 6.83218246e-08 5.18955289e-07 0 6.83218246e-08 5.18955289e-07 0 2.28285799e-08 5.22933931e-07 -0 2.28285799e-08 5.22933931e-07 -0 2.28285799e-08 5.22933931e-07 -0 2.28285799e-08 5.22933931e-07 0 2.28285799e-08 5.22933931e-07 0 2.28285799e-08 5.22933931e-07 0 -2.28285799e-08 5.22933931e-07 0 -2.28285799e-08 5.22933931e-07 0 -2.28285799e-08 5.22933931e-07 0 -2.28285799e-08 5.22933931e-07 0 -2.28285799e-08 5.22933931e-07 0 -2.28285799e-08 5.22933931e-07 0 -6.83218246e-08 5.18955289e-07 0 -6.83218246e-08 5.18955289e-07 0 -6.83218246e-08 5.18955289e-07 0 -6.83218246e-08 5.18955289e-07 0 -6.83218246e-08 5.18955289e-07 0 -6.83218246e-08 5.18955289e-07 0 -1.13293531e-07 5.11027906e-07 0 -1.13293531e-07 5.11027906e-07 0 -1.13293531e-07 5.11027906e-07 0 -1.13293531e-07 5.11027906e-07 0 -1.13293531e-07 5.11027906e-07 0 -1.13293531e-07 5.11027906e-07 0 -1.57400976e-07 4.9920385e-07 0 -1.57400976e-07 4.9920385e-07 0 -1.57400976e-07 4.9920385e-07 0 -1.57400976e-07 4.9920385e-07 0 -1.57400976e-07 4.9920385e-07 0 -1.57400976e-07 4.9920385e-07 0 -2.00301415e-07 4.83594874e-07 0 -2.00301415e-07 4.83594874e-07 0 -2.00301415e-07 4.83594874e-07 0 -2.00301415e-07 4.83594874e-07 0 -2.00301415e-07 4.83594874e-07 0 -2.00301415e-07 4.83594874e-07 0 -2.41696853e-07 4.64290395e-07 0 -2.41696853e-07 4.64290395e-07 0 -2.41696853e-07 4.64290395e-07 0 -2.41696853e-07 4.64290395e-07 0 -2.41696853e-07 4.64290395e-07 0 -2.41696853e-07 4.64290395e-07 0 -2.81244525e-07 4.41454375e-07 0 -2.81244525e-07 4.41454375e-07 0 -2.81244525e-07 4.41454375e-07 0 -2.81244525e-07 4.41454375e-07 0 -2.81244525e-07 4.41454375e-07 0 -2.81244525e-07 4.41454375e-07 0 -3.18646443e-07 4.15265589e-07 0 -3.18646443e-07 4.15265589e-07 0 -3.18646443e-07 4.15265589e-07 0 -3.18646443e-07 4.15265589e-07 0 -3.18646443e-07 4.15265589e-07 0 -3.18646443e-07 4.15265589e-07 0 -3.5361947e-07 3.8591773e-07 0 -3.5361947e-07 3.8591773e-07 0 -3.5361947e-07 3.8591773e-07 0 -3.5361947e-07 3.8591773e-07 0 -3.5361947e-07 3.8591773e-07 0 -3.5361947e-07 3.8591773e-07 0 -3.85910283e-07 3.53626916e-07 0 -3.85910283e-07 3.53626916e-07 0 -3.85910283e-07 3.53626916e-07 0 -3.85910283e-07 3.53626916e-07 0 -3.85910283e-07 3.53626916e-07 0 -3.85910283e-07 3.53626916e-07 0 -4.15265589e-07 3.18646443e-07 0 -4.15265589e-07 3.18646443e-07 0 -4.15265589e-07 3.18646443e-07 0 -4.15265589e-07 3.18646443e-07 0 -4.15265589e-07 3.18646443e-07 0 -4.15265589e-07 3.18646443e-07 0 -4.41461822e-07 2.81237078e-07 0 -4.41461822e-07 2.81237078e-07 0 -4.41461822e-07 2.81237078e-07 0 -4.41461822e-07 2.81237078e-07 0 -4.41461822e-07 2.81237078e-07 0 -4.41461822e-07 2.81237078e-07 0 -4.64290395e-07 2.41696853e-07 0 -4.64290395e-07 2.41696853e-07 0 -4.64290395e-07 2.41696853e-07 0 -4.64290395e-07 2.41696853e-07 0 -4.64290395e-07 2.41696853e-07 0 -4.64290395e-07 2.41696853e-07 0 -4.83587428e-07 2.00308875e-07 0 -4.83587428e-07 2.00308875e-07 0 -4.83587428e-07 2.00308875e-07 0 -4.83587428e-07 2.00308875e-07 0 -4.83587428e-07 2.00308875e-07 0 -4.83587428e-07 2.00308875e-07 0 -4.9920385e-07 1.57400976e-07 0 -4.9920385e-07 1.57400976e-07 0 -4.9920385e-07 1.57400976e-07 0 -4.9920385e-07 1.57400976e-07 0 -4.9920385e-07 1.57400976e-07 0 -4.9920385e-07 1.57400976e-07 0 -5.11035353e-07 1.13286085e-07 0 -5.11035353e-07 1.13286085e-07 0 -5.11035353e-07 1.13286085e-07 0 -5.11035353e-07 1.13286085e-07 0 -5.11035353e-07 1.13286085e-07 0 -5.11035353e-07 1.13286085e-07 0 -5.18947843e-07 6.83218246e-08 0 -5.18947843e-07 6.83218246e-08 0 -5.18947843e-07 6.83218246e-08 0 -5.18947843e-07 6.83218246e-08 0 -5.18947843e-07 6.83218246e-08 0 -5.18947843e-07 6.83218246e-08 0 -5.22941377e-07 2.283603e-08 0 -5.22941377e-07 2.283603e-08 0 -5.22941377e-07 2.283603e-08 0 -5.22941377e-07 2.283603e-08 0 -5.22941377e-07 2.283603e-08 0 -5.22941377e-07 2.283603e-08 0 -1.5214086e-08 -3.48627594e-07 0 -1.5214086e-08 -3.48627594e-07 0 -1.5214086e-08 -3.48627594e-07 0 -1.5214086e-08 -3.48627594e-07 0 -1.5214086e-08 -3.48627594e-07 0 -1.5214086e-08 -3.48627594e-07 0 -4.55528522e-08 -3.4596772e-07 -0 -4.55528522e-08 -3.4596772e-07 -0 -4.55528522e-08 -3.4596772e-07 -0 -4.55528522e-08 -3.4596772e-07 0 -4.55528522e-08 -3.4596772e-07 0 -4.55528522e-08 -3.4596772e-07 0 -7.55190896e-08 -3.40685261e-07 -0 -7.55190896e-08 -3.40685261e-07 -0 -7.55190896e-08 -3.40685261e-07 -0 -7.55190896e-08 -3.40685261e-07 0 -7.55190896e-08 -3.40685261e-07 0 -7.55190896e-08 -3.40685261e-07 0 -1.04933982e-07 -3.32802557e-07 -0 -1.04933982e-07 -3.32802557e-07 -0 -1.04933982e-07 -3.32802557e-07 -0 -1.04933982e-07 -3.32802557e-07 0 -1.04933982e-07 -3.32802557e-07 0 -1.04933982e-07 -3.32802557e-07 0 -1.33544219e-07 -3.22394101e-07 -0 -1.33544219e-07 -3.22394101e-07 -0 -1.33544219e-07 -3.22394101e-07 -0 -1.33544219e-07 -3.22394101e-07 0 -1.33544219e-07 -3.22394101e-07 0 -1.33544219e-07 -3.22394101e-07 0 -1.61126266e-07 -3.09526939e-07 -0 -1.61126266e-07 -3.09526939e-07 -0 -1.61126266e-07 -3.09526939e-07 -0 -1.61126266e-07 -3.09526939e-07 0 -1.61126266e-07 -3.09526939e-07 0 -1.61126266e-07 -3.09526939e-07 0 -1.87501314e-07 -2.94305408e-07 -0 -1.87501314e-07 -2.94305408e-07 -0 -1.87501314e-07 -2.94305408e-07 -0 -1.87501314e-07 -2.94305408e-07 0 -1.87501314e-07 -2.94305408e-07 0 -1.87501314e-07 -2.94305408e-07 0 -2.12430962e-07 -2.76841234e-07 -0 -2.12430962e-07 -2.76841234e-07 -0 -2.12430962e-07 -2.76841234e-07 -0 -2.12430962e-07 -2.76841234e-07 0 -2.12430962e-07 -2.76841234e-07 0 -2.12430962e-07 -2.76841234e-07 0 -2.35751287e-07 -2.57276014e-07 -0 -2.35751287e-07 -2.57276014e-07 -0 -2.35751287e-07 -2.57276014e-07 -0 -2.35751287e-07 -2.57276014e-07 0 -2.35751287e-07 -2.57276014e-07 0 -2.35751287e-07 -2.57276014e-07 0 -2.57268567e-07 -2.35753149e-07 -0 -2.57268567e-07 -2.35753149e-07 -0 -2.57268567e-07 -2.35753149e-07 -0 -2.57268567e-07 -2.35753149e-07 0 -2.57268567e-07 -2.35753149e-07 0 -2.57268567e-07 -2.35753149e-07 0 -2.76848681e-07 -2.12430962e-07 -0 -2.76848681e-07 -2.12430962e-07 -0 -2.76848681e-07 -2.12430962e-07 -0 -2.76848681e-07 -2.12430962e-07 0 -2.76848681e-07 -2.12430962e-07 0 -2.76848681e-07 -2.12430962e-07 0 -2.94297934e-07 -1.87493868e-07 -0 -2.94297934e-07 -1.87493868e-07 -0 -2.94297934e-07 -1.87493868e-07 -0 -2.94297934e-07 -1.87493868e-07 0 -2.94297934e-07 -1.87493868e-07 0 -2.94297934e-07 -1.87493868e-07 0 -3.09526939e-07 -1.61133713e-07 -0 -3.09526939e-07 -1.61133713e-07 -0 -3.09526939e-07 -1.61133713e-07 -0 -3.09526939e-07 -1.61133713e-07 0 -3.09526939e-07 -1.61133713e-07 0 -3.09526939e-07 -1.61133713e-07 0 -3.22401547e-07 -1.33536759e-07 -0 -3.22401547e-07 -1.33536759e-07 -0 -3.22401547e-07 -1.33536759e-07 -0 -3.22401547e-07 -1.33536759e-07 0 -3.22401547e-07 -1.33536759e-07 0 -3.22401547e-07 -1.33536759e-07 0 -3.32802557e-07 -1.04933982e-07 -0 -3.32802557e-07 -1.04933982e-07 -0 -3.32802557e-07 -1.04933982e-07 -0 -3.32802557e-07 -1.04933982e-07 0 -3.32802557e-07 -1.04933982e-07 0 -3.32802557e-07 -1.04933982e-07 0 -3.40685261e-07 -7.55265361e-08 -0 -3.40685261e-07 -7.55265361e-08 -0 -3.40685261e-07 -7.55265361e-08 -0 -3.40685261e-07 -7.55265361e-08 0 -3.40685261e-07 -7.55265361e-08 0 -3.40685261e-07 -7.55265361e-08 0 -3.45960274e-07 -4.55454021e-08 -0 -3.45960274e-07 -4.55454021e-08 -0 -3.45960274e-07 -4.55454021e-08 -0 -3.45960274e-07 -4.55454021e-08 0 -3.45960274e-07 -4.55454021e-08 0 -3.45960274e-07 -4.55454021e-08 0 -3.48627594e-07 -1.5221536e-08 -0 -3.48627594e-07 -1.5221536e-08 -0 -3.48627594e-07 -1.5221536e-08 -0 -3.48627594e-07 -1.5221536e-08 0 -3.48627594e-07 -1.5221536e-08 0 -3.48627594e-07 -1.5221536e-08 0 -0.000135999988 -0 -0 -0.000135999988 -0 -0 -0.000135999988 -0 -0 -0.000135999988 0 0 -0.000135999988 0 0 -0.000135999988 0 0 -0.000200000024 -0 -0 -0.000200000024 -0 -0 -0.000200000024 -0 -0 -0.000200000024 0 0 -0.000200000024 0 0 -0.000200000024 0 0 -0.00012300002 -0 -0 -0.00012300002 -0 -0 -0.00012300002 -0 -0 -0.00012300002 0 0 -0.00012300002 0 0 -0.00012300002 0 0 -1.29999971e-05 -0 -0 -1.29999971e-05 -0 -0 -1.29999971e-05 -0 -0 -1.29999971e-05 0 0 -1.29999971e-05 0 0 -1.29999971e-05 0 0 -3.48627594e-07 1.5221536e-08 0 -3.48627594e-07 1.5221536e-08 0 -3.48627594e-07 1.5221536e-08 0 -3.48627594e-07 1.5221536e-08 0 -3.48627594e-07 1.5221536e-08 0 -3.48627594e-07 1.5221536e-08 0 -3.45975167e-07 4.55454021e-08 0 -3.45975167e-07 4.55454021e-08 0 -3.45975167e-07 4.55454021e-08 0 -3.45975167e-07 4.55454021e-08 0 -3.45975167e-07 4.55454021e-08 0 -3.45975167e-07 4.55454021e-08 0 -3.40670368e-07 7.55265361e-08 0 -3.40670368e-07 7.55265361e-08 0 -3.40670368e-07 7.55265361e-08 0 -3.40670368e-07 7.55265361e-08 0 -3.40670368e-07 7.55265361e-08 0 -3.40670368e-07 7.55265361e-08 0 -3.32802557e-07 1.04933982e-07 0 -3.32802557e-07 1.04933982e-07 0 -3.32802557e-07 1.04933982e-07 0 -3.32802557e-07 1.04933982e-07 0 -3.32802557e-07 1.04933982e-07 0 -3.32802557e-07 1.04933982e-07 0 -3.22401547e-07 1.33536759e-07 0 -3.22401547e-07 1.33536759e-07 0 -3.22401547e-07 1.33536759e-07 0 -3.22401547e-07 1.33536759e-07 0 -3.22401547e-07 1.33536759e-07 0 -3.22401547e-07 1.33536759e-07 0 -3.09526939e-07 1.61133713e-07 0 -3.09526939e-07 1.61133713e-07 0 -3.09526939e-07 1.61133713e-07 0 -3.09526939e-07 1.61133713e-07 0 -3.09526939e-07 1.61133713e-07 0 -3.09526939e-07 1.61133713e-07 0 -2.94297934e-07 1.87493868e-07 0 -2.94297934e-07 1.87493868e-07 0 -2.94297934e-07 1.87493868e-07 0 -2.94297934e-07 1.87493868e-07 0 -2.94297934e-07 1.87493868e-07 0 -2.94297934e-07 1.87493868e-07 0 -2.76863602e-07 2.12430962e-07 0 -2.76863602e-07 2.12430962e-07 0 -2.76863602e-07 2.12430962e-07 0 -2.76863602e-07 2.12430962e-07 0 -2.76863602e-07 2.12430962e-07 0 -2.76863602e-07 2.12430962e-07 0 -2.57253646e-07 2.35753149e-07 0 -2.57253646e-07 2.35753149e-07 0 -2.57253646e-07 2.35753149e-07 0 -2.57253646e-07 2.35753149e-07 0 -2.57253646e-07 2.35753149e-07 0 -2.57253646e-07 2.35753149e-07 0 -2.3576618e-07 2.57276014e-07 0 -2.3576618e-07 2.57276014e-07 0 -2.3576618e-07 2.57276014e-07 0 -2.3576618e-07 2.57276014e-07 0 -2.3576618e-07 2.57276014e-07 0 -2.3576618e-07 2.57276014e-07 0 -2.12430962e-07 2.76841234e-07 0 -2.12430962e-07 2.76841234e-07 0 -2.12430962e-07 2.76841234e-07 0 -2.12430962e-07 2.76841234e-07 0 -2.12430962e-07 2.76841234e-07 0 -2.12430962e-07 2.76841234e-07 0 -1.87486421e-07 2.94305408e-07 0 -1.87486421e-07 2.94305408e-07 0 -1.87486421e-07 2.94305408e-07 0 -1.87486421e-07 2.94305408e-07 0 -1.87486421e-07 2.94305408e-07 0 -1.87486421e-07 2.94305408e-07 0 -1.61141159e-07 3.09526939e-07 0 -1.61141159e-07 3.09526939e-07 0 -1.61141159e-07 3.09526939e-07 0 -1.61141159e-07 3.09526939e-07 0 -1.61141159e-07 3.09526939e-07 0 -1.61141159e-07 3.09526939e-07 0 -1.33544219e-07 3.22394101e-07 0 -1.33544219e-07 3.22394101e-07 0 -1.33544219e-07 3.22394101e-07 0 -1.33544219e-07 3.22394101e-07 0 -1.33544219e-07 3.22394101e-07 0 -1.33544219e-07 3.22394101e-07 0 -1.04933982e-07 3.32802557e-07 0 -1.04933982e-07 3.32802557e-07 0 -1.04933982e-07 3.32802557e-07 0 -1.04933982e-07 3.32802557e-07 0 -1.04933982e-07 3.32802557e-07 0 -1.04933982e-07 3.32802557e-07 0 -7.55190896e-08 3.40685261e-07 0 -7.55190896e-08 3.40685261e-07 0 -7.55190896e-08 3.40685261e-07 0 -7.55190896e-08 3.40685261e-07 0 -7.55190896e-08 3.40685261e-07 0 -7.55190896e-08 3.40685261e-07 0 -4.55379521e-08 3.4596772e-07 0 -4.55379521e-08 3.4596772e-07 0 -4.55379521e-08 3.4596772e-07 0 -4.55379521e-08 3.4596772e-07 0 -4.55379521e-08 3.4596772e-07 0 -4.55379521e-08 3.4596772e-07 0 -1.52289878e-08 3.48627594e-07 0 -1.52289878e-08 3.48627594e-07 0 -1.52289878e-08 3.48627594e-07 0 -1.52289878e-08 3.48627594e-07 0 -1.52289878e-08 3.48627594e-07 0 -1.52289878e-08 3.48627594e-07 0 0 3.60000013e-05 0 0 3.60000013e-05 0 0 3.60000013e-05 0 0 3.60000013e-05 0 0 3.60000013e-05 0 0 3.60000013e-05 0 0 4.00000063e-05 0 0 4.00000063e-05 0 0 4.00000063e-05 0 0 4.00000063e-05 0 0 4.00000063e-05 0 0 4.00000063e-05 0 0 4.00000026e-05 0 0 4.00000026e-05 0 0 4.00000026e-05 0 0 4.00000026e-05 0 0 4.00000026e-05 0 0 4.00000026e-05 0 0 2.68500007e-05 0 0 2.68500007e-05 0 0 2.68500007e-05 0 0 2.68500007e-05 0 0 2.68500007e-05 0 0 2.68500007e-05 0 0 9.14999873e-06 0 0 9.14999873e-06 0 0 9.14999873e-06 0 0 9.14999873e-06 0 0 9.14999873e-06 0 0 9.14999873e-06 0 0 0 -0.00123000005 0 0 -0.00123000005 0 0 -0.00123000005 -0 0 -3.75544369e-06 -0 0 -3.75544369e-06 -0 0 -3.75544369e-06 0 0 -4.48888431e-06 0 0 -4.48888431e-06 0 0 -4.48888431e-06 0 0 -4.40099393e-06 0 0 -4.40099393e-06 0 0 -4.40099393e-06 -0 0 -4.5366437e-06 -0 0 -4.5366437e-06 -0 0 -4.5366437e-06 -0 0 -4.54392284e-06 -0 0 -4.54392284e-06 -0 0 -4.54392284e-06 0 0 -4.51067535e-06 0 0 -4.51067535e-06 0 0 -4.51067535e-06 0 0 -3.98171414e-06 0 0 -3.98171414e-06 0 0 -3.98171414e-06 0 -0 -1.02108097e-05 0 -0 -1.02108097e-05 0 -0 -1.02108097e-05 0 -0 -1.07933538e-05 0 -0 -1.07933538e-05 0 -0 -1.07933538e-05 0 0 -1.12881244e-05 0 0 -1.12881244e-05 0 0 -1.12881244e-05 0 -0 -1.16908686e-05 0 -0 -1.16908686e-05 0 -0 -1.16908686e-05 0 -0 -1.1998889e-05 0 -0 -1.1998889e-05 0 -0 -1.1998889e-05 0 0 -1.22091878e-05 0 0 -1.22091878e-05 0 0 -1.22091878e-05 0 0 -1.27412941e-05 0 0 -1.27412941e-05 0 0 -1.27412941e-05 0 0 -1.2906019e-05 0 0 -1.2906019e-05 0 0 -1.2906019e-05 0 0 -1.29668042e-05 0 0 -1.29668042e-05 0 0 -1.29668042e-05 0 0 -5.61994784e-06 0 0 -5.61994784e-06 0 0 -5.61994784e-06 0 0 -5.56850409e-06 0 0 -5.56850409e-06 0 0 -5.56850409e-06 -0 0 -3.49474908e-06 -0 0 -3.49474908e-06 -0 0 -3.49474908e-06 -0 0 -3.20144954e-06 -0 0 -3.20144954e-06 -0 0 -3.20144954e-06 0 0 -2.8777813e-06 0 0 -2.8777813e-06 0 0 -2.8777813e-06 0 0 -8.97813777e-07 0 0 -8.97813777e-07 0 0 -8.97813777e-07 0 0 -1.33225512e-06 0 0 -1.33225512e-06 0 0 -1.33225512e-06 0 -0 -1.2321023e-05 0 -0 -1.2321023e-05 0 -0 -1.2321023e-05 0 -0 -1.233289e-05 0 -0 -1.233289e-05 0 -0 -1.233289e-05 0 0 -1.22450001e-05 0 0 -1.22450001e-05 0 0 -1.22450001e-05 -0 0 -3.60266517e-06 -0 0 -3.60266517e-06 -0 0 -3.60266517e-06 0 0 -3.48480535e-06 0 0 -3.48480535e-06 0 0 -3.48480535e-06 0 0 -5.46867432e-06 0 0 -5.46867432e-06 0 0 -5.46867432e-06 0 0 -5.32115291e-06 0 0 -5.32115291e-06 0 0 -5.32115291e-06 -0 0 -0.000307840062 -0 0 -0.000307840062 -0 0 -0.000307840062 0 0 -4.10774919e-06 0 0 -4.10774919e-06 0 0 -4.10774919e-06 0 0 -4.2736574e-06 0 0 -4.2736574e-06 0 0 -4.2736574e-06 -0 0 -2.52632412e-06 -0 0 -2.52632412e-06 -0 0 -2.52632412e-06 -0 0 -2.14960301e-06 -0 0 -2.14960301e-06 -0 0 -2.14960301e-06 0 0 -1.75056994e-06 0 0 -1.75056994e-06 0 0 -1.75056994e-06 0 0 -4.11158544e-06 0 0 -4.11158544e-06 0 0 -4.11158544e-06 0 -0 -7.98114343e-06 0 -0 -7.98114343e-06 0 -0 -7.98114343e-06 0 -0 -8.79915024e-06 0 -0 -8.79915024e-06 0 -0 -8.79915024e-06 0 0 -9.54407005e-06 0 0 -9.54407005e-06 0 0 -9.54407005e-06 0 0 -1.29228983e-05 0 0 -1.29228983e-05 0 0 -1.29228983e-05 0 0 -1.2774557e-05 0 0 -1.2774557e-05 0 0 -1.2774557e-05 0 0 -1.25229708e-05 0 0 -1.25229708e-05 0 0 -1.25229708e-05 0 0 -1.21703079e-05 0 0 -1.21703079e-05 0 0 -1.21703079e-05 0 0 -1.17189156e-05 0 0 -1.17189156e-05 0 0 -1.17189156e-05 0 0 -1.11724949e-05 0 0 -1.11724949e-05 0 0 -1.11724949e-05 0 0 -1.05350273e-05 0 0 -1.05350273e-05 0 0 -1.05350273e-05 0 0 -9.81132507e-06 0 0 -9.81132507e-06 0 0 -9.81132507e-06 0 0 -9.00716987e-06 0 0 -9.00716987e-06 0 0 -9.00716987e-06 0 0 -5.62267815e-06 0 0 -5.62267815e-06 0 0 -5.62267815e-06 0 -0 -3.17874037e-06 0 -0 -3.17874037e-06 0 -0 -3.17874037e-06 0 0 -3.34306969e-06 0 0 -3.34306969e-06 0 0 -3.34306969e-06 0 -0 -3.6957199e-06 0 -0 -3.6957199e-06 0 -0 -3.6957199e-06 0 -0 -3.76340722e-06 0 -0 -3.76340722e-06 0 -0 -3.76340722e-06 0 0 -3.80496203e-06 0 0 -3.80496203e-06 0 0 -3.80496203e-06 -0 0 -4.43705721e-06 -0 0 -4.43705721e-06 -0 0 -4.43705721e-06 -0 0 -4.32376555e-06 -0 0 -4.32376555e-06 -0 0 -4.32376555e-06 0 0 -4.17153933e-06 0 0 -4.17153933e-06 0 0 -4.17153933e-06 0 -0 -7.92964386e-07 0 -0 -7.92964386e-07 0 -0 -7.92964386e-07 0 -0 -1.92262792e-06 0 -0 -1.92262792e-06 0 -0 -1.92262792e-06 0 0 -3.03166962e-06 0 0 -3.03166962e-06 0 0 -3.03166962e-06 0 -0 -5.15423426e-06 0 -0 -5.15423426e-06 0 -0 -5.15423426e-06 0 -0 -6.15177487e-06 0 -0 -6.15177487e-06 0 -0 -6.15177487e-06 0 0 -7.09633605e-06 0 0 -7.09633605e-06 0 0 -7.09633605e-06 0 0 -8.1283888e-06 0 0 -8.1283888e-06 0 0 -8.1283888e-06 0 0 -7.18159617e-06 0 0 -7.18159617e-06 0 0 -7.18159617e-06 0 0 -0.000901150866 0 0 -0.000901150866 0 0 -0.000901150866 0 0 -4.66317579e-06 0 0 -4.66317579e-06 0 0 -4.66317579e-06 -0 0 -3.20614663e-06 -0 0 -3.20614663e-06 -0 0 -3.20614663e-06 0 0 -3.36709491e-06 0 0 -3.36709491e-06 0 0 -3.36709491e-06 0 -0 -3.82014514e-06 0 -0 -3.82014514e-06 0 -0 -3.82014514e-06 0 -0 -3.80927713e-06 0 -0 -3.80927713e-06 0 -0 -3.80927713e-06 0 0 -3.77150718e-06 0 0 -3.77150718e-06 0 0 -3.77150718e-06 0 -0 -3.70828229e-06 0 -0 -3.70828229e-06 0 -0 -3.70828229e-06 0 -0 -3.6189565e-06 0 -0 -3.6189565e-06 0 -0 -3.6189565e-06 0 0 -3.50520713e-06 0 0 -3.50520713e-06 0 0 -3.50520713e-06 0 0 -2.32271941e-06 0 0 -2.32271941e-06 0 0 -2.32271941e-06 0 0 -2.79121627e-06 0 0 -2.79121627e-06 0 0 -2.79121627e-06 0 0 -3.23280983e-06 0 0 -3.23280983e-06 0 0 -3.23280983e-06 0 0 -4.9234477e-06 0 0 -4.9234477e-06 0 0 -4.9234477e-06 0 0 -5.14001249e-06 0 0 -5.14001249e-06 0 0 -5.14001249e-06 0 0 -5.31153637e-06 0 0 -5.31153637e-06 0 0 -5.31153637e-06 0 0 -3.64366747e-06 0 0 -3.64366747e-06 0 0 -3.64366747e-06 0 0 -4.02120531e-06 0 0 -4.02120531e-06 0 0 -4.02120531e-06 0 0 -4.36167466e-06 0 0 -4.36167466e-06 0 0 -4.36167466e-06 0 0 -5.43668557e-06 0 0 -5.43668557e-06 0 0 -5.43668557e-06 0 0 -5.51446965e-06 0 0 -5.51446965e-06 0 0 -5.51446965e-06 -0 0 -2.56630028e-06 -0 0 -2.56630028e-06 -0 0 -2.56630028e-06 0 0 -5.57673229e-06 0 0 -5.57673229e-06 0 0 -5.57673229e-06 -0 0 -2.82033375e-06 -0 0 -2.82033375e-06 -0 0 -2.82033375e-06 0 0 -3.02339322e-06 0 0 -3.02339322e-06 0 0 -3.02339322e-06 0 0 -0.00044709997 0 0 -0.00044709997 0 0 -0.00044709997 0 -0 -9.13541243e-08 0 -0 -9.13541243e-08 0 -0 -9.13541243e-08 0 0 -1.87487672e-07 0 0 -1.87487672e-07 0 0 -1.87487672e-07 0 -0 -1.12866609e-07 0 -0 -1.12866609e-07 0 -0 -1.12866609e-07 0 -0 -1.3619011e-07 0 -0 -1.3619011e-07 0 -0 -1.3619011e-07 0 0 -1.61132903e-07 0 0 -1.61132903e-07 0 0 -1.61132903e-07 0 -0 -2.15083361e-07 0 -0 -2.15083361e-07 0 -0 -2.15083361e-07 0 -0 -2.43689101e-07 0 -0 -2.43689101e-07 0 -0 -2.43689101e-07 0 0 -2.73104888e-07 0 0 -2.73104888e-07 0 0 -2.73104888e-07 0 -0 -3.03082203e-07 0 -0 -3.03082203e-07 0 -0 -3.03082203e-07 0 -0 -3.33399271e-07 0 -0 -3.33399271e-07 0 -0 -3.33399271e-07 0 0 -9.15001692e-06 0 0 -9.15001692e-06 0 0 -9.15001692e-06 0 0 -2.65302713e-09 0 0 -2.65302713e-09 0 0 -2.65302713e-09 0 -0 -7.93986121e-09 0 -0 -7.93986121e-09 0 -0 -7.93986121e-09 0 -0 -1.58191256e-08 0 -0 -1.58191256e-08 0 -0 -1.58191256e-08 0 0 -2.62290669e-08 0 0 -2.62290669e-08 0 0 -2.62290669e-08 0 -0 -3.90983068e-08 0 -0 -3.90983068e-08 0 -0 -3.90983068e-08 0 -0 -5.43187078e-08 0 -0 -5.43187078e-08 0 -0 -5.43187078e-08 0 0 -7.17749629e-08 0 0 -7.17749629e-08 0 0 -7.17749629e-08 0 0 -3.33412572e-07 0 0 -3.33412572e-07 0 0 -3.33412572e-07 0 0 -3.03068589e-07 0 0 -3.03068589e-07 0 0 -3.03068589e-07 0 0 -2.73103751e-07 0 0 -2.73103751e-07 0 0 -2.73103751e-07 0 0 -2.43687964e-07 0 0 -2.43687964e-07 0 0 -2.43687964e-07 0 0 -2.15082139e-07 0 0 -2.15082139e-07 0 0 -2.15082139e-07 0 0 -1.87495175e-07 0 0 -1.87495175e-07 0 0 -1.87495175e-07 0 0 -1.61125399e-07 0 0 -1.61125399e-07 0 0 -1.61125399e-07 0 0 -7.17776629e-08 0 0 -7.17776629e-08 0 0 -7.17776629e-08 0 0 -1.58191273e-08 0 0 -1.58191273e-08 0 0 -1.58191273e-08 0 0 -7.93935317e-09 0 0 -7.93935317e-09 0 0 -7.93935317e-09 0 0 -2.65308375e-09 0 0 -2.65308375e-09 0 0 -2.65308375e-09 0 0 -1.36189087e-07 0 0 -1.36189087e-07 0 0 -1.36189087e-07 0 0 -1.12870964e-07 0 0 -1.12870964e-07 0 0 -1.12870964e-07 0 0 -9.13497615e-08 0 0 -9.13497615e-08 0 0 -9.13497615e-08 0 0 -5.43187113e-08 0 0 -5.43187113e-08 0 0 -5.43187113e-08 0 0 -3.90983139e-08 0 0 -3.90983139e-08 0 0 -3.90983139e-08 0 0 -2.62290669e-08 0 0 -2.62290669e-08 0 0 -2.62290669e-08 -0 0 -1.36183075e-07 -0 0 -1.36183075e-07 -0 0 -1.36183075e-07 -0 0 -1.61131624e-07 -0 0 -1.61131624e-07 -0 0 -1.61131624e-07 0 0 -1.87495061e-07 0 0 -1.87495061e-07 0 0 -1.87495061e-07 -0 0 -2.15075218e-07 -0 0 -2.15075218e-07 -0 0 -2.15075218e-07 -0 0 -2.43687907e-07 -0 0 -2.43687907e-07 -0 0 -2.43687907e-07 0 0 -2.73103751e-07 0 0 -2.73103751e-07 0 0 -2.73103751e-07 -0 0 -3.03068617e-07 -0 0 -3.03068617e-07 -0 0 -3.03068617e-07 -0 0 -3.33412885e-07 -0 0 -3.33412885e-07 -0 0 -3.33412885e-07 0 0 -3.59999358e-05 0 0 -3.59999358e-05 0 0 -3.59999358e-05 -0 0 -2.6517899e-09 -0 0 -2.6517899e-09 -0 0 -2.6517899e-09 -0 0 -7.94064725e-09 -0 0 -7.94064725e-09 -0 0 -7.94064725e-09 0 0 -1.58185109e-08 0 0 -1.58185109e-08 0 0 -1.58185109e-08 -0 0 -2.62259228e-08 -0 0 -2.62259228e-08 -0 0 -2.62259228e-08 -0 0 -3.91014545e-08 -0 0 -3.91014545e-08 -0 0 -3.91014545e-08 0 0 -5.43144267e-08 0 0 -5.43144267e-08 0 0 -5.43144267e-08 -0 0 -7.17776771e-08 -0 0 -7.17776771e-08 -0 0 -7.17776771e-08 -0 0 -9.13485678e-08 -0 0 -9.13485678e-08 -0 0 -9.13485678e-08 0 0 -1.12876364e-07 0 0 -1.12876364e-07 0 0 -1.12876364e-07 0 0 -9.14998327e-06 0 0 -9.14998327e-06 0 0 -9.14998327e-06 0 0 -5.58874672e-05 0 0 -5.58874672e-05 0 0 -5.58874672e-05 0 0 -0.00011411243 0 0 -0.00011411243 0 0 -0.00011411243 0 0 -0.00011411243 0 0 -0.00011411243 0 0 -0.00011411243 0 0 -0.000169999897 0 0 -0.000169999897 0 0 -0.000169999897 0 0 -0.000169999897 0 0 -0.000169999897 0 0 -0.000169999897 0 0 -0.000169999912 0 0 -0.000169999912 0 0 -0.000169999912 -0 0 -9.54408461e-06 -0 0 -9.54408461e-06 -0 0 -9.54408461e-06 0 0 -1.05350282e-05 0 0 -1.05350282e-05 0 0 -1.05350282e-05 0 0 -1.2523009e-05 0 0 -1.2523009e-05 0 0 -1.2523009e-05 0 0 -1.2774557e-05 0 0 -1.2774557e-05 0 0 -1.2774557e-05 0 0 -1.23328928e-05 0 0 -1.23328928e-05 0 0 -1.23328928e-05 0 0 -1.22450001e-05 0 0 -1.22450001e-05 0 0 -1.22450001e-05 -0 0 -1.23209984e-05 -0 0 -1.23209984e-05 -0 0 -1.23209984e-05 -0 0 -1.22092051e-05 -0 0 -1.22092051e-05 -0 0 -1.22092051e-05 0 0 -1.1998869e-05 0 0 -1.1998869e-05 0 0 -1.1998869e-05 0 0 -1.02108106e-05 0 0 -1.02108106e-05 0 0 -1.02108106e-05 0 -0 -2.29535863e-06 0 -0 -2.29535863e-06 0 -0 -2.29535863e-06 0 -0 -2.35053244e-06 0 -0 -2.35053244e-06 0 -0 -2.35053244e-06 0 -0 -2.38181201e-06 0 -0 -2.38181201e-06 0 -0 -2.38181201e-06 0 -0 -2.38905295e-06 0 -0 -2.38905295e-06 0 -0 -2.38905295e-06 0 0 -2.37206223e-06 0 0 -2.37206223e-06 0 0 -2.37206223e-06 0 0 -1.11725021e-05 0 0 -1.11725021e-05 0 0 -1.11725021e-05 0 0 -1.1719022e-05 0 0 -1.1719022e-05 0 0 -1.1719022e-05 0 0 -1.21702906e-05 0 0 -1.21702906e-05 0 0 -1.21702906e-05 0 0 -1.29228993e-05 0 0 -1.29228993e-05 0 0 -1.29228993e-05 0 0 -1.29667096e-05 0 0 -1.29667096e-05 0 0 -1.29667096e-05 0 0 -1.29061518e-05 0 0 -1.29061518e-05 0 0 -1.29061518e-05 -0 0 -8.79915297e-06 -0 0 -8.79915297e-06 -0 0 -8.79915297e-06 -0 0 -7.98114615e-06 -0 0 -7.98114615e-06 -0 0 -7.98114615e-06 0 0 -7.09633969e-06 0 0 -7.09633969e-06 0 0 -7.09633969e-06 0 0 -1.92262792e-06 0 0 -1.92262792e-06 0 0 -1.92262792e-06 0 0 -3.03166598e-06 0 0 -3.03166598e-06 0 0 -3.03166598e-06 0 0 -1.84720284e-06 0 0 -1.84720284e-06 0 0 -1.84720284e-06 0 -0 -2.33110973e-06 0 -0 -2.33110973e-06 0 -0 -2.33110973e-06 0 -0 -2.26641464e-06 0 -0 -2.26641464e-06 0 -0 -2.26641464e-06 0 0 -2.17852357e-06 0 0 -2.17852357e-06 0 0 -2.17852357e-06 0 0 -3.83696806e-06 0 0 -3.83696806e-06 0 0 -3.83696806e-06 -0 0 -6.15177623e-06 -0 0 -6.15177623e-06 -0 0 -6.15177623e-06 -0 0 -5.15422744e-06 -0 0 -5.15422744e-06 -0 0 -5.15422744e-06 0 0 -4.11159272e-06 0 0 -4.11159272e-06 0 0 -4.11159272e-06 0 0 -1.08162476e-06 0 0 -1.08162476e-06 0 0 -1.08162476e-06 0 -0 -1.99184706e-06 0 -0 -1.99184706e-06 0 -0 -1.99184706e-06 0 -0 -2.11531187e-06 0 -0 -2.11531187e-06 0 -0 -2.11531187e-06 0 0 -2.21680421e-06 0 0 -2.21680421e-06 0 0 -2.21680421e-06 0 -0 -2.0680709e-06 0 -0 -2.0680709e-06 0 -0 -2.0680709e-06 0 -0 -1.9359145e-06 0 -0 -1.9359145e-06 0 -0 -1.9359145e-06 0 0 -0.000172044485 0 0 -0.000172044485 0 0 -0.000172044485 0 0 -3.3570368e-06 0 0 -3.3570368e-06 0 0 -3.3570368e-06 0 0 -3.61370621e-06 0 0 -3.61370621e-06 0 0 -3.61370621e-06 0 0 -4.02501246e-06 0 0 -4.02501246e-06 0 0 -4.02501246e-06 0 0 -4.17644696e-06 0 0 -4.17644696e-06 0 0 -4.17644696e-06 0 0 -4.29009378e-06 0 0 -4.29009378e-06 0 0 -4.29009378e-06 0 0 -4.36528535e-06 0 0 -4.36528535e-06 0 0 -4.36528535e-06 0 0 -4.40108624e-06 0 0 -4.40108624e-06 0 0 -4.40108624e-06 0 0 -4.39751602e-06 0 0 -4.39751602e-06 0 0 -4.39751602e-06 -0 0 -1.16908695e-05 -0 0 -1.16908695e-05 -0 0 -1.16908695e-05 -0 0 -1.12881216e-05 -0 0 -1.12881216e-05 -0 0 -1.12881216e-05 0 0 -1.0793352e-05 0 0 -1.0793352e-05 0 0 -1.0793352e-05 0 -0 -3.53507971e-07 0 -0 -3.53507971e-07 0 -0 -3.53507971e-07 0 -0 -6.07439574e-07 0 -0 -6.07439574e-07 0 -0 -6.07439574e-07 0 0 -8.50756805e-07 0 0 -8.50756805e-07 0 0 -8.50756805e-07 0 -0 -1.29828231e-06 0 -0 -1.29828231e-06 0 -0 -1.29828231e-06 0 -0 -1.49911318e-06 0 -0 -1.49911318e-06 0 -0 -1.49911318e-06 0 0 -1.68252427e-06 0 0 -1.68252427e-06 0 0 -1.68252427e-06 0 0 -4.35449874e-06 0 0 -4.35449874e-06 0 0 -4.35449874e-06 0 0 -4.272345e-06 0 0 -4.272345e-06 0 0 -4.272345e-06 0 0 -4.15173417e-06 0 0 -4.15173417e-06 0 0 -4.15173417e-06 0 0 -3.9934921e-06 0 0 -3.9934921e-06 0 0 -3.9934921e-06 0 0 -3.79906169e-06 0 0 -3.79906169e-06 0 0 -3.79906169e-06 0 0 -3.56954115e-06 0 0 -3.56954115e-06 0 0 -3.56954115e-06 0 0 -0.000815011677 0 0 -0.000815011677 0 0 -0.000815011677 0 0 -7.18169576e-06 0 0 -7.18169576e-06 0 0 -7.18169576e-06 0 0 -8.12828966e-06 0 0 -8.12828966e-06 0 0 -8.12828966e-06 0 0 -9.00716259e-06 0 0 -9.00716259e-06 0 0 -9.00716259e-06 0 0 -9.8113087e-06 0 0 -9.8113087e-06 0 0 -9.8113087e-06 0 0 -3.30703188e-06 0 0 -3.30703188e-06 0 0 -3.30703188e-06 0 0 -3.01326145e-06 0 0 -3.01326145e-06 0 0 -3.01326145e-06 0 0 -2.6908092e-06 0 0 -2.6908092e-06 0 0 -2.6908092e-06 -0 0 -7.92964386e-07 -0 0 -7.92964386e-07 -0 0 -7.92964386e-07 -0 0 -5.22749688e-05 -0 0 -5.22749688e-05 -0 0 -5.22749688e-05 -0 -0 -0.00123000017 -0 -0 -0.00123000017 -0 -0 -0.00123000017 -0 0 -1.23982391e-05 -0 0 -1.23982391e-05 -0 0 -1.23982391e-05 0 0 -2.26641464e-06 0 0 -2.26641464e-06 0 0 -2.26641464e-06 0 0 -7.98105611e-06 0 0 -7.98105611e-06 0 0 -7.98105611e-06 0 0 -1.07934429e-05 0 0 -1.07934429e-05 0 0 -1.07934429e-05 0 0 -1.12881226e-05 0 0 -1.12881226e-05 0 0 -1.12881226e-05 0 0 -1.16908705e-05 0 0 -1.16908705e-05 0 0 -1.16908705e-05 0 0 -1.23328937e-05 0 0 -1.23328937e-05 0 0 -1.23328937e-05 -0 0 -1.25165698e-05 -0 0 -1.25165698e-05 -0 0 -1.25165698e-05 -0 0 -1.25336837e-05 -0 0 -1.25336837e-05 -0 0 -1.25336837e-05 0 0 -1.24492508e-05 0 0 -1.24492508e-05 0 0 -1.24492508e-05 -0 0 -1.11227582e-05 -0 0 -1.11227582e-05 -0 0 -1.11227582e-05 0 -0 -3.10043765e-06 0 -0 -3.10043765e-06 0 -0 -3.10043765e-06 0 -0 -3.04238984e-06 0 -0 -3.04238984e-06 0 -0 -3.04238984e-06 0 0 -2.95519567e-06 0 0 -2.95519567e-06 0 0 -2.95519567e-06 0 0 -2.33110995e-06 0 0 -2.33110995e-06 0 0 -2.33110995e-06 0 0 -2.3720786e-06 0 0 -2.3720786e-06 0 0 -2.3720786e-06 0 0 -2.38903704e-06 0 0 -2.38903704e-06 0 0 -2.38903704e-06 0 0 -8.79915297e-06 0 0 -8.79915297e-06 0 0 -8.79915297e-06 0 0 -9.54417374e-06 0 0 -9.54417374e-06 0 0 -9.54417374e-06 0 0 -1.02107224e-05 0 0 -1.02107224e-05 0 0 -1.02107224e-05 0 0 -1.19987817e-05 0 0 -1.19987817e-05 0 0 -1.19987817e-05 0 0 -1.22092933e-05 0 0 -1.22092933e-05 0 0 -1.22092933e-05 0 0 -1.23210048e-05 0 0 -1.23210048e-05 0 0 -1.23210048e-05 -0 0 -1.05564086e-05 -0 0 -1.05564086e-05 -0 0 -1.05564086e-05 -0 0 -9.90382159e-06 -0 0 -9.90382159e-06 -0 0 -9.90382159e-06 0 0 -9.16986028e-06 0 0 -9.16986028e-06 0 0 -9.16986028e-06 0 0 -3.03590059e-06 0 0 -3.03590059e-06 0 0 -3.03590059e-06 -0 0 -8.36011168e-06 -0 0 -8.36011168e-06 -0 0 -8.36011168e-06 -0 0 -7.4807167e-06 -0 0 -7.4807167e-06 -0 0 -7.4807167e-06 0 0 -6.53849565e-06 0 0 -6.53849565e-06 0 0 -6.53849565e-06 -0 0 -5.54056351e-06 -0 0 -5.54056351e-06 -0 0 -5.54056351e-06 -0 0 -4.4944104e-06 -0 0 -4.4944104e-06 -0 0 -4.4944104e-06 0 0 -0.000407165469 0 0 -0.000407165469 0 0 -0.000407165469 0 0 -1.30722015e-06 0 0 -1.30722015e-06 0 0 -1.30722015e-06 0 0 -1.58788316e-06 0 0 -1.58788316e-06 0 0 -1.58788316e-06 0 0 -2.51059828e-06 0 0 -2.51059828e-06 0 0 -2.51059828e-06 0 -0 -3.09655707e-06 0 -0 -3.09655707e-06 0 -0 -3.09655707e-06 0 -0 -3.12756492e-06 0 -0 -3.12756492e-06 0 -0 -3.12756492e-06 0 0 -3.12890188e-06 0 0 -3.12890188e-06 0 0 -3.12890188e-06 0 -0 -2.83958116e-06 0 -0 -2.83958116e-06 0 -0 -2.83958116e-06 0 -0 -2.69639713e-06 0 -0 -2.69639713e-06 0 -0 -2.69639713e-06 0 0 -0.000114724382 0 0 -0.000114724382 0 0 -0.000114724382 0 0 -2.0680709e-06 0 0 -2.0680709e-06 0 0 -2.0680709e-06 0 0 -2.17852721e-06 0 0 -2.17852721e-06 0 0 -2.17852721e-06 0 0 -2.38181246e-06 0 0 -2.38181246e-06 0 0 -2.38181246e-06 0 0 -2.35053267e-06 0 0 -2.35053267e-06 0 0 -2.35053267e-06 0 0 -2.29537545e-06 0 0 -2.29537545e-06 0 0 -2.29537545e-06 0 0 -2.21678829e-06 0 0 -2.21678829e-06 0 0 -2.21678829e-06 0 0 -2.11532915e-06 0 0 -2.11532915e-06 0 0 -2.11532915e-06 0 0 -1.99184797e-06 0 0 -1.99184797e-06 0 0 -1.99184797e-06 0 0 -1.84718533e-06 0 0 -1.84718533e-06 0 0 -1.84718533e-06 0 0 -1.68254314e-06 0 0 -1.68254314e-06 0 0 -1.68254314e-06 0 0 -1.49911284e-06 0 0 -1.49911284e-06 0 0 -1.49911284e-06 -0 0 -1.22643196e-05 -0 0 -1.22643196e-05 -0 0 -1.22643196e-05 -0 0 -1.19799788e-05 -0 0 -1.19799788e-05 -0 0 -1.19799788e-05 0 0 -1.15985167e-05 0 0 -1.15985167e-05 0 0 -1.15985167e-05 0 -0 -1.85040619e-06 0 -0 -1.85040619e-06 0 -0 -1.85040619e-06 0 -0 -2.09297082e-06 0 -0 -2.09297082e-06 0 -0 -2.09297082e-06 0 0 -2.31353624e-06 0 0 -2.31353624e-06 0 0 -2.31353624e-06 0 -0 -2.68255098e-06 0 -0 -2.68255098e-06 0 -0 -2.68255098e-06 0 -0 -2.82812516e-06 0 -0 -2.82812516e-06 0 -0 -2.82812516e-06 0 0 -2.94623169e-06 0 0 -2.94623169e-06 0 0 -2.94623169e-06 0 0 -1.29828231e-06 0 0 -1.29828231e-06 0 0 -1.29828231e-06 0 0 -1.08160498e-06 0 0 -1.08160498e-06 0 0 -1.08160498e-06 0 0 -8.50756805e-07 0 0 -8.50756805e-07 0 0 -8.50756805e-07 0 0 -3.03166416e-06 0 0 -3.03166416e-06 0 0 -3.03166416e-06 0 0 -4.11150131e-06 0 0 -4.11150131e-06 0 0 -4.11150131e-06 0 0 -5.15422698e-06 0 0 -5.15422698e-06 0 0 -5.15422698e-06 0 0 -6.15177623e-06 0 0 -6.15177623e-06 0 0 -6.15177623e-06 0 0 -7.096427e-06 0 0 -7.096427e-06 0 0 -7.096427e-06 0 0 -6.07440029e-07 0 0 -6.07440029e-07 0 0 -6.07440029e-07 0 0 -3.53508426e-07 0 0 -3.53508426e-07 0 0 -3.53508426e-07 0 0 -5.22750888e-05 0 0 -5.22750888e-05 0 0 -5.22750888e-05 0 0 -7.92964897e-07 0 0 -7.92964897e-07 0 0 -7.92964897e-07 0 0 -1.92262814e-06 0 0 -1.92262814e-06 0 0 -1.92262814e-06 0 -0 -0.000940228114 0 -0 -0.000940228114 0 -0 -0.000940228114 -0 -0 -0.00200000009 -0 -0 -0.00200000009 -0 -0 -0.00200000009 0 0 -0.00200000009 0 0 -0.00200000009 0 0 -0.00200000009 -0 0 -0.00094091153 -0 0 -0.00094091153 -0 0 -0.00094091153 0 0 -1.20579498e-05 0 0 -1.20579498e-05 0 0 -1.20579498e-05 0 0 -7.09633696e-06 0 0 -7.09633696e-06 0 0 -7.09633696e-06 -0 0 -7.18169758e-06 -0 0 -7.18169758e-06 -0 0 -7.18169758e-06 0 0 -0.00131500023 0 0 -0.00131500023 0 0 -0.00131500023 0 -0 -4.00905401e-06 0 -0 -4.00905401e-06 0 -0 -4.00905401e-06 0 0 -5.1141833e-06 0 0 -5.1141833e-06 0 0 -5.1141833e-06 0 0 -3.03148022e-06 0 0 -3.03148022e-06 0 0 -3.03148022e-06 0 0 -7.09633878e-06 0 0 -7.09633878e-06 0 0 -7.09633878e-06 0 0 -1.16910469e-05 0 0 -1.16910469e-05 0 0 -1.16910469e-05 -0 0 -6.17443311e-06 -0 0 -6.17443311e-06 -0 0 -6.17443311e-06 -0 0 -5.11425606e-06 -0 0 -5.11425606e-06 -0 0 -5.11425606e-06 0 0 -4.00899444e-06 0 0 -4.00899444e-06 0 0 -4.00899444e-06 0 -0 -6.17453134e-06 0 -0 -6.17453134e-06 0 -0 -6.17453134e-06 0 -0 -7.18169622e-06 0 -0 -7.18169622e-06 0 -0 -7.18169622e-06 0 0 -8.12829239e-06 0 0 -8.12829239e-06 0 0 -8.12829239e-06 0 0 -3.03147363e-06 0 0 -3.03147363e-06 0 0 -3.03147363e-06 -0 0 -1.21703088e-05 -0 0 -1.21703088e-05 -0 0 -1.21703088e-05 0 -0 -9.00698069e-06 0 -0 -9.00698069e-06 0 -0 -9.00698069e-06 0 -0 -9.81150697e-06 0 -0 -9.81150697e-06 0 -0 -9.81150697e-06 0 0 -1.05350045e-05 0 0 -1.05350045e-05 0 0 -1.05350045e-05 0 -0 -1.11725012e-05 0 -0 -1.11725012e-05 0 -0 -1.11725012e-05 0 -0 -1.17188447e-05 0 -0 -1.17188447e-05 0 -0 -1.17188447e-05 0 0 -1.21703488e-05 0 0 -1.21703488e-05 0 0 -1.21703488e-05 0 -0 -1.25231854e-05 0 -0 -1.25231854e-05 0 -0 -1.25231854e-05 0 -0 -1.27745579e-05 0 -0 -1.27745579e-05 0 -0 -1.27745579e-05 0 0 -1.2922741e-05 0 0 -1.2922741e-05 0 0 -1.2922741e-05 0 0 -1.92262883e-06 0 0 -1.92262883e-06 0 0 -1.92262883e-06 0 0 -7.93150662e-07 0 0 -7.93150662e-07 0 0 -7.93150662e-07 0 0 -8.4999956e-05 0 0 -8.4999956e-05 0 0 -8.4999956e-05 0 0 -7.93144409e-07 0 0 -7.93144409e-07 0 0 -7.93144409e-07 0 0 -1.92263542e-06 0 0 -1.92263542e-06 0 0 -1.92263542e-06 0 0 -4.11159363e-06 0 0 -4.11159363e-06 0 0 -4.11159363e-06 0 0 -5.15422789e-06 0 0 -5.15422789e-06 0 0 -5.15422789e-06 0 0 -6.15177851e-06 0 0 -6.15177851e-06 0 0 -6.15177851e-06 0 0 -1.25231863e-05 0 0 -1.25231863e-05 0 0 -1.25231863e-05 -0 0 -9.81150879e-06 -0 0 -9.81150879e-06 -0 0 -9.81150879e-06 -0 0 -9.00698251e-06 -0 0 -9.00698251e-06 -0 0 -9.00698251e-06 0 0 -8.12829239e-06 0 0 -8.12829239e-06 0 0 -8.12829239e-06 0 0 -6.15177623e-06 0 0 -6.15177623e-06 0 0 -6.15177623e-06 0 0 -5.15422744e-06 0 0 -5.15422744e-06 0 0 -5.15422744e-06 0 0 -4.11159272e-06 0 0 -4.11159272e-06 0 0 -4.11159272e-06 0 0 -7.98114706e-06 0 0 -7.98114706e-06 0 0 -7.98114706e-06 0 0 -8.7991657e-06 0 0 -8.7991657e-06 0 0 -8.7991657e-06 0 0 -9.5442665e-06 0 0 -9.5442665e-06 0 0 -9.5442665e-06 0 0 -1.02106342e-05 0 0 -1.02106342e-05 0 0 -1.02106342e-05 0 0 -1.07933556e-05 0 0 -1.07933556e-05 0 0 -1.07933556e-05 0 0 -1.12881244e-05 0 0 -1.12881244e-05 0 0 -1.12881244e-05 0 0 -1.23328919e-05 0 0 -1.23328919e-05 0 0 -1.23328919e-05 0 0 -1.23209993e-05 0 0 -1.23209993e-05 0 0 -1.23209993e-05 -0 0 -1.17188447e-05 -0 0 -1.17188447e-05 -0 0 -1.17188447e-05 -0 0 -1.11726058e-05 -0 0 -1.11726058e-05 -0 0 -1.11726058e-05 0 0 -1.05350045e-05 0 0 -1.05350045e-05 0 0 -1.05350045e-05 0 0 -1.19986953e-05 0 0 -1.19986953e-05 0 0 -1.19986953e-05 0 0 -1.22093825e-05 0 0 -1.22093825e-05 0 0 -1.22093825e-05 0 0 -1.23210048e-05 0 0 -1.23210048e-05 0 0 -1.23210048e-05 0 -0 -1.29668852e-05 0 -0 -1.29668852e-05 0 -0 -1.29668852e-05 0 -0 -1.29059608e-05 0 -0 -1.29059608e-05 0 -0 -1.29059608e-05 0 0 -0.000940911588 0 0 -0.000940911588 0 0 -0.000940911588 0 0 -1.20579598e-05 0 0 -1.20579598e-05 0 0 -1.20579598e-05 0 0 -1.22450001e-05 0 0 -1.22450001e-05 0 0 -1.22450001e-05 0 0 -1.22093807e-05 0 0 -1.22093807e-05 0 0 -1.22093807e-05 0 0 -1.19986935e-05 0 0 -1.19986935e-05 0 0 -1.19986935e-05 0 0 -1.16910451e-05 0 0 -1.16910451e-05 0 0 -1.16910451e-05 0 0 -1.12881216e-05 0 0 -1.12881216e-05 0 0 -1.12881216e-05 0 0 -1.07933547e-05 0 0 -1.07933547e-05 0 0 -1.07933547e-05 0 0 -1.02106351e-05 0 0 -1.02106351e-05 0 0 -1.02106351e-05 0 0 -9.54426287e-06 0 0 -9.54426287e-06 0 0 -9.54426287e-06 0 0 -8.79915297e-06 0 0 -8.79915297e-06 0 0 -8.79915297e-06 0 0 -7.9811507e-06 0 0 -7.9811507e-06 0 0 -7.9811507e-06 -0 0 -1.29668861e-05 -0 0 -1.29668861e-05 -0 0 -1.29668861e-05 -0 0 -1.29227246e-05 -0 0 -1.29227246e-05 -0 0 -1.29227246e-05 0 0 -1.27745443e-05 0 0 -1.27745443e-05 0 0 -1.27745443e-05 0 0 -1.23328937e-05 0 0 -1.23328937e-05 0 0 -1.23328937e-05 -0 0 -1.22450028e-05 -0 0 -1.22450028e-05 -0 0 -1.22450028e-05 -0 0 -0.000940228463 -0 0 -0.000940228463 -0 0 -0.000940228463 -0 0 -1.27411786e-05 -0 0 -1.27411786e-05 -0 0 -1.27411786e-05 0 0 -1.2905919e-05 0 0 -1.2905919e-05 0 0 -1.2905919e-05 0 0 -4.94004962e-06 0 0 -4.94004962e-06 0 0 -4.94004962e-06 0 -0 -6.15168528e-06 0 -0 -6.15168528e-06 0 -0 -6.15168528e-06 0 -0 -7.096427e-06 0 -0 -7.096427e-06 0 -0 -7.096427e-06 0 -0 -7.98114525e-06 0 -0 -7.98114525e-06 0 -0 -7.98114525e-06 0 -0 -0.000961432641 0 -0 -0.000961432641 0 -0 -0.000961432641 0 0 -0.00123000005 0 0 -0.00123000005 0 0 -0.00123000005 0 0 -0.00123000017 0 0 -0.00123000017 0 0 -0.00123000017 0 0 -0.000169999912 0 0 -0.000169999912 0 0 -0.000169999912 0 0 -0.000169999897 0 0 -0.000169999897 0 0 -0.000169999897 0 0 -0.000129999971 0 0 -0.000129999971 0 0 -0.000129999971 0 -0 -3.03157185e-06 0 -0 -3.03157185e-06 0 -0 -3.03157185e-06 0 -0 -4.11159272e-06 0 -0 -4.11159272e-06 0 -0 -4.11159272e-06 0 0 -5.15422653e-06 0 0 -5.15422653e-06 0 0 -5.15422653e-06 0 0 -9.00707255e-06 0 0 -9.00707255e-06 0 0 -9.00707255e-06 0 0 -9.81141784e-06 0 0 -9.81141784e-06 0 0 -9.81141784e-06 0 0 -1.05350628e-05 0 0 -1.05350628e-05 0 0 -1.05350628e-05 -0 0 -5.15422835e-06 -0 0 -5.15422835e-06 -0 0 -5.15422835e-06 -0 0 -4.11159363e-06 -0 0 -4.11159363e-06 -0 0 -4.11159363e-06 0 0 -3.03156776e-06 0 0 -3.03156776e-06 0 0 -3.03156776e-06 -0 0 -1.92263519e-06 -0 0 -1.92263519e-06 -0 0 -1.92263519e-06 -0 0 -7.93051299e-07 -0 0 -7.93051299e-07 -0 0 -7.93051299e-07 0 0 -8.4999956e-05 0 0 -8.4999956e-05 0 0 -8.4999956e-05 0 -0 -7.93057552e-07 0 -0 -7.93057552e-07 0 -0 -7.93057552e-07 0 0 -1.92262814e-06 0 0 -1.92262814e-06 0 0 -1.92262814e-06 0 0 -6.00797921e-06 0 0 -6.00797921e-06 0 0 -6.00797921e-06 0 0 -7.02416901e-06 0 0 -7.02416901e-06 0 0 -7.02416901e-06 0 0 -7.98102701e-06 0 0 -7.98102701e-06 0 0 -7.98102701e-06 0 0 -1.17189775e-05 0 0 -1.17189775e-05 0 0 -1.17189775e-05 0 0 -1.11724557e-05 0 0 -1.11724557e-05 0 0 -1.11724557e-05 0 0 -8.7991657e-06 0 0 -8.7991657e-06 0 0 -8.7991657e-06 0 0 -9.54417192e-06 0 0 -9.54417192e-06 0 0 -9.54417192e-06 -0 0 -7.98114797e-06 -0 0 -7.98114797e-06 -0 0 -7.98114797e-06 -0 0 -7.09642836e-06 -0 0 -7.09642836e-06 -0 0 -7.09642836e-06 0 0 -6.15168756e-06 0 0 -6.15168756e-06 0 0 -6.15168756e-06 0 0 -8.87115311e-06 0 0 -8.87115311e-06 0 0 -8.87115311e-06 0 0 -9.68794302e-06 0 0 -9.68794302e-06 0 0 -9.68794302e-06 0 0 -1.04247592e-05 0 0 -1.04247592e-05 0 0 -1.04247592e-05 0 0 -1.05350291e-05 0 0 -1.05350291e-05 0 0 -1.05350291e-05 0 0 -9.81141693e-06 0 0 -9.81141693e-06 0 0 -9.81141693e-06 0 0 -9.00705345e-06 0 0 -9.00705345e-06 0 0 -9.00705345e-06 -0 0 -1.23209993e-05 -0 0 -1.23209993e-05 -0 0 -1.23209993e-05 0 0 -8.12828966e-06 0 0 -8.12828966e-06 0 0 -8.12828966e-06 0 0 -7.18165029e-06 0 0 -7.18165029e-06 0 0 -7.18165029e-06 0 0 -6.17449405e-06 0 0 -6.17449405e-06 0 0 -6.17449405e-06 0 0 -1.11725612e-05 0 0 -1.11725612e-05 0 0 -1.11725612e-05 0 0 -1.17189784e-05 0 0 -1.17189784e-05 0 0 -1.17189784e-05 0 0 -1.21702906e-05 0 0 -1.21702906e-05 0 0 -1.21702906e-05 0 0 -1.23328937e-05 0 0 -1.23328937e-05 0 0 -1.23328937e-05 -0 0 -1.12881226e-05 -0 0 -1.12881226e-05 -0 0 -1.12881226e-05 -0 0 -1.07934438e-05 -0 0 -1.07934438e-05 -0 0 -1.07934438e-05 0 0 -1.02106351e-05 0 0 -1.02106351e-05 0 0 -1.02106351e-05 0 0 -1.24733097e-05 0 0 -1.24733097e-05 0 0 -1.24733097e-05 0 0 -1.27411777e-05 0 0 -1.27411777e-05 0 0 -1.27411777e-05 0 0 -5.11415737e-06 0 0 -5.11415737e-06 0 0 -5.11415737e-06 0 0 -4.00914678e-06 0 0 -4.00914678e-06 0 0 -4.00914678e-06 0 0 -0.001315 0 0 -0.001315 0 0 -0.001315 0 0 -4.00904901e-06 0 0 -4.00904901e-06 0 0 -4.00904901e-06 0 0 -5.1142415e-06 0 0 -5.1142415e-06 0 0 -5.1142415e-06 0 0 -6.17438673e-06 0 0 -6.17438673e-06 0 0 -6.17438673e-06 0 0 -7.1816512e-06 0 0 -7.1816512e-06 0 0 -7.1816512e-06 0 0 -8.12829239e-06 0 0 -8.12829239e-06 0 0 -8.12829239e-06 -0 0 -1.22092943e-05 -0 0 -1.22092943e-05 -0 0 -1.22092943e-05 -0 0 -1.19987826e-05 -0 0 -1.19987826e-05 -0 0 -1.19987826e-05 0 0 -1.1690965e-05 0 0 -1.1690965e-05 0 0 -1.1690965e-05 0 0 -1.10763576e-05 0 0 -1.10763576e-05 0 0 -1.10763576e-05 0 0 -1.16377805e-05 0 0 -1.16377805e-05 0 0 -1.16377805e-05 0 0 -1.21045741e-05 0 0 -1.21045741e-05 0 0 -1.21045741e-05 0 0 -1.29060481e-05 0 0 -1.29060481e-05 0 0 -1.29060481e-05 0 0 -1.29667978e-05 0 0 -1.29667978e-05 0 0 -1.29667978e-05 0 0 -1.2922741e-05 0 0 -1.2922741e-05 0 0 -1.2922741e-05 0 0 -1.27745579e-05 0 0 -1.27745579e-05 0 0 -1.27745579e-05 0 0 -1.25231418e-05 0 0 -1.25231418e-05 0 0 -1.25231418e-05 0 0 -1.21703488e-05 0 0 -1.21703488e-05 0 0 -1.21703488e-05 0 0 -1.25231418e-05 0 0 -1.25231418e-05 0 0 -1.25231418e-05 0 0 -1.27745589e-05 0 0 -1.27745589e-05 0 0 -1.27745589e-05 0 0 -1.2922741e-05 0 0 -1.2922741e-05 0 0 -1.2922741e-05 0 0 -1.29667987e-05 0 0 -1.29667987e-05 0 0 -1.29667987e-05 0 0 -1.29060491e-05 0 0 -1.29060491e-05 0 0 -1.29060491e-05 -0 0 -0.000940911588 -0 0 -0.000940911588 -0 0 -0.000940911588 0 0 -1.20579616e-05 0 0 -1.20579616e-05 0 0 -1.20579616e-05 0 0 -1.22450147e-05 0 0 -1.22450147e-05 0 0 -1.22450147e-05 0 0 -0.00139999983 0 0 -0.00139999983 0 0 -0.00139999983 0 0 -0.00139999983 0 0 -0.00139999983 0 0 -0.00139999983 0 0 -0.00139999995 0 0 -0.00139999995 0 0 -0.00139999995 0 0 -0.00139999995 0 0 -0.00139999995 0 0 -0.00139999995 0 0 -5.94999583e-05 0 0 -5.94999583e-05 0 0 -5.94999583e-05 0 0 -4.50523657e-07 0 0 -4.50523657e-07 0 0 -4.50523657e-07 -0 0 -4.96113216e-06 -0 0 -4.96113216e-06 -0 0 -4.96113216e-06 0 -0 -1.11227573e-05 0 -0 -1.11227573e-05 0 -0 -1.11227573e-05 0 0 -1.23328891e-05 0 0 -1.23328891e-05 0 0 -1.23328891e-05 -0 0 -4.7677554e-06 -0 0 -4.7677554e-06 -0 0 -4.7677554e-06 0 0 -4.48888431e-06 0 0 -4.48888431e-06 0 0 -4.48888431e-06 -0 0 -4.40099438e-06 -0 0 -4.40099438e-06 -0 0 -4.40099438e-06 -0 0 -0.000228378296 -0 0 -0.000228378296 -0 0 -0.000228378296 -0 0 -4.73217233e-06 -0 0 -4.73217233e-06 -0 0 -4.73217233e-06 0 0 -4.86834324e-06 0 0 -4.86834324e-06 0 0 -4.86834324e-06 0 0 -4.89377408e-06 0 0 -4.89377408e-06 0 0 -4.89377408e-06 0 -0 -1.15985049e-05 0 -0 -1.15985049e-05 0 -0 -1.15985049e-05 0 -0 -1.19799779e-05 0 -0 -1.19799779e-05 0 -0 -1.19799779e-05 0 0 -1.22643251e-05 0 0 -1.22643251e-05 0 0 -1.22643251e-05 0 0 -1.2321023e-05 0 0 -1.2321023e-05 0 0 -1.2321023e-05 0 0 -1.22092679e-05 0 0 -1.22092679e-05 0 0 -1.22092679e-05 0 0 -1.19987963e-05 0 0 -1.19987963e-05 0 0 -1.19987963e-05 0 0 -3.20141589e-06 0 0 -3.20141589e-06 0 0 -3.20141589e-06 0 0 -2.87781586e-06 0 0 -2.87781586e-06 0 0 -2.87781586e-06 0 0 -3.49474908e-06 0 0 -3.49474908e-06 0 0 -3.49474908e-06 0 0 -3.75547688e-06 0 0 -3.75547688e-06 0 0 -3.75547688e-06 0 0 -3.98168049e-06 0 0 -3.98168049e-06 0 0 -3.98168049e-06 0 0 -4.17157116e-06 0 0 -4.17157116e-06 0 0 -4.17157116e-06 0 0 -4.32376555e-06 0 0 -4.32376555e-06 0 0 -4.32376555e-06 0 0 -4.43705721e-06 0 0 -4.43705721e-06 0 0 -4.43705721e-06 0 0 -4.5106467e-06 0 0 -4.5106467e-06 0 0 -4.5106467e-06 0 0 -4.54395467e-06 0 0 -4.54395467e-06 0 0 -4.54395467e-06 0 0 -4.53664325e-06 0 0 -4.53664325e-06 0 0 -4.53664325e-06 -0 0 -4.59941748e-06 -0 0 -4.59941748e-06 -0 0 -4.59941748e-06 -0 0 -4.3901473e-06 -0 0 -4.3901473e-06 -0 0 -4.3901473e-06 0 0 -4.14150418e-06 0 0 -4.14150418e-06 0 0 -4.14150418e-06 -0 0 -2.79501364e-06 -0 0 -2.79501364e-06 -0 0 -2.79501364e-06 -0 0 -2.38338771e-06 -0 0 -2.38338771e-06 -0 0 -2.38338771e-06 0 0 -1.9473955e-06 0 0 -1.9473955e-06 0 0 -1.9473955e-06 0 -0 -1.24493172e-05 0 -0 -1.24493172e-05 0 -0 -1.24493172e-05 0 -0 -1.25336146e-05 0 -0 -1.25336146e-05 0 -0 -1.25336146e-05 0 0 -1.25166262e-05 0 0 -1.25166262e-05 0 0 -1.25166262e-05 -0 0 -3.8553203e-06 -0 0 -3.8553203e-06 -0 0 -3.8553203e-06 -0 0 -3.53391442e-06 -0 0 -3.53391442e-06 -0 0 -3.53391442e-06 0 0 -3.17949161e-06 0 0 -3.17949161e-06 0 0 -3.17949161e-06 0 -0 -3.4081163e-06 0 -0 -3.4081163e-06 0 -0 -3.4081163e-06 0 -0 -4.49445952e-06 0 -0 -4.49445952e-06 0 -0 -4.49445952e-06 0 0 -5.54052531e-06 0 0 -5.54052531e-06 0 0 -5.54052531e-06 0 -0 -9.16984118e-06 0 -0 -9.16984118e-06 0 -0 -9.16984118e-06 0 -0 -9.90381886e-06 0 -0 -9.90381886e-06 0 -0 -9.90381886e-06 0 0 -1.05563377e-05 0 0 -1.05563377e-05 0 0 -1.05563377e-05 0 0 -0.000630975002 0 0 -0.000630975002 0 0 -0.000630975002 0 0 -0.00134250009 0 0 -0.00134250009 0 0 -0.00134250009 0 0 -0.00134250009 0 0 -0.00134250009 0 0 -0.00134250009 0 0 -0.000631128089 0 0 -0.000631128089 0 0 -0.000631128089 0 0 -1.22450001e-05 0 0 -1.22450001e-05 0 0 -1.22450001e-05 0 0 -1.16908686e-05 0 0 -1.16908686e-05 0 0 -1.16908686e-05 0 0 -1.12881216e-05 0 0 -1.12881216e-05 0 0 -1.12881216e-05 0 0 -1.07934466e-05 0 0 -1.07934466e-05 0 0 -1.07934466e-05 0 0 -1.02107215e-05 0 0 -1.02107215e-05 0 0 -1.02107215e-05 0 0 -9.54415918e-06 0 0 -9.54415918e-06 0 0 -9.54415918e-06 0 0 -8.79915024e-06 0 0 -8.79915024e-06 0 0 -8.79915024e-06 0 0 -7.9810543e-06 0 0 -7.9810543e-06 0 0 -7.9810543e-06 0 0 -7.09642563e-06 0 0 -7.09642563e-06 0 0 -7.09642563e-06 0 0 -6.15177487e-06 0 0 -6.15177487e-06 0 0 -6.15177487e-06 0 0 -1.33225421e-06 0 0 -1.33225421e-06 0 0 -1.33225421e-06 -0 0 -5.01045224e-06 -0 0 -5.01045224e-06 -0 0 -5.01045224e-06 -0 0 -5.01562272e-06 -0 0 -5.01562272e-06 -0 0 -5.01562272e-06 0 0 -4.97663859e-06 0 0 -4.97663859e-06 0 0 -4.97663859e-06 0 -0 -6.53854568e-06 0 -0 -6.53854568e-06 0 -0 -6.53854568e-06 0 -0 -7.48071488e-06 0 -0 -7.48071488e-06 0 -0 -7.48071488e-06 0 0 -8.3601044e-06 0 0 -8.3601044e-06 0 0 -8.3601044e-06 0 0 -4.27374907e-05 0 0 -4.27374907e-05 0 0 -4.27374907e-05 0 0 -0.000404362567 0 0 -0.000404362567 0 0 -0.000404362567 0 0 -0.000404362567 0 0 -0.000404362567 0 0 -0.000404362567 0 0 -0.000657500117 0 0 -0.000657500117 0 0 -0.000657500117 0 0 -0.000657500117 0 0 -0.000657500117 0 0 -0.000657500117 0 0 -0.000460249983 0 0 -0.000460249983 0 0 -0.000460249983 0 0 -0.000461049029 0 0 -0.000461049029 0 0 -0.000461049029 0 0 -1.49084372e-06 0 0 -1.49084372e-06 0 0 -1.49084372e-06 0 0 -5.15423426e-06 0 0 -5.15423426e-06 0 0 -5.15423426e-06 0 0 -4.11149358e-06 0 0 -4.11149358e-06 0 0 -4.11149358e-06 0 0 -3.03166962e-06 0 0 -3.03166962e-06 0 0 -3.03166962e-06 0 0 -1.75053572e-06 0 0 -1.75053572e-06 0 0 -1.75053572e-06 0 0 -2.14960301e-06 0 0 -2.14960301e-06 0 0 -2.14960301e-06 0 0 -2.52632344e-06 0 0 -2.52632344e-06 0 0 -2.52632344e-06 0 0 -1.92262837e-06 0 0 -1.92262837e-06 0 0 -1.92262837e-06 0 0 -7.92964897e-07 0 0 -7.92964897e-07 0 0 -7.92964897e-07 0 0 -5.95000893e-05 0 0 -5.95000893e-05 0 0 -5.95000893e-05 0 0 -4.50523487e-07 0 0 -4.50523487e-07 0 0 -4.50523487e-07 0 0 -8.97814971e-07 0 0 -8.97814971e-07 0 0 -8.97814971e-07 1.52289878e-08 3.48627594e-07 -0 1.52289878e-08 3.48627594e-07 -0 1.52289878e-08 3.48627594e-07 -0 1.52289878e-08 3.48627594e-07 0 1.52289878e-08 3.48627594e-07 0 1.52289878e-08 3.48627594e-07 0 4.55379521e-08 3.4596772e-07 0 4.55379521e-08 3.4596772e-07 0 4.55379521e-08 3.4596772e-07 0 4.55379521e-08 3.4596772e-07 0 4.55379521e-08 3.4596772e-07 0 4.55379521e-08 3.4596772e-07 0 7.55190896e-08 3.40685261e-07 0 7.55190896e-08 3.40685261e-07 0 7.55190896e-08 3.40685261e-07 0 7.55190896e-08 3.40685261e-07 0 7.55190896e-08 3.40685261e-07 0 7.55190896e-08 3.40685261e-07 0 1.04933982e-07 3.32802557e-07 0 1.04933982e-07 3.32802557e-07 0 1.04933982e-07 3.32802557e-07 0 1.04933982e-07 3.32802557e-07 0 1.04933982e-07 3.32802557e-07 0 1.04933982e-07 3.32802557e-07 0 1.33544219e-07 3.22386626e-07 0 1.33544219e-07 3.22386626e-07 0 1.33544219e-07 3.22386626e-07 0 1.33544219e-07 3.22386626e-07 0 1.33544219e-07 3.22386626e-07 0 1.33544219e-07 3.22386626e-07 0 1.61141159e-07 3.09526939e-07 0 1.61141159e-07 3.09526939e-07 0 1.61141159e-07 3.09526939e-07 0 1.61141159e-07 3.09526939e-07 0 1.61141159e-07 3.09526939e-07 0 1.61141159e-07 3.09526939e-07 0 1.87486421e-07 2.94312855e-07 0 1.87486421e-07 2.94312855e-07 0 1.87486421e-07 2.94312855e-07 0 1.87486421e-07 2.94312855e-07 0 1.87486421e-07 2.94312855e-07 0 1.87486421e-07 2.94312855e-07 0 2.12430962e-07 2.76833788e-07 0 2.12430962e-07 2.76833788e-07 0 2.12430962e-07 2.76833788e-07 0 2.12430962e-07 2.76833788e-07 0 2.12430962e-07 2.76833788e-07 0 2.12430962e-07 2.76833788e-07 0 2.3576618e-07 2.5728346e-07 0 2.3576618e-07 2.5728346e-07 0 2.3576618e-07 2.5728346e-07 0 2.3576618e-07 2.5728346e-07 0 2.3576618e-07 2.5728346e-07 0 2.3576618e-07 2.5728346e-07 0 2.57253646e-07 2.35751287e-07 0 2.57253646e-07 2.35751287e-07 0 2.57253646e-07 2.35751287e-07 0 2.57253646e-07 2.35751287e-07 0 2.57253646e-07 2.35751287e-07 0 2.57253646e-07 2.35751287e-07 0 2.76863602e-07 2.12430962e-07 0 2.76863602e-07 2.12430962e-07 0 2.76863602e-07 2.12430962e-07 0 2.76863602e-07 2.12430962e-07 0 2.76863602e-07 2.12430962e-07 0 2.76863602e-07 2.12430962e-07 0 2.94297934e-07 1.87486421e-07 0 2.94297934e-07 1.87486421e-07 0 2.94297934e-07 1.87486421e-07 0 2.94297934e-07 1.87486421e-07 0 2.94297934e-07 1.87486421e-07 0 2.94297934e-07 1.87486421e-07 0 3.09526939e-07 1.61141159e-07 0 3.09526939e-07 1.61141159e-07 0 3.09526939e-07 1.61141159e-07 0 3.09526939e-07 1.61141159e-07 0 3.09526939e-07 1.61141159e-07 0 3.09526939e-07 1.61141159e-07 0 3.22401547e-07 1.33529312e-07 0 3.22401547e-07 1.33529312e-07 0 3.22401547e-07 1.33529312e-07 0 3.22401547e-07 1.33529312e-07 0 3.22401547e-07 1.33529312e-07 0 3.22401547e-07 1.33529312e-07 0 3.32802557e-07 1.04933982e-07 0 3.32802557e-07 1.04933982e-07 0 3.32802557e-07 1.04933982e-07 0 3.32802557e-07 1.04933982e-07 0 3.32802557e-07 1.04933982e-07 0 3.32802557e-07 1.04933982e-07 0 3.40670368e-07 7.55339897e-08 0 3.40670368e-07 7.55339897e-08 0 3.40670368e-07 7.55339897e-08 0 3.40670368e-07 7.55339897e-08 0 3.40670368e-07 7.55339897e-08 0 3.40670368e-07 7.55339897e-08 0 3.45975167e-07 4.55379521e-08 0 3.45975167e-07 4.55379521e-08 0 3.45975167e-07 4.55379521e-08 0 3.45975167e-07 4.55379521e-08 0 3.45975167e-07 4.55379521e-08 0 3.45975167e-07 4.55379521e-08 0 3.48627594e-07 1.52289878e-08 0 3.48627594e-07 1.52289878e-08 0 3.48627594e-07 1.52289878e-08 0 3.48627594e-07 1.52289878e-08 0 3.48627594e-07 1.52289878e-08 0 3.48627594e-07 1.52289878e-08 0 1.29999971e-05 -0 0 1.29999971e-05 -0 0 1.29999971e-05 -0 0 1.29999971e-05 0 0 1.29999971e-05 0 0 1.29999971e-05 0 0 0.00012300002 -0 0 0.00012300002 -0 0 0.00012300002 -0 0 0.00012300002 0 0 0.00012300002 0 0 0.00012300002 0 0 0.000200000024 -0 0 0.000200000024 -0 0 0.000200000024 -0 0 0.000200000024 0 0 0.000200000024 0 0 0.000200000024 0 0 0.000135999988 -0 0 0.000135999988 -0 0 0.000135999988 -0 0 0.000135999988 0 0 0.000135999988 0 0 0.000135999988 0 0 -0 0 4.00904901e-06 -0 0 4.00904901e-06 -0 0 4.00904901e-06 0 0 3.59999358e-05 0 0 3.59999358e-05 0 0 3.59999358e-05 0 0 3.33412885e-07 0 0 3.33412885e-07 0 0 3.33412885e-07 0 0 3.03068646e-07 0 0 3.03068646e-07 0 0 3.03068646e-07 0 0 2.7310378e-07 0 0 2.7310378e-07 0 0 2.7310378e-07 0 0 2.43687907e-07 0 0 2.43687907e-07 0 0 2.43687907e-07 0 0 2.15075261e-07 0 0 2.15075261e-07 0 0 2.15075261e-07 0 0 1.87494962e-07 0 0 1.87494962e-07 0 0 1.87494962e-07 0 0 1.61131624e-07 0 0 1.61131624e-07 0 0 1.61131624e-07 0 0 1.36183075e-07 0 0 1.36183075e-07 0 0 1.36183075e-07 0 0 1.1287635e-07 0 0 1.1287635e-07 0 0 1.1287635e-07 0 0 9.13485749e-08 0 0 9.13485749e-08 0 0 9.13485749e-08 0 0 7.17776629e-08 0 0 7.17776629e-08 0 0 7.17776629e-08 0 0 5.43144338e-08 0 0 5.43144338e-08 0 0 5.43144338e-08 0 0 3.91014581e-08 0 0 3.91014581e-08 0 0 3.91014581e-08 0 0 2.62259192e-08 0 0 2.62259192e-08 0 0 2.62259192e-08 0 0 1.58185074e-08 0 0 1.58185074e-08 0 0 1.58185074e-08 0 0 7.94064814e-09 0 0 7.94064814e-09 0 0 7.94064814e-09 0 0 2.6517899e-09 0 0 2.6517899e-09 0 0 2.6517899e-09 0 0 4.27374907e-05 0 0 4.27374907e-05 0 0 4.27374907e-05 -0 -0 9.13497757e-08 -0 -0 9.13497757e-08 -0 -0 9.13497757e-08 -0 -0 3.03068589e-07 -0 -0 3.03068589e-07 -0 -0 3.03068589e-07 -0 -0 3.33412885e-07 -0 -0 3.33412885e-07 -0 -0 3.33412885e-07 0 0 9.14998236e-06 0 0 9.14998236e-06 0 0 9.14998236e-06 -0 -0 1.87495203e-07 -0 -0 1.87495203e-07 -0 -0 1.87495203e-07 -0 -0 2.15082139e-07 -0 -0 2.15082139e-07 -0 -0 2.15082139e-07 -0 -0 2.4368785e-07 -0 -0 2.4368785e-07 -0 -0 2.4368785e-07 0 0 2.73103751e-07 0 0 2.73103751e-07 0 0 2.73103751e-07 0 0 2.65308375e-09 0 0 2.65308375e-09 0 0 2.65308375e-09 -0 -0 7.93935317e-09 -0 -0 7.93935317e-09 -0 -0 7.93935317e-09 -0 -0 1.58191256e-08 -0 -0 1.58191256e-08 -0 -0 1.58191256e-08 0 0 2.62290669e-08 0 0 2.62290669e-08 0 0 2.62290669e-08 -0 -0 3.90983068e-08 -0 -0 3.90983068e-08 -0 -0 3.90983068e-08 -0 -0 5.43187078e-08 -0 -0 5.43187078e-08 -0 -0 5.43187078e-08 0 0 7.17776629e-08 0 0 7.17776629e-08 0 0 7.17776629e-08 -0 -0 1.12870971e-07 -0 -0 1.12870971e-07 -0 -0 1.12870971e-07 -0 -0 1.36189087e-07 -0 -0 1.36189087e-07 -0 -0 1.36189087e-07 0 0 1.61125399e-07 0 0 1.61125399e-07 0 0 1.61125399e-07 -0 0 3.03082203e-07 -0 0 3.03082203e-07 -0 0 3.03082203e-07 0 0 3.33399157e-07 0 0 3.33399157e-07 0 0 3.33399157e-07 0 0 2.73105002e-07 0 0 2.73105002e-07 0 0 2.73105002e-07 0 0 2.43689101e-07 0 0 2.43689101e-07 0 0 2.43689101e-07 0 0 2.15083219e-07 0 0 2.15083219e-07 0 0 2.15083219e-07 0 0 1.87487743e-07 0 0 1.87487743e-07 0 0 1.87487743e-07 0 0 1.61132903e-07 0 0 1.61132903e-07 0 0 1.61132903e-07 0 0 1.36190124e-07 0 0 1.36190124e-07 0 0 1.36190124e-07 0 0 1.12866609e-07 0 0 1.12866609e-07 0 0 1.12866609e-07 0 0 9.13541385e-08 0 0 9.13541385e-08 0 0 9.13541385e-08 0 0 7.17749629e-08 0 0 7.17749629e-08 0 0 7.17749629e-08 0 0 1.58191273e-08 0 0 1.58191273e-08 0 0 1.58191273e-08 0 0 7.93986121e-09 0 0 7.93986121e-09 0 0 7.93986121e-09 0 0 2.65302713e-09 0 0 2.65302713e-09 0 0 2.65302713e-09 0 0 5.43187113e-08 0 0 5.43187113e-08 0 0 5.43187113e-08 0 0 3.90983139e-08 0 0 3.90983139e-08 0 0 3.90983139e-08 0 0 2.62290669e-08 0 0 2.62290669e-08 0 0 2.62290669e-08 0 0 9.81132507e-06 0 0 9.81132507e-06 0 0 9.81132507e-06 0 0 1.21703079e-05 0 0 1.21703079e-05 0 0 1.21703079e-05 0 0 1.25230072e-05 0 0 1.25230072e-05 0 0 1.25230072e-05 0 0 1.05350264e-05 0 0 1.05350264e-05 0 0 1.05350264e-05 0 0 1.11724985e-05 0 0 1.11724985e-05 0 0 1.11724985e-05 0 0 1.17188902e-05 0 0 1.17188902e-05 0 0 1.17188902e-05 0 0 7.18159617e-06 0 0 7.18159617e-06 0 0 7.18159617e-06 0 0 8.1283888e-06 0 0 8.1283888e-06 0 0 8.1283888e-06 0 0 9.00716987e-06 0 0 9.00716987e-06 0 0 9.00716987e-06 0 0 1.27745561e-05 0 0 1.27745561e-05 0 0 1.27745561e-05 0 0 1.29228983e-05 0 0 1.29228983e-05 0 0 1.29228983e-05 0 0 1.29668042e-05 0 0 1.29668042e-05 0 0 1.29668042e-05 0 0 1.20579261e-05 0 0 1.20579261e-05 0 0 1.20579261e-05 0 0 1.22450001e-05 0 0 1.22450001e-05 0 0 1.22450001e-05 0 0 1.1998889e-05 0 0 1.1998889e-05 0 0 1.1998889e-05 0 0 1.16908686e-05 0 0 1.16908686e-05 0 0 1.16908686e-05 0 0 1.12881244e-05 0 0 1.12881244e-05 0 0 1.12881244e-05 0 -0 4.54392284e-06 0 -0 4.54392284e-06 0 -0 4.54392284e-06 0 -0 4.5366437e-06 0 -0 4.5366437e-06 0 -0 4.5366437e-06 0 0 4.48888386e-06 0 0 4.48888386e-06 0 0 4.48888386e-06 -0 0 6.17444539e-06 -0 0 6.17444539e-06 -0 0 6.17444539e-06 0 -0 0.000897299149 0 -0 0.000897299149 0 -0 0.000897299149 0 0 2.79121627e-06 0 0 2.79121627e-06 0 0 2.79121627e-06 0 0 1.23328891e-05 0 0 1.23328891e-05 0 0 1.23328891e-05 0 0 1.2321023e-05 0 0 1.2321023e-05 0 0 1.2321023e-05 0 0 1.22091878e-05 0 0 1.22091878e-05 0 0 1.22091878e-05 0 0 5.4686825e-06 0 0 5.4686825e-06 0 0 5.4686825e-06 -0 0 5.51446965e-06 -0 0 5.51446965e-06 -0 0 5.51446965e-06 -0 0 5.43668557e-06 -0 0 5.43668557e-06 -0 0 5.43668557e-06 0 0 5.31153637e-06 0 0 5.31153637e-06 0 0 5.31153637e-06 0 0 4.36167466e-06 0 0 4.36167466e-06 0 0 4.36167466e-06 0 0 1.33225376e-06 0 0 1.33225376e-06 0 0 1.33225376e-06 0 0 8.97814971e-07 0 0 8.97814971e-07 0 0 8.97814971e-07 0 -0 2.8777813e-06 0 -0 2.8777813e-06 0 -0 2.8777813e-06 0 -0 3.20144954e-06 0 -0 3.20144954e-06 0 -0 3.20144954e-06 0 0 3.49474976e-06 0 0 3.49474976e-06 0 0 3.49474976e-06 -0 -0 4.40099438e-06 -0 -0 4.40099438e-06 -0 -0 4.40099438e-06 -0 -0 4.27366194e-06 -0 -0 4.27366194e-06 -0 -0 4.27366194e-06 -0 0 0.000306820293 -0 0 0.000306820293 -0 0 0.000306820293 -0 0 5.12752467e-06 -0 0 5.12752467e-06 -0 0 5.12752467e-06 0 0 5.32115519e-06 0 0 5.32115519e-06 0 0 5.32115519e-06 0 0 3.76340722e-06 0 0 3.76340722e-06 0 0 3.76340722e-06 0 0 3.6957199e-06 0 0 3.6957199e-06 0 0 3.6957199e-06 0 0 3.60267586e-06 0 0 3.60267586e-06 0 0 3.60267586e-06 -0 0 5.14001249e-06 -0 0 5.14001249e-06 -0 0 5.14001249e-06 -0 0 4.9234477e-06 -0 0 4.9234477e-06 -0 0 4.9234477e-06 0 0 4.66317579e-06 0 0 4.66317579e-06 0 0 4.66317579e-06 -0 0 4.02120531e-06 -0 0 4.02120531e-06 -0 0 4.02120531e-06 -0 0 3.64366724e-06 -0 0 3.64366724e-06 -0 0 3.64366724e-06 0 0 3.23280983e-06 0 0 3.23280983e-06 0 0 3.23280983e-06 0 0 1.07933538e-05 0 0 1.07933538e-05 0 0 1.07933538e-05 0 0 1.02108097e-05 0 0 1.02108097e-05 0 0 1.02108097e-05 0 0 9.54407005e-06 0 0 9.54407005e-06 0 0 9.54407005e-06 0 0 8.79915024e-06 0 0 8.79915024e-06 0 0 8.79915024e-06 0 0 7.98114434e-06 0 0 7.98114434e-06 0 0 7.98114434e-06 0 0 7.09633605e-06 0 0 7.09633605e-06 0 0 7.09633605e-06 0 -0 1.75057107e-06 0 -0 1.75057107e-06 0 -0 1.75057107e-06 0 -0 2.14960301e-06 0 -0 2.14960301e-06 0 -0 2.14960301e-06 0 0 2.52632344e-06 0 0 2.52632344e-06 0 0 2.52632344e-06 0 -0 3.75544369e-06 0 -0 3.75544369e-06 0 -0 3.75544369e-06 0 -0 3.98171414e-06 0 -0 3.98171414e-06 0 -0 3.98171414e-06 0 0 4.17153933e-06 0 0 4.17153933e-06 0 0 4.17153933e-06 -0 0 5.56850409e-06 -0 0 5.56850409e-06 -0 0 5.56850409e-06 -0 0 5.61994739e-06 -0 0 5.61994739e-06 -0 0 5.61994739e-06 0 0 3.15254943e-06 0 0 3.15254943e-06 0 0 3.15254943e-06 -0 0 5.64886886e-06 -0 0 5.64886886e-06 -0 0 5.64886886e-06 0 0 3.34306264e-06 0 0 3.34306264e-06 0 0 3.34306264e-06 0 0 3.48480535e-06 0 0 3.48480535e-06 0 0 3.48480535e-06 0 0 3.02339845e-06 0 0 3.02339845e-06 0 0 3.02339845e-06 0 -0 4.32376555e-06 0 -0 4.32376555e-06 0 -0 4.32376555e-06 0 -0 4.43705721e-06 0 -0 4.43705721e-06 0 -0 4.43705721e-06 0 0 4.51067535e-06 0 0 4.51067535e-06 0 0 4.51067535e-06 0 0 3.61895673e-06 0 0 3.61895673e-06 0 0 3.61895673e-06 0 0 3.70828229e-06 0 0 3.70828229e-06 0 0 3.70828229e-06 0 0 3.77150718e-06 0 0 3.77150718e-06 0 0 3.77150718e-06 0 0 3.80927713e-06 0 0 3.80927713e-06 0 0 3.80927713e-06 0 0 3.82014468e-06 0 0 3.82014468e-06 0 0 3.82014468e-06 0 0 3.80496203e-06 0 0 3.80496203e-06 0 0 3.80496203e-06 0 0 3.20614663e-06 0 0 3.20614663e-06 0 0 3.20614663e-06 0 0 3.367094e-06 0 0 3.367094e-06 0 0 3.367094e-06 0 0 3.50520713e-06 0 0 3.50520713e-06 0 0 3.50520713e-06 0 0 6.15177487e-06 0 0 6.15177487e-06 0 0 6.15177487e-06 0 0 5.15423426e-06 0 0 5.15423426e-06 0 0 5.15423426e-06 0 0 4.11158544e-06 0 0 4.11158544e-06 0 0 4.11158544e-06 0 0 3.03167008e-06 0 0 3.03167008e-06 0 0 3.03167008e-06 0 0 1.92262769e-06 0 0 1.92262769e-06 0 0 1.92262769e-06 0 0 7.92962965e-07 0 0 7.92962965e-07 0 0 7.92962965e-07 0 -0 5.54444296e-06 0 -0 5.54444296e-06 0 -0 5.54444296e-06 0 0 2.59858939e-06 0 0 2.59858939e-06 0 0 2.59858939e-06 0 0 2.82033579e-06 0 0 2.82033579e-06 0 0 2.82033579e-06 -0 0 0.00139999983 -0 0 0.00139999983 -0 0 0.00139999983 0 0 0.00139999995 0 0 0.00139999995 0 0 0.00139999995 -0 0 0.00139999995 -0 0 0.00139999995 -0 0 0.00139999995 0 0 5.94999583e-05 0 0 5.94999583e-05 0 0 5.94999583e-05 0 0 4.50523657e-07 0 0 4.50523657e-07 0 0 4.50523657e-07 0 0 1.02107215e-05 0 0 1.02107215e-05 0 0 1.02107215e-05 0 0 7.09642609e-06 0 0 7.09642609e-06 0 0 7.09642609e-06 -0 0 3.9816814e-06 -0 0 3.9816814e-06 -0 0 3.9816814e-06 0 0 7.9810543e-06 0 0 7.9810543e-06 0 0 7.9810543e-06 0 0 8.79915024e-06 0 0 8.79915024e-06 0 0 8.79915024e-06 0 0 9.54415736e-06 0 0 9.54415736e-06 0 0 9.54415736e-06 0 0 1.07934429e-05 0 0 1.07934429e-05 0 0 1.07934429e-05 0 0 1.12881216e-05 0 0 1.12881216e-05 0 0 1.12881216e-05 0 0 1.16908705e-05 0 0 1.16908705e-05 0 0 1.16908705e-05 0 -0 4.86833187e-06 0 -0 4.86833187e-06 0 -0 4.86833187e-06 -0 0 4.48888431e-06 -0 0 4.48888431e-06 -0 0 4.48888431e-06 0 0 7.92964897e-07 0 0 7.92964897e-07 0 0 7.92964897e-07 0 0 1.92262837e-06 0 0 1.92262837e-06 0 0 1.92262837e-06 0 0 3.03166962e-06 0 0 3.03166962e-06 0 0 3.03166962e-06 0 0 4.11149313e-06 0 0 4.11149313e-06 0 0 4.11149313e-06 0 0 5.15423426e-06 0 0 5.15423426e-06 0 0 5.15423426e-06 0 0 6.15177487e-06 0 0 6.15177487e-06 0 0 6.15177487e-06 0 0 1.19988026e-05 0 0 1.19988026e-05 0 0 1.19988026e-05 0 0 1.22092679e-05 0 0 1.22092679e-05 0 0 1.22092679e-05 0 0 1.23210193e-05 0 0 1.23210193e-05 0 0 1.23210193e-05 0 0 1.24493163e-05 0 0 1.24493163e-05 0 0 1.24493163e-05 0 0 1.22643187e-05 0 0 1.22643187e-05 0 0 1.22643187e-05 0 0 1.19799515e-05 0 0 1.19799515e-05 0 0 1.19799515e-05 0 -0 4.59941703e-06 0 -0 4.59941703e-06 0 -0 4.59941703e-06 -0 0 0.000228836812 -0 0 0.000228836812 -0 0 0.000228836812 0 0 4.27366194e-06 0 0 4.27366194e-06 0 0 4.27366194e-06 0 0 4.40099393e-06 0 0 4.40099393e-06 0 0 4.40099393e-06 0 0 4.3901473e-06 0 0 4.3901473e-06 0 0 4.3901473e-06 -0 0 4.5366437e-06 -0 0 4.5366437e-06 -0 0 4.5366437e-06 -0 0 4.54395467e-06 -0 0 4.54395467e-06 -0 0 4.54395467e-06 0 0 4.51064625e-06 0 0 4.51064625e-06 0 0 4.51064625e-06 -0 0 4.43705767e-06 -0 0 4.43705767e-06 -0 0 4.43705767e-06 -0 0 4.32376555e-06 -0 0 4.32376555e-06 -0 0 4.32376555e-06 0 0 4.17157207e-06 0 0 4.17157207e-06 0 0 4.17157207e-06 -0 0 3.75547688e-06 -0 0 3.75547688e-06 -0 0 3.75547688e-06 -0 0 3.49474908e-06 -0 0 3.49474908e-06 -0 0 3.49474908e-06 0 0 3.20141589e-06 0 0 3.20141589e-06 0 0 3.20141589e-06 0 0 1.23982363e-05 0 0 1.23982363e-05 0 0 1.23982363e-05 0 0 1.25166371e-05 0 0 1.25166371e-05 0 0 1.25166371e-05 0 0 1.25336228e-05 0 0 1.25336228e-05 0 0 1.25336228e-05 0 -0 2.38338771e-06 0 -0 2.38338771e-06 0 -0 2.38338771e-06 0 -0 2.79501364e-06 0 -0 2.79501364e-06 0 -0 2.79501364e-06 0 0 3.17949161e-06 0 0 3.17949161e-06 0 0 3.17949161e-06 -0 0 2.87781586e-06 -0 0 2.87781586e-06 -0 0 2.87781586e-06 -0 0 2.52632412e-06 -0 0 2.52632412e-06 -0 0 2.52632412e-06 0 0 2.14960346e-06 0 0 2.14960346e-06 0 0 2.14960346e-06 -0 0 1.75053583e-06 -0 0 1.75053583e-06 -0 0 1.75053583e-06 -0 0 1.33225421e-06 -0 0 1.33225421e-06 -0 0 1.33225421e-06 0 0 8.97814971e-07 0 0 8.97814971e-07 0 0 8.97814971e-07 0 0 1.1598504e-05 0 0 1.1598504e-05 0 0 1.1598504e-05 0 0 1.11227573e-05 0 0 1.11227573e-05 0 0 1.11227573e-05 0 0 1.05563377e-05 0 0 1.05563377e-05 0 0 1.05563377e-05 0 0 9.90381795e-06 0 0 9.90381795e-06 0 0 9.90381795e-06 0 0 9.16984209e-06 0 0 9.16984209e-06 0 0 9.16984209e-06 0 0 8.3601044e-06 0 0 8.3601044e-06 0 0 8.3601044e-06 0 -0 3.53391442e-06 0 -0 3.53391442e-06 0 -0 3.53391442e-06 0 -0 3.8553203e-06 0 -0 3.8553203e-06 0 -0 3.8553203e-06 0 0 4.14150418e-06 0 0 4.14150418e-06 0 0 4.14150418e-06 0 -0 4.76775494e-06 0 -0 4.76775494e-06 0 -0 4.76775494e-06 0 -0 4.89377408e-06 0 -0 4.89377408e-06 0 -0 4.89377408e-06 0 0 4.97663859e-06 0 0 4.97663859e-06 0 0 4.97663859e-06 0 -0 5.01562272e-06 0 -0 5.01562272e-06 0 -0 5.01562272e-06 0 -0 5.01045224e-06 0 -0 5.01045224e-06 0 -0 5.01045224e-06 0 0 4.9611408e-06 0 0 4.9611408e-06 0 0 4.9611408e-06 0 0 7.48071534e-06 0 0 7.48071534e-06 0 0 7.48071534e-06 0 0 6.53854568e-06 0 0 6.53854568e-06 0 0 6.53854568e-06 0 0 0.000472914457 0 0 0.000472914457 0 0 0.000472914457 0 0 3.14794306e-08 0 0 3.14794306e-08 0 0 3.14794306e-08 0 0 5.29311365e-07 0 0 5.29311365e-07 0 0 5.29311365e-07 0 0 1.01685282e-06 0 0 1.01685282e-06 0 0 1.01685282e-06 0 0 1.49084644e-06 0 0 1.49084644e-06 0 0 1.49084644e-06 0 0 1.9473955e-06 0 0 1.9473955e-06 0 0 1.9473955e-06 0 0 1.29060181e-05 0 0 1.29060181e-05 0 0 1.29060181e-05 0 0 0.000940911472 0 0 0.000940911472 0 0 0.000940911472 0 0 0.00200000009 0 0 0.00200000009 0 0 0.00200000009 0 0 0.00200000009 0 0 0.00200000009 0 0 0.00200000009 0 -0 8.12829057e-06 0 -0 8.12829057e-06 0 -0 8.12829057e-06 0 0 6.15177623e-06 0 0 6.15177623e-06 0 0 6.15177623e-06 0 0 7.09633696e-06 0 0 7.09633696e-06 0 0 7.09633696e-06 0 0 7.9811507e-06 0 0 7.9811507e-06 0 0 7.9811507e-06 0 -0 4.00895624e-06 0 -0 4.00895624e-06 0 -0 4.00895624e-06 -0 0 6.1517776e-06 -0 0 6.1517776e-06 -0 0 6.1517776e-06 0 0 3.03148022e-06 0 0 3.03148022e-06 0 0 3.03148022e-06 0 0 4.11159272e-06 0 0 4.11159272e-06 0 0 4.11159272e-06 0 0 5.15422653e-06 0 0 5.15422653e-06 0 0 5.15422653e-06 0 0 1.29668852e-05 0 0 1.29668852e-05 0 0 1.29668852e-05 0 0 1.21703088e-05 0 0 1.21703088e-05 0 0 1.21703088e-05 0 0 1.17188447e-05 0 0 1.17188447e-05 0 0 1.17188447e-05 0 -0 7.09633878e-06 0 -0 7.09633878e-06 0 -0 7.09633878e-06 -0 0 1.92263587e-06 -0 0 1.92263587e-06 -0 0 1.92263587e-06 -0 0 7.93144409e-07 -0 0 7.93144409e-07 -0 0 7.93144409e-07 0 0 8.4999956e-05 0 0 8.4999956e-05 0 0 8.4999956e-05 0 0 7.93150662e-07 0 0 7.93150662e-07 0 0 7.93150662e-07 0 0 1.92263178e-06 0 0 1.92263178e-06 0 0 1.92263178e-06 0 0 1.29227237e-05 0 0 1.29227237e-05 0 0 1.29227237e-05 0 0 1.27745579e-05 0 0 1.27745579e-05 0 0 1.27745579e-05 0 0 1.25232036e-05 0 0 1.25232036e-05 0 0 1.25232036e-05 0 0 1.11725012e-05 0 0 1.11725012e-05 0 0 1.11725012e-05 0 0 1.053503e-05 0 0 1.053503e-05 0 0 1.053503e-05 0 0 9.81154153e-06 0 0 9.81154153e-06 0 0 9.81154153e-06 0 0 9.00698069e-06 0 0 9.00698069e-06 0 0 9.00698069e-06 0 0 8.12828966e-06 0 0 8.12828966e-06 0 0 8.12828966e-06 0 0 7.18171941e-06 0 0 7.18171941e-06 0 0 7.18171941e-06 0 0 6.17453134e-06 0 0 6.17453134e-06 0 0 6.17453134e-06 0 0 5.11415737e-06 0 0 5.11415737e-06 0 0 5.11415737e-06 0 0 4.00905265e-06 0 0 4.00905265e-06 0 0 4.00905265e-06 0 0 1.07933547e-05 0 0 1.07933547e-05 0 0 1.07933547e-05 0 -0 5.11425606e-06 0 -0 5.11425606e-06 0 -0 5.11425606e-06 0 -0 6.17443311e-06 0 -0 6.17443311e-06 0 -0 6.17443311e-06 0 0 7.18171941e-06 0 0 7.18171941e-06 0 0 7.18171941e-06 0 -0 9.00698251e-06 0 -0 9.00698251e-06 0 -0 9.00698251e-06 0 -0 9.81150879e-06 0 -0 9.81150879e-06 0 -0 9.81150879e-06 0 0 1.05350045e-05 0 0 1.05350045e-05 0 0 1.05350045e-05 0 -0 1.11726058e-05 0 -0 1.11726058e-05 0 -0 1.11726058e-05 0 -0 1.17188456e-05 0 -0 1.17188456e-05 0 -0 1.17188456e-05 -0 0 0.000954037532 -0 0 0.000954037532 -0 0 0.000954037532 0 0 8.98384496e-06 0 0 8.98384496e-06 0 0 8.98384496e-06 -0 0 1.23209993e-05 -0 0 1.23209993e-05 -0 0 1.23209993e-05 0 0 1.2209377e-05 0 0 1.2209377e-05 0 0 1.2209377e-05 -0 0 1.12881226e-05 -0 0 1.12881226e-05 -0 0 1.12881226e-05 -0 0 1.07933556e-05 -0 0 1.07933556e-05 -0 0 1.07933556e-05 0 0 1.02106351e-05 0 0 1.02106351e-05 0 0 1.02106351e-05 -0 0 9.54426378e-06 -0 0 9.54426378e-06 -0 0 9.54426378e-06 -0 0 8.7991657e-06 -0 0 8.7991657e-06 -0 0 8.7991657e-06 0 0 7.98114343e-06 0 0 7.98114343e-06 0 0 7.98114343e-06 -0 0 5.15422835e-06 -0 0 5.15422835e-06 -0 0 5.15422835e-06 -0 0 4.11159363e-06 -0 0 4.11159363e-06 -0 0 4.11159363e-06 0 0 3.03147317e-06 0 0 3.03147317e-06 0 0 3.03147317e-06 0 0 1.12881216e-05 0 0 1.12881216e-05 0 0 1.12881216e-05 0 0 1.1691046e-05 0 0 1.1691046e-05 0 0 1.1691046e-05 0 0 1.19986944e-05 0 0 1.19986944e-05 0 0 1.19986944e-05 0 0 9.71074132e-06 0 0 9.71074132e-06 0 0 9.71074132e-06 0 0 1.03575903e-05 0 0 1.03575903e-05 0 0 1.03575903e-05 0 0 1.09197135e-05 0 0 1.09197135e-05 0 0 1.09197135e-05 0 0 8.79915206e-06 0 0 8.79915206e-06 0 0 8.79915206e-06 0 0 9.54426287e-06 0 0 9.54426287e-06 0 0 9.54426287e-06 0 0 1.02106351e-05 0 0 1.02106351e-05 0 0 1.02106351e-05 0 0 1.13928763e-05 0 0 1.13928763e-05 0 0 1.13928763e-05 0 0 1.17730269e-05 0 0 1.17730269e-05 0 0 1.17730269e-05 0 0 1.20579498e-05 0 0 1.20579498e-05 0 0 1.20579498e-05 0 0 1.22450028e-05 0 0 1.22450028e-05 0 0 1.22450028e-05 -0 0 1.23328928e-05 -0 0 1.23328928e-05 -0 0 1.23328928e-05 0 0 1.23210048e-05 0 0 1.23210048e-05 0 0 1.23210048e-05 0 0 1.23328928e-05 0 0 1.23328928e-05 0 0 1.23328928e-05 0 0 1.22450019e-05 0 0 1.22450019e-05 0 0 1.22450019e-05 0 0 0.000940228405 0 0 0.000940228405 0 0 0.000940228405 0 0 1.27411777e-05 0 0 1.27411777e-05 0 0 1.27411777e-05 0 0 1.2905919e-05 0 0 1.2905919e-05 0 0 1.2905919e-05 -0 0 1.22093816e-05 -0 0 1.22093816e-05 -0 0 1.22093816e-05 -0 0 1.19986944e-05 -0 0 1.19986944e-05 -0 0 1.19986944e-05 0 0 1.16910524e-05 0 0 1.16910524e-05 0 0 1.16910524e-05 0 0 7.98114615e-06 0 0 7.98114615e-06 0 0 7.98114615e-06 0 0 7.096427e-06 0 0 7.096427e-06 0 0 7.096427e-06 0 0 6.15168392e-06 0 0 6.15168392e-06 0 0 6.15168392e-06 0 0 0.00131500023 0 0 0.00131500023 0 0 0.00131500023 0 0 0.001315 0 0 0.001315 0 0 0.001315 0 0 4.00916906e-06 0 0 4.00916906e-06 0 0 4.00916906e-06 0 0 1.21703088e-05 0 0 1.21703088e-05 0 0 1.21703088e-05 0 0 1.02106333e-05 0 0 1.02106333e-05 0 0 1.02106333e-05 0 0 9.54417374e-06 0 0 9.54417374e-06 0 0 9.54417374e-06 0 0 8.79915024e-06 0 0 8.79915024e-06 0 0 8.79915024e-06 -0 0 9.81141784e-06 -0 0 9.81141784e-06 -0 0 9.81141784e-06 -0 0 9.00707255e-06 -0 0 9.00707255e-06 -0 0 9.00707255e-06 0 0 8.12829239e-06 0 0 8.12829239e-06 0 0 8.12829239e-06 0 -0 3.03156526e-06 0 -0 3.03156526e-06 0 -0 3.03156526e-06 0 -0 4.11159363e-06 0 -0 4.11159363e-06 0 -0 4.11159363e-06 0 0 5.11415737e-06 0 0 5.11415737e-06 0 0 5.11415737e-06 0 0 6.17448495e-06 0 0 6.17448495e-06 0 0 6.17448495e-06 0 0 7.181603e-06 0 0 7.181603e-06 0 0 7.181603e-06 0 0 1.05350282e-05 0 0 1.05350282e-05 0 0 1.05350282e-05 0 0 1.11724557e-05 0 0 1.11724557e-05 0 0 1.11724557e-05 0 0 1.17189484e-05 0 0 1.17189484e-05 0 0 1.17189484e-05 -0 0 7.1816512e-06 -0 0 7.1816512e-06 -0 0 7.1816512e-06 -0 0 6.17438718e-06 -0 0 6.17438718e-06 -0 0 6.17438718e-06 0 0 5.1142415e-06 0 0 5.1142415e-06 0 0 5.1142415e-06 0 0 8.12828966e-06 0 0 8.12828966e-06 0 0 8.12828966e-06 0 0 9.00707164e-06 0 0 9.00707164e-06 0 0 9.00707164e-06 0 0 9.81142512e-06 0 0 9.81142512e-06 0 0 9.81142512e-06 0 0 1.16909569e-05 0 0 1.16909569e-05 0 0 1.16909569e-05 0 0 1.12881216e-05 0 0 1.12881216e-05 0 0 1.12881216e-05 0 0 1.07934466e-05 0 0 1.07934466e-05 0 0 1.07934466e-05 0 0 5.15422744e-06 0 0 5.15422744e-06 0 0 5.15422744e-06 0 0 4.11159272e-06 0 0 4.11159272e-06 0 0 4.11159272e-06 0 0 3.0315714e-06 0 0 3.0315714e-06 0 0 3.0315714e-06 0 0 1.92262837e-06 0 0 1.92262837e-06 0 0 1.92262837e-06 0 0 7.93057552e-07 0 0 7.93057552e-07 0 0 7.93057552e-07 0 0 8.4999956e-05 0 0 8.4999956e-05 0 0 8.4999956e-05 0 -0 7.93051242e-07 0 -0 7.93051242e-07 0 -0 7.93051242e-07 0 0 1.92263542e-06 0 0 1.92263542e-06 0 0 1.92263542e-06 0 -0 5.15422789e-06 0 -0 5.15422789e-06 0 -0 5.15422789e-06 0 -0 6.15168665e-06 0 -0 6.15168665e-06 0 -0 6.15168665e-06 0 0 7.09643064e-06 0 0 7.09643064e-06 0 0 7.09643064e-06 0 -0 7.98114706e-06 0 -0 7.98114706e-06 0 -0 7.98114706e-06 0 -0 8.7991657e-06 0 -0 8.7991657e-06 0 -0 8.7991657e-06 0 0 9.54417192e-06 0 0 9.54417192e-06 0 0 9.54417192e-06 -0 0 4.50523487e-07 -0 0 4.50523487e-07 -0 0 4.50523487e-07 -0 0 5.95000893e-05 -0 0 5.95000893e-05 -0 0 5.95000893e-05 0 0 0.00139999983 0 0 0.00139999983 0 0 0.00139999983 -0 0 0.000954037416 -0 0 0.000954037416 -0 0 0.000954037416 0 0 7.02420948e-06 0 0 7.02420948e-06 0 0 7.02420948e-06 0 0 1.25231409e-05 0 0 1.25231409e-05 0 0 1.25231409e-05 0 0 1.2774557e-05 0 0 1.2774557e-05 0 0 1.2774557e-05 0 0 1.2922741e-05 0 0 1.2922741e-05 0 0 1.2922741e-05 0 0 1.29667978e-05 0 0 1.29667978e-05 0 0 1.29667978e-05 0 0 1.29060481e-05 0 0 1.29060481e-05 0 0 1.29060481e-05 0 0 0.00094091153 0 0 0.00094091153 0 0 0.00094091153 0 0 1.20579598e-05 0 0 1.20579598e-05 0 0 1.20579598e-05 0 0 1.22450238e-05 0 0 1.22450238e-05 0 0 1.22450238e-05 0 0 1.23328937e-05 0 0 1.23328937e-05 0 0 1.23328937e-05 0 0 1.23209984e-05 0 0 1.23209984e-05 0 0 1.23209984e-05 0 0 1.22092933e-05 0 0 1.22092933e-05 0 0 1.22092933e-05 0 0 1.19987817e-05 0 0 1.19987817e-05 0 0 1.19987817e-05 0 0 7.98099882e-06 0 0 7.98099882e-06 0 0 7.98099882e-06 0 0 8.87115493e-06 0 0 8.87115493e-06 0 0 8.87115493e-06 0 0 9.68796667e-06 0 0 9.68796667e-06 0 0 9.68796667e-06 0 0 1.04247738e-05 0 0 1.04247738e-05 0 0 1.04247738e-05 0 0 1.10763585e-05 0 0 1.10763585e-05 0 0 1.10763585e-05 0 0 1.16378069e-05 0 0 1.16378069e-05 0 0 1.16378069e-05 0 0 1.21046078e-05 0 0 1.21046078e-05 0 0 1.21046078e-05 -0 0 1.24733106e-05 -0 0 1.24733106e-05 -0 0 1.24733106e-05 0 0 1.27411913e-05 0 0 1.27411913e-05 0 0 1.27411913e-05 -0 0 1.29060491e-05 -0 0 1.29060491e-05 -0 0 1.29060491e-05 -0 0 1.29667987e-05 -0 0 1.29667987e-05 -0 0 1.29667987e-05 0 0 1.2922741e-05 0 0 1.2922741e-05 0 0 1.2922741e-05 -0 0 1.27745589e-05 -0 0 1.27745589e-05 -0 0 1.27745589e-05 -0 0 1.25231418e-05 -0 0 1.25231418e-05 -0 0 1.25231418e-05 0 0 1.21702906e-05 0 0 1.21702906e-05 0 0 1.21702906e-05 -0 0 1.17189784e-05 -0 0 1.17189784e-05 -0 0 1.17189784e-05 -0 0 1.11725603e-05 -0 0 1.11725603e-05 -0 0 1.11725603e-05 0 0 1.05350628e-05 0 0 1.05350628e-05 0 0 1.05350628e-05 0 0 1.233289e-05 0 0 1.233289e-05 0 0 1.233289e-05 0 0 0.000630974886 0 0 0.000630974886 0 0 0.000630974886 0 0 0.00134250009 0 0 0.00134250009 0 0 0.00134250009 0 0 0.00134250009 0 0 0.00134250009 0 0 0.00134250009 0 0 4.39751466e-06 0 0 4.39751466e-06 0 0 4.39751466e-06 0 0 4.40108624e-06 0 0 4.40108624e-06 0 0 4.40108624e-06 0 0 4.36528353e-06 0 0 4.36528353e-06 0 0 4.36528353e-06 0 0 4.29010606e-06 0 0 4.29010606e-06 0 0 4.29010606e-06 0 0 4.17644696e-06 0 0 4.17644696e-06 0 0 4.17644696e-06 0 0 4.0250161e-06 0 0 4.0250161e-06 0 0 4.0250161e-06 -0 0 3.9934921e-06 -0 0 3.9934921e-06 -0 0 3.9934921e-06 0 0 3.79906851e-06 0 0 3.79906851e-06 0 0 3.79906851e-06 0 0 4.15172781e-06 0 0 4.15172781e-06 0 0 4.15172781e-06 0 0 4.27234454e-06 0 0 4.27234454e-06 0 0 4.27234454e-06 0 0 4.35450056e-06 0 0 4.35450056e-06 0 0 4.35450056e-06 0 0 2.0680709e-06 0 0 2.0680709e-06 0 0 2.0680709e-06 0 0 2.17852471e-06 0 0 2.17852471e-06 0 0 2.17852471e-06 0 0 2.38905295e-06 0 0 2.38905295e-06 0 0 2.38905295e-06 0 0 2.38181224e-06 0 0 2.38181224e-06 0 0 2.38181224e-06 0 -0 1.1998869e-05 0 -0 1.1998869e-05 0 -0 1.1998869e-05 0 -0 1.2209206e-05 0 -0 1.2209206e-05 0 -0 1.2209206e-05 0 0 1.23210048e-05 0 0 1.23210048e-05 0 0 1.23210048e-05 0 0 3.83696806e-06 0 0 3.83696806e-06 0 0 3.83696806e-06 0 0 3.61369848e-06 0 0 3.61369848e-06 0 0 3.61369848e-06 0 0 0.000173618493 0 0 0.000173618493 0 0 0.000173618493 0 0 1.7830273e-06 0 0 1.7830273e-06 0 0 1.7830273e-06 0 0 1.93591768e-06 0 0 1.93591768e-06 0 0 1.93591768e-06 0 0 2.26641464e-06 0 0 2.26641464e-06 0 0 2.26641464e-06 0 0 2.33110995e-06 0 0 2.33110995e-06 0 0 2.33110995e-06 0 0 2.37206223e-06 0 0 2.37206223e-06 0 0 2.37206223e-06 0 -0 1.23328928e-05 0 -0 1.23328928e-05 0 -0 1.23328928e-05 -0 -0 1.22450019e-05 -0 -0 1.22450019e-05 -0 -0 1.22450019e-05 -0 0 0.000940228289 -0 0 0.000940228289 -0 0 0.000940228289 -0 0 1.27411777e-05 -0 0 1.27411777e-05 -0 0 1.27411777e-05 0 0 1.29061518e-05 0 0 1.29061518e-05 0 0 1.29061518e-05 -0 0 1.29667096e-05 -0 0 1.29667096e-05 -0 0 1.29667096e-05 -0 0 1.29228993e-05 -0 0 1.29228993e-05 -0 0 1.29228993e-05 0 0 1.27745443e-05 0 0 1.27745443e-05 0 0 1.27745443e-05 -0 0 1.25230081e-05 -0 0 1.25230081e-05 -0 0 1.25230081e-05 -0 0 1.21703088e-05 -0 0 1.21703088e-05 -0 0 1.21703088e-05 0 0 1.17190648e-05 0 0 1.17190648e-05 0 0 1.17190648e-05 -0 0 1.11725021e-05 -0 0 1.11725021e-05 -0 0 1.11725021e-05 -0 0 1.05350291e-05 -0 0 1.05350291e-05 -0 0 1.05350291e-05 0 0 9.8113087e-06 0 0 9.8113087e-06 0 0 9.8113087e-06 0 0 2.35053244e-06 0 0 2.35053244e-06 0 0 2.35053244e-06 0 0 2.29535863e-06 0 0 2.29535863e-06 0 0 2.29535863e-06 0 0 2.21680421e-06 0 0 2.21680421e-06 0 0 2.21680421e-06 0 0 1.68252427e-06 0 0 1.68252427e-06 0 0 1.68252427e-06 0 0 7.98114615e-06 0 0 7.98114615e-06 0 0 7.98114615e-06 0 0 7.09633969e-06 0 0 7.09633969e-06 0 0 7.09633969e-06 0 -0 8.79915297e-06 0 -0 8.79915297e-06 0 -0 8.79915297e-06 0 -0 9.54408461e-06 0 -0 9.54408461e-06 0 -0 9.54408461e-06 0 0 1.02108097e-05 0 0 1.02108097e-05 0 0 1.02108097e-05 -0 0 9.00716259e-06 -0 0 9.00716259e-06 -0 0 9.00716259e-06 -0 0 8.12828966e-06 -0 0 8.12828966e-06 -0 0 8.12828966e-06 0 0 0.000819851761 0 0 0.000819851761 0 0 0.000819851761 0 0 2.34161598e-06 0 0 2.34161598e-06 0 0 2.34161598e-06 0 0 2.6908092e-06 0 0 2.6908092e-06 0 0 2.6908092e-06 0 0 3.01326145e-06 0 0 3.01326145e-06 0 0 3.01326145e-06 0 0 3.3070321e-06 0 0 3.3070321e-06 0 0 3.3070321e-06 0 0 3.56954115e-06 0 0 3.56954115e-06 0 0 3.56954115e-06 0 -0 7.92964386e-07 0 -0 7.92964386e-07 0 -0 7.92964386e-07 0 -0 1.92262792e-06 0 -0 1.92262792e-06 0 -0 1.92262792e-06 0 0 3.03166598e-06 0 0 3.03166598e-06 0 0 3.03166598e-06 0 -0 4.11159272e-06 0 -0 4.11159272e-06 0 -0 4.11159272e-06 0 -0 5.15422698e-06 0 -0 5.15422698e-06 0 -0 5.15422698e-06 0 0 6.15177487e-06 0 0 6.15177487e-06 0 0 6.15177487e-06 0 -0 1.07933547e-05 0 -0 1.07933547e-05 0 -0 1.07933547e-05 0 -0 1.12881216e-05 0 -0 1.12881216e-05 0 -0 1.12881216e-05 0 0 1.16908705e-05 0 0 1.16908705e-05 0 0 1.16908705e-05 0 0 2.11531164e-06 0 0 2.11531164e-06 0 0 2.11531164e-06 0 0 1.99184706e-06 0 0 1.99184706e-06 0 0 1.99184706e-06 0 0 1.84720284e-06 0 0 1.84720284e-06 0 0 1.84720284e-06 0 0 1.49911318e-06 0 0 1.49911318e-06 0 0 1.49911318e-06 0 0 1.29828231e-06 0 0 1.29828231e-06 0 0 1.29828231e-06 0 0 1.08162476e-06 0 0 1.08162476e-06 0 0 1.08162476e-06 0 0 8.50756464e-07 0 0 8.50756464e-07 0 0 8.50756464e-07 0 0 6.07439574e-07 0 0 6.07439574e-07 0 0 6.07439574e-07 0 0 3.53507858e-07 0 0 3.53507858e-07 0 0 3.53507858e-07 0 0 5.22749688e-05 0 0 5.22749688e-05 0 0 5.22749688e-05 0 0 0.00123000017 0 0 0.00123000017 0 0 0.00123000017 0 0 0.00123000017 0 0 0.00123000017 0 0 0.00123000017 0 0 0.00123000005 0 0 0.00123000005 0 0 0.00123000005 0 0 0.00123000005 0 0 0.00123000005 0 0 0.00123000005 0 0 6.07440029e-07 0 0 6.07440029e-07 0 0 6.07440029e-07 0 0 8.50756919e-07 0 0 8.50756919e-07 0 0 8.50756919e-07 0 0 1.68254314e-06 0 0 1.68254314e-06 0 0 1.68254314e-06 0 0 1.84718522e-06 0 0 1.84718522e-06 0 0 1.84718522e-06 0 0 1.99184706e-06 0 0 1.99184706e-06 0 0 1.99184706e-06 0 0 2.11532915e-06 0 0 2.11532915e-06 0 0 2.11532915e-06 0 0 2.21678783e-06 0 0 2.21678783e-06 0 0 2.21678783e-06 0 0 2.29537545e-06 0 0 2.29537545e-06 0 0 2.29537545e-06 0 0 2.35053267e-06 0 0 2.35053267e-06 0 0 2.35053267e-06 0 0 2.38181201e-06 0 0 2.38181201e-06 0 0 2.38181201e-06 0 0 1.08160498e-06 0 0 1.08160498e-06 0 0 1.08160498e-06 0 0 1.29828231e-06 0 0 1.29828231e-06 0 0 1.29828231e-06 0 0 1.49911284e-06 0 0 1.49911284e-06 0 0 1.49911284e-06 0 0 2.38903704e-06 0 0 2.38903704e-06 0 0 2.38903704e-06 0 0 2.3720786e-06 0 0 2.3720786e-06 0 0 2.3720786e-06 0 0 2.3311095e-06 0 0 2.3311095e-06 0 0 2.3311095e-06 0 0 2.83958093e-06 0 0 2.83958093e-06 0 0 2.83958093e-06 0 0 2.95519135e-06 0 0 2.95519135e-06 0 0 2.95519135e-06 0 -0 9.90382159e-06 0 -0 9.90382159e-06 0 -0 9.90382159e-06 0 0 9.16984391e-06 0 0 9.16984391e-06 0 0 9.16984391e-06 0 -0 1.25336828e-05 0 -0 1.25336828e-05 0 -0 1.25336828e-05 0 -0 1.25165698e-05 0 -0 1.25165698e-05 0 -0 1.25165698e-05 -0 0 0.000631128263 -0 0 0.000631128263 -0 0 0.000631128263 0 0 1.22450019e-05 0 0 1.22450019e-05 0 0 1.22450019e-05 -0 0 1.23328919e-05 -0 0 1.23328919e-05 -0 0 1.23328919e-05 -0 0 1.23209984e-05 -0 0 1.23209984e-05 -0 0 1.23209984e-05 0 0 1.22092897e-05 0 0 1.22092897e-05 0 0 1.22092897e-05 -0 0 1.19987817e-05 -0 0 1.19987817e-05 -0 0 1.19987817e-05 -0 0 1.16908695e-05 -0 0 1.16908695e-05 -0 0 1.16908695e-05 0 0 1.12881171e-05 0 0 1.12881171e-05 0 0 1.12881171e-05 -0 0 1.07934429e-05 -0 0 1.07934429e-05 -0 0 1.07934429e-05 -0 0 1.02107224e-05 -0 0 1.02107224e-05 -0 0 1.02107224e-05 0 0 9.54417192e-06 0 0 9.54417192e-06 0 0 9.54417192e-06 -0 0 8.79915297e-06 -0 0 8.79915297e-06 -0 0 8.79915297e-06 -0 0 7.98105611e-06 -0 0 7.98105611e-06 -0 0 7.98105611e-06 0 0 7.096427e-06 0 0 7.096427e-06 0 0 7.096427e-06 0 0 2.26641464e-06 0 0 2.26641464e-06 0 0 2.26641464e-06 0 0 2.17852471e-06 0 0 2.17852471e-06 0 0 2.17852471e-06 0 0 0.000114265771 0 0 0.000114265771 0 0 0.000114265771 0 0 2.5266811e-06 0 0 2.5266811e-06 0 0 2.5266811e-06 0 0 2.69639713e-06 0 0 2.69639713e-06 0 0 2.69639713e-06 0 0 3.04238961e-06 0 0 3.04238961e-06 0 0 3.04238961e-06 0 0 3.10043765e-06 0 0 3.10043765e-06 0 0 3.10043765e-06 0 0 3.12890188e-06 0 0 3.12890188e-06 0 0 3.12890188e-06 0 0 2.94623169e-06 0 0 2.94623169e-06 0 0 2.94623169e-06 0 0 5.54055441e-06 0 0 5.54055441e-06 0 0 5.54055441e-06 0 -0 1.05564095e-05 0 -0 1.05564095e-05 0 -0 1.05564095e-05 0 -0 1.11227582e-05 0 -0 1.11227582e-05 0 -0 1.11227582e-05 0 0 1.15985167e-05 0 0 1.15985167e-05 0 0 1.15985167e-05 -0 0 6.15177623e-06 -0 0 6.15177623e-06 -0 0 6.15177623e-06 -0 0 5.15422744e-06 -0 0 5.15422744e-06 -0 0 5.15422744e-06 0 0 4.11150177e-06 0 0 4.11150177e-06 0 0 4.11150177e-06 0 0 4.4944104e-06 0 0 4.4944104e-06 0 0 4.4944104e-06 0 0 0.000407165469 0 0 0.000407165469 0 0 0.000407165469 0 0 1.30722015e-06 0 0 1.30722015e-06 0 0 1.30722015e-06 0 -0 6.53849611e-06 0 -0 6.53849611e-06 0 -0 6.53849611e-06 0 -0 7.4807167e-06 0 -0 7.4807167e-06 0 -0 7.4807167e-06 0 0 8.36013351e-06 0 0 8.36013351e-06 0 0 8.36013351e-06 0 -0 1.19799788e-05 0 -0 1.19799788e-05 0 -0 1.19799788e-05 0 -0 1.22643205e-05 0 -0 1.22643205e-05 0 -0 1.22643205e-05 0 0 1.24492508e-05 0 0 1.24492508e-05 0 0 1.24492508e-05 -0 0 3.03166394e-06 -0 0 3.03166394e-06 -0 0 3.03166394e-06 -0 0 1.92262837e-06 -0 0 1.92262837e-06 -0 0 1.92262837e-06 0 0 5.29770659e-05 0 0 5.29770659e-05 0 0 5.29770659e-05 0 0 9.09860915e-08 0 0 9.09860915e-08 0 0 9.09860915e-08 0 0 3.53508767e-07 0 0 3.53508767e-07 0 0 3.53508767e-07 0 0 3.12756492e-06 0 0 3.12756492e-06 0 0 3.12756492e-06 0 0 3.09655707e-06 0 0 3.09655707e-06 0 0 3.09655707e-06 0 0 3.03590059e-06 0 0 3.03590059e-06 0 0 3.03590059e-06 0 0 2.31353624e-06 0 0 2.31353624e-06 0 0 2.31353624e-06 0 0 2.82812516e-06 0 0 2.82812516e-06 0 0 2.82812516e-06 0 0 2.68255098e-06 0 0 2.68255098e-06 0 0 2.68255098e-06 0 0 2.51059828e-06 0 0 2.51059828e-06 0 0 2.51059828e-06 0 0 2.09297104e-06 0 0 2.09297104e-06 0 0 2.09297104e-06 0 0 1.85040619e-06 0 0 1.85040619e-06 0 0 1.85040619e-06 0 0 1.58788316e-06 0 0 1.58788316e-06 0 0 1.58788316e-06 0 0 0.000404362567 0 0 0.000404362567 0 0 0.000404362567 0 -0 0.000404362567 0 -0 0.000404362567 0 -0 0.000404362567 0 0 0.000657500117 0 0 0.000657500117 0 0 0.000657500117 0 -0 0.000657500117 0 -0 0.000657500117 0 -0 0.000657500117 0 0 0.00044709997 0 0 0.00044709997 0 0 0.00044709997 0 -0 0.000460249983 0 -0 0.000460249983 0 -0 0.000460249983 0 0 9.15001692e-06 0 0 9.15001692e-06 0 0 9.15001692e-06 -0 0 5.58874708e-05 -0 0 5.58874708e-05 -0 0 5.58874708e-05 0 0 0.00011411243 0 0 0.00011411243 0 0 0.00011411243 -0 0 0.00011411243 -0 0 0.00011411243 -0 0 0.00011411243 0 0 0.000169999897 0 0 0.000169999897 0 0 0.000169999897 -0 0 0.000169999897 -0 0 0.000169999897 -0 0 0.000169999897 0 0 0.000169999912 0 0 0.000169999912 0 0 0.000169999912 -0 0 0.000169999912 -0 0 0.000169999912 -0 0 0.000169999912 0 0 0.000169999897 0 0 0.000169999897 0 0 0.000169999897 -0 0 0.000129999957 -0 0 0.000129999957 -0 0 0.000129999957 3.48627594e-07 -1.52289878e-08 0 3.48627594e-07 -1.52289878e-08 0 3.48627594e-07 -1.52289878e-08 0 3.48627594e-07 -1.52289878e-08 0 3.48627594e-07 -1.52289878e-08 0 3.48627594e-07 -1.52289878e-08 0 3.45960274e-07 -4.55379521e-08 0 3.45960274e-07 -4.55379521e-08 0 3.45960274e-07 -4.55379521e-08 0 3.45960274e-07 -4.55379521e-08 0 3.45960274e-07 -4.55379521e-08 0 3.45960274e-07 -4.55379521e-08 0 3.40685261e-07 -7.55339897e-08 0 3.40685261e-07 -7.55339897e-08 0 3.40685261e-07 -7.55339897e-08 0 3.40685261e-07 -7.55339897e-08 0 3.40685261e-07 -7.55339897e-08 0 3.40685261e-07 -7.55339897e-08 0 3.32802557e-07 -1.04933982e-07 0 3.32802557e-07 -1.04933982e-07 0 3.32802557e-07 -1.04933982e-07 0 3.32802557e-07 -1.04933982e-07 0 3.32802557e-07 -1.04933982e-07 0 3.32802557e-07 -1.04933982e-07 0 3.22401547e-07 -1.33529312e-07 0 3.22401547e-07 -1.33529312e-07 0 3.22401547e-07 -1.33529312e-07 0 3.22401547e-07 -1.33529312e-07 0 3.22401547e-07 -1.33529312e-07 0 3.22401547e-07 -1.33529312e-07 0 3.09526939e-07 -1.61141159e-07 0 3.09526939e-07 -1.61141159e-07 0 3.09526939e-07 -1.61141159e-07 0 3.09526939e-07 -1.61141159e-07 0 3.09526939e-07 -1.61141159e-07 0 3.09526939e-07 -1.61141159e-07 0 2.94297934e-07 -1.87486421e-07 0 2.94297934e-07 -1.87486421e-07 0 2.94297934e-07 -1.87486421e-07 0 2.94297934e-07 -1.87486421e-07 0 2.94297934e-07 -1.87486421e-07 0 2.94297934e-07 -1.87486421e-07 0 2.76848681e-07 -2.12430962e-07 0 2.76848681e-07 -2.12430962e-07 0 2.76848681e-07 -2.12430962e-07 0 2.76848681e-07 -2.12430962e-07 0 2.76848681e-07 -2.12430962e-07 0 2.76848681e-07 -2.12430962e-07 0 2.57268567e-07 -2.35751287e-07 0 2.57268567e-07 -2.35751287e-07 0 2.57268567e-07 -2.35751287e-07 0 2.57268567e-07 -2.35751287e-07 0 2.57268567e-07 -2.35751287e-07 0 2.57268567e-07 -2.35751287e-07 0 2.35751287e-07 -2.5728346e-07 0 2.35751287e-07 -2.5728346e-07 0 2.35751287e-07 -2.5728346e-07 0 2.35751287e-07 -2.5728346e-07 0 2.35751287e-07 -2.5728346e-07 0 2.35751287e-07 -2.5728346e-07 0 2.12430962e-07 -2.76833788e-07 0 2.12430962e-07 -2.76833788e-07 0 2.12430962e-07 -2.76833788e-07 0 2.12430962e-07 -2.76833788e-07 0 2.12430962e-07 -2.76833788e-07 0 2.12430962e-07 -2.76833788e-07 0 1.87501314e-07 -2.94312855e-07 0 1.87501314e-07 -2.94312855e-07 0 1.87501314e-07 -2.94312855e-07 0 1.87501314e-07 -2.94312855e-07 0 1.87501314e-07 -2.94312855e-07 0 1.87501314e-07 -2.94312855e-07 0 1.61126266e-07 -3.09526939e-07 0 1.61126266e-07 -3.09526939e-07 0 1.61126266e-07 -3.09526939e-07 0 1.61126266e-07 -3.09526939e-07 0 1.61126266e-07 -3.09526939e-07 0 1.61126266e-07 -3.09526939e-07 0 1.33544219e-07 -3.22386626e-07 0 1.33544219e-07 -3.22386626e-07 0 1.33544219e-07 -3.22386626e-07 0 1.33544219e-07 -3.22386626e-07 0 1.33544219e-07 -3.22386626e-07 0 1.33544219e-07 -3.22386626e-07 0 1.04933982e-07 -3.32802557e-07 0 1.04933982e-07 -3.32802557e-07 0 1.04933982e-07 -3.32802557e-07 0 1.04933982e-07 -3.32802557e-07 0 1.04933982e-07 -3.32802557e-07 0 1.04933982e-07 -3.32802557e-07 0 7.55190896e-08 -3.40685261e-07 0 7.55190896e-08 -3.40685261e-07 0 7.55190896e-08 -3.40685261e-07 0 7.55190896e-08 -3.40685261e-07 0 7.55190896e-08 -3.40685261e-07 0 7.55190896e-08 -3.40685261e-07 0 4.55528522e-08 -3.4596772e-07 0 4.55528522e-08 -3.4596772e-07 0 4.55528522e-08 -3.4596772e-07 0 4.55528522e-08 -3.4596772e-07 0 4.55528522e-08 -3.4596772e-07 0 4.55528522e-08 -3.4596772e-07 0 1.5214086e-08 -3.48627594e-07 0 1.5214086e-08 -3.48627594e-07 0 1.5214086e-08 -3.48627594e-07 0 1.5214086e-08 -3.48627594e-07 0 1.5214086e-08 -3.48627594e-07 0 1.5214086e-08 -3.48627594e-07 0 -5.22941377e-07 -2.283603e-08 0 -5.22941377e-07 -2.283603e-08 0 -5.22941377e-07 -2.283603e-08 0 -5.22941377e-07 -2.283603e-08 0 -5.22941377e-07 -2.283603e-08 0 -5.22941377e-07 -2.283603e-08 0 -5.18947786e-07 -6.83218246e-08 0 -5.18947786e-07 -6.83218246e-08 0 -5.18947786e-07 -6.83218246e-08 0 -5.18947786e-07 -6.83218246e-08 0 -5.18947786e-07 -6.83218246e-08 0 -5.18947786e-07 -6.83218246e-08 0 -5.11035353e-07 -1.13286085e-07 0 -5.11035353e-07 -1.13286085e-07 0 -5.11035353e-07 -1.13286085e-07 0 -5.11035353e-07 -1.13286085e-07 0 -5.11035353e-07 -1.13286085e-07 0 -5.11035353e-07 -1.13286085e-07 0 -4.9920385e-07 -1.57400976e-07 0 -4.9920385e-07 -1.57400976e-07 0 -4.9920385e-07 -1.57400976e-07 0 -4.9920385e-07 -1.57400976e-07 0 -4.9920385e-07 -1.57400976e-07 0 -4.9920385e-07 -1.57400976e-07 0 -4.83587428e-07 -2.00308875e-07 0 -4.83587428e-07 -2.00308875e-07 0 -4.83587428e-07 -2.00308875e-07 0 -4.83587428e-07 -2.00308875e-07 0 -4.83587428e-07 -2.00308875e-07 0 -4.83587428e-07 -2.00308875e-07 0 -4.64290395e-07 -2.41696853e-07 0 -4.64290395e-07 -2.41696853e-07 0 -4.64290395e-07 -2.41696853e-07 0 -4.64290395e-07 -2.41696853e-07 0 -4.64290395e-07 -2.41696853e-07 0 -4.64290395e-07 -2.41696853e-07 0 -4.41461822e-07 -2.81237078e-07 0 -4.41461822e-07 -2.81237078e-07 0 -4.41461822e-07 -2.81237078e-07 0 -4.41461822e-07 -2.81237078e-07 0 -4.41461822e-07 -2.81237078e-07 0 -4.41461822e-07 -2.81237078e-07 0 -4.15265589e-07 -3.18646443e-07 0 -4.15265589e-07 -3.18646443e-07 0 -4.15265589e-07 -3.18646443e-07 0 -4.15265589e-07 -3.18646443e-07 0 -4.15265589e-07 -3.18646443e-07 0 -4.15265589e-07 -3.18646443e-07 0 -3.85910511e-07 -3.53626916e-07 0 -3.85910511e-07 -3.53626916e-07 0 -3.85910511e-07 -3.53626916e-07 0 -3.85910511e-07 -3.53626916e-07 0 -3.85910511e-07 -3.53626916e-07 0 -3.85910511e-07 -3.53626916e-07 0 -3.5361947e-07 -3.8591773e-07 0 -3.5361947e-07 -3.8591773e-07 0 -3.5361947e-07 -3.8591773e-07 0 -3.5361947e-07 -3.8591773e-07 0 -3.5361947e-07 -3.8591773e-07 0 -3.5361947e-07 -3.8591773e-07 0 -3.18646443e-07 -4.15265589e-07 0 -3.18646443e-07 -4.15265589e-07 0 -3.18646443e-07 -4.15265589e-07 0 -3.18646443e-07 -4.15265589e-07 0 -3.18646443e-07 -4.15265589e-07 0 -3.18646443e-07 -4.15265589e-07 0 -2.81244525e-07 -4.41454375e-07 0 -2.81244525e-07 -4.41454375e-07 0 -2.81244525e-07 -4.41454375e-07 0 -2.81244525e-07 -4.41454375e-07 0 -2.81244525e-07 -4.41454375e-07 0 -2.81244525e-07 -4.41454375e-07 0 -2.41696853e-07 -4.64290395e-07 0 -2.41696853e-07 -4.64290395e-07 0 -2.41696853e-07 -4.64290395e-07 0 -2.41696853e-07 -4.64290395e-07 0 -2.41696853e-07 -4.64290395e-07 0 -2.41696853e-07 -4.64290395e-07 0 -2.00301415e-07 -4.83594874e-07 0 -2.00301415e-07 -4.83594874e-07 0 -2.00301415e-07 -4.83594874e-07 0 -2.00301415e-07 -4.83594874e-07 0 -2.00301415e-07 -4.83594874e-07 0 -2.00301415e-07 -4.83594874e-07 0 -1.57400976e-07 -4.9920385e-07 0 -1.57400976e-07 -4.9920385e-07 0 -1.57400976e-07 -4.9920385e-07 0 -1.57400976e-07 -4.9920385e-07 0 -1.57400976e-07 -4.9920385e-07 0 -1.57400976e-07 -4.9920385e-07 0 -1.13293531e-07 -5.11027906e-07 0 -1.13293531e-07 -5.11027906e-07 0 -1.13293531e-07 -5.11027906e-07 0 -1.13293531e-07 -5.11027906e-07 0 -1.13293531e-07 -5.11027906e-07 0 -1.13293531e-07 -5.11027906e-07 0 -6.83218246e-08 -5.18955289e-07 0 -6.83218246e-08 -5.18955289e-07 0 -6.83218246e-08 -5.18955289e-07 0 -6.83218246e-08 -5.18955289e-07 0 -6.83218246e-08 -5.18955289e-07 0 -6.83218246e-08 -5.18955289e-07 0 -2.28285799e-08 -5.22933931e-07 0 -2.28285799e-08 -5.22933931e-07 0 -2.28285799e-08 -5.22933931e-07 0 -2.28285799e-08 -5.22933931e-07 0 -2.28285799e-08 -5.22933931e-07 0 -2.28285799e-08 -5.22933931e-07 0 2.28285799e-08 -5.22933931e-07 0 2.28285799e-08 -5.22933931e-07 0 2.28285799e-08 -5.22933931e-07 0 2.28285799e-08 -5.22933931e-07 0 2.28285799e-08 -5.22933931e-07 0 2.28285799e-08 -5.22933931e-07 0 6.83218246e-08 -5.18955289e-07 0 6.83218246e-08 -5.18955289e-07 0 6.83218246e-08 -5.18955289e-07 0 6.83218246e-08 -5.18955289e-07 0 6.83218246e-08 -5.18955289e-07 0 6.83218246e-08 -5.18955289e-07 0 1.13293531e-07 -5.1102046e-07 0 1.13293531e-07 -5.1102046e-07 0 1.13293531e-07 -5.1102046e-07 0 1.13293531e-07 -5.1102046e-07 0 1.13293531e-07 -5.1102046e-07 0 1.13293531e-07 -5.1102046e-07 0 1.57400976e-07 -4.99211296e-07 0 1.57400976e-07 -4.99211296e-07 0 1.57400976e-07 -4.99211296e-07 0 1.57400976e-07 -4.99211296e-07 0 1.57400976e-07 -4.99211296e-07 0 1.57400976e-07 -4.99211296e-07 0 2.00301415e-07 -4.83587428e-07 0 2.00301415e-07 -4.83587428e-07 0 2.00301415e-07 -4.83587428e-07 0 2.00301415e-07 -4.83587428e-07 0 2.00301415e-07 -4.83587428e-07 0 2.00301415e-07 -4.83587428e-07 0 2.41696853e-07 -4.64290395e-07 0 2.41696853e-07 -4.64290395e-07 0 2.41696853e-07 -4.64290395e-07 0 2.41696853e-07 -4.64290395e-07 0 2.41696853e-07 -4.64290395e-07 0 2.41696853e-07 -4.64290395e-07 0 2.81244525e-07 -4.41454375e-07 0 2.81244525e-07 -4.41454375e-07 0 2.81244525e-07 -4.41454375e-07 0 2.81244525e-07 -4.41454375e-07 0 2.81244525e-07 -4.41454375e-07 0 2.81244525e-07 -4.41454375e-07 0 3.18646443e-07 -4.15273036e-07 0 3.18646443e-07 -4.15273036e-07 0 3.18646443e-07 -4.15273036e-07 0 3.18646443e-07 -4.15273036e-07 0 3.18646443e-07 -4.15273036e-07 0 3.18646443e-07 -4.15273036e-07 0 3.5361947e-07 -3.85910283e-07 0 3.5361947e-07 -3.85910283e-07 0 3.5361947e-07 -3.85910283e-07 0 3.5361947e-07 -3.85910283e-07 0 3.5361947e-07 -3.85910283e-07 0 3.5361947e-07 -3.85910283e-07 0 3.85910511e-07 -3.53626916e-07 0 3.85910511e-07 -3.53626916e-07 0 3.85910511e-07 -3.53626916e-07 0 3.85910511e-07 -3.53626916e-07 0 3.85910511e-07 -3.53626916e-07 0 3.85910511e-07 -3.53626916e-07 0 4.15265589e-07 -3.18646443e-07 0 4.15265589e-07 -3.18646443e-07 0 4.15265589e-07 -3.18646443e-07 0 4.15265589e-07 -3.18646443e-07 0 4.15265589e-07 -3.18646443e-07 0 4.15265589e-07 -3.18646443e-07 0 4.41461822e-07 -2.81237078e-07 0 4.41461822e-07 -2.81237078e-07 0 4.41461822e-07 -2.81237078e-07 0 4.41461822e-07 -2.81237078e-07 0 4.41461822e-07 -2.81237078e-07 0 4.41461822e-07 -2.81237078e-07 0 4.64290395e-07 -2.41696853e-07 0 4.64290395e-07 -2.41696853e-07 0 4.64290395e-07 -2.41696853e-07 0 4.64290395e-07 -2.41696853e-07 0 4.64290395e-07 -2.41696853e-07 0 4.64290395e-07 -2.41696853e-07 0 4.83587428e-07 -2.00308875e-07 0 4.83587428e-07 -2.00308875e-07 0 4.83587428e-07 -2.00308875e-07 0 4.83587428e-07 -2.00308875e-07 0 4.83587428e-07 -2.00308875e-07 0 4.83587428e-07 -2.00308875e-07 0 4.9920385e-07 -1.57400976e-07 0 4.9920385e-07 -1.57400976e-07 0 4.9920385e-07 -1.57400976e-07 0 4.9920385e-07 -1.57400976e-07 0 4.9920385e-07 -1.57400976e-07 0 4.9920385e-07 -1.57400976e-07 0 5.11035353e-07 -1.13293531e-07 0 5.11035353e-07 -1.13293531e-07 0 5.11035353e-07 -1.13293531e-07 0 5.11035353e-07 -1.13293531e-07 0 5.11035353e-07 -1.13293531e-07 0 5.11035353e-07 -1.13293531e-07 0 5.18947786e-07 -6.83218246e-08 0 5.18947786e-07 -6.83218246e-08 0 5.18947786e-07 -6.83218246e-08 0 5.18947786e-07 -6.83218246e-08 0 5.18947786e-07 -6.83218246e-08 0 5.18947786e-07 -6.83218246e-08 0 5.22941377e-07 -2.28285799e-08 0 5.22941377e-07 -2.28285799e-08 0 5.22941377e-07 -2.28285799e-08 0 5.22941377e-07 -2.28285799e-08 0 5.22941377e-07 -2.28285799e-08 0 5.22941377e-07 -2.28285799e-08 0 5.22926484e-07 2.28285799e-08 -0 5.22926484e-07 2.28285799e-08 -0 5.22926484e-07 2.28285799e-08 -0 5.22926484e-07 2.28285799e-08 0 5.22926484e-07 2.28285799e-08 0 5.22926484e-07 2.28285799e-08 0 5.1896285e-07 6.83218246e-08 -0 5.1896285e-07 6.83218246e-08 -0 5.1896285e-07 6.83218246e-08 -0 5.1896285e-07 6.83218246e-08 0 5.1896285e-07 6.83218246e-08 0 5.1896285e-07 6.83218246e-08 0 5.1102046e-07 1.13293531e-07 -0 5.1102046e-07 1.13293531e-07 -0 5.1102046e-07 1.13293531e-07 -0 5.1102046e-07 1.13293531e-07 0 5.1102046e-07 1.13293531e-07 0 5.1102046e-07 1.13293531e-07 0 4.9920385e-07 1.57400976e-07 -0 4.9920385e-07 1.57400976e-07 -0 4.9920385e-07 1.57400976e-07 -0 4.9920385e-07 1.57400976e-07 0 4.9920385e-07 1.57400976e-07 0 4.9920385e-07 1.57400976e-07 0 4.83587428e-07 2.00308875e-07 -0 4.83587428e-07 2.00308875e-07 -0 4.83587428e-07 2.00308875e-07 -0 4.83587428e-07 2.00308875e-07 0 4.83587428e-07 2.00308875e-07 0 4.83587428e-07 2.00308875e-07 0 4.64290395e-07 2.41696853e-07 -0 4.64290395e-07 2.41696853e-07 -0 4.64290395e-07 2.41696853e-07 -0 4.64290395e-07 2.41696853e-07 0 4.64290395e-07 2.41696853e-07 0 4.64290395e-07 2.41696853e-07 0 4.41461822e-07 2.81237078e-07 -0 4.41461822e-07 2.81237078e-07 -0 4.41461822e-07 2.81237078e-07 -0 4.41461822e-07 2.81237078e-07 0 4.41461822e-07 2.81237078e-07 0 4.41461822e-07 2.81237078e-07 0 4.15265589e-07 3.18646443e-07 -0 4.15265589e-07 3.18646443e-07 -0 4.15265589e-07 3.18646443e-07 -0 4.15265589e-07 3.18646443e-07 0 4.15265589e-07 3.18646443e-07 0 4.15265589e-07 3.18646443e-07 0 3.85924949e-07 3.53626916e-07 -0 3.85924949e-07 3.53626916e-07 -0 3.85924949e-07 3.53626916e-07 -0 3.85924949e-07 3.53626916e-07 0 3.85924949e-07 3.53626916e-07 0 3.85924949e-07 3.53626916e-07 0 3.5361947e-07 3.85910283e-07 -0 3.5361947e-07 3.85910283e-07 -0 3.5361947e-07 3.85910283e-07 -0 3.5361947e-07 3.85910283e-07 0 3.5361947e-07 3.85910283e-07 0 3.5361947e-07 3.85910283e-07 0 3.18646443e-07 4.15273036e-07 -0 3.18646443e-07 4.15273036e-07 -0 3.18646443e-07 4.15273036e-07 -0 3.18646443e-07 4.15273036e-07 0 3.18646443e-07 4.15273036e-07 0 3.18646443e-07 4.15273036e-07 0 2.81244525e-07 4.41454375e-07 -0 2.81244525e-07 4.41454375e-07 -0 2.81244525e-07 4.41454375e-07 -0 2.81244525e-07 4.41454375e-07 0 2.81244525e-07 4.41454375e-07 0 2.81244525e-07 4.41454375e-07 0 2.41696853e-07 4.64290395e-07 -0 2.41696853e-07 4.64290395e-07 -0 2.41696853e-07 4.64290395e-07 -0 2.41696853e-07 4.64290395e-07 0 2.41696853e-07 4.64290395e-07 0 2.41696853e-07 4.64290395e-07 0 2.00301415e-07 4.83587428e-07 -0 2.00301415e-07 4.83587428e-07 -0 2.00301415e-07 4.83587428e-07 -0 2.00301415e-07 4.83587428e-07 0 2.00301415e-07 4.83587428e-07 0 2.00301415e-07 4.83587428e-07 0 1.57400976e-07 4.99211296e-07 -0 1.57400976e-07 4.99211296e-07 -0 1.57400976e-07 4.99211296e-07 -0 1.57400976e-07 4.99211296e-07 0 1.57400976e-07 4.99211296e-07 0 1.57400976e-07 4.99211296e-07 0 1.13293531e-07 5.1102046e-07 -0 1.13293531e-07 5.1102046e-07 -0 1.13293531e-07 5.1102046e-07 -0 1.13293531e-07 5.1102046e-07 0 1.13293531e-07 5.1102046e-07 0 1.13293531e-07 5.1102046e-07 0 6.83218246e-08 5.18955289e-07 -0 6.83218246e-08 5.18955289e-07 -0 6.83218246e-08 5.18955289e-07 -0 6.83218246e-08 5.18955289e-07 0 6.83218246e-08 5.18955289e-07 0 6.83218246e-08 5.18955289e-07 0 2.28285799e-08 5.22933931e-07 -0 2.28285799e-08 5.22933931e-07 -0 2.28285799e-08 5.22933931e-07 -0 2.28285799e-08 5.22933931e-07 0 2.28285799e-08 5.22933931e-07 0 2.28285799e-08 5.22933931e-07 0 -2.28285799e-08 5.22933931e-07 0 -2.28285799e-08 5.22933931e-07 0 -2.28285799e-08 5.22933931e-07 0 -2.28285799e-08 5.22933931e-07 0 -2.28285799e-08 5.22933931e-07 0 -2.28285799e-08 5.22933931e-07 0 -6.83218246e-08 5.18955289e-07 0 -6.83218246e-08 5.18955289e-07 0 -6.83218246e-08 5.18955289e-07 0 -6.83218246e-08 5.18955289e-07 0 -6.83218246e-08 5.18955289e-07 0 -6.83218246e-08 5.18955289e-07 0 -1.13293531e-07 5.11027906e-07 0 -1.13293531e-07 5.11027906e-07 0 -1.13293531e-07 5.11027906e-07 0 -1.13293531e-07 5.11027906e-07 0 -1.13293531e-07 5.11027906e-07 0 -1.13293531e-07 5.11027906e-07 0 -1.57400976e-07 4.9920385e-07 0 -1.57400976e-07 4.9920385e-07 0 -1.57400976e-07 4.9920385e-07 0 -1.57400976e-07 4.9920385e-07 0 -1.57400976e-07 4.9920385e-07 0 -1.57400976e-07 4.9920385e-07 0 -2.00301415e-07 4.83594874e-07 0 -2.00301415e-07 4.83594874e-07 0 -2.00301415e-07 4.83594874e-07 0 -2.00301415e-07 4.83594874e-07 0 -2.00301415e-07 4.83594874e-07 0 -2.00301415e-07 4.83594874e-07 0 -2.41696853e-07 4.64290395e-07 0 -2.41696853e-07 4.64290395e-07 0 -2.41696853e-07 4.64290395e-07 0 -2.41696853e-07 4.64290395e-07 0 -2.41696853e-07 4.64290395e-07 0 -2.41696853e-07 4.64290395e-07 0 -2.81244525e-07 4.41454375e-07 0 -2.81244525e-07 4.41454375e-07 0 -2.81244525e-07 4.41454375e-07 0 -2.81244525e-07 4.41454375e-07 0 -2.81244525e-07 4.41454375e-07 0 -2.81244525e-07 4.41454375e-07 0 -3.18646443e-07 4.15265589e-07 0 -3.18646443e-07 4.15265589e-07 0 -3.18646443e-07 4.15265589e-07 0 -3.18646443e-07 4.15265589e-07 0 -3.18646443e-07 4.15265589e-07 0 -3.18646443e-07 4.15265589e-07 0 -3.5361947e-07 3.8591773e-07 0 -3.5361947e-07 3.8591773e-07 0 -3.5361947e-07 3.8591773e-07 0 -3.5361947e-07 3.8591773e-07 0 -3.5361947e-07 3.8591773e-07 0 -3.5361947e-07 3.8591773e-07 0 -3.85924949e-07 3.53626916e-07 0 -3.85924949e-07 3.53626916e-07 0 -3.85924949e-07 3.53626916e-07 0 -3.85924949e-07 3.53626916e-07 0 -3.85924949e-07 3.53626916e-07 0 -3.85924949e-07 3.53626916e-07 0 -4.15265589e-07 3.18646443e-07 0 -4.15265589e-07 3.18646443e-07 0 -4.15265589e-07 3.18646443e-07 0 -4.15265589e-07 3.18646443e-07 0 -4.15265589e-07 3.18646443e-07 0 -4.15265589e-07 3.18646443e-07 0 -4.41461822e-07 2.81237078e-07 0 -4.41461822e-07 2.81237078e-07 0 -4.41461822e-07 2.81237078e-07 0 -4.41461822e-07 2.81237078e-07 0 -4.41461822e-07 2.81237078e-07 0 -4.41461822e-07 2.81237078e-07 0 -4.64290395e-07 2.41696853e-07 0 -4.64290395e-07 2.41696853e-07 0 -4.64290395e-07 2.41696853e-07 0 -4.64290395e-07 2.41696853e-07 0 -4.64290395e-07 2.41696853e-07 0 -4.64290395e-07 2.41696853e-07 0 -4.83587428e-07 2.00308875e-07 0 -4.83587428e-07 2.00308875e-07 0 -4.83587428e-07 2.00308875e-07 0 -4.83587428e-07 2.00308875e-07 0 -4.83587428e-07 2.00308875e-07 0 -4.83587428e-07 2.00308875e-07 0 -4.9920385e-07 1.57400976e-07 0 -4.9920385e-07 1.57400976e-07 0 -4.9920385e-07 1.57400976e-07 0 -4.9920385e-07 1.57400976e-07 0 -4.9920385e-07 1.57400976e-07 0 -4.9920385e-07 1.57400976e-07 0 -5.1102046e-07 1.13286085e-07 0 -5.1102046e-07 1.13286085e-07 0 -5.1102046e-07 1.13286085e-07 0 -5.1102046e-07 1.13286085e-07 0 -5.1102046e-07 1.13286085e-07 0 -5.1102046e-07 1.13286085e-07 0 -5.1896285e-07 6.83218246e-08 0 -5.1896285e-07 6.83218246e-08 0 -5.1896285e-07 6.83218246e-08 0 -5.1896285e-07 6.83218246e-08 0 -5.1896285e-07 6.83218246e-08 0 -5.1896285e-07 6.83218246e-08 0 -5.22926484e-07 2.283603e-08 0 -5.22926484e-07 2.283603e-08 0 -5.22926484e-07 2.283603e-08 0 -5.22926484e-07 2.283603e-08 0 -5.22926484e-07 2.283603e-08 0 -5.22926484e-07 2.283603e-08 0 -5.22926484e-07 -2.28323049e-08 0 -5.22926484e-07 -2.28323049e-08 0 -5.22926484e-07 -2.28323049e-08 0 -5.22926484e-07 -2.28323049e-08 0 -5.22926484e-07 -2.28323049e-08 0 -5.22926484e-07 -2.28323049e-08 0 -5.18962793e-07 -6.83218246e-08 0 -5.18962793e-07 -6.83218246e-08 0 -5.18962793e-07 -6.83218246e-08 0 -5.18962793e-07 -6.83218246e-08 0 -5.18962793e-07 -6.83218246e-08 0 -5.18962793e-07 -6.83218246e-08 0 -5.1102046e-07 -1.13291669e-07 0 -5.1102046e-07 -1.13291669e-07 0 -5.1102046e-07 -1.13291669e-07 0 -5.1102046e-07 -1.13291669e-07 0 -5.1102046e-07 -1.13291669e-07 0 -5.1102046e-07 -1.13291669e-07 0 -4.9920385e-07 -1.57399114e-07 0 -4.9920385e-07 -1.57399114e-07 0 -4.9920385e-07 -1.57399114e-07 0 -4.9920385e-07 -1.57399114e-07 0 -4.9920385e-07 -1.57399114e-07 0 -4.9920385e-07 -1.57399114e-07 0 -4.83587428e-07 -2.00308875e-07 0 -4.83587428e-07 -2.00308875e-07 0 -4.83587428e-07 -2.00308875e-07 0 -4.83587428e-07 -2.00308875e-07 0 -4.83587428e-07 -2.00308875e-07 0 -4.83587428e-07 -2.00308875e-07 0 -4.64290395e-07 -2.4169313e-07 0 -4.64290395e-07 -2.4169313e-07 0 -4.64290395e-07 -2.4169313e-07 0 -4.64290395e-07 -2.4169313e-07 0 -4.64290395e-07 -2.4169313e-07 0 -4.64290395e-07 -2.4169313e-07 0 -4.41461822e-07 -2.81240801e-07 0 -4.41461822e-07 -2.81240801e-07 0 -4.41461822e-07 -2.81240801e-07 0 -4.41461822e-07 -2.81240801e-07 0 -4.41461822e-07 -2.81240801e-07 0 -4.41461822e-07 -2.81240801e-07 0 -4.15265589e-07 -3.18646443e-07 0 -4.15265589e-07 -3.18646443e-07 0 -4.15265589e-07 -3.18646443e-07 0 -4.15265589e-07 -3.18646443e-07 0 -4.15265589e-07 -3.18646443e-07 0 -4.15265589e-07 -3.18646443e-07 0 -3.85925205e-07 -3.53625069e-07 0 -3.85925205e-07 -3.53625069e-07 0 -3.85925205e-07 -3.53625069e-07 0 -3.85925205e-07 -3.53625069e-07 0 -3.85925205e-07 -3.53625069e-07 0 -3.85925205e-07 -3.53625069e-07 0 -3.5361947e-07 -3.85915882e-07 0 -3.5361947e-07 -3.85915882e-07 0 -3.5361947e-07 -3.85915882e-07 0 -3.5361947e-07 -3.85915882e-07 0 -3.5361947e-07 -3.85915882e-07 0 -3.5361947e-07 -3.85915882e-07 0 -3.18646443e-07 -4.15265589e-07 0 -3.18646443e-07 -4.15265589e-07 0 -3.18646443e-07 -4.15265589e-07 0 -3.18646443e-07 -4.15265589e-07 0 -3.18646443e-07 -4.15265589e-07 0 -3.18646443e-07 -4.15265589e-07 0 -2.81244525e-07 -4.41459946e-07 0 -2.81244525e-07 -4.41459946e-07 0 -2.81244525e-07 -4.41459946e-07 0 -2.81244525e-07 -4.41459946e-07 0 -2.81244525e-07 -4.41459946e-07 0 -2.81244525e-07 -4.41459946e-07 0 -2.41696853e-07 -4.64290395e-07 0 -2.41696853e-07 -4.64290395e-07 0 -2.41696853e-07 -4.64290395e-07 0 -2.41696853e-07 -4.64290395e-07 0 -2.41696853e-07 -4.64290395e-07 0 -2.41696853e-07 -4.64290395e-07 0 -2.00301415e-07 -4.83587428e-07 0 -2.00301415e-07 -4.83587428e-07 0 -2.00301415e-07 -4.83587428e-07 0 -2.00301415e-07 -4.83587428e-07 0 -2.00301415e-07 -4.83587428e-07 0 -2.00301415e-07 -4.83587428e-07 0 -1.57400976e-07 -4.99207545e-07 0 -1.57400976e-07 -4.99207545e-07 0 -1.57400976e-07 -4.99207545e-07 0 -1.57400976e-07 -4.99207545e-07 0 -1.57400976e-07 -4.99207545e-07 0 -1.57400976e-07 -4.99207545e-07 0 -1.13293531e-07 -5.11024155e-07 0 -1.13293531e-07 -5.11024155e-07 0 -1.13293531e-07 -5.11024155e-07 0 -1.13293531e-07 -5.11024155e-07 0 -1.13293531e-07 -5.11024155e-07 0 -1.13293531e-07 -5.11024155e-07 0 -6.83218246e-08 -5.18955289e-07 0 -6.83218246e-08 -5.18955289e-07 0 -6.83218246e-08 -5.18955289e-07 0 -6.83218246e-08 -5.18955289e-07 0 -6.83218246e-08 -5.18955289e-07 0 -6.83218246e-08 -5.18955289e-07 0 -2.28285799e-08 -5.2293484e-07 0 -2.28285799e-08 -5.2293484e-07 0 -2.28285799e-08 -5.2293484e-07 0 -2.28285799e-08 -5.2293484e-07 0 -2.28285799e-08 -5.2293484e-07 0 -2.28285799e-08 -5.2293484e-07 0 2.28285799e-08 -5.22933931e-07 0 2.28285799e-08 -5.22933931e-07 0 2.28285799e-08 -5.22933931e-07 0 2.28285799e-08 -5.22933931e-07 0 2.28285799e-08 -5.22933931e-07 0 2.28285799e-08 -5.22933931e-07 0 6.83218246e-08 -5.18955289e-07 0 6.83218246e-08 -5.18955289e-07 0 6.83218246e-08 -5.18955289e-07 0 6.83218246e-08 -5.18955289e-07 0 6.83218246e-08 -5.18955289e-07 0 6.83218246e-08 -5.18955289e-07 0 1.13293531e-07 -5.11024155e-07 0 1.13293531e-07 -5.11024155e-07 0 1.13293531e-07 -5.11024155e-07 0 1.13293531e-07 -5.11024155e-07 0 1.13293531e-07 -5.11024155e-07 0 1.13293531e-07 -5.11024155e-07 0 1.57400976e-07 -4.99207545e-07 0 1.57400976e-07 -4.99207545e-07 0 1.57400976e-07 -4.99207545e-07 0 1.57400976e-07 -4.99207545e-07 0 1.57400976e-07 -4.99207545e-07 0 1.57400976e-07 -4.99207545e-07 0 2.00301415e-07 -4.83591123e-07 0 2.00301415e-07 -4.83591123e-07 0 2.00301415e-07 -4.83591123e-07 0 2.00301415e-07 -4.83591123e-07 0 2.00301415e-07 -4.83591123e-07 0 2.00301415e-07 -4.83591123e-07 0 2.41696853e-07 -4.64290395e-07 0 2.41696853e-07 -4.64290395e-07 0 2.41696853e-07 -4.64290395e-07 0 2.41696853e-07 -4.64290395e-07 0 2.41696853e-07 -4.64290395e-07 0 2.41696853e-07 -4.64290395e-07 0 2.81244525e-07 -4.41458099e-07 0 2.81244525e-07 -4.41458099e-07 0 2.81244525e-07 -4.41458099e-07 0 2.81244525e-07 -4.41458099e-07 0 2.81244525e-07 -4.41458099e-07 0 2.81244525e-07 -4.41458099e-07 0 3.18646443e-07 -4.15265589e-07 0 3.18646443e-07 -4.15265589e-07 0 3.18646443e-07 -4.15265589e-07 0 3.18646443e-07 -4.15265589e-07 0 3.18646443e-07 -4.15265589e-07 0 3.18646443e-07 -4.15265589e-07 0 3.5361947e-07 -3.85914007e-07 0 3.5361947e-07 -3.85914007e-07 0 3.5361947e-07 -3.85914007e-07 0 3.5361947e-07 -3.85914007e-07 0 3.5361947e-07 -3.85914007e-07 0 3.5361947e-07 -3.85914007e-07 0 3.85925205e-07 -3.53626916e-07 0 3.85925205e-07 -3.53626916e-07 0 3.85925205e-07 -3.53626916e-07 0 3.85925205e-07 -3.53626916e-07 0 3.85925205e-07 -3.53626916e-07 0 3.85925205e-07 -3.53626916e-07 0 4.15265589e-07 -3.18646443e-07 0 4.15265589e-07 -3.18646443e-07 0 4.15265589e-07 -3.18646443e-07 0 4.15265589e-07 -3.18646443e-07 0 4.15265589e-07 -3.18646443e-07 0 4.15265589e-07 -3.18646443e-07 0 4.41461822e-07 -2.81240801e-07 0 4.41461822e-07 -2.81240801e-07 0 4.41461822e-07 -2.81240801e-07 0 4.41461822e-07 -2.81240801e-07 0 4.41461822e-07 -2.81240801e-07 0 4.41461822e-07 -2.81240801e-07 0 4.64290395e-07 -2.4169313e-07 0 4.64290395e-07 -2.4169313e-07 0 4.64290395e-07 -2.4169313e-07 0 4.64290395e-07 -2.4169313e-07 0 4.64290395e-07 -2.4169313e-07 0 4.64290395e-07 -2.4169313e-07 0 4.83587428e-07 -2.00308875e-07 0 4.83587428e-07 -2.00308875e-07 0 4.83587428e-07 -2.00308875e-07 0 4.83587428e-07 -2.00308875e-07 0 4.83587428e-07 -2.00308875e-07 0 4.83587428e-07 -2.00308875e-07 0 4.9920385e-07 -1.57400976e-07 0 4.9920385e-07 -1.57400976e-07 0 4.9920385e-07 -1.57400976e-07 0 4.9920385e-07 -1.57400976e-07 0 4.9920385e-07 -1.57400976e-07 0 4.9920385e-07 -1.57400976e-07 0 5.1102046e-07 -1.13289808e-07 0 5.1102046e-07 -1.13289808e-07 0 5.1102046e-07 -1.13289808e-07 0 5.1102046e-07 -1.13289808e-07 0 5.1102046e-07 -1.13289808e-07 0 5.1102046e-07 -1.13289808e-07 0 5.18962793e-07 -6.83218246e-08 0 5.18962793e-07 -6.83218246e-08 0 5.18962793e-07 -6.83218246e-08 0 5.18962793e-07 -6.83218246e-08 0 5.18962793e-07 -6.83218246e-08 0 5.18962793e-07 -6.83218246e-08 0 5.22926484e-07 -2.28323049e-08 0 5.22926484e-07 -2.28323049e-08 0 5.22926484e-07 -2.28323049e-08 0 5.22926484e-07 -2.28323049e-08 0 5.22926484e-07 -2.28323049e-08 0 5.22926484e-07 -2.28323049e-08 0 5.22941377e-07 2.28323049e-08 -0 5.22941377e-07 2.28323049e-08 -0 5.22941377e-07 2.28323049e-08 -0 5.22941377e-07 2.28323049e-08 0 5.22941377e-07 2.28323049e-08 0 5.22941377e-07 2.28323049e-08 0 5.18947843e-07 6.83218246e-08 -0 5.18947843e-07 6.83218246e-08 -0 5.18947843e-07 6.83218246e-08 -0 5.18947843e-07 6.83218246e-08 0 5.18947843e-07 6.83218246e-08 0 5.18947843e-07 6.83218246e-08 0 5.11035353e-07 1.13289808e-07 -0 5.11035353e-07 1.13289808e-07 -0 5.11035353e-07 1.13289808e-07 -0 5.11035353e-07 1.13289808e-07 0 5.11035353e-07 1.13289808e-07 0 5.11035353e-07 1.13289808e-07 0 4.9920385e-07 1.57400976e-07 -0 4.9920385e-07 1.57400976e-07 -0 4.9920385e-07 1.57400976e-07 -0 4.9920385e-07 1.57400976e-07 0 4.9920385e-07 1.57400976e-07 0 4.9920385e-07 1.57400976e-07 0 4.83587428e-07 2.00308875e-07 -0 4.83587428e-07 2.00308875e-07 -0 4.83587428e-07 2.00308875e-07 -0 4.83587428e-07 2.00308875e-07 0 4.83587428e-07 2.00308875e-07 0 4.83587428e-07 2.00308875e-07 0 4.64290395e-07 2.4169313e-07 -0 4.64290395e-07 2.4169313e-07 -0 4.64290395e-07 2.4169313e-07 -0 4.64290395e-07 2.4169313e-07 0 4.64290395e-07 2.4169313e-07 0 4.64290395e-07 2.4169313e-07 0 4.41461822e-07 2.81240801e-07 -0 4.41461822e-07 2.81240801e-07 -0 4.41461822e-07 2.81240801e-07 -0 4.41461822e-07 2.81240801e-07 0 4.41461822e-07 2.81240801e-07 0 4.41461822e-07 2.81240801e-07 0 4.15265589e-07 3.18646443e-07 -0 4.15265589e-07 3.18646443e-07 -0 4.15265589e-07 3.18646443e-07 -0 4.15265589e-07 3.18646443e-07 0 4.15265589e-07 3.18646443e-07 0 4.15265589e-07 3.18646443e-07 0 3.85910283e-07 3.53626916e-07 -0 3.85910283e-07 3.53626916e-07 -0 3.85910283e-07 3.53626916e-07 -0 3.85910283e-07 3.53626916e-07 0 3.85910283e-07 3.53626916e-07 0 3.85910283e-07 3.53626916e-07 0 3.5361947e-07 3.85914007e-07 -0 3.5361947e-07 3.85914007e-07 -0 3.5361947e-07 3.85914007e-07 -0 3.5361947e-07 3.85914007e-07 0 3.5361947e-07 3.85914007e-07 0 3.5361947e-07 3.85914007e-07 0 3.18646443e-07 4.15265589e-07 -0 3.18646443e-07 4.15265589e-07 -0 3.18646443e-07 4.15265589e-07 -0 3.18646443e-07 4.15265589e-07 0 3.18646443e-07 4.15265589e-07 0 3.18646443e-07 4.15265589e-07 0 2.81244525e-07 4.41458099e-07 -0 2.81244525e-07 4.41458099e-07 -0 2.81244525e-07 4.41458099e-07 -0 2.81244525e-07 4.41458099e-07 0 2.81244525e-07 4.41458099e-07 0 2.81244525e-07 4.41458099e-07 0 2.41696853e-07 4.64290395e-07 -0 2.41696853e-07 4.64290395e-07 -0 2.41696853e-07 4.64290395e-07 -0 2.41696853e-07 4.64290395e-07 0 2.41696853e-07 4.64290395e-07 0 2.41696853e-07 4.64290395e-07 0 2.00301415e-07 4.83591123e-07 -0 2.00301415e-07 4.83591123e-07 -0 2.00301415e-07 4.83591123e-07 -0 2.00301415e-07 4.83591123e-07 0 2.00301415e-07 4.83591123e-07 0 2.00301415e-07 4.83591123e-07 0 1.57400976e-07 4.99207545e-07 -0 1.57400976e-07 4.99207545e-07 -0 1.57400976e-07 4.99207545e-07 -0 1.57400976e-07 4.99207545e-07 0 1.57400976e-07 4.99207545e-07 0 1.57400976e-07 4.99207545e-07 0 1.13293531e-07 5.11024155e-07 -0 1.13293531e-07 5.11024155e-07 -0 1.13293531e-07 5.11024155e-07 -0 1.13293531e-07 5.11024155e-07 0 1.13293531e-07 5.11024155e-07 0 1.13293531e-07 5.11024155e-07 0 6.83218246e-08 5.18955289e-07 -0 6.83218246e-08 5.18955289e-07 -0 6.83218246e-08 5.18955289e-07 -0 6.83218246e-08 5.18955289e-07 0 6.83218246e-08 5.18955289e-07 0 6.83218246e-08 5.18955289e-07 0 2.28285799e-08 5.22933931e-07 -0 2.28285799e-08 5.22933931e-07 -0 2.28285799e-08 5.22933931e-07 -0 2.28285799e-08 5.22933931e-07 0 2.28285799e-08 5.22933931e-07 0 2.28285799e-08 5.22933931e-07 0 -2.28285799e-08 5.2293484e-07 0 -2.28285799e-08 5.2293484e-07 0 -2.28285799e-08 5.2293484e-07 0 -2.28285799e-08 5.2293484e-07 0 -2.28285799e-08 5.2293484e-07 0 -2.28285799e-08 5.2293484e-07 0 -6.83218246e-08 5.18955289e-07 0 -6.83218246e-08 5.18955289e-07 0 -6.83218246e-08 5.18955289e-07 0 -6.83218246e-08 5.18955289e-07 0 -6.83218246e-08 5.18955289e-07 0 -6.83218246e-08 5.18955289e-07 0 -1.13293531e-07 5.11024155e-07 0 -1.13293531e-07 5.11024155e-07 0 -1.13293531e-07 5.11024155e-07 0 -1.13293531e-07 5.11024155e-07 0 -1.13293531e-07 5.11024155e-07 0 -1.13293531e-07 5.11024155e-07 0 -1.57400976e-07 4.99207545e-07 0 -1.57400976e-07 4.99207545e-07 0 -1.57400976e-07 4.99207545e-07 0 -1.57400976e-07 4.99207545e-07 0 -1.57400976e-07 4.99207545e-07 0 -1.57400976e-07 4.99207545e-07 0 -2.00301415e-07 4.83587428e-07 0 -2.00301415e-07 4.83587428e-07 0 -2.00301415e-07 4.83587428e-07 0 -2.00301415e-07 4.83587428e-07 0 -2.00301415e-07 4.83587428e-07 0 -2.00301415e-07 4.83587428e-07 0 -2.41696853e-07 4.64290395e-07 0 -2.41696853e-07 4.64290395e-07 0 -2.41696853e-07 4.64290395e-07 0 -2.41696853e-07 4.64290395e-07 0 -2.41696853e-07 4.64290395e-07 0 -2.41696853e-07 4.64290395e-07 0 -2.81244525e-07 4.41459946e-07 0 -2.81244525e-07 4.41459946e-07 0 -2.81244525e-07 4.41459946e-07 0 -2.81244525e-07 4.41459946e-07 0 -2.81244525e-07 4.41459946e-07 0 -2.81244525e-07 4.41459946e-07 0 -3.18646443e-07 4.15265589e-07 0 -3.18646443e-07 4.15265589e-07 0 -3.18646443e-07 4.15265589e-07 0 -3.18646443e-07 4.15265589e-07 0 -3.18646443e-07 4.15265589e-07 0 -3.18646443e-07 4.15265589e-07 0 -3.5361947e-07 3.85915882e-07 0 -3.5361947e-07 3.85915882e-07 0 -3.5361947e-07 3.85915882e-07 0 -3.5361947e-07 3.85915882e-07 0 -3.5361947e-07 3.85915882e-07 0 -3.5361947e-07 3.85915882e-07 0 -3.85910283e-07 3.53625069e-07 0 -3.85910283e-07 3.53625069e-07 0 -3.85910283e-07 3.53625069e-07 0 -3.85910283e-07 3.53625069e-07 0 -3.85910283e-07 3.53625069e-07 0 -3.85910283e-07 3.53625069e-07 0 -4.15265589e-07 3.18646443e-07 0 -4.15265589e-07 3.18646443e-07 0 -4.15265589e-07 3.18646443e-07 0 -4.15265589e-07 3.18646443e-07 0 -4.15265589e-07 3.18646443e-07 0 -4.15265589e-07 3.18646443e-07 0 -4.41461822e-07 2.81240801e-07 0 -4.41461822e-07 2.81240801e-07 0 -4.41461822e-07 2.81240801e-07 0 -4.41461822e-07 2.81240801e-07 0 -4.41461822e-07 2.81240801e-07 0 -4.41461822e-07 2.81240801e-07 0 -4.64290395e-07 2.4169313e-07 0 -4.64290395e-07 2.4169313e-07 0 -4.64290395e-07 2.4169313e-07 0 -4.64290395e-07 2.4169313e-07 0 -4.64290395e-07 2.4169313e-07 0 -4.64290395e-07 2.4169313e-07 0 -4.83587428e-07 2.00308875e-07 0 -4.83587428e-07 2.00308875e-07 0 -4.83587428e-07 2.00308875e-07 0 -4.83587428e-07 2.00308875e-07 0 -4.83587428e-07 2.00308875e-07 0 -4.83587428e-07 2.00308875e-07 0 -4.9920385e-07 1.57399114e-07 0 -4.9920385e-07 1.57399114e-07 0 -4.9920385e-07 1.57399114e-07 0 -4.9920385e-07 1.57399114e-07 0 -4.9920385e-07 1.57399114e-07 0 -4.9920385e-07 1.57399114e-07 0 -5.11035353e-07 1.13291669e-07 0 -5.11035353e-07 1.13291669e-07 0 -5.11035353e-07 1.13291669e-07 0 -5.11035353e-07 1.13291669e-07 0 -5.11035353e-07 1.13291669e-07 0 -5.11035353e-07 1.13291669e-07 0 -5.18947843e-07 6.83218246e-08 0 -5.18947843e-07 6.83218246e-08 0 -5.18947843e-07 6.83218246e-08 0 -5.18947843e-07 6.83218246e-08 0 -5.18947843e-07 6.83218246e-08 0 -5.18947843e-07 6.83218246e-08 0 -5.22941377e-07 2.28323049e-08 0 -5.22941377e-07 2.28323049e-08 0 -5.22941377e-07 2.28323049e-08 0 -5.22941377e-07 2.28323049e-08 0 -5.22941377e-07 2.28323049e-08 0 -5.22941377e-07 2.28323049e-08 0 </float_array>
          <technique_common>
            <accessor count="6468" offset="0" source="#mesh_0-normals-array" stride="3">
              <param name="X" type="float" />
              <param name="Y" type="float" />
              <param name="Z" type="float" />
            </accessor>
          </technique_common>
        </source>
        <vertices id="mesh_0-vertices">
          <input semantic="POSITION" source="#mesh_0-positions" />
        </vertices>
        <polylist count="2156" material="defaultMaterial">
          <input offset="0" semantic="VERTEX" source="#mesh_0-vertices" />
          <input offset="0" semantic="NORMAL" source="#mesh_0-normals" />
          <vcount>3 3 3 3 3 3 3 3 3 3 3 3 3 3 3 3 3 3 3 3 3 3 3 3 3 3 3 3 3 3 3 3 3 3 3 3 3 3 3 3 3 3 3 3 3 3 3 3 3 3 3 3 3 3 3 3 3 3 3 3 3 3 3 3 3 3 3 3 3 3 3 3 3 3 3 3 3 3 3 3 3 3 3 3 3 3 3 3 3 3 3 3 3 3 3 3 3 3 3 3 3 3 3 3 3 3 3 3 3 3 3 3 3 3 3 3 3 3 3 3 3 3 3 3 3 3 3 3 3 3 3 3 3 3 3 3 3 3 3 3 3 3 3 3 3 3 3 3 3 3 3 3 3 3 3 3 3 3 3 3 3 3 3 3 3 3 3 3 3 3 3 3 3 3 3 3 3 3 3 3 3 3 3 3 3 3 3 3 3 3 3 3 3 3 3 3 3 3 3 3 3 3 3 3 3 3 3 3 3 3 3 3 3 3 3 3 3 3 3 3 3 3 3 3 3 3 3 3 3 3 3 3 3 3 3 3 3 3 3 3 3 3 3 3 3 3 3 3 3 3 3 3 3 3 3 3 3 3 3 3 3 3 3 3 3 3 3 3 3 3 3 3 3 3 3 3 3 3 3 3 3 3 3 3 3 3 3 3 3 3 3 3 3 3 3 3 3 3 3 3 3 3 3 3 3 3 3 3 3 3 3 3 3 3 3 3 3 3 3 3 3 3 3 3 3 3 3 3 3 3 3 3 3 3 3 3 3 3 3 3 3 3 3 3 3 3 3 3 3 3 3 3 3 3 3 3 3 3 3 3 3 3 3 3 3 3 3 3 3 3 3 3 3 3 3 3 3 3 3 3 3 3 3 3 3 3 3 3 3 3 3 3 3 3 3 3 3 3 3 3 3 3 3 3 3 3 3 3 3 3 3 3 3 3 3 3 3 3 3 3 3 3 3 3 3 3 3 3 3 3 3 3 3 3 3 3 3 3 3 3 3 3 3 3 3 3 3 3 3 3 3 3 3 3 3 3 3 3 3 3 3 3 3 3 3 3 3 3 3 3 3 3 3 3 3 3 3 3 3 3 3 3 3 3 3 3 3 3 3 3 3 3 3 3 3 3 3 3 3 3 3 3 3 3 3 3 3 3 3 3 3 3 3 3 3 3 3 3 3 3 3 3 3 3 3 3 3 3 3 3 3 3 3 3 3 3 3 3 3 3 3 3 3 3 3 3 3 3 3 3 3 3 3 3 3 3 3 3 3 3 3 3 3 3 3 3 3 3 3 3 3 3 3 3 3 3 3 3 3 3 3 3 3 3 3 3 3 3 3 3 3 3 3 3 3 3 3 3 3 3 3 3 3 3 3 3 3 3 3 3 3 3 3 3 3 3 3 3 3 3 3 3 3 3 3 3 3 3 3 3 3 3 3 3 3 3 3 3 3 3 3 3 3 3 3 3 3 3 3 3 3 3 3 3 3 3 3 3 3 3 3 3 3 3 3 3 3 3 3 3 3 3 3 3 3 3 3 3 3 3 3 3 3 3 3 3 3 3 3 3 3 3 3 3 3 3 3 3 3 3 3 3 3 3 3 3 3 3 3 3 3 3 3 3 3 3 3 3 3 3 3 3 3 3 3 3 3 3 3 3 3 3 3 3 3 3 3 3 3 3 3 3 3 3 3 3 3 3 3 3 3 3 3 3 3 3 3 3 3 3 3 3 3 3 3 3 3 3 3 3 3 3 3 3 3 3 3 3 3 3 3 3 3 3 3 3 3 3 3 3 3 3 3 3 3 3 3 3 3 3 3 3 3 3 3 3 3 3 3 3 3 3 3 3 3 3 3 3 3 3 3 3 3 3 3 3 3 3 3 3 3 3 3 3 3 3 3 3 3 3 3 3 3 3 3 3 3 3 3 3 3 3 3 3 3 3 3 3 3 3 3 3 3 3 3 3 3 3 3 3 3 3 3 3 3 3 3 3 3 3 3 3 3 3 3 3 3 3 3 3 3 3 3 3 3 3 3 3 3 3 3 3 3 3 3 3 3 3 3 3 3 3 3 3 3 3 3 3 3 3 3 3 3 3 3 3 3 3 3 3 3 3 3 3 3 3 3 3 3 3 3 3 3 3 3 3 3 3 3 3 3 3 3 3 3 3 3 3 3 3 3 3 3 3 3 3 3 3 3 3 3 3 3 3 3 3 3 3 3 3 3 3 3 3 3 3 3 3 3 3 3 3 3 3 3 3 3 3 3 3 3 3 3 3 3 3 3 3 3 3 3 3 3 3 3 3 3 3 3 3 3 3 3 3 3 3 3 3 3 3 3 3 3 3 3 3 3 3 3 3 3 3 3 3 3 3 3 3 3 3 3 3 3 3 3 3 3 3 3 3 3 3 3 3 3 3 3 3 3 3 3 3 3 3 3 3 3 3 3 3 3 3 3 3 3 3 3 3 3 3 3 3 3 3 3 3 3 3 3 3 3 3 3 3 3 3 3 3 3 3 3 3 3 3 3 3 3 3 3 3 3 3 3 3 3 3 3 3 3 3 3 3 3 3 3 3 3 3 3 3 3 3 3 3 3 3 3 3 3 3 3 3 3 3 3 3 3 3 3 3 3 3 3 3 3 3 3 3 3 3 3 3 3 3 3 3 3 3 3 3 3 3 3 3 3 3 3 3 3 3 3 3 3 3 3 3 3 3 3 3 3 3 3 3 3 3 3 3 3 3 3 3 3 3 3 3 3 3 3 3 3 3 3 3 3 3 3 3 3 3 3 3 3 3 3 3 3 3 3 3 3 3 3 3 3 3 3 3 3 3 3 3 3 3 3 3 3 3 3 3 3 3 3 3 3 3 3 3 3 3 3 3 3 3 3 3 3 3 3 3 3 3 3 3 3 3 3 3 3 3 3 3 3 3 3 3 3 3 3 3 3 3 3 3 3 3 3 3 3 3 3 3 3 3 3 3 3 3 3 3 3 3 3 3 3 3 3 3 3 3 3 3 3 3 3 3 3 3 3 3 3 3 3 3 3 3 3 3 3 3 3 3 3 3 3 3 3 3 3 3 3 3 3 3 3 3 3 3 3 3 3 3 3 3 3 3 3 3 3 3 3 3 3 3 3 3 3 3 3 3 3 3 3 3 3 3 3 3 3 3 3 3 3 3 3 3 3 3 3 3 3 3 3 3 3 3 3 3 3 3 3 3 3 3 3 3 3 3 3 3 3 3 3 3 3 3 3 3 3 3 3 3 3 3 3 3 3 3 3 3 3 3 3 3 3 3 3 3 3 3 3 3 3 3 3 3 3 3 3 3 3 3 3 3 3 3 3 3 3 3 3 3 3 3 3 3 3 3 3 3 3 3 3 3 3 3 3 3 3 3 3 3 3 3 3 3 3 3 3 3 3 3 3 3 3 3 3 3 3 3 3 3 3 3 3 3 3 3 3 3 3 3 3 3 3 3 3 3 3 3 3 3 3 3 3 3 3 3 3 3 3 3 3 3 3 3 3 3 3 3 3 3 3 3 3 3 3 3 3 3 3 3 3 3 3 3 3 3 3 3 3 3 3 3 3 3 3 3 3 3 3 3 3 3 3 3 3 3 3 3 3 3 3 3 3 3 3 3 3 3 3 3 3 3 3 3 3 3 3 3 3 3 3 3 3 3 3 3 3 3 3 3 3 3 3 3 3 3 3 3 3 3 3 3 3 3 3 3 3 3 3 3 3 3 3 3 3 3 3 3 3 3 3 3 3 3 3 3 3 3 3 3 3 3 3 3 3 3 3 3 3 3 3 3 3 3 3 3 3 3 3 3 3 3 3 3 3 3 3 3 3 3 3 3 3 3 3 3 3 3 3 3 3 3 3 3 3 3 3 3 3 3 3 3 3 3 3 3 3 3 3 3 3 3 3 3 3 3 3 3 3 3 3 3 3 3 3 3 3 3 3 3 3 3 3 3 3 3 3 3 3 3 3 3 3 3 3 3 3 3 3 3 3 3 3 3 3 3 3 3 3 3 3 3 3 3 3 3 3 3 3 3 3 3 3 3 3 3 3 3 3 3 3 3 3 3 3 3 3 3 3 3 3 3 3 3 3 3 3 3 3 3 3 3 3 3 3 3 3 3 3 3 3 3 3 3 3 3 3 3 3 3 3 3 3 3 3 3 3 3 3 3 3 3 3 3 3 3 3 3 3 3 3 3 3 3 3 3 3 3 3 3 3 3 3 3 3 3 3 3 3 3 3 3 3 3 3 3 3 3 3 3 3 3 3 3 3 3 3 3 3 3 3 3 3 3 3 3 3 3 3 3 3 3 3 3 3 3 3 3 3 3 3 3 3 3 3 3 3 3 3 3 3 3 3 3 3 3 3 3 3 3 3 3 3 3 3 3 3 3 3 3 3 3 3 3 3 3 3 3 3 3 3 3 3 3 3 3 3 3 3 3 3 3 3 3 3 3 3 3 3 3 3 3 3 3 3 3 3 3 3 3 3 3 3 3 3 3 3 3 3 3 3 3 3 3 3 3 3 3 3 3 3 3 3 3 3 3 3 3 3 3 3 3 3 3 3 3 3 3 3 3 3 3 3 3 3 3 3 3 3 3 3 3 3 3 3 3 3 3 3 3 3 3 3 3 3 3 3 3 3 3 3 3 3 3 3 3 3 3 3 3 3 3 3 3 3 3 3 3 3 3 3 3 3 3 3 3 3 3 3 3 3 3 3 3 3 3 3 3 3 3 3 3 3 3 3 3 3 3 3 3 3 3 3 3 3 3 3 3 3 3 3 3 3 3 3 3 3 3 3 3 3 3 3 3 3 3 3 3 3 3 3 3 3 3 3 3 3 3 3 3 3 3 3 3 </vcount>
          <p>0 1 2 3 4 5 6 7 8 9 10 11 12 13 14 15 16 17 18 19 20 21 22 23 24 25 26 27 28 29 30 31 32 33 34 35 36 37 38 39 40 41 42 43 44 45 46 47 48 49 50 51 52 53 54 55 56 57 58 59 60 61 62 63 64 65 66 67 68 69 70 71 72 73 74 75 76 77 78 79 80 81 82 83 84 85 86 87 88 89 90 91 92 93 94 95 96 97 98 99 100 101 102 103 104 105 106 107 108 109 110 111 112 113 114 115 116 117 118 119 120 121 122 123 124 125 126 127 128 129 130 131 132 133 134 135 136 137 138 139 140 141 142 143 144 145 146 147 148 149 150 151 152 153 154 155 156 157 158 159 160 161 162 163 164 165 166 167 168 169 170 171 172 173 174 175 176 177 178 179 180 181 182 183 184 185 186 187 188 189 190 191 192 193 194 195 196 197 198 199 200 201 202 203 204 205 206 207 208 209 210 211 212 213 214 215 216 217 218 219 220 221 222 223 224 225 226 227 228 229 230 231 232 233 234 235 236 237 238 239 240 241 242 243 244 245 246 247 248 249 250 251 252 253 254 255 256 257 258 259 260 261 262 263 264 265 266 267 268 269 270 271 272 273 274 275 276 277 278 279 280 281 282 283 284 285 286 287 288 289 290 291 292 293 294 295 296 297 298 299 300 301 302 303 304 305 306 307 308 309 310 311 312 313 314 315 316 317 318 319 320 321 322 323 324 325 326 327 328 329 330 331 332 333 334 335 336 337 338 339 340 341 342 343 344 345 346 347 348 349 350 351 352 353 354 355 356 357 358 359 360 361 362 363 364 365 366 367 368 369 370 371 372 373 374 375 376 377 378 379 380 381 382 383 384 385 386 387 388 389 390 391 392 393 394 395 396 397 398 399 400 401 402 403 404 405 406 407 408 409 410 411 412 413 414 415 416 417 418 419 420 421 422 423 424 425 426 427 428 429 430 431 432 433 434 435 436 437 438 439 440 441 442 443 444 445 446 447 448 449 450 451 452 453 454 455 456 457 458 459 460 461 462 463 464 465 466 467 468 469 470 471 472 473 474 475 476 477 478 479 480 481 482 483 484 485 486 487 488 489 490 491 492 493 494 495 496 497 498 499 500 501 502 503 504 505 506 507 508 509 510 511 512 513 514 515 516 517 518 519 520 521 522 523 524 525 526 527 528 529 530 531 532 533 534 535 536 537 538 539 540 541 542 543 544 545 546 547 548 549 550 551 552 553 554 555 556 557 558 559 560 561 562 563 564 565 566 567 568 569 570 571 572 573 574 575 576 577 578 579 580 581 582 583 584 585 586 587 588 589 590 591 592 593 594 595 596 597 598 599 600 601 602 603 604 605 606 607 608 609 610 611 612 613 614 615 616 617 618 619 620 621 622 623 624 625 626 627 628 629 630 631 632 633 634 635 636 637 638 639 640 641 642 643 644 645 646 647 648 649 650 651 652 653 654 655 656 657 658 659 660 661 662 663 664 665 666 667 668 669 670 671 672 673 674 675 676 677 678 679 680 681 682 683 684 685 686 687 688 689 690 691 692 693 694 695 696 697 698 699 700 701 702 703 704 705 706 707 708 709 710 711 712 713 714 715 716 717 718 719 720 721 722 723 724 725 726 727 728 729 730 731 732 733 734 735 736 737 738 739 740 741 742 743 744 745 746 747 748 749 750 751 752 753 754 755 756 757 758 759 760 761 762 763 764 765 766 767 768 769 770 771 772 773 774 775 776 777 778 779 780 781 782 783 784 785 786 787 788 789 790 791 792 793 794 795 796 797 798 799 800 801 802 803 804 805 806 807 808 809 810 811 812 813 814 815 816 817 818 819 820 821 822 823 824 825 826 827 828 829 830 831 832 833 834 835 836 837 838 839 840 841 842 843 844 845 846 847 848 849 850 851 852 853 854 855 856 857 858 859 860 861 862 863 864 865 866 867 868 869 870 871 872 873 874 875 876 877 878 879 880 881 882 883 884 885 886 887 888 889 890 891 892 893 894 895 896 897 898 899 900 901 902 903 904 905 906 907 908 909 910 911 912 913 914 915 916 917 918 919 920 921 922 923 924 925 926 927 928 929 930 931 932 933 934 935 936 937 938 939 940 941 942 943 944 945 946 947 948 949 950 951 952 953 954 955 956 957 958 959 960 961 962 963 964 965 966 967 968 969 970 971 972 973 974 975 976 977 978 979 980 981 982 983 984 985 986 987 988 989 990 991 992 993 994 995 996 997 998 999 1000 1001 1002 1003 1004 1005 1006 1007 1008 1009 1010 1011 1012 1013 1014 1015 1016 1017 1018 1019 1020 1021 1022 1023 1024 1025 1026 1027 1028 1029 1030 1031 1032 1033 1034 1035 1036 1037 1038 1039 1040 1041 1042 1043 1044 1045 1046 1047 1048 1049 1050 1051 1052 1053 1054 1055 1056 1057 1058 1059 1060 1061 1062 1063 1064 1065 1066 1067 1068 1069 1070 1071 1072 1073 1074 1075 1076 1077 1078 1079 1080 1081 1082 1083 1084 1085 1086 1087 1088 1089 1090 1091 1092 1093 1094 1095 1096 1097 1098 1099 1100 1101 1102 1103 1104 1105 1106 1107 1108 1109 1110 1111 1112 1113 1114 1115 1116 1117 1118 1119 1120 1121 1122 1123 1124 1125 1126 1127 1128 1129 1130 1131 1132 1133 1134 1135 1136 1137 1138 1139 1140 1141 1142 1143 1144 1145 1146 1147 1148 1149 1150 1151 1152 1153 1154 1155 1156 1157 1158 1159 1160 1161 1162 1163 1164 1165 1166 1167 1168 1169 1170 1171 1172 1173 1174 1175 1176 1177 1178 1179 1180 1181 1182 1183 1184 1185 1186 1187 1188 1189 1190 1191 1192 1193 1194 1195 1196 1197 1198 1199 1200 1201 1202 1203 1204 1205 1206 1207 1208 1209 1210 1211 1212 1213 1214 1215 1216 1217 1218 1219 1220 1221 1222 1223 1224 1225 1226 1227 1228 1229 1230 1231 1232 1233 1234 1235 1236 1237 1238 1239 1240 1241 1242 1243 1244 1245 1246 1247 1248 1249 1250 1251 1252 1253 1254 1255 1256 1257 1258 1259 1260 1261 1262 1263 1264 1265 1266 1267 1268 1269 1270 1271 1272 1273 1274 1275 1276 1277 1278 1279 1280 1281 1282 1283 1284 1285 1286 1287 1288 1289 1290 1291 1292 1293 1294 1295 1296 1297 1298 1299 1300 1301 1302 1303 1304 1305 1306 1307 1308 1309 1310 1311 1312 1313 1314 1315 1316 1317 1318 1319 1320 1321 1322 1323 1324 1325 1326 1327 1328 1329 1330 1331 1332 1333 1334 1335 1336 1337 1338 1339 1340 1341 1342 1343 1344 1345 1346 1347 1348 1349 1350 1351 1352 1353 1354 1355 1356 1357 1358 1359 1360 1361 1362 1363 1364 1365 1366 1367 1368 1369 1370 1371 1372 1373 1374 1375 1376 1377 1378 1379 1380 1381 1382 1383 1384 1385 1386 1387 1388 1389 1390 1391 1392 1393 1394 1395 1396 1397 1398 1399 1400 1401 1402 1403 1404 1405 1406 1407 1408 1409 1410 1411 1412 1413 1414 1415 1416 1417 1418 1419 1420 1421 1422 1423 1424 1425 1426 1427 1428 1429 1430 1431 1432 1433 1434 1435 1436 1437 1438 1439 1440 1441 1442 1443 1444 1445 1446 1447 1448 1449 1450 1451 1452 1453 1454 1455 1456 1457 1458 1459 1460 1461 1462 1463 1464 1465 1466 1467 1468 1469 1470 1471 1472 1473 1474 1475 1476 1477 1478 1479 1480 1481 1482 1483 1484 1485 1486 1487 1488 1489 1490 1491 1492 1493 1494 1495 1496 1497 1498 1499 1500 1501 1502 1503 1504 1505 1506 1507 1508 1509 1510 1511 1512 1513 1514 1515 1516 1517 1518 1519 1520 1521 1522 1523 1524 1525 1526 1527 1528 1529 1530 1531 1532 1533 1534 1535 1536 1537 1538 1539 1540 1541 1542 1543 1544 1545 1546 1547 1548 1549 1550 1551 1552 1553 1554 1555 1556 1557 1558 1559 1560 1561 1562 1563 1564 1565 1566 1567 1568 1569 1570 1571 1572 1573 1574 1575 1576 1577 1578 1579 1580 1581 1582 1583 1584 1585 1586 1587 1588 1589 1590 1591 1592 1593 1594 1595 1596 1597 1598 1599 1600 1601 1602 1603 1604 1605 1606 1607 1608 1609 1610 1611 1612 1613 1614 1615 1616 1617 1618 1619 1620 1621 1622 1623 1624 1625 1626 1627 1628 1629 1630 1631 1632 1633 1634 1635 1636 1637 1638 1639 1640 1641 1642 1643 1644 1645 1646 1647 1648 1649 1650 1651 1652 1653 1654 1655 1656 1657 1658 1659 1660 1661 1662 1663 1664 1665 1666 1667 1668 1669 1670 1671 1672 1673 1674 1675 1676 1677 1678 1679 1680 1681 1682 1683 1684 1685 1686 1687 1688 1689 1690 1691 1692 1693 1694 1695 1696 1697 1698 1699 1700 1701 1702 1703 1704 1705 1706 1707 1708 1709 1710 1711 1712 1713 1714 1715 1716 1717 1718 1719 1720 1721 1722 1723 1724 1725 1726 1727 1728 1729 1730 1731 1732 1733 1734 1735 1736 1737 1738 1739 1740 1741 1742 1743 1744 1745 1746 1747 1748 1749 1750 1751 1752 1753 1754 1755 1756 1757 1758 1759 1760 1761 1762 1763 1764 1765 1766 1767 1768 1769 1770 1771 1772 1773 1774 1775 1776 1777 1778 1779 1780 1781 1782 1783 1784 1785 1786 1787 1788 1789 1790 1791 1792 1793 1794 1795 1796 1797 1798 1799 1800 1801 1802 1803 1804 1805 1806 1807 1808 1809 1810 1811 1812 1813 1814 1815 1816 1817 1818 1819 1820 1821 1822 1823 1824 1825 1826 1827 1828 1829 1830 1831 1832 1833 1834 1835 1836 1837 1838 1839 1840 1841 1842 1843 1844 1845 1846 1847 1848 1849 1850 1851 1852 1853 1854 1855 1856 1857 1858 1859 1860 1861 1862 1863 1864 1865 1866 1867 1868 1869 1870 1871 1872 1873 1874 1875 1876 1877 1878 1879 1880 1881 1882 1883 1884 1885 1886 1887 1888 1889 1890 1891 1892 1893 1894 1895 1896 1897 1898 1899 1900 1901 1902 1903 1904 1905 1906 1907 1908 1909 1910 1911 1912 1913 1914 1915 1916 1917 1918 1919 1920 1921 1922 1923 1924 1925 1926 1927 1928 1929 1930 1931 1932 1933 1934 1935 1936 1937 1938 1939 1940 1941 1942 1943 1944 1945 1946 1947 1948 1949 1950 1951 1952 1953 1954 1955 1956 1957 1958 1959 1960 1961 1962 1963 1964 1965 1966 1967 1968 1969 1970 1971 1972 1973 1974 1975 1976 1977 1978 1979 1980 1981 1982 1983 1984 1985 1986 1987 1988 1989 1990 1991 1992 1993 1994 1995 1996 1997 1998 1999 2000 2001 2002 2003 2004 2005 2006 2007 2008 2009 2010 2011 2012 2013 2014 2015 2016 2017 2018 2019 2020 2021 2022 2023 2024 2025 2026 2027 2028 2029 2030 2031 2032 2033 2034 2035 2036 2037 2038 2039 2040 2041 2042 2043 2044 2045 2046 2047 2048 2049 2050 2051 2052 2053 2054 2055 2056 2057 2058 2059 2060 2061 2062 2063 2064 2065 2066 2067 2068 2069 2070 2071 2072 2073 2074 2075 2076 2077 2078 2079 2080 2081 2082 2083 2084 2085 2086 2087 2088 2089 2090 2091 2092 2093 2094 2095 2096 2097 2098 2099 2100 2101 2102 2103 2104 2105 2106 2107 2108 2109 2110 2111 2112 2113 2114 2115 2116 2117 2118 2119 2120 2121 2122 2123 2124 2125 2126 2127 2128 2129 2130 2131 2132 2133 2134 2135 2136 2137 2138 2139 2140 2141 2142 2143 2144 2145 2146 2147 2148 2149 2150 2151 2152 2153 2154 2155 2156 2157 2158 2159 2160 2161 2162 2163 2164 2165 2166 2167 2168 2169 2170 2171 2172 2173 2174 2175 2176 2177 2178 2179 2180 2181 2182 2183 2184 2185 2186 2187 2188 2189 2190 2191 2192 2193 2194 2195 2196 2197 2198 2199 2200 2201 2202 2203 2204 2205 2206 2207 2208 2209 2210 2211 2212 2213 2214 2215 2216 2217 2218 2219 2220 2221 2222 2223 2224 2225 2226 2227 2228 2229 2230 2231 2232 2233 2234 2235 2236 2237 2238 2239 2240 2241 2242 2243 2244 2245 2246 2247 2248 2249 2250 2251 2252 2253 2254 2255 2256 2257 2258 2259 2260 2261 2262 2263 2264 2265 2266 2267 2268 2269 2270 2271 2272 2273 2274 2275 2276 2277 2278 2279 2280 2281 2282 2283 2284 2285 2286 2287 2288 2289 2290 2291 2292 2293 2294 2295 2296 2297 2298 2299 2300 2301 2302 2303 2304 2305 2306 2307 2308 2309 2310 2311 2312 2313 2314 2315 2316 2317 2318 2319 2320 2321 2322 2323 2324 2325 2326 2327 2328 2329 2330 2331 2332 2333 2334 2335 2336 2337 2338 2339 2340 2341 2342 2343 2344 2345 2346 2347 2348 2349 2350 2351 2352 2353 2354 2355 2356 2357 2358 2359 2360 2361 2362 2363 2364 2365 2366 2367 2368 2369 2370 2371 2372 2373 2374 2375 2376 2377 2378 2379 2380 2381 2382 2383 2384 2385 2386 2387 2388 2389 2390 2391 2392 2393 2394 2395 2396 2397 2398 2399 2400 2401 2402 2403 2404 2405 2406 2407 2408 2409 2410 2411 2412 2413 2414 2415 2416 2417 2418 2419 2420 2421 2422 2423 2424 2425 2426 2427 2428 2429 2430 2431 2432 2433 2434 2435 2436 2437 2438 2439 2440 2441 2442 2443 2444 2445 2446 2447 2448 2449 2450 2451 2452 2453 2454 2455 2456 2457 2458 2459 2460 2461 2462 2463 2464 2465 2466 2467 2468 2469 2470 2471 2472 2473 2474 2475 2476 2477 2478 2479 2480 2481 2482 2483 2484 2485 2486 2487 2488 2489 2490 2491 2492 2493 2494 2495 2496 2497 2498 2499 2500 2501 2502 2503 2504 2505 2506 2507 2508 2509 2510 2511 2512 2513 2514 2515 2516 2517 2518 2519 2520 2521 2522 2523 2524 2525 2526 2527 2528 2529 2530 2531 2532 2533 2534 2535 2536 2537 2538 2539 2540 2541 2542 2543 2544 2545 2546 2547 2548 2549 2550 2551 2552 2553 2554 2555 2556 2557 2558 2559 2560 2561 2562 2563 2564 2565 2566 2567 2568 2569 2570 2571 2572 2573 2574 2575 2576 2577 2578 2579 2580 2581 2582 2583 2584 2585 2586 2587 2588 2589 2590 2591 2592 2593 2594 2595 2596 2597 2598 2599 2600 2601 2602 2603 2604 2605 2606 2607 2608 2609 2610 2611 2612 2613 2614 2615 2616 2617 2618 2619 2620 2621 2622 2623 2624 2625 2626 2627 2628 2629 2630 2631 2632 2633 2634 2635 2636 2637 2638 2639 2640 2641 2642 2643 2644 2645 2646 2647 2648 2649 2650 2651 2652 2653 2654 2655 2656 2657 2658 2659 2660 2661 2662 2663 2664 2665 2666 2667 2668 2669 2670 2671 2672 2673 2674 2675 2676 2677 2678 2679 2680 2681 2682 2683 2684 2685 2686 2687 2688 2689 2690 2691 2692 2693 2694 2695 2696 2697 2698 2699 2700 2701 2702 2703 2704 2705 2706 2707 2708 2709 2710 2711 2712 2713 2714 2715 2716 2717 2718 2719 2720 2721 2722 2723 2724 2725 2726 2727 2728 2729 2730 2731 2732 2733 2734 2735 2736 2737 2738 2739 2740 2741 2742 2743 2744 2745 2746 2747 2748 2749 2750 2751 2752 2753 2754 2755 2756 2757 2758 2759 2760 2761 2762 2763 2764 2765 2766 2767 2768 2769 2770 2771 2772 2773 2774 2775 2776 2777 2778 2779 2780 2781 2782 2783 2784 2785 2786 2787 2788 2789 2790 2791 2792 2793 2794 2795 2796 2797 2798 2799 2800 2801 2802 2803 2804 2805 2806 2807 2808 2809 2810 2811 2812 2813 2814 2815 2816 2817 2818 2819 2820 2821 2822 2823 2824 2825 2826 2827 2828 2829 2830 2831 2832 2833 2834 2835 2836 2837 2838 2839 2840 2841 2842 2843 2844 2845 2846 2847 2848 2849 2850 2851 2852 2853 2854 2855 2856 2857 2858 2859 2860 2861 2862 2863 2864 2865 2866 2867 2868 2869 2870 2871 2872 2873 2874 2875 2876 2877 2878 2879 2880 2881 2882 2883 2884 2885 2886 2887 2888 2889 2890 2891 2892 2893 2894 2895 2896 2897 2898 2899 2900 2901 2902 2903 2904 2905 2906 2907 2908 2909 2910 2911 2912 2913 2914 2915 2916 2917 2918 2919 2920 2921 2922 2923 2924 2925 2926 2927 2928 2929 2930 2931 2932 2933 2934 2935 2936 2937 2938 2939 2940 2941 2942 2943 2944 2945 2946 2947 2948 2949 2950 2951 2952 2953 2954 2955 2956 2957 2958 2959 2960 2961 2962 2963 2964 2965 2966 2967 2968 2969 2970 2971 2972 2973 2974 2975 2976 2977 2978 2979 2980 2981 2982 2983 2984 2985 2986 2987 2988 2989 2990 2991 2992 2993 2994 2995 2996 2997 2998 2999 3000 3001 3002 3003 3004 3005 3006 3007 3008 3009 3010 3011 3012 3013 3014 3015 3016 3017 3018 3019 3020 3021 3022 3023 3024 3025 3026 3027 3028 3029 3030 3031 3032 3033 3034 3035 3036 3037 3038 3039 3040 3041 3042 3043 3044 3045 3046 3047 3048 3049 3050 3051 3052 3053 3054 3055 3056 3057 3058 3059 3060 3061 3062 3063 3064 3065 3066 3067 3068 3069 3070 3071 3072 3073 3074 3075 3076 3077 3078 3079 3080 3081 3082 3083 3084 3085 3086 3087 3088 3089 3090 3091 3092 3093 3094 3095 3096 3097 3098 3099 3100 3101 3102 3103 3104 3105 3106 3107 3108 3109 3110 3111 3112 3113 3114 3115 3116 3117 3118 3119 3120 3121 3122 3123 3124 3125 3126 3127 3128 3129 3130 3131 3132 3133 3134 3135 3136 3137 3138 3139 3140 3141 3142 3143 3144 3145 3146 3147 3148 3149 3150 3151 3152 3153 3154 3155 3156 3157 3158 3159 3160 3161 3162 3163 3164 3165 3166 3167 3168 3169 3170 3171 3172 3173 3174 3175 3176 3177 3178 3179 3180 3181 3182 3183 3184 3185 3186 3187 3188 3189 3190 3191 3192 3193 3194 3195 3196 3197 3198 3199 3200 3201 3202 3203 3204 3205 3206 3207 3208 3209 3210 3211 3212 3213 3214 3215 3216 3217 3218 3219 3220 3221 3222 3223 3224 3225 3226 3227 3228 3229 3230 3231 3232 3233 3234 3235 3236 3237 3238 3239 3240 3241 3242 3243 3244 3245 3246 3247 3248 3249 3250 3251 3252 3253 3254 3255 3256 3257 3258 3259 3260 3261 3262 3263 3264 3265 3266 3267 3268 3269 3270 3271 3272 3273 3274 3275 3276 3277 3278 3279 3280 3281 3282 3283 3284 3285 3286 3287 3288 3289 3290 3291 3292 3293 3294 3295 3296 3297 3298 3299 3300 3301 3302 3303 3304 3305 3306 3307 3308 3309 3310 3311 3312 3313 3314 3315 3316 3317 3318 3319 3320 3321 3322 3323 3324 3325 3326 3327 3328 3329 3330 3331 3332 3333 3334 3335 3336 3337 3338 3339 3340 3341 3342 3343 3344 3345 3346 3347 3348 3349 3350 3351 3352 3353 3354 3355 3356 3357 3358 3359 3360 3361 3362 3363 3364 3365 3366 3367 3368 3369 3370 3371 3372 3373 3374 3375 3376 3377 3378 3379 3380 3381 3382 3383 3384 3385 3386 3387 3388 3389 3390 3391 3392 3393 3394 3395 3396 3397 3398 3399 3400 3401 3402 3403 3404 3405 3406 3407 3408 3409 3410 3411 3412 3413 3414 3415 3416 3417 3418 3419 3420 3421 3422 3423 3424 3425 3426 3427 3428 3429 3430 3431 3432 3433 3434 3435 3436 3437 3438 3439 3440 3441 3442 3443 3444 3445 3446 3447 3448 3449 3450 3451 3452 3453 3454 3455 3456 3457 3458 3459 3460 3461 3462 3463 3464 3465 3466 3467 3468 3469 3470 3471 3472 3473 3474 3475 3476 3477 3478 3479 3480 3481 3482 3483 3484 3485 3486 3487 3488 3489 3490 3491 3492 3493 3494 3495 3496 3497 3498 3499 3500 3501 3502 3503 3504 3505 3506 3507 3508 3509 3510 3511 3512 3513 3514 3515 3516 3517 3518 3519 3520 3521 3522 3523 3524 3525 3526 3527 3528 3529 3530 3531 3532 3533 3534 3535 3536 3537 3538 3539 3540 3541 3542 3543 3544 3545 3546 3547 3548 3549 3550 3551 3552 3553 3554 3555 3556 3557 3558 3559 3560 3561 3562 3563 3564 3565 3566 3567 3568 3569 3570 3571 3572 3573 3574 3575 3576 3577 3578 3579 3580 3581 3582 3583 3584 3585 3586 3587 3588 3589 3590 3591 3592 3593 3594 3595 3596 3597 3598 3599 3600 3601 3602 3603 3604 3605 3606 3607 3608 3609 3610 3611 3612 3613 3614 3615 3616 3617 3618 3619 3620 3621 3622 3623 3624 3625 3626 3627 3628 3629 3630 3631 3632 3633 3634 3635 3636 3637 3638 3639 3640 3641 3642 3643 3644 3645 3646 3647 3648 3649 3650 3651 3652 3653 3654 3655 3656 3657 3658 3659 3660 3661 3662 3663 3664 3665 3666 3667 3668 3669 3670 3671 3672 3673 3674 3675 3676 3677 3678 3679 3680 3681 3682 3683 3684 3685 3686 3687 3688 3689 3690 3691 3692 3693 3694 3695 3696 3697 3698 3699 3700 3701 3702 3703 3704 3705 3706 3707 3708 3709 3710 3711 3712 3713 3714 3715 3716 3717 3718 3719 3720 3721 3722 3723 3724 3725 3726 3727 3728 3729 3730 3731 3732 3733 3734 3735 3736 3737 3738 3739 3740 3741 3742 3743 3744 3745 3746 3747 3748 3749 3750 3751 3752 3753 3754 3755 3756 3757 3758 3759 3760 3761 3762 3763 3764 3765 3766 3767 3768 3769 3770 3771 3772 3773 3774 3775 3776 3777 3778 3779 3780 3781 3782 3783 3784 3785 3786 3787 3788 3789 3790 3791 3792 3793 3794 3795 3796 3797 3798 3799 3800 3801 3802 3803 3804 3805 3806 3807 3808 3809 3810 3811 3812 3813 3814 3815 3816 3817 3818 3819 3820 3821 3822 3823 3824 3825 3826 3827 3828 3829 3830 3831 3832 3833 3834 3835 3836 3837 3838 3839 3840 3841 3842 3843 3844 3845 3846 3847 3848 3849 3850 3851 3852 3853 3854 3855 3856 3857 3858 3859 3860 3861 3862 3863 3864 3865 3866 3867 3868 3869 3870 3871 3872 3873 3874 3875 3876 3877 3878 3879 3880 3881 3882 3883 3884 3885 3886 3887 3888 3889 3890 3891 3892 3893 3894 3895 3896 3897 3898 3899 3900 3901 3902 3903 3904 3905 3906 3907 3908 3909 3910 3911 3912 3913 3914 3915 3916 3917 3918 3919 3920 3921 3922 3923 3924 3925 3926 3927 3928 3929 3930 3931 3932 3933 3934 3935 3936 3937 3938 3939 3940 3941 3942 3943 3944 3945 3946 3947 3948 3949 3950 3951 3952 3953 3954 3955 3956 3957 3958 3959 3960 3961 3962 3963 3964 3965 3966 3967 3968 3969 3970 3971 3972 3973 3974 3975 3976 3977 3978 3979 3980 3981 3982 3983 3984 3985 3986 3987 3988 3989 3990 3991 3992 3993 3994 3995 3996 3997 3998 3999 4000 4001 4002 4003 4004 4005 4006 4007 4008 4009 4010 4011 4012 4013 4014 4015 4016 4017 4018 4019 4020 4021 4022 4023 4024 4025 4026 4027 4028 4029 4030 4031 4032 4033 4034 4035 4036 4037 4038 4039 4040 4041 4042 4043 4044 4045 4046 4047 4048 4049 4050 4051 4052 4053 4054 4055 4056 4057 4058 4059 4060 4061 4062 4063 4064 4065 4066 4067 4068 4069 4070 4071 4072 4073 4074 4075 4076 4077 4078 4079 4080 4081 4082 4083 4084 4085 4086 4087 4088 4089 4090 4091 4092 4093 4094 4095 4096 4097 4098 4099 4100 4101 4102 4103 4104 4105 4106 4107 4108 4109 4110 4111 4112 4113 4114 4115 4116 4117 4118 4119 4120 4121 4122 4123 4124 4125 4126 4127 4128 4129 4130 4131 4132 4133 4134 4135 4136 4137 4138 4139 4140 4141 4142 4143 4144 4145 4146 4147 4148 4149 4150 4151 4152 4153 4154 4155 4156 4157 4158 4159 4160 4161 4162 4163 4164 4165 4166 4167 4168 4169 4170 4171 4172 4173 4174 4175 4176 4177 4178 4179 4180 4181 4182 4183 4184 4185 4186 4187 4188 4189 4190 4191 4192 4193 4194 4195 4196 4197 4198 4199 4200 4201 4202 4203 4204 4205 4206 4207 4208 4209 4210 4211 4212 4213 4214 4215 4216 4217 4218 4219 4220 4221 4222 4223 4224 4225 4226 4227 4228 4229 4230 4231 4232 4233 4234 4235 4236 4237 4238 4239 4240 4241 4242 4243 4244 4245 4246 4247 4248 4249 4250 4251 4252 4253 4254 4255 4256 4257 4258 4259 4260 4261 4262 4263 4264 4265 4266 4267 4268 4269 4270 4271 4272 4273 4274 4275 4276 4277 4278 4279 4280 4281 4282 4283 4284 4285 4286 4287 4288 4289 4290 4291 4292 4293 4294 4295 4296 4297 4298 4299 4300 4301 4302 4303 4304 4305 4306 4307 4308 4309 4310 4311 4312 4313 4314 4315 4316 4317 4318 4319 4320 4321 4322 4323 4324 4325 4326 4327 4328 4329 4330 4331 4332 4333 4334 4335 4336 4337 4338 4339 4340 4341 4342 4343 4344 4345 4346 4347 4348 4349 4350 4351 4352 4353 4354 4355 4356 4357 4358 4359 4360 4361 4362 4363 4364 4365 4366 4367 4368 4369 4370 4371 4372 4373 4374 4375 4376 4377 4378 4379 4380 4381 4382 4383 4384 4385 4386 4387 4388 4389 4390 4391 4392 4393 4394 4395 4396 4397 4398 4399 4400 4401 4402 4403 4404 4405 4406 4407 4408 4409 4410 4411 4412 4413 4414 4415 4416 4417 4418 4419 4420 4421 4422 4423 4424 4425 4426 4427 4428 4429 4430 4431 4432 4433 4434 4435 4436 4437 4438 4439 4440 4441 4442 4443 4444 4445 4446 4447 4448 4449 4450 4451 4452 4453 4454 4455 4456 4457 4458 4459 4460 4461 4462 4463 4464 4465 4466 4467 4468 4469 4470 4471 4472 4473 4474 4475 4476 4477 4478 4479 4480 4481 4482 4483 4484 4485 4486 4487 4488 4489 4490 4491 4492 4493 4494 4495 4496 4497 4498 4499 4500 4501 4502 4503 4504 4505 4506 4507 4508 4509 4510 4511 4512 4513 4514 4515 4516 4517 4518 4519 4520 4521 4522 4523 4524 4525 4526 4527 4528 4529 4530 4531 4532 4533 4534 4535 4536 4537 4538 4539 4540 4541 4542 4543 4544 4545 4546 4547 4548 4549 4550 4551 4552 4553 4554 4555 4556 4557 4558 4559 4560 4561 4562 4563 4564 4565 4566 4567 4568 4569 4570 4571 4572 4573 4574 4575 4576 4577 4578 4579 4580 4581 4582 4583 4584 4585 4586 4587 4588 4589 4590 4591 4592 4593 4594 4595 4596 4597 4598 4599 4600 4601 4602 4603 4604 4605 4606 4607 4608 4609 4610 4611 4612 4613 4614 4615 4616 4617 4618 4619 4620 4621 4622 4623 4624 4625 4626 4627 4628 4629 4630 4631 4632 4633 4634 4635 4636 4637 4638 4639 4640 4641 4642 4643 4644 4645 4646 4647 4648 4649 4650 4651 4652 4653 4654 4655 4656 4657 4658 4659 4660 4661 4662 4663 4664 4665 4666 4667 4668 4669 4670 4671 4672 4673 4674 4675 4676 4677 4678 4679 4680 4681 4682 4683 4684 4685 4686 4687 4688 4689 4690 4691 4692 4693 4694 4695 4696 4697 4698 4699 4700 4701 4702 4703 4704 4705 4706 4707 4708 4709 4710 4711 4712 4713 4714 4715 4716 4717 4718 4719 4720 4721 4722 4723 4724 4725 4726 4727 4728 4729 4730 4731 4732 4733 4734 4735 4736 4737 4738 4739 4740 4741 4742 4743 4744 4745 4746 4747 4748 4749 4750 4751 4752 4753 4754 4755 4756 4757 4758 4759 4760 4761 4762 4763 4764 4765 4766 4767 4768 4769 4770 4771 4772 4773 4774 4775 4776 4777 4778 4779 4780 4781 4782 4783 4784 4785 4786 4787 4788 4789 4790 4791 4792 4793 4794 4795 4796 4797 4798 4799 4800 4801 4802 4803 4804 4805 4806 4807 4808 4809 4810 4811 4812 4813 4814 4815 4816 4817 4818 4819 4820 4821 4822 4823 4824 4825 4826 4827 4828 4829 4830 4831 4832 4833 4834 4835 4836 4837 4838 4839 4840 4841 4842 4843 4844 4845 4846 4847 4848 4849 4850 4851 4852 4853 4854 4855 4856 4857 4858 4859 4860 4861 4862 4863 4864 4865 4866 4867 4868 4869 4870 4871 4872 4873 4874 4875 4876 4877 4878 4879 4880 4881 4882 4883 4884 4885 4886 4887 4888 4889 4890 4891 4892 4893 4894 4895 4896 4897 4898 4899 4900 4901 4902 4903 4904 4905 4906 4907 4908 4909 4910 4911 4912 4913 4914 4915 4916 4917 4918 4919 4920 4921 4922 4923 4924 4925 4926 4927 4928 4929 4930 4931 4932 4933 4934 4935 4936 4937 4938 4939 4940 4941 4942 4943 4944 4945 4946 4947 4948 4949 4950 4951 4952 4953 4954 4955 4956 4957 4958 4959 4960 4961 4962 4963 4964 4965 4966 4967 4968 4969 4970 4971 4972 4973 4974 4975 4976 4977 4978 4979 4980 4981 4982 4983 4984 4985 4986 4987 4988 4989 4990 4991 4992 4993 4994 4995 4996 4997 4998 4999 5000 5001 5002 5003 5004 5005 5006 5007 5008 5009 5010 5011 5012 5013 5014 5015 5016 5017 5018 5019 5020 5021 5022 5023 5024 5025 5026 5027 5028 5029 5030 5031 5032 5033 5034 5035 5036 5037 5038 5039 5040 5041 5042 5043 5044 5045 5046 5047 5048 5049 5050 5051 5052 5053 5054 5055 5056 5057 5058 5059 5060 5061 5062 5063 5064 5065 5066 5067 5068 5069 5070 5071 5072 5073 5074 5075 5076 5077 5078 5079 5080 5081 5082 5083 5084 5085 5086 5087 5088 5089 5090 5091 5092 5093 5094 5095 5096 5097 5098 5099 5100 5101 5102 5103 5104 5105 5106 5107 5108 5109 5110 5111 5112 5113 5114 5115 5116 5117 5118 5119 5120 5121 5122 5123 5124 5125 5126 5127 5128 5129 5130 5131 5132 5133 5134 5135 5136 5137 5138 5139 5140 5141 5142 5143 5144 5145 5146 5147 5148 5149 5150 5151 5152 5153 5154 5155 5156 5157 5158 5159 5160 5161 5162 5163 5164 5165 5166 5167 5168 5169 5170 5171 5172 5173 5174 5175 5176 5177 5178 5179 5180 5181 5182 5183 5184 5185 5186 5187 5188 5189 5190 5191 5192 5193 5194 5195 5196 5197 5198 5199 5200 5201 5202 5203 5204 5205 5206 5207 5208 5209 5210 5211 5212 5213 5214 5215 5216 5217 5218 5219 5220 5221 5222 5223 5224 5225 5226 5227 5228 5229 5230 5231 5232 5233 5234 5235 5236 5237 5238 5239 5240 5241 5242 5243 5244 5245 5246 5247 5248 5249 5250 5251 5252 5253 5254 5255 5256 5257 5258 5259 5260 5261 5262 5263 5264 5265 5266 5267 5268 5269 5270 5271 5272 5273 5274 5275 5276 5277 5278 5279 5280 5281 5282 5283 5284 5285 5286 5287 5288 5289 5290 5291 5292 5293 5294 5295 5296 5297 5298 5299 5300 5301 5302 5303 5304 5305 5306 5307 5308 5309 5310 5311 5312 5313 5314 5315 5316 5317 5318 5319 5320 5321 5322 5323 5324 5325 5326 5327 5328 5329 5330 5331 5332 5333 5334 5335 5336 5337 5338 5339 5340 5341 5342 5343 5344 5345 5346 5347 5348 5349 5350 5351 5352 5353 5354 5355 5356 5357 5358 5359 5360 5361 5362 5363 5364 5365 5366 5367 5368 5369 5370 5371 5372 5373 5374 5375 5376 5377 5378 5379 5380 5381 5382 5383 5384 5385 5386 5387 5388 5389 5390 5391 5392 5393 5394 5395 5396 5397 5398 5399 5400 5401 5402 5403 5404 5405 5406 5407 5408 5409 5410 5411 5412 5413 5414 5415 5416 5417 5418 5419 5420 5421 5422 5423 5424 5425 5426 5427 5428 5429 5430 5431 5432 5433 5434 5435 5436 5437 5438 5439 5440 5441 5442 5443 5444 5445 5446 5447 5448 5449 5450 5451 5452 5453 5454 5455 5456 5457 5458 5459 5460 5461 5462 5463 5464 5465 5466 5467 5468 5469 5470 5471 5472 5473 5474 5475 5476 5477 5478 5479 5480 5481 5482 5483 5484 5485 5486 5487 5488 5489 5490 5491 5492 5493 5494 5495 5496 5497 5498 5499 5500 5501 5502 5503 5504 5505 5506 5507 5508 5509 5510 5511 5512 5513 5514 5515 5516 5517 5518 5519 5520 5521 5522 5523 5524 5525 5526 5527 5528 5529 5530 5531 5532 5533 5534 5535 5536 5537 5538 5539 5540 5541 5542 5543 5544 5545 5546 5547 5548 5549 5550 5551 5552 5553 5554 5555 5556 5557 5558 5559 5560 5561 5562 5563 5564 5565 5566 5567 5568 5569 5570 5571 5572 5573 5574 5575 5576 5577 5578 5579 5580 5581 5582 5583 5584 5585 5586 5587 5588 5589 5590 5591 5592 5593 5594 5595 5596 5597 5598 5599 5600 5601 5602 5603 5604 5605 5606 5607 5608 5609 5610 5611 5612 5613 5614 5615 5616 5617 5618 5619 5620 5621 5622 5623 5624 5625 5626 5627 5628 5629 5630 5631 5632 5633 5634 5635 5636 5637 5638 5639 5640 5641 5642 5643 5644 5645 5646 5647 5648 5649 5650 5651 5652 5653 5654 5655 5656 5657 5658 5659 5660 5661 5662 5663 5664 5665 5666 5667 5668 5669 5670 5671 5672 5673 5674 5675 5676 5677 5678 5679 5680 5681 5682 5683 5684 5685 5686 5687 5688 5689 5690 5691 5692 5693 5694 5695 5696 5697 5698 5699 5700 5701 5702 5703 5704 5705 5706 5707 5708 5709 5710 5711 5712 5713 5714 5715 5716 5717 5718 5719 5720 5721 5722 5723 5724 5725 5726 5727 5728 5729 5730 5731 5732 5733 5734 5735 5736 5737 5738 5739 5740 5741 5742 5743 5744 5745 5746 5747 5748 5749 5750 5751 5752 5753 5754 5755 5756 5757 5758 5759 5760 5761 5762 5763 5764 5765 5766 5767 5768 5769 5770 5771 5772 5773 5774 5775 5776 5777 5778 5779 5780 5781 5782 5783 5784 5785 5786 5787 5788 5789 5790 5791 5792 5793 5794 5795 5796 5797 5798 5799 5800 5801 5802 5803 5804 5805 5806 5807 5808 5809 5810 5811 5812 5813 5814 5815 5816 5817 5818 5819 5820 5821 5822 5823 5824 5825 5826 5827 5828 5829 5830 5831 5832 5833 5834 5835 5836 5837 5838 5839 5840 5841 5842 5843 5844 5845 5846 5847 5848 5849 5850 5851 5852 5853 5854 5855 5856 5857 5858 5859 5860 5861 5862 5863 5864 5865 5866 5867 5868 5869 5870 5871 5872 5873 5874 5875 5876 5877 5878 5879 5880 5881 5882 5883 5884 5885 5886 5887 5888 5889 5890 5891 5892 5893 5894 5895 5896 5897 5898 5899 5900 5901 5902 5903 5904 5905 5906 5907 5908 5909 5910 5911 5912 5913 5914 5915 5916 5917 5918 5919 5920 5921 5922 5923 5924 5925 5926 5927 5928 5929 5930 5931 5932 5933 5934 5935 5936 5937 5938 5939 5940 5941 5942 5943 5944 5945 5946 5947 5948 5949 5950 5951 5952 5953 5954 5955 5956 5957 5958 5959 5960 5961 5962 5963 5964 5965 5966 5967 5968 5969 5970 5971 5972 5973 5974 5975 5976 5977 5978 5979 5980 5981 5982 5983 5984 5985 5986 5987 5988 5989 5990 5991 5992 5993 5994 5995 5996 5997 5998 5999 6000 6001 6002 6003 6004 6005 6006 6007 6008 6009 6010 6011 6012 6013 6014 6015 6016 6017 6018 6019 6020 6021 6022 6023 6024 6025 6026 6027 6028 6029 6030 6031 6032 6033 6034 6035 6036 6037 6038 6039 6040 6041 6042 6043 6044 6045 6046 6047 6048 6049 6050 6051 6052 6053 6054 6055 6056 6057 6058 6059 6060 6061 6062 6063 6064 6065 6066 6067 6068 6069 6070 6071 6072 6073 6074 6075 6076 6077 6078 6079 6080 6081 6082 6083 6084 6085 6086 6087 6088 6089 6090 6091 6092 6093 6094 6095 6096 6097 6098 6099 6100 6101 6102 6103 6104 6105 6106 6107 6108 6109 6110 6111 6112 6113 6114 6115 6116 6117 6118 6119 6120 6121 6122 6123 6124 6125 6126 6127 6128 6129 6130 6131 6132 6133 6134 6135 6136 6137 6138 6139 6140 6141 6142 6143 6144 6145 6146 6147 6148 6149 6150 6151 6152 6153 6154 6155 6156 6157 6158 6159 6160 6161 6162 6163 6164 6165 6166 6167 6168 6169 6170 6171 6172 6173 6174 6175 6176 6177 6178 6179 6180 6181 6182 6183 6184 6185 6186 6187 6188 6189 6190 6191 6192 6193 6194 6195 6196 6197 6198 6199 6200 6201 6202 6203 6204 6205 6206 6207 6208 6209 6210 6211 6212 6213 6214 6215 6216 6217 6218 6219 6220 6221 6222 6223 6224 6225 6226 6227 6228 6229 6230 6231 6232 6233 6234 6235 6236 6237 6238 6239 6240 6241 6242 6243 6244 6245 6246 6247 6248 6249 6250 6251 6252 6253 6254 6255 6256 6257 6258 6259 6260 6261 6262 6263 6264 6265 6266 6267 6268 6269 6270 6271 6272 6273 6274 6275 6276 6277 6278 6279 6280 6281 6282 6283 6284 6285 6286 6287 6288 6289 6290 6291 6292 6293 6294 6295 6296 6297 6298 6299 6300 6301 6302 6303 6304 6305 6306 6307 6308 6309 6310 6311 6312 6313 6314 6315 6316 6317 6318 6319 6320 6321 6322 6323 6324 6325 6326 6327 6328 6329 6330 6331 6332 6333 6334 6335 6336 6337 6338 6339 6340 6341 6342 6343 6344 6345 6346 6347 6348 6349 6350 6351 6352 6353 6354 6355 6356 6357 6358 6359 6360 6361 6362 6363 6364 6365 6366 6367 6368 6369 6370 6371 6372 6373 6374 6375 6376 6377 6378 6379 6380 6381 6382 6383 6384 6385 6386 6387 6388 6389 6390 6391 6392 6393 6394 6395 6396 6397 6398 6399 6400 6401 6402 6403 6404 6405 6406 6407 6408 6409 6410 6411 6412 6413 6414 6415 6416 6417 6418 6419 6420 6421 6422 6423 6424 6425 6426 6427 6428 6429 6430 6431 6432 6433 6434 6435 6436 6437 6438 6439 6440 6441 6442 6443 6444 6445 6446 6447 6448 6449 6450 6451 6452 6453 6454 6455 6456 6457 6458 6459 6460 6461 6462 6463 6464 6465 6466 6467 </p>
        </polylist>
      </mesh>
    </geometry>
  </library_geometries>
  <library_controllers>
  </library_controllers>
  <library_visual_scenes>
    <visual_scene id="_ySTL_BINARY_" name="&lt;STL_BINARY&gt;">
      <node id="node" name="" type="NODE">
        <matrix sid="matrix">1 0 0 0 0 1 0 0 0 0 1 0 0 0 0 1</matrix>
        <instance_geometry url="#mesh_0">
          <bind_material>
            <technique_common>
              <instance_material symbol="defaultMaterial" target="#DefaultMaterial">
              </instance_material>
            </technique_common>
          </bind_material>
        </instance_geometry>
      </node>
    </visual_scene>
  </library_visual_scenes>
  <scene>
    <instance_visual_scene url="#_ySTL_BINARY_" />
  </scene>
</COLLADA>
