ISO-10303-21;
HEADER;
FILE_DESCRIPTION (( 'STEP AP214' ),
    '1' );
FILE_NAME ('1803280.STEP',
    '2025-01-21T05:06:27',
    ( 'LENOVO' ),
    ( '' ),
    'SwSTEP 2.0',
    'SolidWorks 2021',
    '' );
FILE_SCHEMA (( 'AUTOMOTIVE_DESIGN' ));
ENDSEC;

DATA;
#1 = FACE_OUTER_BOUND ( 'NONE', #1738, .T. ) ;
#2 = VECTOR ( 'NONE', #3661, 1000.000000000000000 ) ;
#3 = LINE ( 'NONE', #1203, #5201 ) ;
#4 = CARTESIAN_POINT ( 'NONE',  ( -2.936332063681016180, 0.3656399172020296517, 4.600000000000000533 ) ) ;
#5 = FACE_OUTER_BOUND ( 'NONE', #2358, .T. ) ;
#6 = CARTESIAN_POINT ( 'NONE',  ( 0.8751642348692253437, 0.3641281265430114100, 4.599999999999998757 ) ) ;
#7 = CARTESIAN_POINT ( 'NONE',  ( -3.809999999999999609, 3.000000000000000000, -2.149999999999999911 ) ) ;
#8 =( NAMED_UNIT ( * ) SI_UNIT ( $, .STERADIAN. ) SOLID_ANGLE_UNIT ( ) );
#9 = EDGE_LOOP ( 'NONE', ( #4867, #2978 ) ) ;
#10 = EDGE_CURVE ( 'NONE', #2801, #7434, #5729, .T. ) ;
#11 = CARTESIAN_POINT ( 'NONE',  ( 3.099330711338631694, 0.6774305806405233055, 4.099898587138089745 ) ) ;
#12 = VECTOR ( 'NONE', #5004, 1000.000000000000000 ) ;
#13 = LINE ( 'NONE', #5329, #2551 ) ;
#14 = CARTESIAN_POINT ( 'NONE',  ( 4.768381227634183261, 0.4673873799459412059, 4.144185440071713522 ) ) ;
#15 = CARTESIAN_POINT ( 'NONE',  ( 0.000000000000000000, 0.000000000000000000, -3.650000000000002132 ) ) ;
#16 = VECTOR ( 'NONE', #4389, 1000.000000000000114 ) ;
#17 = ORIENTED_EDGE ( 'NONE', *, *, #1894, .F. ) ;
#18 = ORIENTED_EDGE ( 'NONE', *, *, #7446, .T. ) ;
#19 = AXIS2_PLACEMENT_3D ( 'NONE', #4983, #1832, #4312 ) ;
#20 = VECTOR ( 'NONE', #7531, 1000.000000000000000 ) ;
#21 = DIRECTION ( 'NONE',  ( 0.000000000000000000, -1.000000000000000000, -1.301042606982963148E-14 ) ) ;
#22 = LINE ( 'NONE', #7801, #5380 ) ;
#23 = ORIENTED_EDGE ( 'NONE', *, *, #2887, .F. ) ;
#24 = EDGE_CURVE ( 'NONE', #6110, #3607, #2279, .T. ) ;
#25 = COLOUR_RGB ( '',0.7921568627450980005, 0.8196078431372548767, 0.9333333333333333481 ) ;
#26 = CARTESIAN_POINT ( 'NONE',  ( 1.300000000000000044, -2.949029909160572061E-14, -1.649999999999998579 ) ) ;
#27 = DIRECTION ( 'NONE',  ( -1.000000000000000000, 0.000000000000000000, 0.000000000000000000 ) ) ;
#28 = FACE_OUTER_BOUND ( 'NONE', #2218, .T. ) ;
#29 = DIRECTION ( 'NONE',  ( 0.000000000000000000, -0.000000000000000000, -1.000000000000000000 ) ) ;
#30 = CARTESIAN_POINT ( 'NONE',  ( -0.8764929467302393640, 0.4591376561867684947, 4.360454033502858096 ) ) ;
#31 = EDGE_CURVE ( 'NONE', #800, #4557, #7670, .T. ) ;
#32 = VERTEX_POINT ( 'NONE', #6890 ) ;
#33 = ORIENTED_EDGE ( 'NONE', *, *, #3800, .T. ) ;
#34 = CARTESIAN_POINT ( 'NONE',  ( -4.750872094770347331, 0.5022169268285372468, 4.099740928956544295 ) ) ;
#35 = LINE ( 'NONE', #3153, #145 ) ;
#36 = ADVANCED_FACE ( 'NONE', ( #2287 ), #3907, .F. ) ;
#37 = FACE_OUTER_BOUND ( 'NONE', #818, .T. ) ;
#38 = ORIENTED_EDGE ( 'NONE', *, *, #1033, .F. ) ;
#39 = VECTOR ( 'NONE', #7391, 1000.000000000000000 ) ;
#40 = EDGE_CURVE ( 'NONE', #1225, #7442, #4771, .T. ) ;
#41 = AXIS2_PLACEMENT_3D ( 'NONE', #961, #3869, #5163 ) ;
#42 = CARTESIAN_POINT ( 'NONE',  ( -2.660000000000000586, 3.000000000000000000, -2.149999999999999911 ) ) ;
#43 = PLANE ( 'NONE',  #163 ) ;
#44 = DIRECTION ( 'NONE',  ( 1.000000000000000000, -0.000000000000000000, 2.569960705150825398E-16 ) ) ;
#45 = CARTESIAN_POINT ( 'NONE',  ( 0.9699661743672279846, 0.4739431823188549053, 4.099717220368696680 ) ) ;
#46 = VECTOR ( 'NONE', #6772, 1000.000000000000000 ) ;
#47 = DIRECTION ( 'NONE',  ( -0.9659258262890687563, 0.000000000000000000, 0.2588190451025190741 ) ) ;
#48 = EDGE_CURVE ( 'NONE', #4032, #3607, #7513, .T. ) ;
#49 = DIRECTION ( 'NONE',  ( 1.000000000000000000, 0.000000000000000000, 0.000000000000000000 ) ) ;
#50 = VERTEX_POINT ( 'NONE', #86 ) ;
#51 = CARTESIAN_POINT ( 'NONE',  ( 6.110000000000000320, 0.8500000000000007550, 4.000000000000000000 ) ) ;
#52 = CARTESIAN_POINT ( 'NONE',  ( -4.416246552236219536, 0.5710190641446394322, 4.599999999999998757 ) ) ;
#53 = ADVANCED_FACE ( 'NONE', ( #4747 ), #6944, .F. ) ;
#54 = ORIENTED_EDGE ( 'NONE', *, *, #1343, .F. ) ;
#55 = CYLINDRICAL_SURFACE ( 'NONE', #6922, 0.2000000000000000944 ) ;
#56 = LINE ( 'NONE', #3714, #7982 ) ;
#57 = VECTOR ( 'NONE', #2993, 1000.000000000000000 ) ;
#58 = EDGE_CURVE ( 'NONE', #1296, #7187, #2193, .T. ) ;
#59 = VECTOR ( 'NONE', #6665, 1000.000000000000000 ) ;
#60 = CARTESIAN_POINT ( 'NONE',  ( -1.300000000000000044, 0.3999999999998605227, -1.649999999999993472 ) ) ;
#61 = DIRECTION ( 'NONE',  ( -0.000000000000000000, -0.000000000000000000, -1.000000000000000000 ) ) ;
#62 = EDGE_CURVE ( 'NONE', #7442, #604, #2516, .T. ) ;
#63 = CARTESIAN_POINT ( 'NONE',  ( -3.458293601660257011, 2.610285042102434616, 2.785275409606414065 ) ) ;
#64 = CARTESIAN_POINT ( 'NONE',  ( -4.759962800168663577, 0.4935671211835299665, 4.099733621917000193 ) ) ;
#65 = ORIENTED_EDGE ( 'NONE', *, *, #5332, .F. ) ;
#66 = CARTESIAN_POINT ( 'NONE',  ( 5.343436969401010650, 6.483974596215733577, 4.599999999999999645 ) ) ;
#67 = DIRECTION ( 'NONE',  ( 0.2505628075300757596, 0.9351131262929058829, 0.2505628075300764257 ) ) ;
#68 = ORIENTED_EDGE ( 'NONE', *, *, #5613, .T. ) ;
#69 = CARTESIAN_POINT ( 'NONE',  ( 3.409397629330276125, 0.8163456937360640264, 4.100036160833323784 ) ) ;
#70 = VECTOR ( 'NONE', #7747, 1000.000000000000000 ) ;
#71 = LINE ( 'NONE', #5818, #2716 ) ;
#72 = ORIENTED_EDGE ( 'NONE', *, *, #3195, .T. ) ;
#73 = VECTOR ( 'NONE', #7540, 1000.000000000000000 ) ;
#74 = LINE ( 'NONE', #4754, #5374 ) ;
#75 = ORIENTED_EDGE ( 'NONE', *, *, #3166, .F. ) ;
#76 = EDGE_CURVE ( 'NONE', #3961, #4962, #2459, .T. ) ;
#77 = CARTESIAN_POINT ( 'NONE',  ( -2.834030953418134491, 0.4679024512660221458, 4.099718805503266061 ) ) ;
#78 = ORIENTED_EDGE ( 'NONE', *, *, #7588, .T. ) ;
#79 = VECTOR ( 'NONE', #7688, 1000.000000000000000 ) ;
#80 = CARTESIAN_POINT ( 'NONE',  ( -0.4000000000000001887, -2.946891109999995262, -3.701776695000027484 ) ) ;
#81 = CARTESIAN_POINT ( 'NONE',  ( -3.508223304999999570, -2.946891109999997482, -3.000000000000027534 ) ) ;
#82 = VECTOR ( 'NONE', #878, 1000.000000000000000 ) ;
#83 = CARTESIAN_POINT ( 'NONE',  ( 3.420102308273651914, -2.984593437674528449, -3.047435571654264930 ) ) ;
#84 = EDGE_CURVE ( 'NONE', #6990, #6794, #2329, .T. ) ;
#85 = FILL_AREA_STYLE_COLOUR ( '', #4718 ) ;
#86 = CARTESIAN_POINT ( 'NONE',  ( 4.209999999999999964, 0.3999999999998792855, -3.701776694999996842 ) ) ;
#87 =( BOUNDED_CURVE ( )  B_SPLINE_CURVE ( 3, ( #6898, #1951, #2554, #7743 ),
 .UNSPECIFIED., .F., .F. ) 
 B_SPLINE_CURVE_WITH_KNOTS ( ( 4, 4 ),
 ( 0.000000000000000000, 0.7853981633974346233 ),
 .UNSPECIFIED. ) 
 CURVE ( )  GEOMETRIC_REPRESENTATION_ITEM ( )  RATIONAL_B_SPLINE_CURVE ( ( 1.000000000000000000, 0.9492530216741928983, 0.9492530216741928983, 1.000000000000000000 ) ) 
 REPRESENTATION_ITEM ( '' )  );
#88 = LINE ( 'NONE', #669, #2599 ) ;
#89 = PLANE ( 'NONE',  #6726 ) ;
#90 = ORIENTED_EDGE ( 'NONE', *, *, #3166, .T. ) ;
#91 = ORIENTED_EDGE ( 'NONE', *, *, #4612, .F. ) ;
#92 = CARTESIAN_POINT ( 'NONE',  ( -3.708612788544231709, 0.8731202423957046266, 4.100095451643094080 ) ) ;
#93 = LINE ( 'NONE', #4990, #2741 ) ;
#94 = ORIENTED_EDGE ( 'NONE', *, *, #499, .F. ) ;
#95 = VECTOR ( 'NONE', #828, 1000.000000000000000 ) ;
#96 = ORIENTED_EDGE ( 'NONE', *, *, #5172, .F. ) ;
#97 = DIRECTION ( 'NONE',  ( -0.09316605137675544601, 0.2576933335952809045, -0.9617246137493908886 ) ) ;
#98 = DIRECTION ( 'NONE',  ( 0.000000000000000000, 0.000000000000000000, 1.000000000000000000 ) ) ;
#99 = SURFACE_SIDE_STYLE ('',( #6514 ) ) ;
#100 = CARTESIAN_POINT ( 'NONE',  ( 0.7619909039115408955, 0.6449592113650089997, 4.099867957028480170 ) ) ;
#101 = CARTESIAN_POINT ( 'NONE',  ( 6.110000000000000320, 7.150000000000000355, 4.599999999999999645 ) ) ;
#102 = DIRECTION ( 'NONE',  ( 0.000000000000000000, 1.000000000000000000, 0.000000000000000000 ) ) ;
#103 = ORIENTED_EDGE ( 'NONE', *, *, #4761, .F. ) ;
#104 = PLANE ( 'NONE',  #3015 ) ;
#105 = AXIS2_PLACEMENT_3D ( 'NONE', #2317, #4964, #3055 ) ;
#106 = EDGE_LOOP ( 'NONE', ( #6887, #1962, #4433, #6367 ) ) ;
#107 = CYLINDRICAL_SURFACE ( 'NONE', #3723, 0.09822330499999978870 ) ;
#108 = ADVANCED_FACE ( 'NONE', ( #5083 ), #5044, .T. ) ;
#109 = FACE_OUTER_BOUND ( 'NONE', #2231, .T. ) ;
#110 = VECTOR ( 'NONE', #6459, 1000.000000000000000 ) ;
#111 = EDGE_CURVE ( 'NONE', #236, #2905, #5275, .T. ) ;
#112 = DIRECTION ( 'NONE',  ( 0.000000000000000000, 1.000000000000000000, 1.156482317317871922E-14 ) ) ;
#113 =( BOUNDED_CURVE ( )  B_SPLINE_CURVE ( 3, ( #4276, #5549, #6405, #6854 ),
 .UNSPECIFIED., .F., .F. ) 
 B_SPLINE_CURVE_WITH_KNOTS ( ( 4, 4 ),
 ( 0.000000000000000000, 0.7853981633974631560 ),
 .UNSPECIFIED. ) 
 CURVE ( )  GEOMETRIC_REPRESENTATION_ITEM ( )  RATIONAL_B_SPLINE_CURVE ( ( 1.000000000000000000, 0.9492530216741892346, 0.9492530216741892346, 1.000000000000000000 ) ) 
 REPRESENTATION_ITEM ( '' )  );
#114 = CARTESIAN_POINT ( 'NONE',  ( 6.110000000000000320, 2.550000000000001155, 2.100000000000000089 ) ) ;
#115 = CARTESIAN_POINT ( 'NONE',  ( -4.460000000000018616, 5.526333359182902801E-15, 4.099999999999992539 ) ) ;
#116 = DIRECTION ( 'NONE',  ( 1.000000000000000000, 0.000000000000000000, 0.000000000000000000 ) ) ;
#117 = VERTEX_POINT ( 'NONE', #6492 ) ;
#118 = CARTESIAN_POINT ( 'NONE',  ( 4.460000000000011511, 5.000000000000124345, 4.099999999999992539 ) ) ;
#119 = ORIENTED_EDGE ( 'NONE', *, *, #4462, .F. ) ;
#120 = CARTESIAN_POINT ( 'NONE',  ( 3.532254857474224519, 0.8475731793858189977, 4.100068565933131737 ) ) ;
#121 = LINE ( 'NONE', #6455, #2767 ) ;
#122 = LINE ( 'NONE', #4934, #5226 ) ;
#123 = EDGE_LOOP ( 'NONE', ( #7537, #3908, #4411, #4286, #1934 ) ) ;
#124 = DIRECTION ( 'NONE',  ( 0.3399999692168444998, -0.9404254467699950659, 0.000000000000000000 ) ) ;
#125 = FACE_OUTER_BOUND ( 'NONE', #6810, .T. ) ;
#126 = VECTOR ( 'NONE', #1165, 1000.000000000000000 ) ;
#127 = AXIS2_PLACEMENT_3D ( 'NONE', #406, #6004, #2674 ) ;
#128 = EDGE_CURVE ( 'NONE', #5594, #6971, #2540, .T. ) ;
#129 = AXIS2_PLACEMENT_3D ( 'NONE', #1465, #2026, #5072 ) ;
#130 = ORIENTED_EDGE ( 'NONE', *, *, #3260, .T. ) ;
#131 = MANIFOLD_SOLID_BREP ( 'LPattern3[1]', #725 ) ;
#132 = ORIENTED_EDGE ( 'NONE', *, *, #1943, .F. ) ;
#133 = LINE ( 'NONE', #1287, #12 ) ;
#134 = LINE ( 'NONE', #2984, #2778 ) ;
#135 = ORIENTED_EDGE ( 'NONE', *, *, #3458, .F. ) ;
#136 = DIRECTION ( 'NONE',  ( -0.000000000000000000, -0.000000000000000000, 1.000000000000000000 ) ) ;
#137 = CARTESIAN_POINT ( 'NONE',  ( -3.457435571654237538, -2.984593437674523564, -3.789897691726375140 ) ) ;
#138 = CARTESIAN_POINT ( 'NONE',  ( 6.110000000000000320, 7.200000000000001066, 0.9999999999999997780 ) ) ;
#139 = CARTESIAN_POINT ( 'NONE',  ( -3.409999999999999698, -2.946891109999995262, -3.701776695000027484 ) ) ;
#140 = DIRECTION ( 'NONE',  ( -2.568092972334937504E-16, -0.03811800917140870104, 0.9992732446016997505 ) ) ;
#141 = CARTESIAN_POINT ( 'NONE',  ( 7.620000000000000107, 0.6245615686488266149, 0.02382435808271303121 ) ) ;
#142 = AXIS2_PLACEMENT_3D ( 'NONE', #2219, #2827, #963 ) ;
#143 = EDGE_CURVE ( 'NONE', #4958, #3989, #2569, .T. ) ;
#144 = VERTEX_POINT ( 'NONE', #1535 ) ;
#145 = VECTOR ( 'NONE', #3774, 1000.000000000000000 ) ;
#146 = VECTOR ( 'NONE', #5435, 1000.000000000000000 ) ;
#147 = EDGE_CURVE ( 'NONE', #6172, #305, #2578, .T. ) ;
#148 = ORIENTED_EDGE ( 'NONE', *, *, #31, .T. ) ;
#149 = PRESENTATION_STYLE_ASSIGNMENT (( #3402 ) ) ;
#150 = CARTESIAN_POINT ( 'NONE',  ( -6.110000000000001208, 7.400000000000000355, 1.399999999999999689 ) ) ;
#151 = SURFACE_STYLE_USAGE ( .BOTH. , #99 ) ;
#152 = CARTESIAN_POINT ( 'NONE',  ( -0.7742528922031876037, 0.4562690195103157875, 4.599999999999671019 ) ) ;
#153 = DIRECTION ( 'NONE',  ( 1.000000000000000000, 4.251408357750040599E-16, -0.000000000000000000 ) ) ;
#154 = DIRECTION ( 'NONE',  ( -1.000000000000000000, 0.000000000000000000, 0.000000000000000000 ) ) ;
#155 = DIRECTION ( 'NONE',  ( 1.000000000000000000, 0.000000000000000000, -0.000000000000000000 ) ) ;
#156 = DIRECTION ( 'NONE',  ( 0.000000000000000000, 0.000000000000000000, 1.000000000000000000 ) ) ;
#157 = EDGE_LOOP ( 'NONE', ( #2315, #4711, #7174, #1374, #7058, #6592 ) ) ;
#158 = VECTOR ( 'NONE', #5493, 1000.000000000000000 ) ;
#159 = LINE ( 'NONE', #7840, #5505 ) ;
#160 = ORIENTED_EDGE ( 'NONE', *, *, #5502, .T. ) ;
#161 = FACE_OUTER_BOUND ( 'NONE', #1947, .T. ) ;
#162 = EDGE_CURVE ( 'NONE', #4207, #1225, #2421, .T. ) ;
#163 = AXIS2_PLACEMENT_3D ( 'NONE', #3038, #2410, #642 ) ;
#164 = CYLINDRICAL_SURFACE ( 'NONE', #3010, 0.09999999999999999167 ) ;
#165 = CARTESIAN_POINT ( 'NONE',  ( 0.5307147314401177152, 5.819285268560066449, 3.654821317139965497 ) ) ;
#166 = CARTESIAN_POINT ( 'NONE',  ( 1.485000000000000320, 6.350000000000171063, 4.099999999999992539 ) ) ;
#167 = EDGE_CURVE ( 'NONE', #929, #7172, #7861, .T. ) ;
#168 = CARTESIAN_POINT ( 'NONE',  ( 3.409999999999999698, 0.3999999999998802291, -3.799999999999996714 ) ) ;
#169 = ORIENTED_EDGE ( 'NONE', *, *, #394, .F. ) ;
#170 = DIRECTION ( 'NONE',  ( 0.000000000000000000, 0.000000000000000000, 1.000000000000000000 ) ) ;
#171 = CARTESIAN_POINT ( 'NONE',  ( 6.110000000000000320, 7.150000000000000355, 4.599999999999999645 ) ) ;
#172 = ORIENTED_EDGE ( 'NONE', *, *, #2552, .T. ) ;
#173 = CARTESIAN_POINT ( 'NONE',  ( 4.759598049402433695, 0.4939176651469067147, 4.099733917036559205 ) ) ;
#174 = FACE_OUTER_BOUND ( 'NONE', #5806, .T. ) ;
#175 = ADVANCED_FACE ( 'NONE', ( #7716 ), #939, .F. ) ;
#176 = CIRCLE ( 'NONE', #1566, 0.2999999999999999334 ) ;
#177 = ORIENTED_EDGE ( 'NONE', *, *, #448, .T. ) ;
#178 = LINE ( 'NONE', #3594, #5669 ) ;
#179 = CARTESIAN_POINT ( 'NONE',  ( -2.510000000000000231, 4.300000000000019362, -4.599999999999953459 ) ) ;
#180 = CARTESIAN_POINT ( 'NONE',  ( -2.753745558842597418, 0.3868022147047693871, 4.100097706061212932 ) ) ;
#181 = EDGE_CURVE ( 'NONE', #6445, #1552, #7740, .T. ) ;
#182 = LINE ( 'NONE', #3069, #5552 ) ;
#183 = CARTESIAN_POINT ( 'NONE',  ( -2.986111191040927260, 0.6010772291736951045, 4.099827589342807777 ) ) ;
#184 = EDGE_LOOP ( 'NONE', ( #7277, #2982, #4566, #375, #317, #4176 ) ) ;
#185 = FACE_BOUND ( 'NONE', #2331, .T. ) ;
#186 = PLANE ( 'NONE',  #7920 ) ;
#187 = FACE_OUTER_BOUND ( 'NONE', #4684, .T. ) ;
#188 = FACE_OUTER_BOUND ( 'NONE', #7325, .T. ) ;
#189 = CARTESIAN_POINT ( 'NONE',  ( 6.110000000000000320, 0.000000000000000000, -4.599999999999999645 ) ) ;
#190 = AXIS2_PLACEMENT_3D ( 'NONE', #3376, #3978, #4600 ) ;
#191 = DIRECTION ( 'NONE',  ( -0.2505628075300757596, 0.9351131262929058829, 0.2505628075300764257 ) ) ;
#192 = LINE ( 'NONE', #6750, #2633 ) ;
#193 = DIRECTION ( 'NONE',  ( 0.000000000000000000, 1.000000000000000000, 0.000000000000000000 ) ) ;
#194 = DIRECTION ( 'NONE',  ( 0.000000000000000000, 0.000000000000000000, 1.000000000000000000 ) ) ;
#195 = DIRECTION ( 'NONE',  ( 1.239088197126206261E-15, 1.000000000000000000, 0.000000000000000000 ) ) ;
#196 = ORIENTED_EDGE ( 'NONE', *, *, #5898, .F. ) ;
#197 = VECTOR ( 'NONE', #4592, 1000.000000000000000 ) ;
#198 = CIRCLE ( 'NONE', #1386, 0.5000000000000004441 ) ;
#199 = LINE ( 'NONE', #2893, #5535 ) ;
#200 = CARTESIAN_POINT ( 'NONE',  ( 6.410000000000000142, 3.750000000000000000, 4.000000000000000000 ) ) ;
#201 = FILL_AREA_STYLE_COLOUR ( '', #6541 ) ;
#202 = DIRECTION ( 'NONE',  ( 0.000000000000000000, -0.000000000000000000, -1.000000000000000000 ) ) ;
#203 = CARTESIAN_POINT ( 'NONE',  ( -0.8856227667868047382, 0.3535625562539976841, 4.600000000000000533 ) ) ;
#204 = AXIS2_PLACEMENT_3D ( 'NONE', #3409, #313, #6701 ) ;
#205 = LINE ( 'NONE', #3620, #7989 ) ;
#206 = DIRECTION ( 'NONE',  ( -1.000000000000000000, 0.000000000000000000, 0.000000000000000000 ) ) ;
#207 = PLANE ( 'NONE',  #844 ) ;
#208 = EDGE_LOOP ( 'NONE', ( #7571, #4938, #7549, #2126, #5075, #2052 ) ) ;
#209 = DIRECTION ( 'NONE',  ( -1.000000000000000000, 3.336006684570782608E-16, 0.000000000000000000 ) ) ;
#210 = ORIENTED_EDGE ( 'NONE', *, *, #1496, .T. ) ;
#211 = LINE ( 'NONE', #2625, #2867 ) ;
#212 = VECTOR ( 'NONE', #538, 1000.000000000000000 ) ;
#213 = EDGE_CURVE ( 'NONE', #2195, #1280, #2553, .T. ) ;
#214 = FACE_OUTER_BOUND ( 'NONE', #990, .T. ) ;
#215 = CARTESIAN_POINT ( 'NONE',  ( -2.908399001958865249, 0.3374220045764274589, 4.599999999999192291 ) ) ;
#216 = VECTOR ( 'NONE', #2468, 1000.000000000000000 ) ;
#217 = CARTESIAN_POINT ( 'NONE',  ( -4.686492946730258069, 0.4591376561867703820, 4.360454033502808358 ) ) ;
#218 = CARTESIAN_POINT ( 'NONE',  ( 4.181231060036056491, -3.054258255407590550, -3.771231060036082550 ) ) ;
#219 = EDGE_LOOP ( 'NONE', ( #172, #1315, #3577, #2835 ) ) ;
#220 = CARTESIAN_POINT ( 'NONE',  ( 0.4000000000000001887, 3.400000000000000355, 3.399999999999999911 ) ) ;
#221 = CARTESIAN_POINT ( 'NONE',  ( 4.593974596215574024, 5.000000000000124345, 4.599999999999999645 ) ) ;
#222 = EDGE_LOOP ( 'NONE', ( #1313, #2945, #7700 ) ) ;
#223 = CARTESIAN_POINT ( 'NONE',  ( 4.787966593590928355, 0.4658840032071956405, 4.099727966171967886 ) ) ;
#224 = LINE ( 'NONE', #3787, #5634 ) ;
#225 = AXIS2_PLACEMENT_3D ( 'NONE', #1433, #5764, #3243 ) ;
#226 = FACE_OUTER_BOUND ( 'NONE', #6977, .T. ) ;
#227 = VERTEX_POINT ( 'NONE', #5369 ) ;
#228 = VECTOR ( 'NONE', #2843, 1000.000000000000000 ) ;
#229 = DIRECTION ( 'NONE',  ( -1.000000000000000000, 0.000000000000000000, 0.000000000000000000 ) ) ;
#230 = EDGE_CURVE ( 'NONE', #7457, #3146, #5095, .T. ) ;
#231 = CARTESIAN_POINT ( 'NONE',  ( 3.764235692191696625, 0.7313028990377999916, 4.600000000000105338 ) ) ;
#232 = AXIS2_PLACEMENT_3D ( 'NONE', #1191, #47, #6903 ) ;
#233 = CARTESIAN_POINT ( 'NONE',  ( -2.769703982873132908, 0.4029190968061524547, 4.100021650962881736 ) ) ;
#234 = FACE_OUTER_BOUND ( 'NONE', #5788, .T. ) ;
#235 = ADVANCED_FACE ( 'NONE', ( #5245 ), #370, .T. ) ;
#236 = VERTEX_POINT ( 'NONE', #4736 ) ;
#237 = CARTESIAN_POINT ( 'NONE',  ( -2.837236479570772740, 0.4711370656198701212, 4.099714893633062296 ) ) ;
#238 = ORIENTED_EDGE ( 'NONE', *, *, #143, .T. ) ;
#239 = FACE_OUTER_BOUND ( 'NONE', #1400, .T. ) ;
#240 = ADVANCED_FACE ( 'NONE', ( #2352 ), #1584, .T. ) ;
#241 = DIRECTION ( 'NONE',  ( 1.000000000000000000, 0.000000000000000000, 0.000000000000000000 ) ) ;
#242 = LINE ( 'NONE', #7169, #2971 ) ;
#243 = ORIENTED_EDGE ( 'NONE', *, *, #1996, .T. ) ;
#244 = DIRECTION ( 'NONE',  ( 0.000000000000000000, -1.000000000000000000, 0.000000000000000000 ) ) ;
#245 = VECTOR ( 'NONE', #1725, 1000.000000000000000 ) ;
#246 = CARTESIAN_POINT ( 'NONE',  ( -0.9679063130367616674, 0.4760001332187484557, 4.099718928728812273 ) ) ;
#247 = EDGE_CURVE ( 'NONE', #6796, #2710, #2814, .T. ) ;
#248 = CARTESIAN_POINT ( 'NONE',  ( -6.410000000000001030, 6.150000000000000355, 4.599999999999999645 ) ) ;
#249 = DIRECTION ( 'NONE',  ( 1.000000000000000000, -0.000000000000000000, -0.000000000000000000 ) ) ;
#250 = VECTOR ( 'NONE', #4977, 1000.000000000000000 ) ;
#251 = PLANE ( 'NONE',  #225 ) ;
#252 = CARTESIAN_POINT ( 'NONE',  ( -0.9815932985651137921, 0.4499999999978925302, 4.599999999999999645 ) ) ;
#253 = EDGE_CURVE ( 'NONE', #1264, #4134, #5117, .T. ) ;
#254 = VECTOR ( 'NONE', #1595, 1000.000000000000000 ) ;
#255 = EDGE_LOOP ( 'NONE', ( #6731, #3922, #1454, #7487, #4810 ) ) ;
#256 = VECTOR ( 'NONE', #5019, 1000.000000000000000 ) ;
#257 = LINE ( 'NONE', #5673, #377 ) ;
#258 = VECTOR ( 'NONE', #6885, 1000.000000000000000 ) ;
#259 = CARTESIAN_POINT ( 'NONE',  ( -2.956467201108257115, 0.3856105381449984604, 4.600000000000092015 ) ) ;
#260 = CARTESIAN_POINT ( 'NONE',  ( -0.6500000000000116795, 5.000000000000124345, -2.149999999999999911 ) ) ;
#261 = DIRECTION ( 'NONE',  ( 1.000000000000000000, 0.000000000000000000, 0.000000000000000000 ) ) ;
#262 =( BOUNDED_CURVE ( )  B_SPLINE_CURVE ( 3, ( #6402, #3202, #2113, #2714 ),
 .UNSPECIFIED., .F., .F. ) 
 B_SPLINE_CURVE_WITH_KNOTS ( ( 4, 4 ),
 ( 1.336273014975398946E-15, 0.7853981633974372878 ),
 .UNSPECIFIED. ) 
 CURVE ( )  GEOMETRIC_REPRESENTATION_ITEM ( )  RATIONAL_B_SPLINE_CURVE ( ( 1.000000000000000000, 0.9492530216741927873, 0.9492530216741927873, 1.000000000000000000 ) ) 
 REPRESENTATION_ITEM ( '' )  );
#263 = CARTESIAN_POINT ( 'NONE',  ( -0.6646473876835228278, 0.5356254337222974282, 4.600000000000006750 ) ) ;
#264 = CARTESIAN_POINT ( 'NONE',  ( -0.3999999999999993006, 2.700000000000000178, 2.746891109999991976 ) ) ;
#265 = CARTESIAN_POINT ( 'NONE',  ( -0.3017766950000003723, -2.946891109999993041, -3.800000000000027356 ) ) ;
#266 = LINE ( 'NONE', #1731, #402 ) ;
#267 = CARTESIAN_POINT ( 'NONE',  ( -0.3999999999999993006, 3.300000000000000266, 2.746891109999991976 ) ) ;
#268 = ORIENTED_EDGE ( 'NONE', *, *, #2291, .F. ) ;
#269 = DIRECTION ( 'NONE',  ( 0.000000000000000000, 3.614007241618349264E-16, 1.000000000000000000 ) ) ;
#270 = EDGE_CURVE ( 'NONE', #227, #4345, #5031, .T. ) ;
#271 = EDGE_LOOP ( 'NONE', ( #1207, #1697, #1895, #2798, #6395, #6949 ) ) ;
#272 = ORIENTED_EDGE ( 'NONE', *, *, #3893, .T. ) ;
#273 = ORIENTED_EDGE ( 'NONE', *, *, #5815, .F. ) ;
#274 = ADVANCED_FACE ( 'NONE', ( #2394 ), #597, .F. ) ;
#275 = VECTOR ( 'NONE', #614, 1000.000000000000000 ) ;
#276 = VECTOR ( 'NONE', #3408, 1000.000000000000000 ) ;
#277 = LINE ( 'NONE', #6567, #2929 ) ;
#278 = EDGE_CURVE ( 'NONE', #5183, #2389, #7756, .T. ) ;
#279 = VECTOR ( 'NONE', #354, 1000.000000000000000 ) ;
#280 = CARTESIAN_POINT ( 'NONE',  ( 2.559999999999999609, 5.700000000000171596, -3.650000000000000355 ) ) ;
#281 = CYLINDRICAL_SURFACE ( 'NONE', #2681, 0.1000000000000002554 ) ;
#282 = CARTESIAN_POINT ( 'NONE',  ( -3.409999999999999698, 0.3999999999998802291, -3.799999999999996714 ) ) ;
#283 = CARTESIAN_POINT ( 'NONE',  ( 0.9534835722372174693, 0.2850242761706991979, 4.599999999999632827 ) ) ;
#284 = ORIENTED_EDGE ( 'NONE', *, *, #6112, .F. ) ;
#285 = CARTESIAN_POINT ( 'NONE',  ( 4.035000000000000142, 3.225000000000000533, 3.399999999999999911 ) ) ;
#286 = CARTESIAN_POINT ( 'NONE',  ( 0.6500000000000116795, 5.000000000000124345, 4.099999999999992539 ) ) ;
#287 = ORIENTED_EDGE ( 'NONE', *, *, #6045, .F. ) ;
#288 = CARTESIAN_POINT ( 'NONE',  ( 2.872960452879345095, 0.3016294299410679502, 4.599999999999992539 ) ) ;
#289 = VECTOR ( 'NONE', #6653, 1000.000000000000000 ) ;
#290 = VECTOR ( 'NONE', #1453, 1000.000000000000000 ) ;
#291 = VERTEX_POINT ( 'NONE', #1801 ) ;
#292 = CARTESIAN_POINT ( 'NONE',  ( 0.3707106781186552125, 3.370710678118655768, 2.856200347158724284 ) ) ;
#293 = LINE ( 'NONE', #1531, #2946 ) ;
#294 = DIRECTION ( 'NONE',  ( 0.000000000000000000, 0.000000000000000000, -1.000000000000000000 ) ) ;
#295 = CARTESIAN_POINT ( 'NONE',  ( 4.100531178787766073, 0.6966002703461483536, 4.599999999999999645 ) ) ;
#296 = CARTESIAN_POINT ( 'NONE',  ( -4.711442447923431587, 0.3375821576270500168, 4.599999999999999645 ) ) ;
#297 = DIRECTION ( 'NONE',  ( 0.000000000000000000, -1.000000000000000000, 0.000000000000000000 ) ) ;
#298 = VECTOR ( 'NONE', #8028, 1000.000000000000114 ) ;
#299 = CIRCLE ( 'NONE', #6982, 0.09822330499999978870 ) ;
#300 = VERTEX_POINT ( 'NONE', #6203 ) ;
#301 = CARTESIAN_POINT ( 'NONE',  ( -4.814234213056250766, 0.4393456490233875744, 4.099851137792408728 ) ) ;
#302 = VECTOR ( 'NONE', #1956, 1000.000000000000000 ) ;
#303 = DIRECTION ( 'NONE',  ( 0.000000000000000000, -0.000000000000000000, -1.000000000000000000 ) ) ;
#304 = LINE ( 'NONE', #4115, #146 ) ;
#305 = VERTEX_POINT ( 'NONE', #3045 ) ;
#306 = CARTESIAN_POINT ( 'NONE',  ( -1.250000000000000222, 5.700000000000171596, -3.650000000000000355 ) ) ;
#307 = CARTESIAN_POINT ( 'NONE',  ( -0.8259821475043458427, 0.5994939417650128055, 4.099826155815124551 ) ) ;
#308 = DIRECTION ( 'NONE',  ( 1.000000000000000000, 0.000000000000000000, -1.774471640729139594E-17 ) ) ;
#309 = DIRECTION ( 'NONE',  ( -1.284980352575412699E-16, 0.000000000000000000, 1.000000000000000000 ) ) ;
#310 = SURFACE_STYLE_USAGE ( .BOTH. , #7218 ) ;
#311 = VECTOR ( 'NONE', #2965, 1000.000000000000000 ) ;
#312 = CARTESIAN_POINT ( 'NONE',  ( -4.138175298700236482, -2.946891109999990821, -3.800000000000027356 ) ) ;
#313 = DIRECTION ( 'NONE',  ( 0.000000000000000000, 0.000000000000000000, 1.000000000000000000 ) ) ;
#314 = EDGE_CURVE ( 'NONE', #2296, #4260, #2408, .T. ) ;
#315 = ADVANCED_FACE ( 'NONE', ( #7872 ), #4277, .T. ) ;
#316 = FACE_OUTER_BOUND ( 'NONE', #2199, .T. ) ;
#317 = ORIENTED_EDGE ( 'NONE', *, *, #2354, .T. ) ;
#318 = VERTEX_POINT ( 'NONE', #3099 ) ;
#319 = LINE ( 'NONE', #6969, #5698 ) ;
#320 = FACE_OUTER_BOUND ( 'NONE', #5607, .T. ) ;
#321 = ORIENTED_EDGE ( 'NONE', *, *, #1136, .T. ) ;
#322 = LINE ( 'NONE', #5949, #5563 ) ;
#323 = DIRECTION ( 'NONE',  ( 0.000000000000000000, -1.000000000000000000, 0.000000000000000000 ) ) ;
#324 = DIRECTION ( 'NONE',  ( -1.000000000000000000, 0.000000000000000000, 0.000000000000000000 ) ) ;
#325 = CARTESIAN_POINT ( 'NONE',  ( -0.8688097687237884559, 0.3705365687609586955, 4.599999999999988987 ) ) ;
#326 = VECTOR ( 'NONE', #4299, 1000.000000000000000 ) ;
#327 = CARTESIAN_POINT ( 'NONE',  ( 3.159999999999988152, 5.000000000000124345, -2.149999999999999911 ) ) ;
#328 = CARTESIAN_POINT ( 'NONE',  ( -0.3712310600360556601, -3.054258255407589662, -3.771231060036082550 ) ) ;
#329 = EDGE_CURVE ( 'NONE', #2934, #7579, #7822, .T. ) ;
#330 = CARTESIAN_POINT ( 'NONE',  ( 3.584999999999993747, -3.600000000000000533, -3.175000000000021139 ) ) ;
#331 = AXIS2_PLACEMENT_3D ( 'NONE', #3525, #7235, #6219 ) ;
#332 = EDGE_LOOP ( 'NONE', ( #2725, #6214, #6374, #6388 ) ) ;
#333 = DIRECTION ( 'NONE',  ( -1.239088197126206261E-15, -1.000000000000000000, 0.000000000000000000 ) ) ;
#334 = LINE ( 'NONE', #6158, #462 ) ;
#335 = VECTOR ( 'NONE', #6700, 1000.000000000000000 ) ;
#336 = FACE_OUTER_BOUND ( 'NONE', #6777, .T. ) ;
#337 = EDGE_CURVE ( 'NONE', #6812, #7417, #2434, .T. ) ;
#338 = VECTOR ( 'NONE', #6477, 1000.000000000000000 ) ;
#339 = VERTEX_POINT ( 'NONE', #7940 ) ;
#340 = DIRECTION ( 'NONE',  ( 0.000000000000000000, -1.766101716875451061E-14, 1.000000000000000000 ) ) ;
#341 = AXIS2_PLACEMENT_3D ( 'NONE', #4388, #102, #5782 ) ;
#342 = VECTOR ( 'NONE', #6816, 1000.000000000000000 ) ;
#343 = CARTESIAN_POINT ( 'NONE',  ( 2.835200147248314373, 0.4690838039890208311, 4.099713255018030189 ) ) ;
#344 = EDGE_LOOP ( 'NONE', ( #68, #6884, #287, #942 ) ) ;
#345 = CARTESIAN_POINT ( 'NONE',  ( -4.199714957897564993, 2.648293601660256957, 2.785275409606414954 ) ) ;
#346 = EDGE_CURVE ( 'NONE', #1925, #1881, #7835, .T. ) ;
#347 = CARTESIAN_POINT ( 'NONE',  ( -2.510000000000000231, 4.300000000000015810, -4.299999999999952749 ) ) ;
#348 = CARTESIAN_POINT ( 'NONE',  ( 4.745780889783230982, 0.5069931359745889488, 4.099744983403853738 ) ) ;
#349 = ORIENTED_EDGE ( 'NONE', *, *, #5884, .T. ) ;
#350 = LINE ( 'NONE', #444, #419 ) ;
#351 = FACE_OUTER_BOUND ( 'NONE', #6307, .T. ) ;
#352 = FILL_AREA_STYLE ('',( #2629 ) ) ;
#353 = CIRCLE ( 'NONE', #5805, 0.2999999999999999334 ) ;
#354 = DIRECTION ( 'NONE',  ( -1.000000000000000000, -0.000000000000000000, -0.000000000000000000 ) ) ;
#355 = CARTESIAN_POINT ( 'NONE',  ( 4.155046011332497180, 0.6818083333160146475, 4.599999999999997868 ) ) ;
#356 = AXIS2_PLACEMENT_3D ( 'NONE', #7821, #5184, #2736 ) ;
#357 = LINE ( 'NONE', #3697, #5798 ) ;
#358 = ORIENTED_EDGE ( 'NONE', *, *, #2424, .F. ) ;
#359 = VERTEX_POINT ( 'NONE', #6146 ) ;
#360 = EDGE_CURVE ( 'NONE', #784, #1842, #7848, .T. ) ;
#361 = ORIENTED_EDGE ( 'NONE', *, *, #1183, .T. ) ;
#362 = VECTOR ( 'NONE', #206, 1000.000000000000000 ) ;
#363 = LINE ( 'NONE', #5009, #3016 ) ;
#364 = CARTESIAN_POINT ( 'NONE',  ( 0.2820204131817546367, 0.7310313820742657676, 4.599999999999999645 ) ) ;
#365 = FACE_OUTER_BOUND ( 'NONE', #4673, .T. ) ;
#366 = CARTESIAN_POINT ( 'NONE',  ( -0.3520124703238715624, 0.8302174702542416407, 4.100050485372685571 ) ) ;
#367 = CARTESIAN_POINT ( 'NONE',  ( -2.324999999999999734, 6.350000000000171063, -3.650000000000000355 ) ) ;
#368 = EDGE_CURVE ( 'NONE', #5247, #5305, #5177, .T. ) ;
#369 = DIRECTION ( 'NONE',  ( 0.000000000000000000, -1.067522139062614778E-14, 1.000000000000000000 ) ) ;
#370 = PLANE ( 'NONE',  #2598 ) ;
#371 = VECTOR ( 'NONE', #1641, 1000.000000000000000 ) ;
#372 = CARTESIAN_POINT ( 'NONE',  ( 6.110000000000000320, 3.750000000000000000, 4.000000000000000000 ) ) ;
#373 = ORIENTED_EDGE ( 'NONE', *, *, #5687, .T. ) ;
#374 = LINE ( 'NONE', #3733, #5746 ) ;
#375 = ORIENTED_EDGE ( 'NONE', *, *, #6525, .F. ) ;
#376 = ORIENTED_EDGE ( 'NONE', *, *, #2570, .F. ) ;
#377 = VECTOR ( 'NONE', #1802, 1000.000000000000000 ) ;
#378 = VECTOR ( 'NONE', #2692, 1000.000000000000114 ) ;
#379 = UNCERTAINTY_MEASURE_WITH_UNIT (LENGTH_MEASURE( 1.000000000000000082E-05 ), #2601, 'distance_accuracy_value', 'NONE');
#380 = CARTESIAN_POINT ( 'NONE',  ( 0.4000000000000001887, -2.946891109999995262, -3.701776695000027484 ) ) ;
#381 =( BOUNDED_CURVE ( )  B_SPLINE_CURVE ( 3, ( #5412, #6621, #7973, #7254 ),
 .UNSPECIFIED., .F., .F. ) 
 B_SPLINE_CURVE_WITH_KNOTS ( ( 4, 4 ),
 ( 5.497787143782141506, 6.283185307179586232 ),
 .UNSPECIFIED. ) 
 CURVE ( )  GEOMETRIC_REPRESENTATION_ITEM ( )  RATIONAL_B_SPLINE_CURVE ( ( 1.000000000000000000, 0.9492530216741915661, 0.9492530216741915661, 1.000000000000000000 ) ) 
 REPRESENTATION_ITEM ( '' )  );
#382 = DIRECTION ( 'NONE',  ( 0.000000000000000000, -0.9659258262890687563, -0.2588190451025190741 ) ) ;
#383 = SURFACE_STYLE_USAGE ( .BOTH. , #5930 ) ;
#384 = CARTESIAN_POINT ( 'NONE',  ( -0.8618408397628642970, 0.3774741888210990659, 4.599999999999652367 ) ) ;
#385 = AXIS2_PLACEMENT_3D ( 'NONE', #1012, #1543, #1707 ) ;
#386 = VECTOR ( 'NONE', #5532, 1000.000000000000000 ) ;
#387 = DIRECTION ( 'NONE',  ( 0.000000000000000000, -0.9659258262890687563, -0.2588190451025190741 ) ) ;
#388 = CARTESIAN_POINT ( 'NONE',  ( -3.438768939963944060, -3.054258255407590550, -3.771231060036082550 ) ) ;
#389 = ORIENTED_EDGE ( 'NONE', *, *, #2058, .F. ) ;
#390 = ADVANCED_FACE ( 'NONE', ( #2648 ), #4219, .T. ) ;
#391 = LINE ( 'NONE', #7329, #5823 ) ;
#392 = DIRECTION ( 'NONE',  ( -0.2505628075300758151, -0.9351131262929061050, 0.2505628075300751489 ) ) ;
#393 = CARTESIAN_POINT ( 'NONE',  ( -3.781675757712463781, 2.971675757712464616, 4.345418941088604825 ) ) ;
#394 = EDGE_CURVE ( 'NONE', #6394, #50, #192, .T. ) ;
#395 = ORIENTED_EDGE ( 'NONE', *, *, #2338, .F. ) ;
#396 = LINE ( 'NONE', #118, #256 ) ;
#397 = VECTOR ( 'NONE', #7483, 1000.000000000000000 ) ;
#398 = LINE ( 'NONE', #884, #2809 ) ;
#399 = VECTOR ( 'NONE', #3764, 1000.000000000000000 ) ;
#400 =( BOUNDED_CURVE ( )  B_SPLINE_CURVE ( 3, ( #5975, #2261, #2985, #3047 ),
 .UNSPECIFIED., .F., .F. ) 
 B_SPLINE_CURVE_WITH_KNOTS ( ( 4, 4 ),
 ( 0.000000000000000000, 0.7853981633974346233 ),
 .UNSPECIFIED. ) 
 CURVE ( )  GEOMETRIC_REPRESENTATION_ITEM ( )  RATIONAL_B_SPLINE_CURVE ( ( 1.000000000000000000, 0.9492530216741928983, 0.9492530216741928983, 1.000000000000000000 ) ) 
 REPRESENTATION_ITEM ( '' )  );
#401 = CARTESIAN_POINT ( 'NONE',  ( 0.3017766950000003723, -8.331370849898474873, -3.701776695000076778 ) ) ;
#402 = VECTOR ( 'NONE', #7974, 1000.000000000000000 ) ;
#403 = CARTESIAN_POINT ( 'NONE',  ( -4.220554486340576616, 1.040029338209724097, 4.599999999999999645 ) ) ;
#404 = CARTESIAN_POINT ( 'NONE',  ( 5.110000000000002096, 6.400000000000018119, -4.299999999999999822 ) ) ;
#405 = CARTESIAN_POINT ( 'NONE',  ( -4.180710678118654045, 2.629289321881345565, 2.856200347158724284 ) ) ;
#406 = CARTESIAN_POINT ( 'NONE',  ( -1.299999999999998268, 6.400000000000019007, -4.299999999999999822 ) ) ;
#407 = CARTESIAN_POINT ( 'NONE',  ( 4.280264856975461107, 0.7928194226790969967, 4.100012114463496893 ) ) ;
#408 = VECTOR ( 'NONE', #153, 1000.000000000000000 ) ;
#409 = FACE_OUTER_BOUND ( 'NONE', #7171, .T. ) ;
#410 = CARTESIAN_POINT ( 'NONE',  ( -3.159999999999988152, 5.700000000000171596, 4.099999999999992539 ) ) ;
#411 = LINE ( 'NONE', #976, #2973 ) ;
#412 = CARTESIAN_POINT ( 'NONE',  ( 4.209999999999999964, -2.946891109999995262, -3.098223305000026961 ) ) ;
#413 = DIRECTION ( 'NONE',  ( -0.2505628075300823654, -0.2505628075300823654, 0.9351131262929025523 ) ) ;
#414 = CARTESIAN_POINT ( 'NONE',  ( 1.300000000000000044, 0.3999999999998848366, -4.299999999999994493 ) ) ;
#415 = PLANE ( 'NONE',  #6169 ) ;
#416 = LINE ( 'NONE', #5297, #338 ) ;
#417 = LINE ( 'NONE', #5383, #523 ) ;
#418 = ADVANCED_FACE ( 'NONE', ( #2689 ), #2512, .T. ) ;
#419 = VECTOR ( 'NONE', #3061, 1000.000000000000227 ) ;
#420 = DIRECTION ( 'NONE',  ( -0.000000000000000000, -1.000000000000000000, -0.000000000000000000 ) ) ;
#421 = VECTOR ( 'NONE', #2802, 1000.000000000000000 ) ;
#422 = EDGE_CURVE ( 'NONE', #6574, #3128, #2794, .T. ) ;
#423 = CARTESIAN_POINT ( 'NONE',  ( -4.199897691726347304, -2.984593437674528449, -3.047435571654264930 ) ) ;
#424 = CARTESIAN_POINT ( 'NONE',  ( -0.9741454548847710004, 0.4697445059703503900, 4.099713696232526239 ) ) ;
#425 = ORIENTED_EDGE ( 'NONE', *, *, #5790, .T. ) ;
#426 = DIRECTION ( 'NONE',  ( -9.531447670197564664E-17, 1.000000000000000000, 0.000000000000000000 ) ) ;
#427 = DIRECTION ( 'NONE',  ( -0.000000000000000000, -1.000000000000000000, -0.000000000000000000 ) ) ;
#428 = FACE_OUTER_BOUND ( 'NONE', #4162, .T. ) ;
#429 = DIRECTION ( 'NONE',  ( 1.000000000000000000, 0.000000000000000000, 0.000000000000000000 ) ) ;
#430 = CARTESIAN_POINT ( 'NONE',  ( -0.9747998527516857914, 0.4690838039890209976, 4.099713255018027525 ) ) ;
#431 = VECTOR ( 'NONE', #1249, 1000.000000000000000 ) ;
#432 = DIRECTION ( 'NONE',  ( -1.000000000000000000, -0.000000000000000000, -0.000000000000000000 ) ) ;
#433 = ORIENTED_EDGE ( 'NONE', *, *, #5955, .T. ) ;
#434 = LINE ( 'NONE', #1345, #302 ) ;
#435 = CIRCLE ( 'NONE', #2707, 1.149999999999999467 ) ;
#436 = ORIENTED_EDGE ( 'NONE', *, *, #1655, .T. ) ;
#437 = CARTESIAN_POINT ( 'NONE',  ( -2.960550964717509448, 0.3895472810263300167, 4.600000000000441069 ) ) ;
#438 = EDGE_CURVE ( 'NONE', #6997, #7418, #205, .T. ) ;
#439 = CARTESIAN_POINT ( 'NONE',  ( 0.3712310600360560486, -3.054258255407590550, -3.771231060036082550 ) ) ;
#440 = CARTESIAN_POINT ( 'NONE',  ( -0.3017766950000003723, 0.3999999999998796185, -3.701776694999996842 ) ) ;
#441 = CARTESIAN_POINT ( 'NONE',  ( -4.034999999999999254, 2.774999999999999911, 3.399999999999999911 ) ) ;
#442 = CARTESIAN_POINT ( 'NONE',  ( -0.09113269004649317273, 0.7287571429979486926, 4.600000000000024514 ) ) ;
#443 = FACE_OUTER_BOUND ( 'NONE', #3692, .T. ) ;
#444 = CARTESIAN_POINT ( 'NONE',  ( -2.559999999999999609, 5.700000000000171596, -3.650000000000000355 ) ) ;
#445 = DIRECTION ( 'NONE',  ( 0.000000000000000000, 1.000000000000000000, 0.000000000000000000 ) ) ;
#446 = LINE ( 'NONE', #7116, #5629 ) ;
#447 = CARTESIAN_POINT ( 'NONE',  ( 2.754366987943526635, 0.3874297912861707216, 4.100094739795642873 ) ) ;
#448 = EDGE_CURVE ( 'NONE', #728, #5046, #5356, .T. ) ;
#449 = DIRECTION ( 'NONE',  ( -0.000000000000000000, 0.000000000000000000, 1.000000000000000000 ) ) ;
#450 = LINE ( 'NONE', #3923, #408 ) ;
#451 = VECTOR ( 'NONE', #333, 1000.000000000000000 ) ;
#452 = FACE_OUTER_BOUND ( 'NONE', #1672, .T. ) ;
#453 = ORIENTED_EDGE ( 'NONE', *, *, #4190, .F. ) ;
#454 = EDGE_CURVE ( 'NONE', #4260, #3593, #5451, .T. ) ;
#455 = CYLINDRICAL_SURFACE ( 'NONE', #5216, 0.09822330499999978870 ) ;
#456 = ADVANCED_FACE ( 'NONE', ( #5327 ), #2564, .T. ) ;
#457 = EDGE_CURVE ( 'NONE', #6404, #953, #1416, .T. ) ;
#458 = FACE_OUTER_BOUND ( 'NONE', #1022, .T. ) ;
#459 = DIRECTION ( 'NONE',  ( 0.000000000000000000, 0.000000000000000000, -1.000000000000000000 ) ) ;
#460 = CARTESIAN_POINT ( 'NONE',  ( 6.110000000000000320, 7.150000000000000355, 4.599999999999999645 ) ) ;
#461 = CARTESIAN_POINT ( 'NONE',  ( 2.939208162867067209, 0.3685442040586741630, 4.600000000000012079 ) ) ;
#462 = VECTOR ( 'NONE', #8005, 1000.000000000000000 ) ;
#463 = LINE ( 'NONE', #7276, #5878 ) ;
#464 = DIRECTION ( 'NONE',  ( 0.000000000000000000, 9.996711556476512143E-15, -1.000000000000000000 ) ) ;
#465 = VECTOR ( 'NONE', #628, 1000.000000000000000 ) ;
#466 = VERTEX_POINT ( 'NONE', #7694 ) ;
#467 = CARTESIAN_POINT ( 'NONE',  ( 5.060000000000000497, 5.700000000000171596, -3.650000000000000355 ) ) ;
#468 = LINE ( 'NONE', #4563, #5840 ) ;
#469 = EDGE_CURVE ( 'NONE', #7532, #6246, #5402, .T. ) ;
#470 = VECTOR ( 'NONE', #7849, 1000.000000000000000 ) ;
#471 = EDGE_CURVE ( 'NONE', #1829, #5618, #5419, .T. ) ;
#472 = AXIS2_PLACEMENT_3D ( 'NONE', #7987, #6582, #2913 ) ;
#473 = CARTESIAN_POINT ( 'NONE',  ( -4.784704958076196668, 0.4691796879477194704, 4.099712913063049413 ) ) ;
#474 = EDGE_LOOP ( 'NONE', ( #4616, #6508, #1089, #6474 ) ) ;
#475 = LINE ( 'NONE', #5512, #3143 ) ;
#476 = DIRECTION ( 'NONE',  ( 0.000000000000000000, 1.000000000000000000, 0.000000000000000000 ) ) ;
#477 = LINE ( 'NONE', #2220, #3144 ) ;
#478 = DIRECTION ( 'NONE',  ( 0.000000000000000000, 0.000000000000000000, 1.000000000000000000 ) ) ;
#479 = LINE ( 'NONE', #1320, #5808 ) ;
#480 = CARTESIAN_POINT ( 'NONE',  ( -0.6997247349497597302, 0.6839937639975067762, 4.099904843461753323 ) ) ;
#481 = ORIENTED_EDGE ( 'NONE', *, *, #3401, .F. ) ;
#482 = DIRECTION ( 'NONE',  ( -1.774471640729138977E-17, 0.000000000000000000, -1.000000000000000000 ) ) ;
#483 = CARTESIAN_POINT ( 'NONE',  ( -0.4000000000000001887, -8.331370849898473097, -3.800000000000076650 ) ) ;
#484 = DIRECTION ( 'NONE',  ( -1.000000000000000000, -0.000000000000000000, -0.000000000000000000 ) ) ;
#485 = CARTESIAN_POINT ( 'NONE',  ( -3.519468821212232701, 0.6966002703461469103, 4.600000000000000533 ) ) ;
#486 = CARTESIAN_POINT ( 'NONE',  ( -4.209999999999999076, 3.225000000000000533, 3.399999999999999911 ) ) ;
#487 = CARTESIAN_POINT ( 'NONE',  ( -4.169729135937128461, 0.8310132199595894331, 4.100051022942407641 ) ) ;
#488 = CYLINDRICAL_SURFACE ( 'NONE', #7665, 0.09822330499999978870 ) ;
#489 = EDGE_CURVE ( 'NONE', #694, #6241, #400, .T. ) ;
#490 = VERTEX_POINT ( 'NONE', #1149 ) ;
#491 = ADVANCED_FACE ( 'NONE', ( #2783 ), #2330, .T. ) ;
#492 = VECTOR ( 'NONE', #4749, 1000.000000000000000 ) ;
#493 = VECTOR ( 'NONE', #7857, 1000.000000000000114 ) ;
#494 = ORIENTED_EDGE ( 'NONE', *, *, #748, .T. ) ;
#495 = CARTESIAN_POINT ( 'NONE',  ( -2.944334977276103604, 0.3736798885167568751, 4.599999999999964118 ) ) ;
#496 = CARTESIAN_POINT ( 'NONE',  ( 2.154999999999972715, 0.4499999999978930854, 4.599999999999999645 ) ) ;
#497 = DIRECTION ( 'NONE',  ( 3.336006684570782608E-16, 1.000000000000000000, -0.000000000000000000 ) ) ;
#498 = FILL_AREA_STYLE ('',( #7904 ) ) ;
#499 = EDGE_CURVE ( 'NONE', #3048, #950, #74, .T. ) ;
#500 = CARTESIAN_POINT ( 'NONE',  ( 0.4206457063774349248, 0.6569488153062202906, 4.600000000000004974 ) ) ;
#501 = DIRECTION ( 'NONE',  ( 0.000000000000000000, -9.382415370900834154E-15, 1.000000000000000000 ) ) ;
#502 = VECTOR ( 'NONE', #5927, 1000.000000000000000 ) ;
#503 = CARTESIAN_POINT ( 'NONE',  ( 2.793905270692318421, 0.4273641485674795626, 4.099907011799188261 ) ) ;
#504 = PLANE ( 'NONE',  #4170 ) ;
#505 = CARTESIAN_POINT ( 'NONE',  ( 1.655000000000026228, 5.133974596215686859, 4.599999999999999645 ) ) ;
#506 = LINE ( 'NONE', #1208, #3162 ) ;
#507 = VECTOR ( 'NONE', #195, 1000.000000000000000 ) ;
#508 = VECTOR ( 'NONE', #2233, 1000.000000000000000 ) ;
#509 = EDGE_LOOP ( 'NONE', ( #5775, #196 ) ) ;
#510 = ADVANCED_FACE ( 'NONE', ( #5481 ), #4542, .T. ) ;
#511 = CARTESIAN_POINT ( 'NONE',  ( -3.508223304999999570, -8.331370849898473097, -3.800000000000076650 ) ) ;
#512 = CARTESIAN_POINT ( 'NONE',  ( 0.4000000000000004108, -2.946891109999994374, -3.071824701299790572 ) ) ;
#513 = CARTESIAN_POINT ( 'NONE',  ( 4.180710678118654933, 2.629289321881345565, 2.856200347158724284 ) ) ;
#514 = CARTESIAN_POINT ( 'NONE',  ( 2.896692340788081133, 0.3255973654780988102, 4.600000000000004974 ) ) ;
#515 = LINE ( 'NONE', #2275, #289 ) ;
#516 = VECTOR ( 'NONE', #6659, 1000.000000000000000 ) ;
#517 = DIRECTION ( 'NONE',  ( 0.000000000000000000, 0.000000000000000000, 1.000000000000000000 ) ) ;
#518 = DIRECTION ( 'NONE',  ( 0.000000000000000000, -1.000000000000000000, 0.000000000000000000 ) ) ;
#519 = VERTEX_POINT ( 'NONE', #4492 ) ;
#520 = DIRECTION ( 'NONE',  ( 0.000000000000000000, 1.000000000000000000, 9.164576854217089559E-15 ) ) ;
#521 = CARTESIAN_POINT ( 'NONE',  ( 3.213649040655262024, 0.5765852970483555939, 4.600000000000001421 ) ) ;
#522 = CARTESIAN_POINT ( 'NONE',  ( -4.635982147504343232, 0.5994939417650143598, 4.099826155815125439 ) ) ;
#523 = VECTOR ( 'NONE', #323, 1000.000000000000000 ) ;
#524 = EDGE_CURVE ( 'NONE', #6108, #687, #5513, .T. ) ;
#525 = CARTESIAN_POINT ( 'NONE',  ( -4.792490866228427571, 0.4613128823145169477, 4.099749130622067028 ) ) ;
#526 = VERTEX_POINT ( 'NONE', #5783 ) ;
#527 = DIRECTION ( 'NONE',  ( -0.000000000000000000, -1.000000000000000000, -0.000000000000000000 ) ) ;
#528 = VECTOR ( 'NONE', #7384, 1000.000000000000000 ) ;
#529 = CARTESIAN_POINT ( 'NONE',  ( 2.510000000000002007, 6.400000000000019007, -4.599999999999999645 ) ) ;
#530 = LINE ( 'NONE', #1779, #465 ) ;
#531 = CARTESIAN_POINT ( 'NONE',  ( 0.9824536795615440576, 0.4613504541675825799, 4.099748956626920737 ) ) ;
#532 = EDGE_CURVE ( 'NONE', #2029, #1723, #5338, .T. ) ;
#533 = VERTEX_POINT ( 'NONE', #7011 ) ;
#534 = PLANE ( 'NONE',  #4953 ) ;
#535 = CARTESIAN_POINT ( 'NONE',  ( -2.559999999999999609, 5.700000000000171596, 4.599999999999999645 ) ) ;
#536 = DIRECTION ( 'NONE',  ( 0.000000000000000000, 1.000000000000000000, 9.164576854217089559E-15 ) ) ;
#537 = CARTESIAN_POINT ( 'NONE',  ( -3.305381975859054133, 0.6228836806600234199, 4.599999999999937472 ) ) ;
#538 = DIRECTION ( 'NONE',  ( -1.000000000000000000, 0.000000000000000000, 0.000000000000000000 ) ) ;
#539 = DIRECTION ( 'NONE',  ( 1.000000000000000000, 0.000000000000000000, 0.000000000000000000 ) ) ;
#540 = AXIS2_PLACEMENT_3D ( 'NONE', #3100, #4222, #7436 ) ;
#541 = LINE ( 'NONE', #6450, #2888 ) ;
#542 = ORIENTED_EDGE ( 'NONE', *, *, #7991, .F. ) ;
#543 = EDGE_CURVE ( 'NONE', #953, #5221, #3753, .T. ) ;
#544 = ORIENTED_EDGE ( 'NONE', *, *, #5480, .T. ) ;
#545 = LINE ( 'NONE', #2947, #6089 ) ;
#546 = ORIENTED_EDGE ( 'NONE', *, *, #7717, .F. ) ;
#547 = AXIS2_PLACEMENT_3D ( 'NONE', #7628, #808, #3252 ) ;
#548 = DIRECTION ( 'NONE',  ( -0.2505628070857300882, 0.2505628070857300882, -0.9351131265310301810 ) ) ;
#549 = CARTESIAN_POINT ( 'NONE',  ( 4.209999999999999964, 2.700000000000000178, 3.399999999999999911 ) ) ;
#550 = CARTESIAN_POINT ( 'NONE',  ( 0.3775588951671279836, 0.6717825292848027541, 4.599999999999996092 ) ) ;
#551 = DIRECTION ( 'NONE',  ( 1.000000000000000000, 0.000000000000000000, 0.000000000000000000 ) ) ;
#552 = DIRECTION ( 'NONE',  ( -0.2505628075300823654, 0.2505628075300823654, 0.9351131262929025523 ) ) ;
#553 = EDGE_LOOP ( 'NONE', ( #6175, #4551, #4333, #847, #7470, #4502 ) ) ;
#554 = CARTESIAN_POINT ( 'NONE',  ( 2.837100092355893999, 0.4709998303800504993, 4.099714779968910427 ) ) ;
#555 = CARTESIAN_POINT ( 'NONE',  ( 5.110000000000002096, 6.400000000000018119, -4.299999999999999822 ) ) ;
#556 = DIRECTION ( 'NONE',  ( 1.000000000000000000, 0.000000000000000000, 0.000000000000000000 ) ) ;
#557 = EDGE_CURVE ( 'NONE', #5697, #1404, #8000, .T. ) ;
#558 = ADVANCED_FACE ( 'NONE', ( #5 ), #5219, .F. ) ;
#559 = LINE ( 'NONE', #5138, #3207 ) ;
#560 = FACE_OUTER_BOUND ( 'NONE', #4067, .T. ) ;
#561 = CLOSED_SHELL ( 'NONE', ( #2541, #4003, #1329, #3013, #7292, #1075, #4150, #7701, #4238, #3005, #8030, #2264, #7054, #4033 ) ) ;
#562 = EDGE_CURVE ( 'NONE', #7117, #6738, #2857, .T. ) ;
#563 = VECTOR ( 'NONE', #4237, 1000.000000000000000 ) ;
#564 = VERTEX_POINT ( 'NONE', #1504 ) ;
#565 = CARTESIAN_POINT ( 'NONE',  ( 5.465000000000027391, 5.000000000000124345, 4.099999999999992539 ) ) ;
#566 = CARTESIAN_POINT ( 'NONE',  ( 4.336808689942017736E-16, -0.5000000000003235190, -2.149999999999999911 ) ) ;
#567 = CARTESIAN_POINT ( 'NONE',  ( 3.018459608544931783, 0.4419401793627311670, 4.600000000000065370 ) ) ;
#568 = VERTEX_POINT ( 'NONE', #1718 ) ;
#569 = LINE ( 'NONE', #4004, #3719 ) ;
#570 = CARTESIAN_POINT ( 'NONE',  ( 0.3000000000000003775, 2.600000000000000533, 3.399999999999999911 ) ) ;
#571 = CARTESIAN_POINT ( 'NONE',  ( 4.682171592167740037, 0.3671516617568103547, 4.599999999999964118 ) ) ;
#572 = ORIENTED_EDGE ( 'NONE', *, *, #4550, .F. ) ;
#573 = CARTESIAN_POINT ( 'NONE',  ( 4.731554689718558748, 0.3172678745453097471, 4.599999999997744560 ) ) ;
#574 = CARTESIAN_POINT ( 'NONE',  ( 0.3000000000000003775, 3.300000000000000266, -1.200000000000000178 ) ) ;
#575 = ADVANCED_FACE ( 'NONE', ( #2773 ), #5167, .F. ) ;
#576 = CARTESIAN_POINT ( 'NONE',  ( 0.000000000000000000, 0.000000000000000000, 0.000000000000000000 ) ) ;
#577 = EDGE_CURVE ( 'NONE', #6578, #7038, #2845, .T. ) ;
#578 = PRODUCT_DEFINITION_FORMATION_WITH_SPECIFIED_SOURCE ( 'ANY', '', #5122, .NOT_KNOWN. ) ;
#579 = AXIS2_PLACEMENT_3D ( 'NONE', #7611, #6431, #3400 ) ;
#580 = AXIS2_PLACEMENT_3D ( 'NONE', #7562, #4193, #6327 ) ;
#581 = CIRCLE ( 'NONE', #3124, 0.09999999999999999167 ) ;
#582 = UNCERTAINTY_MEASURE_WITH_UNIT (LENGTH_MEASURE( 1.000000000000000082E-05 ), #1330, 'distance_accuracy_value', 'NONE');
#583 = ORIENTED_EDGE ( 'NONE', *, *, #6579, .F. ) ;
#584 = ADVANCED_FACE ( 'NONE', ( #28 ), #6828, .T. ) ;
#585 = EDGE_CURVE ( 'NONE', #6235, #7250, #5287, .T. ) ;
#586 = CARTESIAN_POINT ( 'NONE',  ( -4.773448639468723442, 0.4804235795462818981, 4.099722610862092331 ) ) ;
#587 = ORIENTED_EDGE ( 'NONE', *, *, #2968, .T. ) ;
#588 = LINE ( 'NONE', #5625, #3413 ) ;
#589 = CARTESIAN_POINT ( 'NONE',  ( -2.874236177930701963, 0.5787418447820819045, 1.224999999999999867 ) ) ;
#590 = DIRECTION ( 'NONE',  ( -0.2505628070857306988, -0.2505628070857300327, 0.9351131265310300700 ) ) ;
#591 = DIRECTION ( 'NONE',  ( 0.000000000000000000, -0.000000000000000000, -1.000000000000000000 ) ) ;
#592 = FACE_OUTER_BOUND ( 'NONE', #4795, .T. ) ;
#593 = CARTESIAN_POINT ( 'NONE',  ( 0.4702648569754610541, 0.7928194226790967747, 4.100012114463496005 ) ) ;
#594 = ORIENTED_EDGE ( 'NONE', *, *, #4446, .T. ) ;
#595 = CARTESIAN_POINT ( 'NONE',  ( 3.409999999999999698, -8.331370849898480202, -3.098223305000076255 ) ) ;
#596 = CARTESIAN_POINT ( 'NONE',  ( -3.584999999999993747, -3.600000000000000533, 0.000000000000000000 ) ) ;
#597 = PLANE ( 'NONE',  #4637 ) ;
#598 = DIRECTION ( 'NONE',  ( 0.000000000000000000, -1.000000000000000000, 0.000000000000000000 ) ) ;
#599 = CARTESIAN_POINT ( 'NONE',  ( -0.3597291358311285880, 0.8310132199809918685, 4.100051022940172096 ) ) ;
#600 = EDGE_CURVE ( 'NONE', #2456, #4100, #88, .T. ) ;
#601 = LINE ( 'NONE', #4431, #3240 ) ;
#602 = ADVANCED_FACE ( 'NONE', ( #2676 ), #3643, .T. ) ;
#603 = ORIENTED_EDGE ( 'NONE', *, *, #5292, .F. ) ;
#604 = VERTEX_POINT ( 'NONE', #3795 ) ;
#605 = FACE_OUTER_BOUND ( 'NONE', #7036, .T. ) ;
#606 = LINE ( 'NONE', #6872, #2671 ) ;
#607 = ORIENTED_EDGE ( 'NONE', *, *, #3215, .F. ) ;
#608 = CARTESIAN_POINT ( 'NONE',  ( -2.940825530967543511, 0.3701706656023329711, 4.599999999999999645 ) ) ;
#609 = CARTESIAN_POINT ( 'NONE',  ( -6.110000000000001208, 2.550000000000001155, 4.000000000000000000 ) ) ;
#610 = DIRECTION ( 'NONE',  ( -0.000000000000000000, -0.000000000000000000, -1.000000000000000000 ) ) ;
#611 = DIRECTION ( 'NONE',  ( -0.9659258262890687563, 0.000000000000000000, 0.2588190451025190741 ) ) ;
#612 = CARTESIAN_POINT ( 'NONE',  ( -0.2260862018826249320, 0.7103355199007298504, 4.599999999999994316 ) ) ;
#613 = AXIS2_PLACEMENT_3D ( 'NONE', #5623, #3056, #1866 ) ;
#614 = DIRECTION ( 'NONE',  ( -1.000000000000000000, 0.000000000000000000, 0.000000000000000000 ) ) ;
#615 = LINE ( 'NONE', #5772, #3431 ) ;
#616 = DIRECTION ( 'NONE',  ( -1.000000000000000000, 0.000000000000000000, 0.000000000000000000 ) ) ;
#617 = ORIENTED_EDGE ( 'NONE', *, *, #1620, .T. ) ;
#618 = CARTESIAN_POINT ( 'NONE',  ( 3.569759846107186885, 0.8547898044846466981, 4.100076127504517665 ) ) ;
#619 = PLANE ( 'NONE',  #1042 ) ;
#620 = DIRECTION ( 'NONE',  ( 0.000000000000000000, 0.000000000000000000, 1.000000000000000000 ) ) ;
#621 = ORIENTED_EDGE ( 'NONE', *, *, #2940, .F. ) ;
#622 = FACE_OUTER_BOUND ( 'NONE', #2860, .T. ) ;
#623 = LINE ( 'NONE', #3438, #671 ) ;
#624 = EDGE_LOOP ( 'NONE', ( #1192, #1983, #2191, #3244 ) ) ;
#625 = EDGE_LOOP ( 'NONE', ( #3722, #1652, #4514, #7225 ) ) ;
#626 = DIRECTION ( 'NONE',  ( -1.000000000000000000, -0.000000000000000000, -0.000000000000000000 ) ) ;
#627 = CARTESIAN_POINT ( 'NONE',  ( 2.559999999999999609, 5.700000000000171596, 4.099999999999992539 ) ) ;
#628 = DIRECTION ( 'NONE',  ( 0.000000000000000000, -1.000000000000000000, 0.000000000000000000 ) ) ;
#629 = CARTESIAN_POINT ( 'NONE',  ( 1.250000000000000222, 5.700000000000171596, -3.650000000000000355 ) ) ;
#630 = CARTESIAN_POINT ( 'NONE',  ( 3.524982027403404494, 0.7057364023407650677, 4.599999999999999645 ) ) ;
#631 = CARTESIAN_POINT ( 'NONE',  ( 4.659449035282491103, 0.3895472810263294061, 4.600000000000444622 ) ) ;
#632 = VERTEX_POINT ( 'NONE', #6754 ) ;
#633 = CARTESIAN_POINT ( 'NONE',  ( 0.000000000000000000, 6.649999999999999467, -4.099999999999999645 ) ) ;
#634 = DIRECTION ( 'NONE',  ( 0.000000000000000000, -9.164576854217089559E-15, 1.000000000000000000 ) ) ;
#635 = EDGE_CURVE ( 'NONE', #7442, #564, #5300, .T. ) ;
#636 = LINE ( 'NONE', #5450, #6119 ) ;
#637 = CARTESIAN_POINT ( 'NONE',  ( -4.574207197225362620, 0.6432653679969462246, 4.099866424979714985 ) ) ;
#638 = ORIENTED_EDGE ( 'NONE', *, *, #6480, .F. ) ;
#639 = ORIENTED_EDGE ( 'NONE', *, *, #3846, .F. ) ;
#640 = LINE ( 'NONE', #4089, #3343 ) ;
#641 = DIRECTION ( 'NONE',  ( 0.000000000000000000, -0.000000000000000000, -1.000000000000000000 ) ) ;
#642 = DIRECTION ( 'NONE',  ( 1.000000000000000000, 0.000000000000000000, -0.000000000000000000 ) ) ;
#643 = CARTESIAN_POINT ( 'NONE',  ( 5.110000000000002096, 5.600000000000019185, -4.599999999999999645 ) ) ;
#644 = CARTESIAN_POINT ( 'NONE',  ( 1.000403676648840889, 0.4432154019765804920, 4.099833121371258216 ) ) ;
#645 = EDGE_LOOP ( 'NONE', ( #546, #3877, #1865, #4156, #1523 ) ) ;
#646 = DIRECTION ( 'NONE',  ( -0.3011313679370969942, 0.000000000000000000, -0.9535826651341416937 ) ) ;
#647 = PRESENTATION_LAYER_ASSIGNMENT (  '', '', ( #2055 ) ) ;
#648 = EDGE_CURVE ( 'NONE', #5872, #1964, #2706, .T. ) ;
#649 = CARTESIAN_POINT ( 'NONE',  ( -4.209999999999999964, 0.3999999999998738454, -3.098223304999996319 ) ) ;
#650 = CARTESIAN_POINT ( 'NONE',  ( -5.110000000000000320, 0.000000000000000000, 0.000000000000000000 ) ) ;
#651 = DIRECTION ( 'NONE',  ( -1.000000000000000000, 0.000000000000000000, -0.000000000000000000 ) ) ;
#652 = CARTESIAN_POINT ( 'NONE',  ( -4.659775368182803135, 0.3892336522440887348, 4.599999999999415223 ) ) ;
#653 = VECTOR ( 'NONE', #6951, 1000.000000000000000 ) ;
#654 = ORIENTED_EDGE ( 'NONE', *, *, #7847, .F. ) ;
#655 = ADVANCED_FACE ( 'NONE', ( #2614 ), #1587, .F. ) ;
#656 = AXIS2_PLACEMENT_3D ( 'NONE', #404, #6056, #4087 ) ;
#657 = FACE_OUTER_BOUND ( 'NONE', #2379, .T. ) ;
#658 = ORIENTED_EDGE ( 'NONE', *, *, #1662, .F. ) ;
#659 = DIRECTION ( 'NONE',  ( 0.000000000000000000, -1.067522139062614778E-14, 1.000000000000000000 ) ) ;
#660 = CARTESIAN_POINT ( 'NONE',  ( 0.8776584253478512121, 0.3616088389929316138, 4.599999999999991651 ) ) ;
#661 = LINE ( 'NONE', #1846, #675 ) ;
#662 = EDGE_CURVE ( 'NONE', #6990, #339, #5317, .T. ) ;
#663 = CARTESIAN_POINT ( 'NONE',  ( -0.2250000000000064448, -3.600000000000000533, 0.000000000000000000 ) ) ;
#664 = ADVANCED_FACE ( 'NONE', ( #2628 ), #4858, .T. ) ;
#665 = EDGE_LOOP ( 'NONE', ( #7299, #1044, #7941, #6939, #7719, #2068 ) ) ;
#666 = CARTESIAN_POINT ( 'NONE',  ( 3.385360900074418034, 0.8087577264569714153, 4.100028364086257149 ) ) ;
#667 = EDGE_CURVE ( 'NONE', #1404, #938, #2722, .T. ) ;
#668 = DIRECTION ( 'NONE',  ( 0.000000000000000000, 0.000000000000000000, 1.000000000000000000 ) ) ;
#669 = CARTESIAN_POINT ( 'NONE',  ( 3.410000000000000586, 3.300000000000000266, 3.399999999999999911 ) ) ;
#670 = CIRCLE ( 'NONE', #6088, 1.149999999999999467 ) ;
#671 = VECTOR ( 'NONE', #7818, 1000.000000000000000 ) ;
#672 = ORIENTED_EDGE ( 'NONE', *, *, #181, .T. ) ;
#673 =( BOUNDED_CURVE ( )  B_SPLINE_CURVE ( 3, ( #7141, #5178, #3490, #3984 ),
 .UNSPECIFIED., .F., .F. ) 
 B_SPLINE_CURVE_WITH_KNOTS ( ( 4, 4 ),
 ( 5.497787143782137953, 6.283185307179586232 ),
 .UNSPECIFIED. ) 
 CURVE ( )  GEOMETRIC_REPRESENTATION_ITEM ( )  RATIONAL_B_SPLINE_CURVE ( ( 1.000000000000000000, 0.9492530216741911220, 0.9492530216741911220, 1.000000000000000000 ) ) 
 REPRESENTATION_ITEM ( '' )  );
#674 = LINE ( 'NONE', #4651, #3163 ) ;
#675 = VECTOR ( 'NONE', #97, 1000.000000000000114 ) ;
#676 = AXIS2_PLACEMENT_3D ( 'NONE', #2635, #6381, #4625 ) ;
#677 = ORIENTED_EDGE ( 'NONE', *, *, #2361, .F. ) ;
#678 = CARTESIAN_POINT ( 'NONE',  ( -4.209999999999999964, -2.946891109999995262, -3.098223305000026961 ) ) ;
#679 = PLANE ( 'NONE',  #3704 ) ;
#680 = CARTESIAN_POINT ( 'NONE',  ( 1.149999999999999689, 3.000000000000000000, -2.149999999999999911 ) ) ;
#681 = EDGE_CURVE ( 'NONE', #1898, #1749, #2759, .T. ) ;
#682 = ORIENTED_EDGE ( 'NONE', *, *, #557, .T. ) ;
#683 = AXIS2_PLACEMENT_3D ( 'NONE', #6564, #7247, #459 ) ;
#684 = CYLINDRICAL_SURFACE ( 'NONE', #3021, 0.09999999999999999167 ) ;
#685 = DIRECTION ( 'NONE',  ( -1.000000000000000000, 0.000000000000000000, 0.000000000000000000 ) ) ;
#686 = DIRECTION ( 'NONE',  ( 1.000000000000000000, 0.000000000000000000, 0.000000000000000000 ) ) ;
#687 = VERTEX_POINT ( 'NONE', #4409 ) ;
#688 = CARTESIAN_POINT ( 'NONE',  ( 3.510000000000001119, 2.600000000000000533, -1.200000000000000178 ) ) ;
#689 = DIRECTION ( 'NONE',  ( 0.000000000000000000, 1.000000000000000000, 0.000000000000000000 ) ) ;
#690 = FACE_OUTER_BOUND ( 'NONE', #2293, .T. ) ;
#691 = EDGE_CURVE ( 'NONE', #1592, #1282, #2745, .T. ) ;
#692 = FACE_OUTER_BOUND ( 'NONE', #3720, .T. ) ;
#693 = CARTESIAN_POINT ( 'NONE',  ( -3.987505375698078947, 0.8646422626378325038, 4.100086494611943522 ) ) ;
#694 = VERTEX_POINT ( 'NONE', #7404 ) ;
#695 = DIRECTION ( 'NONE',  ( -1.224646799147353207E-16, 1.000000000000000000, 0.000000000000000000 ) ) ;
#696 = DIRECTION ( 'NONE',  ( 0.000000000000000000, -1.000000000000000000, -9.164576854217089559E-15 ) ) ;
#697 = DIRECTION ( 'NONE',  ( 2.569960705150825398E-16, 0.000000000000000000, -1.000000000000000000 ) ) ;
#698 = CARTESIAN_POINT ( 'NONE',  ( 0.9710860777027705559, 0.4728217104130658099, 4.099716289898957200 ) ) ;
#699 = ORIENTED_EDGE ( 'NONE', *, *, #7807, .T. ) ;
#700 = DIRECTION ( 'NONE',  ( -0.000000000000000000, -1.000000000000000000, -0.000000000000000000 ) ) ;
#701 = LINE ( 'NONE', #5205, #6103 ) ;
#702 = DIRECTION ( 'NONE',  ( 0.000000000000000000, 0.000000000000000000, -1.000000000000000000 ) ) ;
#703 = DIRECTION ( 'NONE',  ( 1.000000000000000000, 0.000000000000000000, -0.000000000000000000 ) ) ;
#704 = DIRECTION ( 'NONE',  ( 0.000000000000000000, -0.000000000000000000, -1.000000000000000000 ) ) ;
#705 = CARTESIAN_POINT ( 'NONE',  ( -4.406350959344735863, 0.5765852970483555939, 4.600000000000000533 ) ) ;
#706 = LINE ( 'NONE', #6126, #3420 ) ;
#707 = ORIENTED_EDGE ( 'NONE', *, *, #585, .F. ) ;
#708 = ORIENTED_EDGE ( 'NONE', *, *, #7293, .F. ) ;
#709 = FACE_OUTER_BOUND ( 'NONE', #2153, .T. ) ;
#710 = ORIENTED_EDGE ( 'NONE', *, *, #3905, .F. ) ;
#711 = CARTESIAN_POINT ( 'NONE',  ( -2.932341574652149507, 0.3616088389929287272, 4.599999999999986322 ) ) ;
#712 = CARTESIAN_POINT ( 'NONE',  ( -6.110000000000001208, 7.400000000000000355, 1.399999999999999689 ) ) ;
#713 = ADVANCED_FACE ( 'NONE', ( #5500 ), #164, .T. ) ;
#714 = LINE ( 'NONE', #3715, #772 ) ;
#715 = DIRECTION ( 'NONE',  ( 1.000000000000000000, 0.000000000000000000, 0.000000000000000000 ) ) ;
#716 = ORIENTED_EDGE ( 'NONE', *, *, #2387, .T. ) ;
#717 = CARTESIAN_POINT ( 'NONE',  ( 1.485000000000000320, 6.350000000000171063, -3.650000000000000355 ) ) ;
#718 = VECTOR ( 'NONE', #2549, 1000.000000000000000 ) ;
#719 = DIRECTION ( 'NONE',  ( 1.000000000000000000, 0.000000000000000000, 0.000000000000000000 ) ) ;
#720 = ORIENTED_EDGE ( 'NONE', *, *, #7467, .T. ) ;
#721 = EDGE_CURVE ( 'NONE', #236, #2732, #2813, .T. ) ;
#722 = CARTESIAN_POINT ( 'NONE',  ( 2.823555894572186364, 0.4573187209436747058, 4.099767633000258371 ) ) ;
#723 = DIRECTION ( 'NONE',  ( 0.000000000000000000, -1.000000000000000000, -1.067522139062614778E-14 ) ) ;
#724 = CARTESIAN_POINT ( 'NONE',  ( -5.294999999999999929, 6.350000000000171063, -3.650000000000000355 ) ) ;
#725 = CLOSED_SHELL ( 'NONE', ( #7503, #3087, #3478, #6722, #2735, #1704, #6229, #4941, #2534, #5273, #7192, #6979, #3668, #2041 ) ) ;
#726 = LINE ( 'NONE', #4868, #783 ) ;
#727 = VECTOR ( 'NONE', #1978, 1000.000000000000000 ) ;
#728 = VERTEX_POINT ( 'NONE', #1213 ) ;
#729 = LINE ( 'NONE', #5595, #3380 ) ;
#730 = VECTOR ( 'NONE', #4378, 1000.000000000000000 ) ;
#731 = ADVANCED_FACE ( 'NONE', ( #5536 ), #2580, .T. ) ;
#732 = AXIS2_PLACEMENT_3D ( 'NONE', #2364, #3619, #4218 ) ;
#733 = ORIENTED_EDGE ( 'NONE', *, *, #1274, .T. ) ;
#734 = CARTESIAN_POINT ( 'NONE',  ( 5.110000000000000320, 0.3999999999998605227, -1.649999999999993472 ) ) ;
#735 = EDGE_CURVE ( 'NONE', #4229, #5434, #182, .T. ) ;
#736 = VECTOR ( 'NONE', #5290, 1000.000000000000000 ) ;
#737 = EDGE_LOOP ( 'NONE', ( #1397, #91, #132, #3516 ) ) ;
#738 = SURFACE_SIDE_STYLE ('',( #1985 ) ) ;
#739 = DIRECTION ( 'NONE',  ( 0.000000000000000000, -1.000000000000000000, 0.000000000000000000 ) ) ;
#740 = ORIENTED_EDGE ( 'NONE', *, *, #6006, .F. ) ;
#741 = CARTESIAN_POINT ( 'NONE',  ( 0.02252895133152349808, 3.022528951331524105, 4.155632239160037322 ) ) ;
#742 = CARTESIAN_POINT ( 'NONE',  ( 3.126407592611473163, 0.5231616011844109071, 4.599999999999994316 ) ) ;
#743 = EDGE_CURVE ( 'NONE', #7642, #3589, #357, .T. ) ;
#744 = VECTOR ( 'NONE', #3580, 1000.000000000000000 ) ;
#745 = CIRCLE ( 'NONE', #4273, 0.2999999999999999334 ) ;
#746 = CARTESIAN_POINT ( 'NONE',  ( -3.861163470063130987, 0.8759418406145651481, 4.100098451585660442 ) ) ;
#747 = ORIENTED_EDGE ( 'NONE', *, *, #3119, .T. ) ;
#748 = EDGE_CURVE ( 'NONE', #6935, #4151, #5768, .T. ) ;
#749 = ORIENTED_EDGE ( 'NONE', *, *, #6331, .F. ) ;
#750 = LINE ( 'NONE', #717, #3275 ) ;
#751 = CARTESIAN_POINT ( 'NONE',  ( 0.3707106781186547684, 2.629289321881345565, 2.856200347158724284 ) ) ;
#752 = PLANE ( 'NONE',  #1606 ) ;
#753 = ORIENTED_EDGE ( 'NONE', *, *, #1332, .T. ) ;
#754 = CARTESIAN_POINT ( 'NONE',  ( 0.7839745962155740822, 5.133974596215686859, 4.599999999999999645 ) ) ;
#755 = CARTESIAN_POINT ( 'NONE',  ( 0.9404072071892347617, 0.5026554543110632878, 4.099741300511787756 ) ) ;
#756 = ORIENTED_EDGE ( 'NONE', *, *, #6254, .T. ) ;
#757 = CARTESIAN_POINT ( 'NONE',  ( -4.209999999999999076, 3.300000000000000266, 3.399999999999999911 ) ) ;
#758 = VECTOR ( 'NONE', #6506, 1000.000000000000000 ) ;
#759 = CARTESIAN_POINT ( 'NONE',  ( -4.109999999999997655, 6.000000000000019540, -4.299999999999999822 ) ) ;
#760 = AXIS2_PLACEMENT_3D ( 'NONE', #2575, #7592, #715 ) ;
#761 = CARTESIAN_POINT ( 'NONE',  ( -4.035000000000006359, -3.600000000000000533, -3.625000000000033751 ) ) ;
#762 = CARTESIAN_POINT ( 'NONE',  ( 0.3525644283457610717, -2.984593437674529337, -3.010102308273680194 ) ) ;
#763 = VECTOR ( 'NONE', #7907, 1000.000000000000000 ) ;
#764 = ORIENTED_EDGE ( 'NONE', *, *, #577, .F. ) ;
#765 = B_SPLINE_CURVE_WITH_KNOTS ( 'NONE', 3,
 ( #4856, #14, #7550, #3181, #781, #1367, #1982, #6370, #2579, #3225 ),
 .UNSPECIFIED., .F., .F.,
 ( 4, 1, 1, 2, 2, 4 ),
 ( 0.000000000000000000, 0.2500000000000059952, 0.3750000000000098810, 0.4375000000000094924, 0.5000000000000091038, 1.000000000000000000 ),
 .UNSPECIFIED. ) ;
#766 = VERTEX_POINT ( 'NONE', #5632 ) ;
#767 = VECTOR ( 'NONE', #4558, 1000.000000000000000 ) ;
#768 = EDGE_CURVE ( 'NONE', #1168, #1626, #3009, .T. ) ;
#769 = ORIENTED_EDGE ( 'NONE', *, *, #278, .F. ) ;
#770 = DIRECTION ( 'NONE',  ( -0.2505628070857284229, -0.2505628070857301437, 0.9351131265310306251 ) ) ;
#771 = CARTESIAN_POINT ( 'NONE',  ( 4.209999999999999964, -2.946891109999995262, -3.800000000000033573 ) ) ;
#772 = VECTOR ( 'NONE', #689, 1000.000000000000000 ) ;
#773 = EDGE_CURVE ( 'NONE', #1452, #3744, #5732, .T. ) ;
#774 = DIRECTION ( 'NONE',  ( 0.9659258262890686453, -1.196867290654163059E-15, 0.2588190451025194627 ) ) ;
#775 = DIRECTION ( 'NONE',  ( -0.000000000000000000, 1.000000000000000000, 9.147955830346445240E-15 ) ) ;
#776 = DIRECTION ( 'NONE',  ( -1.000000000000000000, 0.000000000000000000, 0.000000000000000000 ) ) ;
#777 = CIRCLE ( 'NONE', #5666, 0.09999999999999982514 ) ;
#778 = SURFACE_SIDE_STYLE ('',( #5459 ) ) ;
#779 = ORIENTED_EDGE ( 'NONE', *, *, #5864, .T. ) ;
#780 = CARTESIAN_POINT ( 'NONE',  ( 3.758836529936870896, 0.8759418406145651481, 4.100098451585661330 ) ) ;
#781 = CARTESIAN_POINT ( 'NONE',  ( 4.705461893072479640, 0.4610214260478170401, 4.311070530480233920 ) ) ;
#782 = CARTESIAN_POINT ( 'NONE',  ( -6.410000000000001030, 3.750000000000000888, 2.100000000000000089 ) ) ;
#783 = VECTOR ( 'NONE', #2395, 1000.000000000000114 ) ;
#784 = VERTEX_POINT ( 'NONE', #3844 ) ;
#785 = AXIS2_PLACEMENT_3D ( 'NONE', #6529, #794, #4467 ) ;
#786 = ORIENTED_EDGE ( 'NONE', *, *, #2567, .T. ) ;
#787 = ADVANCED_FACE ( 'NONE', ( #5641 ), #2388, .F. ) ;
#788 = LINE ( 'NONE', #1506, #6019 ) ;
#789 = EDGE_CURVE ( 'NONE', #995, #7579, #2975, .T. ) ;
#790 = LINE ( 'NONE', #7525, #3394 ) ;
#791 = CARTESIAN_POINT ( 'NONE',  ( -2.956009343314611737, 0.5775739780829285408, 4.099806494864290940 ) ) ;
#792 = ORIENTED_EDGE ( 'NONE', *, *, #2460, .F. ) ;
#793 = CARTESIAN_POINT ( 'NONE',  ( -0.2999999999999990452, 2.700000000000000178, -1.200000000000000178 ) ) ;
#794 = DIRECTION ( 'NONE',  ( 0.000000000000000000, 1.000000000000000000, 0.000000000000000000 ) ) ;
#795 = DIRECTION ( 'NONE',  ( 1.000000000000000000, -0.000000000000000000, -0.000000000000000000 ) ) ;
#796 = VERTEX_POINT ( 'NONE', #7841 ) ;
#797 = EDGE_CURVE ( 'NONE', #5488, #6172, #5627, .T. ) ;
#798 = VECTOR ( 'NONE', #1831, 1000.000000000000000 ) ;
#799 = ORIENTED_EDGE ( 'NONE', *, *, #2173, .F. ) ;
#800 = VERTEX_POINT ( 'NONE', #2204 ) ;
#801 = CARTESIAN_POINT ( 'NONE',  ( 0.3017766950000003723, -2.946891109999997482, -3.000000000000027534 ) ) ;
#802 = CARTESIAN_POINT ( 'NONE',  ( -0.3017766950000003723, -2.946891109999997482, -3.000000000000027534 ) ) ;
#803 = VECTOR ( 'NONE', #2499, 1000.000000000000000 ) ;
#804 = VERTEX_POINT ( 'NONE', #4838 ) ;
#805 = ORIENTED_EDGE ( 'NONE', *, *, #7074, .F. ) ;
#806 = FACE_OUTER_BOUND ( 'NONE', #3941, .T. ) ;
#807 = CARTESIAN_POINT ( 'NONE',  ( -5.060000000000000497, 5.700000000000171596, 4.099999999999992539 ) ) ;
#808 = DIRECTION ( 'NONE',  ( -0.000000000000000000, -0.000000000000000000, -1.000000000000000000 ) ) ;
#809 =( NAMED_UNIT ( * ) PLANE_ANGLE_UNIT ( ) SI_UNIT ( $, .RADIAN. ) );
#810 = ORIENTED_EDGE ( 'NONE', *, *, #3586, .F. ) ;
#811 =( BOUNDED_CURVE ( )  B_SPLINE_CURVE ( 3, ( #7298, #512, #4609, #7816 ),
 .UNSPECIFIED., .F., .F. ) 
 B_SPLINE_CURVE_WITH_KNOTS ( ( 4, 4 ),
 ( -1.776356839400250465E-15, 0.7853981633974588261 ),
 .UNSPECIFIED. ) 
 CURVE ( )  GEOMETRIC_REPRESENTATION_ITEM ( )  RATIONAL_B_SPLINE_CURVE ( ( 1.000000000000000000, 0.9492530216741894566, 0.9492530216741894566, 1.000000000000000000 ) ) 
 REPRESENTATION_ITEM ( '' )  );
#812 = CARTESIAN_POINT ( 'NONE',  ( -0.9370395471206556248, 0.3016294299410655633, 4.599999999999994316 ) ) ;
#813 = ORIENTED_EDGE ( 'NONE', *, *, #667, .T. ) ;
#814 = DIRECTION ( 'NONE',  ( 0.000000000000000000, -1.000000000000000000, -1.301042606982963148E-14 ) ) ;
#815 = CARTESIAN_POINT ( 'NONE',  ( 3.508223304999999570, -2.946891109999993041, -3.800000000000027356 ) ) ;
#816 = CARTESIAN_POINT ( 'NONE',  ( 3.810000000000000497, 3.000000000000000000, -2.149999999999999911 ) ) ;
#817 = VECTOR ( 'NONE', #5326, 1000.000000000000000 ) ;
#818 = EDGE_LOOP ( 'NONE', ( #5448, #4982, #1644, #7554, #7216, #2991 ) ) ;
#819 = LINE ( 'NONE', #4268, #3595 ) ;
#820 = ORIENTED_EDGE ( 'NONE', *, *, #1959, .F. ) ;
#821 = EDGE_CURVE ( 'NONE', #6521, #7499, #5401, .T. ) ;
#822 = CARTESIAN_POINT ( 'NONE',  ( -4.673384352026975108, 0.4578464803649369697, 4.394302534011660377 ) ) ;
#823 = CARTESIAN_POINT ( 'NONE',  ( 2.510000000000002007, 6.400000000000019007, -4.299999999999999822 ) ) ;
#824 = DIRECTION ( 'NONE',  ( 0.000000000000000000, 1.000000000000000000, 0.000000000000000000 ) ) ;
#825 = CARTESIAN_POINT ( 'NONE',  ( 0.9375186538964200844, 0.3011455928514404912, 4.600000000000465050 ) ) ;
#826 = CARTESIAN_POINT ( 'NONE',  ( -1.299999999999998268, 6.400000000000019007, -4.599999999999999645 ) ) ;
#827 = LINE ( 'NONE', #1653, #3459 ) ;
#828 = DIRECTION ( 'NONE',  ( 0.000000000000000000, 0.000000000000000000, -1.000000000000000000 ) ) ;
#829 = ORIENTED_EDGE ( 'NONE', *, *, #3019, .F. ) ;
#830 = CARTESIAN_POINT ( 'NONE',  ( 4.268268341405748956, 0.7971376447522223740, 4.100016507589510084 ) ) ;
#831 = AXIS2_PLACEMENT_3D ( 'NONE', #3461, #1694, #4061 ) ;
#832 = PRODUCT_DEFINITION_CONTEXT ( 'detailed design', #5094, 'design' ) ;
#833 = CARTESIAN_POINT ( 'NONE',  ( -3.118118687534180644, 0.7017704449362009989, 4.099921000117637604 ) ) ;
#834 = ORIENTED_EDGE ( 'NONE', *, *, #7031, .F. ) ;
#835 = VECTOR ( 'NONE', #2307, 1000.000000000000000 ) ;
#836 = ORIENTED_EDGE ( 'NONE', *, *, #1158, .T. ) ;
#837 = AXIS2_PLACEMENT_3D ( 'NONE', #3115, #3386, #4610 ) ;
#838 = EDGE_CURVE ( 'NONE', #4157, #5454, #5654, .T. ) ;
#839 = VECTOR ( 'NONE', #445, 1000.000000000000000 ) ;
#840 = CARTESIAN_POINT ( 'NONE',  ( -2.833529438272267775, 0.4673957079351935828, 4.099720994656727235 ) ) ;
#841 = VERTEX_POINT ( 'NONE', #5351 ) ;
#842 = PLANE ( 'NONE',  #7047 ) ;
#843 = CARTESIAN_POINT ( 'NONE',  ( -1.055633012056473641, 0.3874297912861701110, 4.100094739795637544 ) ) ;
#844 = AXIS2_PLACEMENT_3D ( 'NONE', #1449, #4077, #5274 ) ;
#845 = ORIENTED_EDGE ( 'NONE', *, *, #337, .T. ) ;
#846 = FACE_OUTER_BOUND ( 'NONE', #7332, .T. ) ;
#847 = ORIENTED_EDGE ( 'NONE', *, *, #4585, .F. ) ;
#848 = VERTEX_POINT ( 'NONE', #179 ) ;
#849 = DIRECTION ( 'NONE',  ( 1.000000000000000000, 0.000000000000000000, 0.000000000000000000 ) ) ;
#850 = LINE ( 'NONE', #3636, #563 ) ;
#851 = EDGE_CURVE ( 'NONE', #1014, #4924, #4009, .T. ) ;
#852 = ORIENTED_EDGE ( 'NONE', *, *, #797, .T. ) ;
#853 = ADVANCED_FACE ( 'NONE', ( #234 ), #2678, .F. ) ;
#854 = EDGE_CURVE ( 'NONE', #5305, #1241, #416, .T. ) ;
#855 = CARTESIAN_POINT ( 'NONE',  ( -0.4000000000000001887, -2.946891109999995262, -3.000000000000033307 ) ) ;
#856 = ORIENTED_EDGE ( 'NONE', *, *, #6912, .T. ) ;
#857 = VECTOR ( 'NONE', #1952, 1000.000000000000000 ) ;
#858 = CARTESIAN_POINT ( 'NONE',  ( -3.508223304999999570, -2.946891109999997482, -3.000000000000027534 ) ) ;
#859 = DIRECTION ( 'NONE',  ( 0.000000000000000000, -1.156482317317871764E-14, 1.000000000000000000 ) ) ;
#860 = CARTESIAN_POINT ( 'NONE',  ( -4.209999999999999964, -2.946891109999995262, -3.000000000000033307 ) ) ;
#861 = ORIENTED_EDGE ( 'NONE', *, *, #5092, .F. ) ;
#862 = CARTESIAN_POINT ( 'NONE',  ( -5.060000000000000497, 5.700000000000171596, -3.650000000000000355 ) ) ;
#863 = CARTESIAN_POINT ( 'NONE',  ( -0.8598395308671611392, 0.3794449045231669815, 4.599999999999905498 ) ) ;
#864 = ORIENTED_EDGE ( 'NONE', *, *, #7641, .F. ) ;
#865 = CARTESIAN_POINT ( 'NONE',  ( -3.159999999999988152, 5.700000000000171596, -2.149999999999999911 ) ) ;
#866 = CARTESIAN_POINT ( 'NONE',  ( 1.485000000000000320, 6.350000000000171063, -3.650000000000000355 ) ) ;
#867 = DIRECTION ( 'NONE',  ( 0.000000000000000000, 1.000000000000000000, 0.000000000000000000 ) ) ;
#868 = CARTESIAN_POINT ( 'NONE',  ( 5.110000000000002096, 5.600000000000019185, -4.299999999999999822 ) ) ;
#869 = ORIENTED_EDGE ( 'NONE', *, *, #4462, .T. ) ;
#870 = EDGE_CURVE ( 'NONE', #3644, #5495, #3023, .T. ) ;
#871 = EDGE_CURVE ( 'NONE', #4017, #7038, #2961, .T. ) ;
#872 = ORIENTED_EDGE ( 'NONE', *, *, #1244, .T. ) ;
#873 = AXIS2_PLACEMENT_3D ( 'NONE', #2976, #476, #6800 ) ;
#874 = AXIS2_PLACEMENT_3D ( 'NONE', #2590, #5760, #6383 ) ;
#875 = FACE_OUTER_BOUND ( 'NONE', #4865, .T. ) ;
#876 = ORIENTED_EDGE ( 'NONE', *, *, #3635, .F. ) ;
#877 = ORIENTED_EDGE ( 'NONE', *, *, #3432, .F. ) ;
#878 = DIRECTION ( 'NONE',  ( 1.000000000000000000, 0.000000000000000000, 0.000000000000000000 ) ) ;
#879 = DIRECTION ( 'NONE',  ( -0.000000000000000000, 1.000000000000000000, 9.164576854217089559E-15 ) ) ;
#880 = CARTESIAN_POINT ( 'NONE',  ( 0.3707106781186552125, 3.370710678118655768, 2.856200347158724284 ) ) ;
#881 = CARTESIAN_POINT ( 'NONE',  ( 0.000000000000000000, 0.6245615686488266149, 0.02382435808271303121 ) ) ;
#882 = CARTESIAN_POINT ( 'NONE',  ( -4.209999999999999076, 3.400000000000000355, 2.746891109999991976 ) ) ;
#883 = FACE_OUTER_BOUND ( 'NONE', #3755, .T. ) ;
#884 = CARTESIAN_POINT ( 'NONE',  ( -3.159999999999988152, 5.000000000000124345, -2.149999999999999911 ) ) ;
#885 = EDGE_LOOP ( 'NONE', ( #2343, #2176, #7296, #7282, #4996, #4543, #7177, #2721, #542, #5315, #1716, #5132, #5486, #1888, #4246, #3026, #2107, #5077 ) ) ;
#886 = CARTESIAN_POINT ( 'NONE',  ( 4.792453679561544000, 0.4613504541675824133, 4.099748956626923402 ) ) ;
#887 = PLANE ( 'NONE',  #356 ) ;
#888 = CARTESIAN_POINT ( 'NONE',  ( 3.900688056451671049, 0.7287790104367192212, 4.600000000000025402 ) ) ;
#889 = ORIENTED_EDGE ( 'NONE', *, *, #3814, .F. ) ;
#890 = VECTOR ( 'NONE', #3900, 1000.000000000000000 ) ;
#891 = EDGE_CURVE ( 'NONE', #1452, #6709, #3081, .T. ) ;
#892 = VERTEX_POINT ( 'NONE', #2085 ) ;
#893 = PLANE ( 'NONE',  #4523 ) ;
#894 = LINE ( 'NONE', #114, #6268 ) ;
#895 = EDGE_CURVE ( 'NONE', #3989, #1258, #3071, .T. ) ;
#896 = CARTESIAN_POINT ( 'NONE',  ( -2.834650530048985928, 0.4685284635428664246, 4.099715721873718799 ) ) ;
#897 = ORIENTED_EDGE ( 'NONE', *, *, #1048, .T. ) ;
#898 = SURFACE_SIDE_STYLE ('',( #5682 ) ) ;
#899 = CARTESIAN_POINT ( 'NONE',  ( -0.9362981484896709672, 0.5065096927269361338, 4.099744572508566165 ) ) ;
#900 = DIRECTION ( 'NONE',  ( -0.000000000000000000, -0.000000000000000000, 1.000000000000000000 ) ) ;
#901 = ORIENTED_EDGE ( 'NONE', *, *, #1609, .T. ) ;
#902 = CONICAL_SURFACE ( 'NONE', #579, 0.8499999999999997558, 0.3058788714048517599 ) ;
#903 = CARTESIAN_POINT ( 'NONE',  ( 0.4000000000000001887, 3.300000000000000266, -1.200000000000000178 ) ) ;
#904 = ORIENTED_EDGE ( 'NONE', *, *, #6369, .F. ) ;
#905 = CARTESIAN_POINT ( 'NONE',  ( -0.7839745962155741932, 5.700000000000171596, 4.599999999999999645 ) ) ;
#906 = PRESENTATION_STYLE_ASSIGNMENT (( #1706 ) ) ;
#907 = EDGE_LOOP ( 'NONE', ( #3648, #4189, #5378, #1047, #6465, #3718, #6847, #5983, #3566, #5924 ) ) ;
#908 = VECTOR ( 'NONE', #6137, 1000.000000000000000 ) ;
#909 = VERTEX_POINT ( 'NONE', #1040 ) ;
#910 = CARTESIAN_POINT ( 'NONE',  ( -0.3707106781186538802, 2.629289321881345565, 2.856200347158724284 ) ) ;
#911 = CARTESIAN_POINT ( 'NONE',  ( -0.8678171271392582931, 0.3715309425213068617, 4.599999999999985434 ) ) ;
#912 = ORIENTED_EDGE ( 'NONE', *, *, #721, .F. ) ;
#913 = ADVANCED_FACE ( 'NONE', ( #2886, #3123 ), #2033, .T. ) ;
#914 = CARTESIAN_POINT ( 'NONE',  ( -1.300000000000000044, -2.949029909160572061E-14, -1.649999999999998579 ) ) ;
#915 = CARTESIAN_POINT ( 'NONE',  ( -0.2999999999999974354, 6.000000000000019540, -4.299999999999999822 ) ) ;
#916 = CARTESIAN_POINT ( 'NONE',  ( 3.481824701299762737, -2.946891109999990821, -3.800000000000027356 ) ) ;
#917 = ORIENTED_EDGE ( 'NONE', *, *, #111, .F. ) ;
#918 = CARTESIAN_POINT ( 'NONE',  ( -4.682151917583240675, 0.3671715373322460563, 4.599999999999867306 ) ) ;
#919 = EDGE_CURVE ( 'NONE', #3160, #2705, #1331, .T. ) ;
#920 = FACE_OUTER_BOUND ( 'NONE', #907, .T. ) ;
#921 = EDGE_LOOP ( 'NONE', ( #7476, #5125, #5734, #7103 ) ) ;
#922 = ORIENTED_EDGE ( 'NONE', *, *, #3930, .F. ) ;
#923 = CARTESIAN_POINT ( 'NONE',  ( 3.122330967823181425, 5.662330967823364425, 4.240582741955786439 ) ) ;
#924 = AXIS2_PLACEMENT_3D ( 'NONE', #3713, #249, #4933 ) ;
#925 = CARTESIAN_POINT ( 'NONE',  ( 0.9069679560246941552, 0.4621706629938069355, 4.280942993476102743 ) ) ;
#926 = CARTESIAN_POINT ( 'NONE',  ( 4.209999999999999964, 3.400000000000000355, 2.746891109999991976 ) ) ;
#927 = ORIENTED_EDGE ( 'NONE', *, *, #8006, .T. ) ;
#928 = DIRECTION ( 'NONE',  ( -0.000000000000000000, 1.000000000000000000, 9.164576854217089559E-15 ) ) ;
#929 = VERTEX_POINT ( 'NONE', #2737 ) ;
#930 = CARTESIAN_POINT ( 'NONE',  ( 4.796442488109584623, 0.4573203547596780827, 4.099767625381254277 ) ) ;
#931 = AXIS2_PLACEMENT_3D ( 'NONE', #6849, #5720, #1390 ) ;
#932 = CARTESIAN_POINT ( 'NONE',  ( 6.410000000000000142, 0.8500000000000007550, 4.000000000000000000 ) ) ;
#933 = DIRECTION ( 'NONE',  ( 0.000000000000000000, -9.164576854217089559E-15, 1.000000000000000000 ) ) ;
#934 = EDGE_CURVE ( 'NONE', #8031, #6651, #468, .T. ) ;
#935 = ORIENTED_EDGE ( 'NONE', *, *, #1763, .T. ) ;
#936 = LINE ( 'NONE', #1236, #6393 ) ;
#937 = ORIENTED_EDGE ( 'NONE', *, *, #128, .T. ) ;
#938 = VERTEX_POINT ( 'NONE', #3392 ) ;
#939 =( BOUNDED_SURFACE ( )  B_SPLINE_SURFACE ( 3, 1, ( 
 ( #7052, #252 ),
 ( #2103, #2699 ),
 ( #5877, #4011 ),
 ( #3356, #7784 ) ),
 .UNSPECIFIED., .F., .F., .F. ) 
 B_SPLINE_SURFACE_WITH_KNOTS ( ( 4, 4 ),
 ( 2, 2 ),
 ( 0.000000000000000000, 1.000000000000000000 ),
 ( 0.000000000000000000, 1.000000000000000000 ),
 .UNSPECIFIED. ) 
 GEOMETRIC_REPRESENTATION_ITEM ( )  RATIONAL_B_SPLINE_SURFACE ( (
 ( 1.000000000000000000, 1.000000000000000000),
 ( 0.8699927509184078867, 0.7969655114594044187),
 ( 0.8699927509184078867, 0.7969655114594044187),
 ( 1.000000000000000000, 1.000000000000000000) ) ) 
 REPRESENTATION_ITEM ( '' )  SURFACE ( )  );
#940 = AXIS2_PLACEMENT_3D ( 'NONE', #1226, #7971, #2495 ) ;
#941 = VERTEX_POINT ( 'NONE', #3993 ) ;
#942 = ORIENTED_EDGE ( 'NONE', *, *, #6384, .T. ) ;
#943 = CARTESIAN_POINT ( 'NONE',  ( -4.810280774495037548, 0.4433395648612445950, 4.099832543819077912 ) ) ;
#944 = ADVANCED_FACE ( 'NONE', ( #2932 ), #5614, .T. ) ;
#945 = CARTESIAN_POINT ( 'NONE',  ( 3.159999999999987264, 5.000000000000124345, 4.099999999999992539 ) ) ;
#946 = CARTESIAN_POINT ( 'NONE',  ( -0.7430299159003233012, 0.6571975088308921187, 4.099879458487378336 ) ) ;
#947 = CARTESIAN_POINT ( 'NONE',  ( -6.110000000000001208, 3.750000000000000888, 2.100000000000000089 ) ) ;
#948 = FACE_OUTER_BOUND ( 'NONE', #106, .T. ) ;
#949 = EDGE_CURVE ( 'NONE', #6645, #6792, #5689, .T. ) ;
#950 = VERTEX_POINT ( 'NONE', #3662 ) ;
#951 = EDGE_CURVE ( 'NONE', #1495, #7016, #2950, .T. ) ;
#952 = FACE_OUTER_BOUND ( 'NONE', #4355, .T. ) ;
#953 = VERTEX_POINT ( 'NONE', #3603 ) ;
#954 = AXIS2_PLACEMENT_3D ( 'NONE', #2731, #3385, #1517 ) ;
#955 = DIRECTION ( 'NONE',  ( 0.000000000000000000, 0.000000000000000000, -1.000000000000000000 ) ) ;
#956 = LINE ( 'NONE', #1633, #3696 ) ;
#957 = CARTESIAN_POINT ( 'NONE',  ( 3.409999999999999698, -8.331370849898473097, -3.800000000000076650 ) ) ;
#958 = ORIENTED_EDGE ( 'NONE', *, *, #2377, .T. ) ;
#959 = CARTESIAN_POINT ( 'NONE',  ( -0.6835924073885281116, 0.5231616011844105740, 4.599999999999994316 ) ) ;
#960 = VERTEX_POINT ( 'NONE', #6238 ) ;
#961 = CARTESIAN_POINT ( 'NONE',  ( 3.810000000000000053, 0.000000000000000000, 3.399999999999999911 ) ) ;
#962 = CARTESIAN_POINT ( 'NONE',  ( 0.9747998537747766257, 0.4690838011150056386, 4.099713330361076657 ) ) ;
#963 = DIRECTION ( 'NONE',  ( 0.000000000000000000, -1.766101716875451061E-14, 1.000000000000000000 ) ) ;
#964 = DIRECTION ( 'NONE',  ( 0.000000000000000000, -1.301042606982962990E-14, 1.000000000000000000 ) ) ;
#965 = EDGE_CURVE ( 'NONE', #7117, #2705, #3107, .T. ) ;
#966 = AXIS2_PLACEMENT_3D ( 'NONE', #1814, #824, #1252 ) ;
#967 = VERTEX_POINT ( 'NONE', #4991 ) ;
#968 = EDGE_CURVE ( 'NONE', #7952, #5234, #5717, .T. ) ;
#969 = VECTOR ( 'NONE', #590, 1000.000000000000000 ) ;
#970 = ORIENTED_EDGE ( 'NONE', *, *, #4585, .T. ) ;
#971 = ORIENTED_EDGE ( 'NONE', *, *, #6093, .T. ) ;
#972 = ADVANCED_FACE ( 'NONE', ( #443 ), #6788, .F. ) ;
#973 = DIRECTION ( 'NONE',  ( 1.000000000000000000, 2.415038720676354674E-16, 0.000000000000000000 ) ) ;
#974 = CARTESIAN_POINT ( 'NONE',  ( -2.828406701434886816, 0.4499999999978936960, 4.599999999999999645 ) ) ;
#975 = VECTOR ( 'NONE', #4714, 1000.000000000000227 ) ;
#976 = CARTESIAN_POINT ( 'NONE',  ( -6.110000000000001208, 2.550000000000001155, 4.000000000000000000 ) ) ;
#977 = ORIENTED_EDGE ( 'NONE', *, *, #4515, .T. ) ;
#978 = EDGE_CURVE ( 'NONE', #1267, #6005, #2911, .T. ) ;
#979 = CARTESIAN_POINT ( 'NONE',  ( 4.207885238751877033, 0.8169908447282066000, 4.100036833881840259 ) ) ;
#980 = DIRECTION ( 'NONE',  ( 0.000000000000000000, 9.164576854217089559E-15, -1.000000000000000000 ) ) ;
#981 = CARTESIAN_POINT ( 'NONE',  ( 5.465000000000026503, 5.000000000000124345, 4.099999999999992539 ) ) ;
#982 = CARTESIAN_POINT ( 'NONE',  ( 4.165901431596614302, 0.6785708422458363032, 4.600000000000004974 ) ) ;
#983 = LINE ( 'NONE', #4573, #3708 ) ;
#984 = ORIENTED_EDGE ( 'NONE', *, *, #2662, .F. ) ;
#985 = ORIENTED_EDGE ( 'NONE', *, *, #3533, .T. ) ;
#986 = CARTESIAN_POINT ( 'NONE',  ( 2.510000000000000231, 4.300000000000019362, -4.599999999999953459 ) ) ;
#987 = CARTESIAN_POINT ( 'NONE',  ( -4.136876110206467949, 2.600000000000000533, 2.746891109999991087 ) ) ;
#988 = CIRCLE ( 'NONE', #2772, 0.2999999999999999334 ) ;
#989 = AXIS2_PLACEMENT_3D ( 'NONE', #4447, #112, #6413 ) ;
#990 = EDGE_LOOP ( 'NONE', ( #4499, #2738, #3658, #7240, #1276, #6616 ) ) ;
#991 = CARTESIAN_POINT ( 'NONE',  ( -4.788043181970241591, 0.4658066202758313623, 4.099728355920784217 ) ) ;
#992 = DIRECTION ( 'NONE',  ( -0.000000000000000000, -1.000000000000000000, -0.000000000000000000 ) ) ;
#993 = CARTESIAN_POINT ( 'NONE',  ( -0.2402401538928125857, 0.8547898044846466981, 4.100076127504512336 ) ) ;
#994 = DIRECTION ( 'NONE',  ( 0.2505628075300758151, -0.9351131262929061050, 0.2505628075300751489 ) ) ;
#995 = VERTEX_POINT ( 'NONE', #7930 ) ;
#996 = LINE ( 'NONE', #2093, #890 ) ;
#997 = ORIENTED_EDGE ( 'NONE', *, *, #162, .T. ) ;
#998 = DIRECTION ( 'NONE',  ( 1.774471640729139594E-17, -0.000000000000000000, 1.000000000000000000 ) ) ;
#999 = DIRECTION ( 'NONE',  ( -0.000000000000000000, -0.2588190455922519950, -0.9659258261578451688 ) ) ;
#1000 = ORIENTED_EDGE ( 'NONE', *, *, #5283, .F. ) ;
#1001 = DIRECTION ( 'NONE',  ( 1.000000000000000000, -0.000000000000000000, 0.000000000000000000 ) ) ;
#1002 = CARTESIAN_POINT ( 'NONE',  ( -0.6964013770974625261, 0.6996988841506389667, 4.099918176793700297 ) ) ;
#1003 = LINE ( 'NONE', #7445, #6338 ) ;
#1004 = ORIENTED_EDGE ( 'NONE', *, *, #7725, .F. ) ;
#1005 = ADVANCED_FACE ( 'NONE', ( #428 ), #455, .T. ) ;
#1006 = PRODUCT_DEFINITION_CONTEXT ( 'detailed design', #4528, 'design' ) ;
#1007 = DIRECTION ( 'NONE',  ( -0.000000000000000000, -0.000000000000000000, 1.000000000000000000 ) ) ;
#1008 = ORIENTED_EDGE ( 'NONE', *, *, #4546, .F. ) ;
#1009 = LINE ( 'NONE', #6635, #6334 ) ;
#1010 = DIRECTION ( 'NONE',  ( -1.000000000000000000, 3.336006684570782608E-16, 0.000000000000000000 ) ) ;
#1011 = ORIENTED_EDGE ( 'NONE', *, *, #2091, .F. ) ;
#1012 = CARTESIAN_POINT ( 'NONE',  ( 7.620000000000000107, 0.000000000000000000, -1.200000000000000178 ) ) ;
#1013 = CARTESIAN_POINT ( 'NONE',  ( -0.8747471774340770390, 0.3645495769964290922, 4.599999999999917044 ) ) ;
#1014 = VERTEX_POINT ( 'NONE', #6734 ) ;
#1015 = CARTESIAN_POINT ( 'NONE',  ( -6.110000000000001208, 5.566025403784609971, 4.599999999999999645 ) ) ;
#1016 = CARTESIAN_POINT ( 'NONE',  ( 4.181231060036054714, -3.054258255407597211, -3.028768939963972784 ) ) ;
#1017 = DIRECTION ( 'NONE',  ( -1.284980352575412699E-16, 0.000000000000000000, 1.000000000000000000 ) ) ;
#1018 = EDGE_CURVE ( 'NONE', #5247, #2296, #5755, .T. ) ;
#1019 = ORIENTED_EDGE ( 'NONE', *, *, #6994, .T. ) ;
#1020 = CARTESIAN_POINT ( 'NONE',  ( -3.028426785290895040, 0.4500000001183825926, 4.599999999999999645 ) ) ;
#1021 = LINE ( 'NONE', #5286, #3775 ) ;
#1022 = EDGE_LOOP ( 'NONE', ( #7413, #4352, #1539, #2123 ) ) ;
#1023 = EDGE_CURVE ( 'NONE', #5501, #2851, #5822, .T. ) ;
#1024 = CIRCLE ( 'NONE', #5599, 0.1000000000000002554 ) ;
#1025 = ORIENTED_EDGE ( 'NONE', *, *, #3227, .F. ) ;
#1026 = ORIENTED_EDGE ( 'NONE', *, *, #1023, .F. ) ;
#1027 = DIRECTION ( 'NONE',  ( 0.000000000000000000, -1.766101716875451061E-14, 1.000000000000000000 ) ) ;
#1028 = AXIS2_PLACEMENT_3D ( 'NONE', #3082, #6330, #6945 ) ;
#1029 = DIRECTION ( 'NONE',  ( -0.000000000000000000, 0.000000000000000000, 1.000000000000000000 ) ) ;
#1030 = CARTESIAN_POINT ( 'NONE',  ( 3.410000000000000586, 3.300000000000000266, 2.746891109999991976 ) ) ;
#1031 = CARTESIAN_POINT ( 'NONE',  ( 7.620000000000000107, 0.3999999999998454792, 3.659182332137164615E-15 ) ) ;
#1032 = VECTOR ( 'NONE', #548, 1000.000000000000000 ) ;
#1033 = EDGE_CURVE ( 'NONE', #7704, #3160, #4475, .T. ) ;
#1034 = DIRECTION ( 'NONE',  ( 0.000000000000000000, -9.382415370900834154E-15, 1.000000000000000000 ) ) ;
#1035 = ORIENTED_EDGE ( 'NONE', *, *, #2940, .T. ) ;
#1036 = CARTESIAN_POINT ( 'NONE',  ( 4.703246054787684649, 0.5451250691846281082, 4.099777834277726463 ) ) ;
#1037 = CARTESIAN_POINT ( 'NONE',  ( -6.110000000000001208, 0.000000000000000000, 4.599999999999999645 ) ) ;
#1038 = DIRECTION ( 'NONE',  ( 0.000000000000000000, 1.000000000000000000, 9.164576854217089559E-15 ) ) ;
#1039 = CARTESIAN_POINT ( 'NONE',  ( -2.903032043976010890, 0.4621706629937368804, 4.280942993477935943 ) ) ;
#1040 = CARTESIAN_POINT ( 'NONE',  ( -6.110000000000001208, 0.000000000000000000, 4.599999999999999645 ) ) ;
#1041 = CARTESIAN_POINT ( 'NONE',  ( 4.293948273160338225, 0.6319883379505901733, 4.600000000000011191 ) ) ;
#1042 = AXIS2_PLACEMENT_3D ( 'NONE', #6267, #1212, #124 ) ;
#1043 = LINE ( 'NONE', #6245, #835 ) ;
#1044 = ORIENTED_EDGE ( 'NONE', *, *, #1590, .T. ) ;
#1045 = ORIENTED_EDGE ( 'NONE', *, *, #6302, .F. ) ;
#1046 = ADVANCED_FACE ( 'NONE', ( #458 ), #5731, .F. ) ;
#1047 = ORIENTED_EDGE ( 'NONE', *, *, #1053, .T. ) ;
#1048 = EDGE_CURVE ( 'NONE', #3605, #2371, #374, .T. ) ;
#1049 = DIRECTION ( 'NONE',  ( 0.000000000000000000, -1.000000000000000000, -1.301042606982963148E-14 ) ) ;
#1050 = CARTESIAN_POINT ( 'NONE',  ( -4.209999999999999076, -2.946891109999994818, -3.071824701299790128 ) ) ;
#1051 = CARTESIAN_POINT ( 'NONE',  ( -0.9612117394796997338, 0.4826262404611941226, 4.099724449470213195 ) ) ;
#1052 = CARTESIAN_POINT ( 'NONE',  ( 5.110000000000002096, 5.600000000000019185, -4.599999999999999645 ) ) ;
#1053 = EDGE_CURVE ( 'NONE', #2713, #1272, #266, .T. ) ;
#1054 = VECTOR ( 'NONE', #3253, 1000.000000000000000 ) ;
#1055 = ORIENTED_EDGE ( 'NONE', *, *, #7258, .T. ) ;
#1056 = CARTESIAN_POINT ( 'NONE',  ( 5.110000000000002096, 6.400000000000018119, -4.299999999999999822 ) ) ;
#1057 = VERTEX_POINT ( 'NONE', #2344 ) ;
#1058 = CARTESIAN_POINT ( 'NONE',  ( -5.465000000000027391, 5.000000000000124345, 4.099999999999992539 ) ) ;
#1059 = DIRECTION ( 'NONE',  ( 0.000000000000000000, 0.000000000000000000, -1.000000000000000000 ) ) ;
#1060 = FACE_OUTER_BOUND ( 'NONE', #2682, .T. ) ;
#1061 = ORIENTED_EDGE ( 'NONE', *, *, #4842, .F. ) ;
#1062 = EDGE_LOOP ( 'NONE', ( #4493, #7035, #7735, #1949 ) ) ;
#1063 = CYLINDRICAL_SURFACE ( 'NONE', #6386, 0.09999999999999982514 ) ;
#1064 = PLANE ( 'NONE',  #3085 ) ;
#1065 = ORIENTED_EDGE ( 'NONE', *, *, #1033, .T. ) ;
#1066 = CARTESIAN_POINT ( 'NONE',  ( 1.655000000000026672, 0.7074836895662703906, -2.149999999999999911 ) ) ;
#1067 = CARTESIAN_POINT ( 'NONE',  ( 0.8656650227238985584, 0.3736798885167565420, 4.599999999999963229 ) ) ;
#1068 = AXIS2_PLACEMENT_3D ( 'NONE', #115, #774, #2996 ) ;
#1069 = ORIENTED_EDGE ( 'NONE', *, *, #4862, .F. ) ;
#1070 = CARTESIAN_POINT ( 'NONE',  ( -4.460000000000011511, 5.700000000000171596, -2.149999999999999911 ) ) ;
#1071 = DIRECTION ( 'NONE',  ( -1.000000000000000000, -0.000000000000000000, -0.000000000000000000 ) ) ;
#1072 = CARTESIAN_POINT ( 'NONE',  ( 4.784799853774776679, 0.4690838011150054720, 4.099713330361080210 ) ) ;
#1073 = EDGE_CURVE ( 'NONE', #4229, #1545, #2916, .T. ) ;
#1074 = ORIENTED_EDGE ( 'NONE', *, *, #230, .T. ) ;
#1075 = ADVANCED_FACE ( 'NONE', ( #5675 ), #4879, .F. ) ;
#1076 = ORIENTED_EDGE ( 'NONE', *, *, #8011, .F. ) ;
#1077 = VECTOR ( 'NONE', #7883, 1000.000000000000000 ) ;
#1078 = EDGE_LOOP ( 'NONE', ( #1736, #2005, #7289, #3452 ) ) ;
#1079 = CARTESIAN_POINT ( 'NONE',  ( -4.784799852751685734, 0.4690838039890208866, 4.099713255018030189 ) ) ;
#1080 = CARTESIAN_POINT ( 'NONE',  ( 6.110000000000000320, 3.750000000000000000, 4.000000000000000000 ) ) ;
#1081 = CARTESIAN_POINT ( 'NONE',  ( 0.4000000000000001887, -8.331370849898473097, -3.800000000000076650 ) ) ;
#1082 = LINE ( 'NONE', #823, #3631 ) ;
#1083 = VERTEX_POINT ( 'NONE', #1086 ) ;
#1084 = CARTESIAN_POINT ( 'NONE',  ( 2.944170961877997428, 0.3735165329609992368, 4.599999999999916156 ) ) ;
#1085 = CARTESIAN_POINT ( 'NONE',  ( 4.755500953013964249, 0.2930847726377626694, 4.599999999993252153 ) ) ;
#1086 = CARTESIAN_POINT ( 'NONE',  ( 5.294999999999999929, 6.350000000000171063, 4.099999999999992539 ) ) ;
#1087 = CARTESIAN_POINT ( 'NONE',  ( 4.262489706615653517, 0.6448152459628001543, 4.599999999999993427 ) ) ;
#1088 = ITEM_DEFINED_TRANSFORMATION ( 'NONE', 'NONE', #6662,  #7814 ) ;
#1089 = ORIENTED_EDGE ( 'NONE', *, *, #5870, .T. ) ;
#1090 = CARTESIAN_POINT ( 'NONE',  ( -4.161706398339742208, 2.610285042102433728, 2.785275409606413621 ) ) ;
#1091 = ADVANCED_FACE ( 'NONE', ( #3097 ), #1892, .F. ) ;
#1092 = EDGE_LOOP ( 'NONE', ( #5736, #1457, #3399 ) ) ;
#1093 = CARTESIAN_POINT ( 'NONE',  ( -4.784557951747266280, 0.4693281512620220974, 4.099713448386641090 ) ) ;
#1094 = CARTESIAN_POINT ( 'NONE',  ( 3.628250928556341570, 0.8668734168368539272, 4.100088978594944145 ) ) ;
#1095 = EDGE_CURVE ( 'NONE', #7790, #7198, #5643, .T. ) ;
#1096 = CARTESIAN_POINT ( 'NONE',  ( -0.3274636493536331461, 0.8365000488423300906, 4.100057011921331984 ) ) ;
#1097 = CARTESIAN_POINT ( 'NONE',  ( -0.7729541876772713094, 4.380511582937304915, -3.250230837397074968 ) ) ;
#1098 = CONTEXT_DEPENDENT_SHAPE_REPRESENTATION ( #5416, #3964 ) ;
#1099 = DIRECTION ( 'NONE',  ( 1.000000000000000000, 0.000000000000000000, 0.000000000000000000 ) ) ;
#1100 = CARTESIAN_POINT ( 'NONE',  ( 7.620000000000000107, -3.600000000000000533, -3.625000000000033751 ) ) ;
#1101 = CARTESIAN_POINT ( 'NONE',  ( -3.454098568403387137, 0.6785708422458349709, 4.600000000000001421 ) ) ;
#1102 = EDGE_LOOP ( 'NONE', ( #912, #5892, #5976 ) ) ;
#1103 = CARTESIAN_POINT ( 'NONE',  ( 4.460000000000011511, 5.700000000000171596, -2.149999999999999911 ) ) ;
#1104 = CARTESIAN_POINT ( 'NONE',  ( -3.991749071549046235, 0.8668734168155896036, 4.100088978596417633 ) ) ;
#1105 = MECHANICAL_DESIGN_GEOMETRIC_PRESENTATION_REPRESENTATION (  '', ( #6720 ), #7200 ) ;
#1106 = ADVANCED_FACE ( 'NONE', ( #3138, #316 ), #6495, .T. ) ;
#1107 = VECTOR ( 'NONE', #7946, 1000.000000000000000 ) ;
#1108 = VERTEX_POINT ( 'NONE', #1197 ) ;
#1109 = EDGE_CURVE ( 'NONE', #2839, #4924, #391, .T. ) ;
#1110 = CARTESIAN_POINT ( 'NONE',  ( 1.655000000000026672, 0.4499999999978934739, 4.599999999999999645 ) ) ;
#1111 = VERTEX_POINT ( 'NONE', #2368 ) ;
#1112 = CARTESIAN_POINT ( 'NONE',  ( 0.8686739207242863969, 0.3706727934365164345, 4.599999999999996092 ) ) ;
#1113 = EDGE_LOOP ( 'NONE', ( #6399, #2753, #3554, #1612 ) ) ;
#1114 = CARTESIAN_POINT ( 'NONE',  ( 2.805765786943747564, 0.4393456490233871858, 4.099851137792409617 ) ) ;
#1115 = EDGE_CURVE ( 'NONE', #3997, #4733, #5881, .T. ) ;
#1116 = CARTESIAN_POINT ( 'NONE',  ( 6.410000000000000142, 2.550000000000001155, 4.000000000000000000 ) ) ;
#1117 = LINE ( 'NONE', #2762, #1107 ) ;
#1118 = DIRECTION ( 'NONE',  ( 1.000000000000000000, 0.000000000000000000, 0.000000000000000000 ) ) ;
#1119 = ORIENTED_EDGE ( 'NONE', *, *, #3739, .F. ) ;
#1120 = CARTESIAN_POINT ( 'NONE',  ( -2.888445310281442246, 0.3172678745453084148, 4.599999999997743672 ) ) ;
#1121 = EDGE_CURVE ( 'NONE', #7439, #1202, #6888, .T. ) ;
#1122 = ORIENTED_EDGE ( 'NONE', *, *, #4683, .F. ) ;
#1123 = EDGE_CURVE ( 'NONE', #3128, #5353, #5856, .T. ) ;
#1124 = CARTESIAN_POINT ( 'NONE',  ( -0.3999999999999993006, 3.400000000000000355, -1.200000000000000178 ) ) ;
#1125 = LINE ( 'NONE', #6986, #3834 ) ;
#1126 = PLANE ( 'NONE',  #1475 ) ;
#1127 = EDGE_CURVE ( 'NONE', #7376, #3160, #3125, .T. ) ;
#1128 = ORIENTED_EDGE ( 'NONE', *, *, #3912, .F. ) ;
#1129 = CARTESIAN_POINT ( 'NONE',  ( 2.936241494974247246, 0.3655484167915210580, 4.600000000000012967 ) ) ;
#1130 = CARTESIAN_POINT ( 'NONE',  ( 3.669977049684210346, 0.7314459778624002873, 4.600000000000001421 ) ) ;
#1131 = CARTESIAN_POINT ( 'NONE',  ( 4.573913778615211534, 0.4643920612852541208, 4.600000000000002309 ) ) ;
#1132 = CARTESIAN_POINT ( 'NONE',  ( -4.109999999999999432, 2.600000000000000533, 2.746891109999991976 ) ) ;
#1133 = CARTESIAN_POINT ( 'NONE',  ( -0.9104425441381838180, 0.4624992399633131579, 4.272329265173984147 ) ) ;
#1134 = CARTESIAN_POINT ( 'NONE',  ( 3.243494697268217930, 0.5928336120459236636, 4.600000000000004974 ) ) ;
#1135 = ORIENTED_EDGE ( 'NONE', *, *, #6258, .T. ) ;
#1136 = EDGE_CURVE ( 'NONE', #564, #5680, #2992, .T. ) ;
#1137 =( BOUNDED_CURVE ( )  B_SPLINE_CURVE ( 3, ( #3570, #4174, #4549, #5115 ),
 .UNSPECIFIED., .F., .F. ) 
 B_SPLINE_CURVE_WITH_KNOTS ( ( 4, 4 ),
 ( 5.497787143782137065, 6.283185307179586232 ),
 .UNSPECIFIED. ) 
 CURVE ( )  GEOMETRIC_REPRESENTATION_ITEM ( )  RATIONAL_B_SPLINE_CURVE ( ( 1.000000000000000000, 0.9492530216741910110, 0.9492530216741910110, 1.000000000000000000 ) ) 
 REPRESENTATION_ITEM ( '' )  );
#1138 = CARTESIAN_POINT ( 'NONE',  ( -4.553029915900323132, 0.6571975088308917856, 4.099879458487382777 ) ) ;
#1139 = EDGE_CURVE ( 'NONE', #848, #5454, #3011, .T. ) ;
#1140 = FACE_OUTER_BOUND ( 'NONE', #3931, .T. ) ;
#1141 = ORIENTED_EDGE ( 'NONE', *, *, #3814, .T. ) ;
#1142 = CARTESIAN_POINT ( 'NONE',  ( -4.796444105427812410, 0.4573187209436748724, 4.099767633000257483 ) ) ;
#1143 = CARTESIAN_POINT ( 'NONE',  ( 3.026025403784427859, 5.700000000000171596, 4.599999999999999645 ) ) ;
#1144 = CARTESIAN_POINT ( 'NONE',  ( 2.559999999999999609, 5.700000000000171596, 4.099999999999992539 ) ) ;
#1145 = CARTESIAN_POINT ( 'NONE',  ( 0.9864424881095854580, 0.4573203547596780272, 4.099767625381250724 ) ) ;
#1146 = CARTESIAN_POINT ( 'NONE',  ( 6.410000000000000142, 6.150000000000000355, 4.599999999999999645 ) ) ;
#1147 = DIRECTION ( 'NONE',  ( 0.000000000000000000, 1.000000000000000000, 9.164576854217089559E-15 ) ) ;
#1148 = ORIENTED_EDGE ( 'NONE', *, *, #4993, .T. ) ;
#1149 = CARTESIAN_POINT ( 'NONE',  ( -3.409999999999999698, 0.3999999999998792855, -3.701776694999996842 ) ) ;
#1150 = ADVANCED_FACE ( 'NONE', ( #3043 ), #2709, .F. ) ;
#1151 = LINE ( 'NONE', #4984, #1337 ) ;
#1152 = ORIENTED_EDGE ( 'NONE', *, *, #3315, .T. ) ;
#1153 = EDGE_CURVE ( 'NONE', #6108, #4032, #5867, .T. ) ;
#1154 = DIRECTION ( 'NONE',  ( 0.3399999692168444998, -0.9404254467699950659, 0.000000000000000000 ) ) ;
#1155 = ORIENTED_EDGE ( 'NONE', *, *, #3148, .F. ) ;
#1156 = DIRECTION ( 'NONE',  ( 0.000000000000000000, 0.000000000000000000, -1.000000000000000000 ) ) ;
#1157 = CARTESIAN_POINT ( 'NONE',  ( 1.655000000000027116, -2.054026972927549272E-16, -1.384566329899989796E-16 ) ) ;
#1158 = EDGE_CURVE ( 'NONE', #4100, #6656, #5841, .T. ) ;
#1159 = CARTESIAN_POINT ( 'NONE',  ( 0.5046180241409441436, 0.6228836806600249743, 4.599999999999938360 ) ) ;
#1160 = ORIENTED_EDGE ( 'NONE', *, *, #2520, .F. ) ;
#1161 = CARTESIAN_POINT ( 'NONE',  ( 2.835200147248314373, 0.4690838039890208311, 4.099713255018030189 ) ) ;
#1162 = ADVANCED_FACE ( 'NONE', ( #3054 ), #488, .T. ) ;
#1163 = CARTESIAN_POINT ( 'NONE',  ( 2.842093686963238053, 0.4760001332187482892, 4.099718928728816714 ) ) ;
#1164 = LINE ( 'NONE', #1463, #3848 ) ;
#1165 = DIRECTION ( 'NONE',  ( 1.000000000000000000, 0.000000000000000000, 0.000000000000000000 ) ) ;
#1166 = ORIENTED_EDGE ( 'NONE', *, *, #471, .T. ) ;
#1167 = CARTESIAN_POINT ( 'NONE',  ( -2.835026862483584154, 0.4689087124182419464, 4.099714089653129889 ) ) ;
#1168 = VERTEX_POINT ( 'NONE', #2156 ) ;
#1169 = CARTESIAN_POINT ( 'NONE',  ( 4.180710678118655821, 3.370710678118655768, 2.856200347158724284 ) ) ;
#1170 = CARTESIAN_POINT ( 'NONE',  ( -3.409999999999999698, -2.946891109999994374, -3.071824701299790572 ) ) ;
#1171 = LINE ( 'NONE', #629, #6488 ) ;
#1172 = DIRECTION ( 'NONE',  ( -0.2505628070857312539, -0.2505628070857299772, 0.9351131265310298479 ) ) ;
#1173 = EDGE_LOOP ( 'NONE', ( #8015, #2309, #5431, #2359, #4321, #7567, #1824, #7048, #1862, #2282, #3466, #2266, #4569, #5462 ) ) ;
#1174 = CARTESIAN_POINT ( 'NONE',  ( 3.035747107796812561, 0.4562690195103173973, 4.599999999999676348 ) ) ;
#1175 = CARTESIAN_POINT ( 'NONE',  ( 4.209999999999999964, -2.946891109999994374, -3.071824701299790572 ) ) ;
#1176 = CARTESIAN_POINT ( 'NONE',  ( 2.510000000000000231, 0.3999999999998848366, -4.299999999999994493 ) ) ;
#1177 = CARTESIAN_POINT ( 'NONE',  ( 4.747518653896422691, 0.3011455928514417124, 4.600000000000468603 ) ) ;
#1178 = CARTESIAN_POINT ( 'NONE',  ( 0.2250000000000064448, -3.600000000000000533, -3.000000000000033307 ) ) ;
#1179 = CARTESIAN_POINT ( 'NONE',  ( 3.263630963115549122, 0.6030825622727115087, 4.600000000000041389 ) ) ;
#1180 = CARTESIAN_POINT ( 'NONE',  ( 6.410000000000001030, 0.000000000000000000, -4.600000000000003197 ) ) ;
#1181 = ORIENTED_EDGE ( 'NONE', *, *, #6607, .T. ) ;
#1182 = CARTESIAN_POINT ( 'NONE',  ( 3.810000000000000497, 3.000000000000000000, -1.200000000000000178 ) ) ;
#1183 = EDGE_CURVE ( 'NONE', #7577, #941, #5657, .T. ) ;
#1184 = ORIENTED_EDGE ( 'NONE', *, *, #6269, .T. ) ;
#1185 = ORIENTED_EDGE ( 'NONE', *, *, #7154, .T. ) ;
#1186 = CARTESIAN_POINT ( 'NONE',  ( 4.209999999999999964, 0.3999999999998802291, -3.799999999999996714 ) ) ;
#1187 = CARTESIAN_POINT ( 'NONE',  ( -0.3999999999999993006, 2.600000000000000533, 3.399999999999999911 ) ) ;
#1188 = CARTESIAN_POINT ( 'NONE',  ( 3.410000000000000586, 3.225000000000000533, 3.399999999999999911 ) ) ;
#1189 = CARTESIAN_POINT ( 'NONE',  ( 0.8835572613246882590, 0.5533635898939379683, 4.099785051959141668 ) ) ;
#1190 = AXIS2_PLACEMENT_3D ( 'NONE', #5258, #2799, #3955 ) ;
#1191 = CARTESIAN_POINT ( 'NONE',  ( 4.460000000000011511, 0.000000000000000000, 4.099999999999992539 ) ) ;
#1192 = ORIENTED_EDGE ( 'NONE', *, *, #1773, .F. ) ;
#1193 = DIRECTION ( 'NONE',  ( 1.000000000000000000, 0.000000000000000000, -1.774471640729139594E-17 ) ) ;
#1194 = CARTESIAN_POINT ( 'NONE',  ( -1.655000000000027116, 5.000000000000124345, -2.149999999999999911 ) ) ;
#1195 = ORIENTED_EDGE ( 'NONE', *, *, #10, .T. ) ;
#1196 = CARTESIAN_POINT ( 'NONE',  ( 1.655000000000026672, 0.4499999999978934739, 4.599999999999999645 ) ) ;
#1197 = CARTESIAN_POINT ( 'NONE',  ( 5.110000000000000320, -2.949029909160572061E-14, -1.649999999999998579 ) ) ;
#1198 = AXIS2_PLACEMENT_3D ( 'NONE', #1116, #5393, #7676 ) ;
#1199 = LINE ( 'NONE', #2672, #3860 ) ;
#1200 = EDGE_CURVE ( 'NONE', #6060, #3997, #446, .T. ) ;
#1201 = ORIENTED_EDGE ( 'NONE', *, *, #3295, .T. ) ;
#1202 = VERTEX_POINT ( 'NONE', #380 ) ;
#1203 = CARTESIAN_POINT ( 'NONE',  ( -1.300000000000000044, 0.3999999999998605227, -1.649999999999993472 ) ) ;
#1204 = MECHANICAL_DESIGN_GEOMETRIC_PRESENTATION_REPRESENTATION (  '', ( #1295 ), #2449 ) ;
#1205 = CARTESIAN_POINT ( 'NONE',  ( -0.3897149578975652173, 2.648293601660256957, 2.785275409606414954 ) ) ;
#1206 = CARTESIAN_POINT ( 'NONE',  ( 0.8731691605930437250, 0.3661438377756168761, 4.600000000000040501 ) ) ;
#1207 = ORIENTED_EDGE ( 'NONE', *, *, #6607, .F. ) ;
#1208 = CARTESIAN_POINT ( 'NONE',  ( -0.3017766950000003723, -8.331370849898473097, -3.800000000000076650 ) ) ;
#1209 = PLANE ( 'NONE',  #2606 ) ;
#1210 = CARTESIAN_POINT ( 'NONE',  ( 2.829484344470600821, 0.4633090430549902106, 4.099739831647337240 ) ) ;
#1211 = FACE_OUTER_BOUND ( 'NONE', #4127, .T. ) ;
#1212 = DIRECTION ( 'NONE',  ( -0.9404254467699950659, -0.3399999692168444998, 0.000000000000000000 ) ) ;
#1213 = CARTESIAN_POINT ( 'NONE',  ( 2.920065654426518442, 0.7074836895662702796, -2.149999999999999911 ) ) ;
#1214 = ORIENTED_EDGE ( 'NONE', *, *, #5035, .F. ) ;
#1215 = EDGE_CURVE ( 'NONE', #3589, #841, #299, .T. ) ;
#1216 = EDGE_LOOP ( 'NONE', ( #6952, #4814, #7063, #2744 ) ) ;
#1217 = CARTESIAN_POINT ( 'NONE',  ( -4.681781152649724831, 0.3675460878752611626, 4.599999999999950795 ) ) ;
#1218 = EDGE_CURVE ( 'NONE', #6858, #5097, #417, .T. ) ;
#1219 = ORIENTED_EDGE ( 'NONE', *, *, #3019, .T. ) ;
#1220 = ORIENTED_EDGE ( 'NONE', *, *, #6654, .F. ) ;
#1221 = ADVANCED_FACE ( 'NONE', ( #2981 ), #281, .T. ) ;
#1222 = CARTESIAN_POINT ( 'NONE',  ( 5.465000000000027391, 5.000000000000124345, -2.149999999999999911 ) ) ;
#1223 = LINE ( 'NONE', #5759, #6532 ) ;
#1224 = DIRECTION ( 'NONE',  ( -1.000000000000000000, 0.000000000000000000, 0.000000000000000000 ) ) ;
#1225 = VERTEX_POINT ( 'NONE', #3305 ) ;
#1226 = CARTESIAN_POINT ( 'NONE',  ( 3.810000000000000497, 3.000000000000000000, -1.200000000000000178 ) ) ;
#1227 = CARTESIAN_POINT ( 'NONE',  ( 2.154999999999972715, 5.000000000000124345, -2.149999999999999911 ) ) ;
#1228 = ORIENTED_EDGE ( 'NONE', *, *, #7980, .F. ) ;
#1229 = EDGE_CURVE ( 'NONE', #2226, #950, #5897, .T. ) ;
#1230 = AXIS2_PLACEMENT_3D ( 'NONE', #5948, #6614, #7248 ) ;
#1231 = VERTEX_POINT ( 'NONE', #2760 ) ;
#1232 = VECTOR ( 'NONE', #5741, 1000.000000000000000 ) ;
#1233 = ORIENTED_EDGE ( 'NONE', *, *, #7140, .F. ) ;
#1234 = CARTESIAN_POINT ( 'NONE',  ( 4.699934345573482553, 0.7074836895662700575, -2.149999999999999911 ) ) ;
#1235 = ORIENTED_EDGE ( 'NONE', *, *, #10, .F. ) ;
#1236 = CARTESIAN_POINT ( 'NONE',  ( 6.410000000000000142, 6.150000000000000355, 4.000000000000000000 ) ) ;
#1237 = CARTESIAN_POINT ( 'NONE',  ( -0.4000000000000001887, 0.3999999999998738454, -3.098223304999996319 ) ) ;
#1238 = CARTESIAN_POINT ( 'NONE',  ( 0.6766296220590328758, 0.6983894998637476537, 4.099918461251036206 ) ) ;
#1239 = DIRECTION ( 'NONE',  ( -0.000000000000000000, 1.000000000000000000, 9.164576854217089559E-15 ) ) ;
#1240 = DIRECTION ( 'NONE',  ( 1.000000000000000000, -0.000000000000000000, 0.000000000000000000 ) ) ;
#1241 = VERTEX_POINT ( 'NONE', #3916 ) ;
#1242 = PLANE ( 'NONE',  #3889 ) ;
#1243 = CARTESIAN_POINT ( 'NONE',  ( -4.584252892203187102, 0.4562690195103171753, 4.599999999999673683 ) ) ;
#1244 = EDGE_CURVE ( 'NONE', #2801, #4042, #541, .T. ) ;
#1245 = CARTESIAN_POINT ( 'NONE',  ( 3.595110941003423655, 0.7123824729249857990, 4.599999999999998757 ) ) ;
#1246 = ORIENTED_EDGE ( 'NONE', *, *, #2691, .T. ) ;
#1247 = ORIENTED_EDGE ( 'NONE', *, *, #2302, .T. ) ;
#1248 = UNCERTAINTY_MEASURE_WITH_UNIT (LENGTH_MEASURE( 1.000000000000000082E-05 ), #3407, 'distance_accuracy_value', 'NONE');
#1249 = DIRECTION ( 'NONE',  ( 1.000000000000000000, 0.000000000000000000, -0.000000000000000000 ) ) ;
#1250 = SHAPE_DEFINITION_REPRESENTATION ( #3053, #5855 ) ;
#1251 = CARTESIAN_POINT ( 'NONE',  ( 5.011563030598989776, 5.566025403784609971, 4.599999999999999645 ) ) ;
#1252 = DIRECTION ( 'NONE',  ( -1.000000000000000000, 0.000000000000000000, 0.000000000000000000 ) ) ;
#1253 = CARTESIAN_POINT ( 'NONE',  ( 0.8796533777619355288, 0.3595930045582232393, 4.599999999999903721 ) ) ;
#1254 =( GEOMETRIC_REPRESENTATION_CONTEXT ( 3 ) GLOBAL_UNCERTAINTY_ASSIGNED_CONTEXT ( ( #4102 ) ) GLOBAL_UNIT_ASSIGNED_CONTEXT ( ( #4177, #4696, #3571 ) ) REPRESENTATION_CONTEXT ( 'NONE', 'WORKASPACE' ) );
#1255 = ORIENTED_EDGE ( 'NONE', *, *, #4974, .F. ) ;
#1256 = CARTESIAN_POINT ( 'NONE',  ( -0.8499999999999992006, 3.000000000000000000, -1.200000000000000178 ) ) ;
#1257 = CARTESIAN_POINT ( 'NONE',  ( -0.3268761102064682289, 3.400000000000000355, 2.746891109999991087 ) ) ;
#1258 = VERTEX_POINT ( 'NONE', #7684 ) ;
#1259 = CARTESIAN_POINT ( 'NONE',  ( 3.314016049498223371, 0.7840613880603860553, 4.100003168651748631 ) ) ;
#1260 = LINE ( 'NONE', #7356, #1269 ) ;
#1261 = CARTESIAN_POINT ( 'NONE',  ( -6.110000000000001208, 7.150000000000000355, 4.599999999999999645 ) ) ;
#1262 = DIRECTION ( 'NONE',  ( 1.000000000000000000, 0.000000000000000000, -0.000000000000000000 ) ) ;
#1263 = ORIENTED_EDGE ( 'NONE', *, *, #3693, .F. ) ;
#1264 = VERTEX_POINT ( 'NONE', #260 ) ;
#1265 = CARTESIAN_POINT ( 'NONE',  ( -4.679305688630496007, 0.3700389308121426746, 4.600000000000015632 ) ) ;
#1266 = ORIENTED_EDGE ( 'NONE', *, *, #489, .T. ) ;
#1267 = VERTEX_POINT ( 'NONE', #3521 ) ;
#1268 = CARTESIAN_POINT ( 'NONE',  ( 3.409999999999999698, -8.331370849898480202, -3.000000000000076827 ) ) ;
#1269 = VECTOR ( 'NONE', #2777, 1000.000000000000000 ) ;
#1270 = CARTESIAN_POINT ( 'NONE',  ( 5.110000000000000320, 0.3999999999998848366, -4.299999999999994493 ) ) ;
#1271 = ORIENTED_EDGE ( 'NONE', *, *, #3666, .T. ) ;
#1272 = VERTEX_POINT ( 'NONE', #3418 ) ;
#1273 = CARTESIAN_POINT ( 'NONE',  ( -0.3999999999999993006, 3.300000000000000266, 2.746891109999991976 ) ) ;
#1274 = EDGE_CURVE ( 'NONE', #7479, #1723, #5615, .T. ) ;
#1275 = CARTESIAN_POINT ( 'NONE',  ( 6.110000000000000320, 3.750000000000000888, 2.100000000000000089 ) ) ;
#1276 = ORIENTED_EDGE ( 'NONE', *, *, #6302, .T. ) ;
#1277 = ADVANCED_FACE ( 'NONE', ( #2933 ), #4695, .F. ) ;
#1278 = CARTESIAN_POINT ( 'NONE',  ( -4.520669288661367524, 0.6774305806405243047, 4.099898587138093298 ) ) ;
#1279 = ORIENTED_EDGE ( 'NONE', *, *, #2856, .F. ) ;
#1280 = VERTEX_POINT ( 'NONE', #1864 ) ;
#1281 = DIRECTION ( 'NONE',  ( -1.000000000000000000, 0.000000000000000000, 0.000000000000000000 ) ) ;
#1282 = VERTEX_POINT ( 'NONE', #5681 ) ;
#1283 = CARTESIAN_POINT ( 'NONE',  ( 1.300000000000000044, 4.300000000000019362, -4.599999999999953459 ) ) ;
#1284 = CARTESIAN_POINT ( 'NONE',  ( 2.835200147248314373, 0.4690838039890208311, 4.099713255018030189 ) ) ;
#1285 = PLANE ( 'NONE',  #7731 ) ;
#1286 = CARTESIAN_POINT ( 'NONE',  ( 1.040296017126866923, 0.4029190968061534539, 4.100021650962876407 ) ) ;
#1287 = CARTESIAN_POINT ( 'NONE',  ( -5.465000000000027391, 0.4499999999978930854, 4.599999999999999645 ) ) ;
#1288 = AXIS2_PLACEMENT_3D ( 'NONE', #6461, #2771, #3926 ) ;
#1289 = CARTESIAN_POINT ( 'NONE',  ( 5.465000000000027391, -2.054026972927549272E-16, -1.384566329899989796E-16 ) ) ;
#1290 = VERTEX_POINT ( 'NONE', #60 ) ;
#1291 = DIRECTION ( 'NONE',  ( 0.000000000000000000, 0.000000000000000000, -1.000000000000000000 ) ) ;
#1292 = CARTESIAN_POINT ( 'NONE',  ( -4.376505302731787062, 0.5928336120459213321, 4.599999999999999645 ) ) ;
#1293 = CARTESIAN_POINT ( 'NONE',  ( 3.517090585200229658, 0.6960221632674884473, 4.600000000000006750 ) ) ;
#1294 = VECTOR ( 'NONE', #116, 1000.000000000000000 ) ;
#1295 = STYLED_ITEM ( 'NONE', ( #7312 ), #3008 ) ;
#1296 = VERTEX_POINT ( 'NONE', #6154 ) ;
#1297 = ORIENTED_EDGE ( 'NONE', *, *, #6895, .T. ) ;
#1298 = CARTESIAN_POINT ( 'NONE',  ( -1.300000000000000044, 0.000000000000000000, 0.000000000000000000 ) ) ;
#1299 = VERTEX_POINT ( 'NONE', #1756 ) ;
#1300 = DIRECTION ( 'NONE',  ( 0.000000000000000000, -1.000000000000000000, -4.565061778886335030E-16 ) ) ;
#1301 = CARTESIAN_POINT ( 'NONE',  ( 0.3897149578975664941, 2.648293601660256957, 2.785275409606414065 ) ) ;
#1302 = CARTESIAN_POINT ( 'NONE',  ( 3.410000000000000586, 3.400000000000000355, 3.399999999999999911 ) ) ;
#1303 = ORIENTED_EDGE ( 'NONE', *, *, #6171, .F. ) ;
#1304 = CARTESIAN_POINT ( 'NONE',  ( -1.865599342994788579, 7.620682668312457331, -3.068085303358467630 ) ) ;
#1305 = EDGE_CURVE ( 'NONE', #4157, #3874, #2951, .T. ) ;
#1306 = DIRECTION ( 'NONE',  ( 0.000000000000000000, -0.2588190455922532718, 0.9659258261578448357 ) ) ;
#1307 = ORIENTED_EDGE ( 'NONE', *, *, #4258, .F. ) ;
#1308 = CARTESIAN_POINT ( 'NONE',  ( 3.035322086272305153, 0.6361667303813098862, 4.099859826351488046 ) ) ;
#1309 = EDGE_CURVE ( 'NONE', #5221, #1642, #5718, .T. ) ;
#1310 = LINE ( 'NONE', #7024, #3983 ) ;
#1311 = DIRECTION ( 'NONE',  ( 1.000000000000000000, -1.239088197126206261E-15, 1.284980352575412699E-16 ) ) ;
#1312 = DIRECTION ( 'NONE',  ( -0.000000000000000000, -0.2588190455922519950, -0.9659258261578451688 ) ) ;
#1313 = ORIENTED_EDGE ( 'NONE', *, *, #6624, .T. ) ;
#1314 = VERTEX_POINT ( 'NONE', #4339 ) ;
#1315 = ORIENTED_EDGE ( 'NONE', *, *, #1620, .F. ) ;
#1316 = ORIENTED_EDGE ( 'NONE', *, *, #2545, .F. ) ;
#1317 = EDGE_LOOP ( 'NONE', ( #792, #5577, #677, #6168, #6688, #1228 ) ) ;
#1318 = DIRECTION ( 'NONE',  ( -1.000000000000000000, 0.000000000000000000, 0.000000000000000000 ) ) ;
#1319 = FACE_OUTER_BOUND ( 'NONE', #4031, .T. ) ;
#1320 = CARTESIAN_POINT ( 'NONE',  ( -1.655000000000025340, 0.7074836895662699465, -2.149999999999999911 ) ) ;
#1321 = CARTESIAN_POINT ( 'NONE',  ( 0.7815732147091027926, 0.4500000001183834808, 4.599999999999999645 ) ) ;
#1322 = EDGE_CURVE ( 'NONE', #7389, #2029, #3029, .T. ) ;
#1323 = ORIENTED_EDGE ( 'NONE', *, *, #4172, .F. ) ;
#1324 = AXIS2_PLACEMENT_3D ( 'NONE', #2523, #3112, #1410 ) ;
#1325 = ORIENTED_EDGE ( 'NONE', *, *, #2481, .F. ) ;
#1326 = DIRECTION ( 'NONE',  ( 0.000000000000000000, -0.9659258262890687563, 0.2588190451025190741 ) ) ;
#1327 = CARTESIAN_POINT ( 'NONE',  ( 4.209999999999999964, 3.300000000000000266, -1.200000000000000178 ) ) ;
#1328 = CARTESIAN_POINT ( 'NONE',  ( 3.203753447763776574, 0.5710190641446388771, 4.599999999999996092 ) ) ;
#1329 = ADVANCED_FACE ( 'NONE', ( #3072 ), #7945, .F. ) ;
#1330 =( LENGTH_UNIT ( ) NAMED_UNIT ( * ) SI_UNIT ( .MILLI., .METRE. ) );
#1331 = B_SPLINE_CURVE_WITH_KNOTS ( 'NONE', 3,
 ( #430, #4737, #1002, #6085, #599, #2925, #5551, #3564, #3465, #4065, #4168, #4688, #2241, #5912 ),
 .UNSPECIFIED., .F., .F.,
 ( 4, 2, 2, 2, 2, 2, 4 ),
 ( 0.000000000000000000, 0.2499999999999998890, 0.3749999999999998335, 0.4999999999999997780, 0.6249999999999997780, 0.7499999999999998890, 1.000000000000000000 ),
 .UNSPECIFIED. ) ;
#1332 = EDGE_CURVE ( 'NONE', #4345, #6312, #5787, .T. ) ;
#1333 = ORIENTED_EDGE ( 'NONE', *, *, #6365, .T. ) ;
#1334 = ORIENTED_EDGE ( 'NONE', *, *, #1912, .T. ) ;
#1335 = PRODUCT ( '1803280', '1803280', '', ( #3959 ) ) ;
#1336 = ADVANCED_FACE ( 'NONE', ( #5800 ), #6760, .F. ) ;
#1337 = VECTOR ( 'NONE', #3289, 1000.000000000000000 ) ;
#1338 = CLOSED_SHELL ( 'NONE', ( #7315, #4196, #4295, #7955, #6984, #7385, #7739, #5555, #2664, #5568, #713, #6918, #944, #7379 ) ) ;
#1339 = PLANE ( 'NONE',  #4561 ) ;
#1340 = ORIENTED_EDGE ( 'NONE', *, *, #1894, .T. ) ;
#1341 = CARTESIAN_POINT ( 'NONE',  ( -6.410000000000001030, 3.750000000000000888, 2.100000000000000089 ) ) ;
#1342 = DIRECTION ( 'NONE',  ( 1.000000000000000000, 0.000000000000000000, 0.000000000000000000 ) ) ;
#1343 = EDGE_CURVE ( 'NONE', #7185, #6874, #5312, .T. ) ;
#1344 = CARTESIAN_POINT ( 'NONE',  ( 0.9495980494024330865, 0.4939176651469076584, 4.099733917036553876 ) ) ;
#1345 = CARTESIAN_POINT ( 'NONE',  ( -3.159999999999988152, 5.700000000000171596, -2.149999999999999911 ) ) ;
#1346 = DIRECTION ( 'NONE',  ( 0.000000000000000000, 0.000000000000000000, 1.000000000000000000 ) ) ;
#1347 = DIRECTION ( 'NONE',  ( -2.482391417653248393E-16, 0.2588190451025190741, 0.9659258262890687563 ) ) ;
#1348 = ORIENTED_EDGE ( 'NONE', *, *, #1123, .T. ) ;
#1349 = CARTESIAN_POINT ( 'NONE',  ( -6.410000000000001030, 0.8500000000000007550, 4.000000000000000000 ) ) ;
#1350 = CARTESIAN_POINT ( 'NONE',  ( -4.530747894246279550, 0.4974074328224832309, 4.599999999999927702 ) ) ;
#1351 = VERTEX_POINT ( 'NONE', #3110 ) ;
#1352 = VECTOR ( 'NONE', #5071, 1000.000000000000114 ) ;
#1353 = ORIENTED_EDGE ( 'NONE', *, *, #1789, .F. ) ;
#1354 = AXIS2_PLACEMENT_3D ( 'NONE', #3471, #5445, #4072 ) ;
#1355 = VERTEX_POINT ( 'NONE', #2374 ) ;
#1356 = CARTESIAN_POINT ( 'NONE',  ( -3.508223304999999570, -2.946891109999993041, -3.800000000000027356 ) ) ;
#1357 = ORIENTED_EDGE ( 'NONE', *, *, #7173, .F. ) ;
#1358 = CARTESIAN_POINT ( 'NONE',  ( 2.559999999999999609, 5.700000000000171596, -3.650000000000000355 ) ) ;
#1359 = CARTESIAN_POINT ( 'NONE',  ( 0.02832424228751701661, -4.545418941088585463, -3.371675757712511157 ) ) ;
#1360 = DIRECTION ( 'NONE',  ( 0.000000000000000000, -9.147955830346445240E-15, 1.000000000000000000 ) ) ;
#1361 = VERTEX_POINT ( 'NONE', #3629 ) ;
#1362 = CARTESIAN_POINT ( 'NONE',  ( -5.465000000000027391, 5.133974596215686859, 4.599999999999999645 ) ) ;
#1363 = CARTESIAN_POINT ( 'NONE',  ( 0.3000000000000003775, 3.400000000000000355, 2.746891109999991976 ) ) ;
#1364 = ORIENTED_EDGE ( 'NONE', *, *, #5386, .T. ) ;
#1365 = CARTESIAN_POINT ( 'NONE',  ( 3.860857969348186813, 0.8759531298702368796, 4.100098463522912517 ) ) ;
#1366 = LINE ( 'NONE', #168, #1294 ) ;
#1367 = CARTESIAN_POINT ( 'NONE',  ( 4.697832615517774535, 0.4602615798221766918, 4.330990091333466019 ) ) ;
#1368 = CARTESIAN_POINT ( 'NONE',  ( -6.110000000000001208, 0.000000000000000000, -4.599999999999999645 ) ) ;
#1369 = ORIENTED_EDGE ( 'NONE', *, *, #1655, .F. ) ;
#1370 = ORIENTED_EDGE ( 'NONE', *, *, #1458, .T. ) ;
#1371 = AXIS2_PLACEMENT_3D ( 'NONE', #7291, #4135, #3925 ) ;
#1372 = ORIENTED_EDGE ( 'NONE', *, *, #4104, .F. ) ;
#1373 = CARTESIAN_POINT ( 'NONE',  ( -2.843400772312134173, 0.4773002873813849689, 4.099720010068701903 ) ) ;
#1374 = ORIENTED_EDGE ( 'NONE', *, *, #247, .T. ) ;
#1375 = CARTESIAN_POINT ( 'NONE',  ( 6.410000000000000142, 3.750000000000000000, 4.000000000000000000 ) ) ;
#1376 = EDGE_CURVE ( 'NONE', #7347, #1083, #2632, .T. ) ;
#1377 = AXIS2_PLACEMENT_3D ( 'NONE', #5199, #5871, #1428 ) ;
#1378 = CARTESIAN_POINT ( 'NONE',  ( -2.510000000000000231, 0.000000000000000000, -4.599999999999999645 ) ) ;
#1379 = ORIENTED_EDGE ( 'NONE', *, *, #213, .T. ) ;
#1380 = ORIENTED_EDGE ( 'NONE', *, *, #7241, .F. ) ;
#1381 = CARTESIAN_POINT ( 'NONE',  ( -4.209999999999999964, -3.600000000000000533, -3.175000000000021139 ) ) ;
#1382 = CARTESIAN_POINT ( 'NONE',  ( -0.3525644283457606831, -2.984593437674529337, -3.010102308273679750 ) ) ;
#1383 = EDGE_CURVE ( 'NONE', #7213, #892, #2610, .T. ) ;
#1384 = EDGE_LOOP ( 'NONE', ( #2854, #4939 ) ) ;
#1385 = ORIENTED_EDGE ( 'NONE', *, *, #7794, .F. ) ;
#1386 = AXIS2_PLACEMENT_3D ( 'NONE', #6250, #651, #1291 ) ;
#1387 = LINE ( 'NONE', #4660, #4309 ) ;
#1388 = EDGE_CURVE ( 'NONE', #5294, #466, #2563, .T. ) ;
#1389 = ORIENTED_EDGE ( 'NONE', *, *, #5880, .T. ) ;
#1390 = DIRECTION ( 'NONE',  ( 1.000000000000000000, 0.000000000000000000, 0.000000000000000000 ) ) ;
#1391 = ORIENTED_EDGE ( 'NONE', *, *, #3344, .T. ) ;
#1392 = DIRECTION ( 'NONE',  ( 0.3399999692168444998, 0.9404254467699950659, 0.000000000000000000 ) ) ;
#1393 =( NAMED_UNIT ( * ) SI_UNIT ( $, .STERADIAN. ) SOLID_ANGLE_UNIT ( ) );
#1394 = CARTESIAN_POINT ( 'NONE',  ( -2.154999999999973159, 5.000000000000124345, -2.149999999999999911 ) ) ;
#1395 = CARTESIAN_POINT ( 'NONE',  ( -0.8702967264290937255, 0.3690427525056058644, 4.599999999999984546 ) ) ;
#1396 = CARTESIAN_POINT ( 'NONE',  ( 6.410000000000000142, 2.550000000000001155, 2.100000000000000089 ) ) ;
#1397 = ORIENTED_EDGE ( 'NONE', *, *, #2076, .T. ) ;
#1398 = ADVANCED_FACE ( 'NONE', ( #5415 ), #5507, .T. ) ;
#1399 = CARTESIAN_POINT ( 'NONE',  ( -3.438768939963945837, -3.054258255407597211, -3.028768939963972784 ) ) ;
#1400 = EDGE_LOOP ( 'NONE', ( #2040, #6914, #4180, #6941, #2054 ) ) ;
#1401 = DIRECTION ( 'NONE',  ( -1.000000000000000000, 0.000000000000000000, 0.000000000000000000 ) ) ;
#1402 = EDGE_LOOP ( 'NONE', ( #3856, #4316, #786, #4362 ) ) ;
#1403 = FACE_OUTER_BOUND ( 'NONE', #3504, .T. ) ;
#1404 = VERTEX_POINT ( 'NONE', #1918 ) ;
#1405 = EDGE_CURVE ( 'NONE', #7569, #6702, #2719, .T. ) ;
#1406 = ORIENTED_EDGE ( 'NONE', *, *, #3315, .F. ) ;
#1407 = CARTESIAN_POINT ( 'NONE',  ( 0.3268761102064692836, 2.600000000000000533, 2.746891109999991087 ) ) ;
#1408 = VERTEX_POINT ( 'NONE', #609 ) ;
#1409 = EDGE_CURVE ( 'NONE', #3863, #2366, #7998, .T. ) ;
#1410 = DIRECTION ( 'NONE',  ( 1.000000000000000000, 0.000000000000000000, 0.000000000000000000 ) ) ;
#1411 = PLANE ( 'NONE',  #6460 ) ;
#1412 = ORIENTED_EDGE ( 'NONE', *, *, #1582, .F. ) ;
#1413 = DIRECTION ( 'NONE',  ( -0.000000000000000000, 0.000000000000000000, -1.000000000000000000 ) ) ;
#1414 = FILL_AREA_STYLE_COLOUR ( '', #25 ) ;
#1415 = CARTESIAN_POINT ( 'NONE',  ( 4.784160750446838861, 0.4697291472340912044, 4.099713649662096948 ) ) ;
#1416 =( BOUNDED_CURVE ( )  B_SPLINE_CURVE ( 3, ( #3583, #3975, #6106, #4808 ),
 .UNSPECIFIED., .F., .F. ) 
 B_SPLINE_CURVE_WITH_KNOTS ( ( 4, 4 ),
 ( 1.336273014975398946E-15, 0.7853981633974372878 ),
 .UNSPECIFIED. ) 
 CURVE ( )  GEOMETRIC_REPRESENTATION_ITEM ( )  RATIONAL_B_SPLINE_CURVE ( ( 1.000000000000000000, 0.9492530216741927873, 0.9492530216741927873, 1.000000000000000000 ) ) 
 REPRESENTATION_ITEM ( '' )  );
#1417 = VECTOR ( 'NONE', #6295, 1000.000000000000114 ) ;
#1418 = ORIENTED_EDGE ( 'NONE', *, *, #8011, .T. ) ;
#1419 = ORIENTED_EDGE ( 'NONE', *, *, #457, .F. ) ;
#1420 = ORIENTED_EDGE ( 'NONE', *, *, #1494, .T. ) ;
#1421 = ORIENTED_EDGE ( 'NONE', *, *, #4187, .F. ) ;
#1422 = ORIENTED_EDGE ( 'NONE', *, *, #7341, .T. ) ;
#1423 = EDGE_CURVE ( 'NONE', #1290, #1258, #3, .T. ) ;
#1424 = CARTESIAN_POINT ( 'NONE',  ( -2.838354453079719786, 0.4722604870782130537, 4.099715824551158683 ) ) ;
#1425 = CARTESIAN_POINT ( 'NONE',  ( 0.4000000000000001887, 3.300000000000000266, 2.746891109999991976 ) ) ;
#1426 = VECTOR ( 'NONE', #2650, 1000.000000000000000 ) ;
#1427 = CARTESIAN_POINT ( 'NONE',  ( 4.035000000000006359, -3.600000000000000533, -3.175000000000021139 ) ) ;
#1428 = DIRECTION ( 'NONE',  ( 0.000000000000000000, -0.000000000000000000, -1.000000000000000000 ) ) ;
#1429 = EDGE_CURVE ( 'NONE', #7206, #5680, #7924, .T. ) ;
#1430 = ORIENTED_EDGE ( 'NONE', *, *, #4210, .F. ) ;
#1431 = CARTESIAN_POINT ( 'NONE',  ( 0.3017766950000003723, 0.3999999999998726796, -3.098223304999996319 ) ) ;
#1432 = CARTESIAN_POINT ( 'NONE',  ( 1.485000000000000320, 6.350000000000171063, -3.650000000000000355 ) ) ;
#1433 = CARTESIAN_POINT ( 'NONE',  ( -6.410000000000001030, 2.550000000000001155, 4.000000000000000000 ) ) ;
#1434 = ORIENTED_EDGE ( 'NONE', *, *, #3876, .T. ) ;
#1435 = DIRECTION ( 'NONE',  ( -1.000000000000000000, 0.000000000000000000, 0.000000000000000000 ) ) ;
#1436 = DIRECTION ( 'NONE',  ( -1.000000000000000000, 0.000000000000000000, 0.000000000000000000 ) ) ;
#1437 = EDGE_LOOP ( 'NONE', ( #1325, #3711, #4697, #5646, #1122 ) ) ;
#1438 = VERTEX_POINT ( 'NONE', #4398 ) ;
#1439 = LINE ( 'NONE', #7118, #1417 ) ;
#1440 = DIRECTION ( 'NONE',  ( -0.2505628070857300882, -0.2505628070857300882, -0.9351131265310301810 ) ) ;
#1441 = CARTESIAN_POINT ( 'NONE',  ( -6.110000000000001208, 7.150000000000000355, -4.099999999999999645 ) ) ;
#1442 = ORIENTED_EDGE ( 'NONE', *, *, #6074, .F. ) ;
#1443 = CARTESIAN_POINT ( 'NONE',  ( 5.754400657005211528, 7.620682668312457331, -3.068085303358467630 ) ) ;
#1444 = CARTESIAN_POINT ( 'NONE',  ( 3.810000000000002718, 6.000000000000019540, -4.299999999999999822 ) ) ;
#1445 = DIRECTION ( 'NONE',  ( -6.424901762877063495E-17, 0.000000000000000000, 1.000000000000000000 ) ) ;
#1446 = CARTESIAN_POINT ( 'NONE',  ( -0.8725226690897377457, 0.3667969716823502591, 4.599999999999939249 ) ) ;
#1447 = ORIENTED_EDGE ( 'NONE', *, *, #4320, .T. ) ;
#1448 = CARTESIAN_POINT ( 'NONE',  ( 0.4000000000000001887, -2.946891109999995262, -3.098223305000026961 ) ) ;
#1449 = CARTESIAN_POINT ( 'NONE',  ( 3.810000000000000053, 0.3999999999998454792, 3.659182332137164615E-15 ) ) ;
#1450 = DIRECTION ( 'NONE',  ( 1.000000000000000000, 0.000000000000000000, 0.000000000000000000 ) ) ;
#1451 = CARTESIAN_POINT ( 'NONE',  ( -6.410000000000001030, 0.8500000000000009770, 4.599999999999999645 ) ) ;
#1452 = VERTEX_POINT ( 'NONE', #5017 ) ;
#1453 = DIRECTION ( 'NONE',  ( 1.000000000000000000, -0.000000000000000000, -0.000000000000000000 ) ) ;
#1454 = ORIENTED_EDGE ( 'NONE', *, *, #6433, .F. ) ;
#1455 = LINE ( 'NONE', #7635, #1567 ) ;
#1456 = VERTEX_POINT ( 'NONE', #1110 ) ;
#1457 = ORIENTED_EDGE ( 'NONE', *, *, #3638, .T. ) ;
#1458 = EDGE_CURVE ( 'NONE', #4924, #5136, #1137, .T. ) ;
#1459 = CARTESIAN_POINT ( 'NONE',  ( 0.3517063983397437088, 2.610285042102434616, 2.785275409606414065 ) ) ;
#1460 = ORIENTED_EDGE ( 'NONE', *, *, #7991, .T. ) ;
#1461 = CARTESIAN_POINT ( 'NONE',  ( 4.209999999999999964, 2.700000000000000178, 2.746891109999991976 ) ) ;
#1462 = CARTESIAN_POINT ( 'NONE',  ( -2.920065654426517110, 0.7074836895662700575, -2.149999999999999911 ) ) ;
#1463 = CARTESIAN_POINT ( 'NONE',  ( -6.110000000000001208, 6.649999999999999467, -4.599999999999999645 ) ) ;
#1464 = EDGE_LOOP ( 'NONE', ( #4298, #3482, #834, #6014, #756, #6289, #7088, #3078 ) ) ;
#1465 = CARTESIAN_POINT ( 'NONE',  ( -3.508223304999999570, 0.3999999999998796185, -3.701776694999996842 ) ) ;
#1466 = CARTESIAN_POINT ( 'NONE',  ( 2.510000000000000231, 0.3999999999998605227, -1.649999999999993472 ) ) ;
#1467 = CARTESIAN_POINT ( 'NONE',  ( 4.826359989340485157, 0.4270961927471522146, 4.099908263450043222 ) ) ;
#1468 = AXIS2_PLACEMENT_3D ( 'NONE', #6030, #6643, #539 ) ;
#1469 = ADVANCED_FACE ( 'NONE', ( #2537 ), #1969, .F. ) ;
#1470 = VECTOR ( 'NONE', #3967, 1000.000000000000000 ) ;
#1471 = DIRECTION ( 'NONE',  ( -1.000000000000000000, -0.000000000000000000, -0.000000000000000000 ) ) ;
#1472 = CARTESIAN_POINT ( 'NONE',  ( 4.198357282647327438, 0.6682329383024374625, 4.599999999999996980 ) ) ;
#1473 = ORIENTED_EDGE ( 'NONE', *, *, #2520, .T. ) ;
#1474 = ORIENTED_EDGE ( 'NONE', *, *, #1889, .T. ) ;
#1475 = AXIS2_PLACEMENT_3D ( 'NONE', #6278, #2447, #4765 ) ;
#1476 = ORIENTED_EDGE ( 'NONE', *, *, #1526, .T. ) ;
#1477 = DIRECTION ( 'NONE',  ( 0.000000000000000000, -1.156482317317871922E-14, 1.000000000000000000 ) ) ;
#1478 = EDGE_CURVE ( 'NONE', #3180, #7371, #2574, .T. ) ;
#1479 = EDGE_LOOP ( 'NONE', ( #764, #6035, #3313, #1524 ) ) ;
#1480 = ORIENTED_EDGE ( 'NONE', *, *, #128, .F. ) ;
#1481 = DIRECTION ( 'NONE',  ( 0.000000000000000000, 1.000000000000000000, 0.000000000000000000 ) ) ;
#1482 = LINE ( 'NONE', #2657, #4495 ) ;
#1483 = CARTESIAN_POINT ( 'NONE',  ( 0.5640209176126657065, 0.6298341395763243922, 4.599999999999999645 ) ) ;
#1484 = CARTESIAN_POINT ( 'NONE',  ( -0.6333213818913419058, 0.7211465594157322467, 4.099940685201929114 ) ) ;
#1485 = DIRECTION ( 'NONE',  ( 0.000000000000000000, 1.000000000000000000, 0.000000000000000000 ) ) ;
#1486 = ORIENTED_EDGE ( 'NONE', *, *, #7934, .F. ) ;
#1487 = CARTESIAN_POINT ( 'NONE',  ( 1.300000000000001599, 6.400000000000018119, -4.299999999999999822 ) ) ;
#1488 = DIRECTION ( 'NONE',  ( -0.000000000000000000, -1.000000000000000000, -0.000000000000000000 ) ) ;
#1489 = ORIENTED_EDGE ( 'NONE', *, *, #7244, .F. ) ;
#1490 = DIRECTION ( 'NONE',  ( 0.000000000000000000, 1.000000000000000000, 0.000000000000000000 ) ) ;
#1491 = CARTESIAN_POINT ( 'NONE',  ( -0.3712310600360538837, -3.054258255407597211, -3.028768939963972784 ) ) ;
#1492 = AXIS2_PLACEMENT_3D ( 'NONE', #7125, #2277, #1602 ) ;
#1493 = ORIENTED_EDGE ( 'NONE', *, *, #4296, .F. ) ;
#1494 = EDGE_CURVE ( 'NONE', #2402, #6521, #4881, .T. ) ;
#1495 = VERTEX_POINT ( 'NONE', #1356 ) ;
#1496 = EDGE_CURVE ( 'NONE', #1586, #3605, #2687, .T. ) ;
#1497 = LINE ( 'NONE', #1080, #1578 ) ;
#1498 = DIRECTION ( 'NONE',  ( 0.000000000000000000, -9.382415370900834154E-15, 1.000000000000000000 ) ) ;
#1499 = DIRECTION ( 'NONE',  ( 0.000000000000000000, 0.000000000000000000, 1.000000000000000000 ) ) ;
#1500 = CARTESIAN_POINT ( 'NONE',  ( -0.3268761102064680624, 2.600000000000000533, 2.746891109999991087 ) ) ;
#1501 = CARTESIAN_POINT ( 'NONE',  ( -0.8777134019647715446, 0.3615532908043059823, 4.600000000000067146 ) ) ;
#1502 = ORIENTED_EDGE ( 'NONE', *, *, #3374, .T. ) ;
#1503 = ORIENTED_EDGE ( 'NONE', *, *, #895, .F. ) ;
#1504 = CARTESIAN_POINT ( 'NONE',  ( 2.154999999999974492, 0.7074836895662699465, -2.149999999999999911 ) ) ;
#1505 = ORIENTED_EDGE ( 'NONE', *, *, #3604, .F. ) ;
#1506 = CARTESIAN_POINT ( 'NONE',  ( -6.410000000000001030, 0.8500000000000007550, 4.000000000000000000 ) ) ;
#1507 = EDGE_CURVE ( 'NONE', #6303, #6009, #2597, .T. ) ;
#1508 = LINE ( 'NONE', #4540, #1608 ) ;
#1509 = EDGE_CURVE ( 'NONE', #318, #4882, #1628, .T. ) ;
#1510 = VERTEX_POINT ( 'NONE', #1882 ) ;
#1511 = ORIENTED_EDGE ( 'NONE', *, *, #4698, .F. ) ;
#1512 = CARTESIAN_POINT ( 'NONE',  ( -4.751954120233327750, 0.4656901194542442668, 4.188679552837288433 ) ) ;
#1513 = DIRECTION ( 'NONE',  ( 1.000000000000000000, 0.000000000000000000, 0.000000000000000000 ) ) ;
#1514 = PLANE ( 'NONE',  #6387 ) ;
#1515 = DIRECTION ( 'NONE',  ( 0.000000000000000000, 0.000000000000000000, 1.000000000000000000 ) ) ;
#1516 = ORIENTED_EDGE ( 'NONE', *, *, #1507, .T. ) ;
#1517 = DIRECTION ( 'NONE',  ( 1.239088197126206261E-15, 1.000000000000000000, 0.000000000000000000 ) ) ;
#1518 = VERTEX_POINT ( 'NONE', #4926 ) ;
#1519 = CARTESIAN_POINT ( 'NONE',  ( 4.693557261324685648, 0.5533635898939380793, 4.099785051959144333 ) ) ;
#1520 = VECTOR ( 'NONE', #3198, 1000.000000000000000 ) ;
#1521 = DIRECTION ( 'NONE',  ( 1.000000000000000000, -0.000000000000000000, -0.000000000000000000 ) ) ;
#1522 = EDGE_CURVE ( 'NONE', #3345, #6060, #2729, .T. ) ;
#1523 = ORIENTED_EDGE ( 'NONE', *, *, #3109, .F. ) ;
#1524 = ORIENTED_EDGE ( 'NONE', *, *, #3352, .F. ) ;
#1525 = VERTEX_POINT ( 'NONE', #6528 ) ;
#1526 = EDGE_CURVE ( 'NONE', #1751, #4269, #2756, .T. ) ;
#1527 = CARTESIAN_POINT ( 'NONE',  ( -3.177561473051868202, 0.7223850753149796411, 4.099941805475701528 ) ) ;
#1528 = ADVANCED_FACE ( 'NONE', ( #125 ), #7938, .T. ) ;
#1529 = CARTESIAN_POINT ( 'NONE',  ( -5.060000000000000497, 5.700000000000171596, -3.650000000000000355 ) ) ;
#1530 = SPHERICAL_SURFACE ( 'NONE', #2816, 0.2999999999999999889 ) ;
#1531 = CARTESIAN_POINT ( 'NONE',  ( -5.109999999999998543, 6.400000000000019007, -4.599999999999999645 ) ) ;
#1532 = CARTESIAN_POINT ( 'NONE',  ( -0.9805156555293993437, 0.4633090430549886007, 4.099739831647336352 ) ) ;
#1533 = CARTESIAN_POINT ( 'NONE',  ( -4.109999999999999432, 3.400000000000000355, 2.746891109999991976 ) ) ;
#1534 = SURFACE_STYLE_USAGE ( .BOTH. , #738 ) ;
#1535 = CARTESIAN_POINT ( 'NONE',  ( 4.460000000000011511, 5.000000000000124345, -2.149999999999999911 ) ) ;
#1536 = DIRECTION ( 'NONE',  ( -1.000000000000000000, 0.000000000000000000, -0.000000000000000000 ) ) ;
#1537 = VERTEX_POINT ( 'NONE', #6170 ) ;
#1538 = CARTESIAN_POINT ( 'NONE',  ( -0.3281752987002361510, -2.946891109999997926, -3.000000000000027534 ) ) ;
#1539 = ORIENTED_EDGE ( 'NONE', *, *, #4653, .T. ) ;
#1540 = ORIENTED_EDGE ( 'NONE', *, *, #5443, .T. ) ;
#1541 = LINE ( 'NONE', #7361, #1594 ) ;
#1542 = DIRECTION ( 'NONE',  ( 0.000000000000000000, 9.996711556476512143E-15, -1.000000000000000000 ) ) ;
#1543 = DIRECTION ( 'NONE',  ( -0.000000000000000000, 0.000000000000000000, 1.000000000000000000 ) ) ;
#1544 = CARTESIAN_POINT ( 'NONE',  ( -0.8673204054609637836, 0.3720276783332630011, 4.599999999999956124 ) ) ;
#1545 = VERTEX_POINT ( 'NONE', #6775 ) ;
#1546 = DIRECTION ( 'NONE',  ( 0.000000000000000000, -1.000000000000000000, 0.000000000000000000 ) ) ;
#1547 = ORIENTED_EDGE ( 'NONE', *, *, #2810, .F. ) ;
#1548 = CARTESIAN_POINT ( 'NONE',  ( -0.3281752987002369837, -2.946891109999990821, -3.800000000000027356 ) ) ;
#1549 = CARTESIAN_POINT ( 'NONE',  ( -4.209999999999999964, -8.331370849898473097, -3.800000000000076650 ) ) ;
#1550 = ORIENTED_EDGE ( 'NONE', *, *, #5977, .T. ) ;
#1551 = CARTESIAN_POINT ( 'NONE',  ( 1.655000000000026228, 5.000000000000124345, 4.099999999999992539 ) ) ;
#1552 = VERTEX_POINT ( 'NONE', #8014 ) ;
#1553 = LINE ( 'NONE', #7065, #6841 ) ;
#1554 = EDGE_CURVE ( 'NONE', #3698, #2137, #2770, .T. ) ;
#1555 = EDGE_LOOP ( 'NONE', ( #6281, #917 ) ) ;
#1556 = ORIENTED_EDGE ( 'NONE', *, *, #5193, .T. ) ;
#1557 = AXIS2_PLACEMENT_3D ( 'NONE', #1984, #4350, #556 ) ;
#1558 = CARTESIAN_POINT ( 'NONE',  ( 4.660000000000000142, 3.000000000000000000, -1.200000000000000178 ) ) ;
#1559 = DIRECTION ( 'NONE',  ( 0.000000000000000000, 1.000000000000000000, 9.164576854217089559E-15 ) ) ;
#1560 = DIRECTION ( 'NONE',  ( 0.000000000000000000, 4.565061778886335030E-16, -1.000000000000000000 ) ) ;
#1561 = ORIENTED_EDGE ( 'NONE', *, *, #6831, .F. ) ;
#1562 = CARTESIAN_POINT ( 'NONE',  ( -4.209999999999999076, 2.673123889793531216, 2.746891109999992420 ) ) ;
#1563 = VERTEX_POINT ( 'NONE', #3878 ) ;
#1564 = ORIENTED_EDGE ( 'NONE', *, *, #1215, .T. ) ;
#1565 = CARTESIAN_POINT ( 'NONE',  ( 4.722370925739664216, 0.5284003104325796230, 4.099763310522821058 ) ) ;
#1566 = AXIS2_PLACEMENT_3D ( 'NONE', #3158, #3777, #5058 ) ;
#1567 = VECTOR ( 'NONE', #4594, 1000.000000000000000 ) ;
#1568 = CARTESIAN_POINT ( 'NONE',  ( 4.681423276729360872, 0.3679073890407095759, 4.599999999999996980 ) ) ;
#1569 = CARTESIAN_POINT ( 'NONE',  ( -5.110000000000000320, 4.300000000000015810, -4.299999999999952749 ) ) ;
#1570 = EDGE_CURVE ( 'NONE', #5096, #5126, #5400, .T. ) ;
#1571 = ORIENTED_EDGE ( 'NONE', *, *, #1158, .F. ) ;
#1572 = ORIENTED_EDGE ( 'NONE', *, *, #5358, .T. ) ;
#1573 = VERTEX_POINT ( 'NONE', #1968 ) ;
#1574 = AXIS2_PLACEMENT_3D ( 'NONE', #3712, #7252, #4932 ) ;
#1575 = EDGE_LOOP ( 'NONE', ( #6493, #4689, #4166 ) ) ;
#1576 = EDGE_LOOP ( 'NONE', ( #4855, #7444, #7151, #2647, #4404, #7231 ) ) ;
#1577 = EDGE_LOOP ( 'NONE', ( #845, #5941, #5846, #5929 ) ) ;
#1578 = VECTOR ( 'NONE', #1667, 1000.000000000000000 ) ;
#1579 = DIRECTION ( 'NONE',  ( -0.000000000000000000, -0.000000000000000000, 1.000000000000000000 ) ) ;
#1580 = CARTESIAN_POINT ( 'NONE',  ( -0.1775053756980825570, 0.8646422626378322818, 4.100086494611940857 ) ) ;
#1581 = CARTESIAN_POINT ( 'NONE',  ( -1.250000000000000222, 5.700000000000171596, 4.099999999999992539 ) ) ;
#1582 = EDGE_CURVE ( 'NONE', #1518, #1438, #8020, .T. ) ;
#1583 = CARTESIAN_POINT ( 'NONE',  ( -0.4000000000000001887, -2.946891109999995262, -3.098223305000026961 ) ) ;
#1584 = PLANE ( 'NONE',  #831 ) ;
#1585 = CARTESIAN_POINT ( 'NONE',  ( 5.110000000000002096, 5.600000000000019185, -4.299999999999999822 ) ) ;
#1586 = VERTEX_POINT ( 'NONE', #6356 ) ;
#1587 = PLANE ( 'NONE',  #6337 ) ;
#1588 = VERTEX_POINT ( 'NONE', #6132 ) ;
#1589 = ADVANCED_FACE ( 'NONE', ( #4988 ), #7680, .T. ) ;
#1590 = EDGE_CURVE ( 'NONE', #3395, #3767, #6070, .T. ) ;
#1591 = ORIENTED_EDGE ( 'NONE', *, *, #4676, .F. ) ;
#1592 = VERTEX_POINT ( 'NONE', #6629 ) ;
#1593 = ORIENTED_EDGE ( 'NONE', *, *, #4376, .T. ) ;
#1594 = VECTOR ( 'NONE', #6786, 1000.000000000000000 ) ;
#1595 = DIRECTION ( 'NONE',  ( -0.2505628070857306988, 0.2505628070857300327, 0.9351131265310300700 ) ) ;
#1596 = CARTESIAN_POINT ( 'NONE',  ( -1.300000000000000044, 0.000000000000000000, -4.599999999999999645 ) ) ;
#1597 = DIRECTION ( 'NONE',  ( -0.000000000000000000, -0.000000000000000000, 1.000000000000000000 ) ) ;
#1598 = CARTESIAN_POINT ( 'NONE',  ( -0.8416421758715066925, 0.3969725408108513154, 4.600000000000009415 ) ) ;
#1599 = ORIENTED_EDGE ( 'NONE', *, *, #7585, .F. ) ;
#1600 = CARTESIAN_POINT ( 'NONE',  ( 5.294999999999999929, 6.350000000000171063, -3.650000000000000355 ) ) ;
#1601 = PLANE ( 'NONE',  #3517 ) ;
#1602 = DIRECTION ( 'NONE',  ( 0.000000000000000000, -9.164576854217089559E-15, 1.000000000000000000 ) ) ;
#1603 = EDGE_LOOP ( 'NONE', ( #2826, #1418, #4278, #2118 ) ) ;
#1604 = DIRECTION ( 'NONE',  ( -0.2505628075300823654, 0.2505628075300823654, -0.9351131262929025523 ) ) ;
#1605 = EDGE_CURVE ( 'NONE', #1272, #4106, #5091, .T. ) ;
#1606 = AXIS2_PLACEMENT_3D ( 'NONE', #3199, #3817, #5158 ) ;
#1607 = EDGE_LOOP ( 'NONE', ( #4712, #3995, #7645, #4018, #6827, #7538, #7345, #1791 ) ) ;
#1608 = VECTOR ( 'NONE', #1017, 1000.000000000000000 ) ;
#1609 = EDGE_CURVE ( 'NONE', #3676, #5012, #2418, .T. ) ;
#1610 = ORIENTED_EDGE ( 'NONE', *, *, #557, .F. ) ;
#1611 = ORIENTED_EDGE ( 'NONE', *, *, #6153, .T. ) ;
#1612 = ORIENTED_EDGE ( 'NONE', *, *, #7140, .T. ) ;
#1613 = DIRECTION ( 'NONE',  ( 0.000000000000000000, 1.000000000000000000, 9.164576854217089559E-15 ) ) ;
#1614 = DIRECTION ( 'NONE',  ( 0.000000000000000000, -0.000000000000000000, -1.000000000000000000 ) ) ;
#1615 = VERTEX_POINT ( 'NONE', #3396 ) ;
#1616 = DIRECTION ( 'NONE',  ( -0.000000000000000000, 1.000000000000000000, 9.147955830346445240E-15 ) ) ;
#1617 = CARTESIAN_POINT ( 'NONE',  ( 6.110000000000000320, 7.150000000000000355, 4.599999999999999645 ) ) ;
#1618 = ORIENTED_EDGE ( 'NONE', *, *, #2728, .T. ) ;
#1619 = ORIENTED_EDGE ( 'NONE', *, *, #40, .F. ) ;
#1620 = EDGE_CURVE ( 'NONE', #3534, #4001, #7697, .T. ) ;
#1621 = CARTESIAN_POINT ( 'NONE',  ( 4.731809139568471601, 0.5199124306200166856, 4.099756002965747825 ) ) ;
#1622 = ADVANCED_FACE ( 'NONE', ( #2258 ), #893, .F. ) ;
#1623 = DIRECTION ( 'NONE',  ( 1.000000000000000000, 0.000000000000000000, 0.000000000000000000 ) ) ;
#1624 = CARTESIAN_POINT ( 'NONE',  ( 4.723573024657159003, 0.3253293360251018340, 4.599999999999623057 ) ) ;
#1625 = CARTESIAN_POINT ( 'NONE',  ( 0.000000000000000000, 0.000000000000000000, -4.299999999999999822 ) ) ;
#1626 = VERTEX_POINT ( 'NONE', #2088 ) ;
#1627 = ORIENTED_EDGE ( 'NONE', *, *, #1115, .F. ) ;
#1628 =( BOUNDED_CURVE ( )  B_SPLINE_CURVE ( 3, ( #4501, #1407, #1459, #4310 ),
 .UNSPECIFIED., .F., .F. ) 
 B_SPLINE_CURVE_WITH_KNOTS ( ( 4, 4 ),
 ( 0.000000000000000000, 0.7853981633974457255 ),
 .UNSPECIFIED. ) 
 CURVE ( )  GEOMETRIC_REPRESENTATION_ITEM ( )  RATIONAL_B_SPLINE_CURVE ( ( 1.000000000000000000, 0.9492530216741915661, 0.9492530216741915661, 1.000000000000000000 ) ) 
 REPRESENTATION_ITEM ( '' )  );
#1629 = EDGE_LOOP ( 'NONE', ( #3183, #3526, #376, #5828 ) ) ;
#1630 = AXIS2_PLACEMENT_3D ( 'NONE', #4184, #6715, #5529 ) ;
#1631 = ORIENTED_EDGE ( 'NONE', *, *, #5692, .F. ) ;
#1632 = ORIENTED_EDGE ( 'NONE', *, *, #4663, .F. ) ;
#1633 = CARTESIAN_POINT ( 'NONE',  ( -6.110000000000001208, 0.8500000000000007550, 4.000000000000000000 ) ) ;
#1634 = LINE ( 'NONE', #1283, #1520 ) ;
#1635 = CARTESIAN_POINT ( 'NONE',  ( -0.9760632312387411691, 0.4678072943593750144, 4.099719286839897059 ) ) ;
#1636 = DIRECTION ( 'NONE',  ( 0.000000000000000000, -1.000000000000000000, 0.000000000000000000 ) ) ;
#1637 = ORIENTED_EDGE ( 'NONE', *, *, #147, .F. ) ;
#1638 = CARTESIAN_POINT ( 'NONE',  ( -6.410000000000001030, 3.750000000000000888, 2.100000000000000089 ) ) ;
#1639 = DIRECTION ( 'NONE',  ( 0.000000000000000000, -1.000000000000000000, 0.000000000000000000 ) ) ;
#1640 = ORIENTED_EDGE ( 'NONE', *, *, #2910, .F. ) ;
#1641 = DIRECTION ( 'NONE',  ( 1.000000000000000000, -3.336006684570783101E-16, -0.000000000000000000 ) ) ;
#1642 = VERTEX_POINT ( 'NONE', #2684 ) ;
#1643 = LINE ( 'NONE', #6077, #1765 ) ;
#1644 = ORIENTED_EDGE ( 'NONE', *, *, #5069, .F. ) ;
#1645 =( BOUNDED_CURVE ( )  B_SPLINE_CURVE ( 3, ( #328, #7690, #1548, #265 ),
 .UNSPECIFIED., .F., .F. ) 
 B_SPLINE_CURVE_WITH_KNOTS ( ( 4, 4 ),
 ( 5.497787143782128183, 6.283185307179586232 ),
 .UNSPECIFIED. ) 
 CURVE ( )  GEOMETRIC_REPRESENTATION_ITEM ( )  RATIONAL_B_SPLINE_CURVE ( ( 1.000000000000000000, 0.9492530216741897897, 0.9492530216741897897, 1.000000000000000000 ) ) 
 REPRESENTATION_ITEM ( '' )  );
#1646 = VERTEX_POINT ( 'NONE', #4753 ) ;
#1647 = LINE ( 'NONE', #7760, #1661 ) ;
#1648 = DIRECTION ( 'NONE',  ( -0.01356798642016765824, -0.03811450043289642958, 0.9991812621347804235 ) ) ;
#1649 = DIRECTION ( 'NONE',  ( 0.000000000000000000, 1.000000000000000000, 9.164576854217089559E-15 ) ) ;
#1650 = PLANE ( 'NONE',  #385 ) ;
#1651 = CARTESIAN_POINT ( 'NONE',  ( 0.7990331568858615174, 0.4353614383434675772, 4.599999999999998757 ) ) ;
#1652 = ORIENTED_EDGE ( 'NONE', *, *, #1115, .T. ) ;
#1653 = CARTESIAN_POINT ( 'NONE',  ( -3.410780725564333871, 2.600780725564334261, 2.749804817466944051 ) ) ;
#1654 = ADVANCED_FACE ( 'NONE', ( #7913 ), #7239, .T. ) ;
#1655 = EDGE_CURVE ( 'NONE', #7316, #305, #7819, .T. ) ;
#1656 = EDGE_LOOP ( 'NONE', ( #1246, #4241, #3287, #1263 ) ) ;
#1657 = DIRECTION ( 'NONE',  ( 0.000000000000000000, 0.000000000000000000, 1.000000000000000000 ) ) ;
#1658 = VECTOR ( 'NONE', #7936, 1000.000000000000000 ) ;
#1659 = EDGE_LOOP ( 'NONE', ( #7702, #7597, #6913, #3879, #1065 ) ) ;
#1660 = ORIENTED_EDGE ( 'NONE', *, *, #6844, .F. ) ;
#1661 = VECTOR ( 'NONE', #2286, 1000.000000000000000 ) ;
#1662 = EDGE_CURVE ( 'NONE', #3269, #2713, #2284, .T. ) ;
#1663 = VERTEX_POINT ( 'NONE', #6185 ) ;
#1664 = B_SPLINE_CURVE_WITH_KNOTS ( 'NONE', 3,
 ( #1020, #7129, #5109, #3976, #5220, #5895, #6604, #6556 ),
 .UNSPECIFIED., .F., .F.,
 ( 4, 2, 2, 4 ),
 ( 0.000000000000000000, 0.5000000000000003331, 0.7500000000000001110, 1.000000000000000000 ),
 .UNSPECIFIED. ) ;
#1665 = AXIS2_PLACEMENT_3D ( 'NONE', #3357, #6350, #704 ) ;
#1666 = CARTESIAN_POINT ( 'NONE',  ( -6.110000000000001208, 7.400000000000000355, 1.399999999999999689 ) ) ;
#1667 = DIRECTION ( 'NONE',  ( -0.000000000000000000, -4.565061778886335030E-16, 1.000000000000000000 ) ) ;
#1668 = ORIENTED_EDGE ( 'NONE', *, *, #7897, .T. ) ;
#1669 = LINE ( 'NONE', #4830, #1658 ) ;
#1670 = DIRECTION ( 'NONE',  ( 0.000000000000000000, -1.000000000000000000, -1.301042606982962990E-14 ) ) ;
#1671 = EDGE_LOOP ( 'NONE', ( #6256, #1547, #6199, #4284 ) ) ;
#1672 = EDGE_LOOP ( 'NONE', ( #4332, #4885, #4477, #2186 ) ) ;
#1673 = CARTESIAN_POINT ( 'NONE',  ( 2.939703273570907882, 0.3690427525056080293, 4.599999999999986322 ) ) ;
#1674 = VECTOR ( 'NONE', #3479, 1000.000000000000000 ) ;
#1675 = DIRECTION ( 'NONE',  ( -1.000000000000000000, 0.000000000000000000, -0.000000000000000000 ) ) ;
#1676 = CARTESIAN_POINT ( 'NONE',  ( 4.763483572237216634, 0.2850242761707009187, 4.599999999999631939 ) ) ;
#1677 = CARTESIAN_POINT ( 'NONE',  ( 4.528732609278701915, 0.4988676549461427134, 4.600000000000002309 ) ) ;
#1678 = ORIENTED_EDGE ( 'NONE', *, *, #4007, .F. ) ;
#1679 = EDGE_LOOP ( 'NONE', ( #4853, #1631, #4261, #7738 ) ) ;
#1680 = VECTOR ( 'NONE', #6745, 1000.000000000000000 ) ;
#1681 = AXIS2_PLACEMENT_3D ( 'NONE', #6805, #1853, #1450 ) ;
#1682 = ORIENTED_EDGE ( 'NONE', *, *, #6961, .F. ) ;
#1683 = EDGE_LOOP ( 'NONE', ( #2038, #3710, #2206, #7162, #7386 ) ) ;
#1684 = EDGE_CURVE ( 'NONE', #1314, #4042, #6577, .T. ) ;
#1685 = CARTESIAN_POINT ( 'NONE',  ( -4.784283819617663802, 0.4696048838692808425, 4.099713573377229636 ) ) ;
#1686 = ADVANCED_FACE ( 'NONE', ( #2301 ), #6463, .T. ) ;
#1687 = CARTESIAN_POINT ( 'NONE',  ( 3.720020462034131725, 0.8759431293447363931, 4.100098231805078264 ) ) ;
#1688 = LINE ( 'NONE', #555, #4545 ) ;
#1689 = PLANE ( 'NONE',  #6194 ) ;
#1690 = CARTESIAN_POINT ( 'NONE',  ( -0.2777451425257761453, 0.8475731793858193308, 4.100068565933128184 ) ) ;
#1691 = DIRECTION ( 'NONE',  ( 0.000000000000000000, -0.000000000000000000, -1.000000000000000000 ) ) ;
#1692 = EDGE_CURVE ( 'NONE', #1747, #1788, #5173, .T. ) ;
#1693 = CARTESIAN_POINT ( 'NONE',  ( -6.110000000000001208, 0.000000000000000000, 4.599999999999999645 ) ) ;
#1694 = DIRECTION ( 'NONE',  ( -0.9659258261578450577, -0.2588190455922527167, 0.000000000000000000 ) ) ;
#1695 = CARTESIAN_POINT ( 'NONE',  ( -3.432441104832870238, 0.6717825292848030871, 4.599999999999996092 ) ) ;
#1696 = DIRECTION ( 'NONE',  ( -1.000000000000000000, 0.000000000000000000, 0.000000000000000000 ) ) ;
#1697 = ORIENTED_EDGE ( 'NONE', *, *, #4683, .T. ) ;
#1698 = CARTESIAN_POINT ( 'NONE',  ( -3.899979537912467098, 0.8759431293447388356, 4.100098231805075599 ) ) ;
#1699 = ORIENTED_EDGE ( 'NONE', *, *, #3073, .F. ) ;
#1700 = FACE_OUTER_BOUND ( 'NONE', #4811, .T. ) ;
#1701 = VERTEX_POINT ( 'NONE', #5268 ) ;
#1702 = VECTOR ( 'NONE', #2435, 1000.000000000000000 ) ;
#1703 = CARTESIAN_POINT ( 'NONE',  ( -1.655000000000027116, 5.000000000000124345, 4.099999999999990763 ) ) ;
#1704 = ADVANCED_FACE ( 'NONE', ( #7983 ), #2874, .T. ) ;
#1705 = ORIENTED_EDGE ( 'NONE', *, *, #1943, .T. ) ;
#1706 = SURFACE_STYLE_USAGE ( .BOTH. , #7337 ) ;
#1707 = DIRECTION ( 'NONE',  ( 1.000000000000000000, 0.000000000000000000, 0.000000000000000000 ) ) ;
#1708 = CARTESIAN_POINT ( 'NONE',  ( 0.8691744690324553213, 0.3701706656023329156, 4.599999999999998757 ) ) ;
#1709 = ORIENTED_EDGE ( 'NONE', *, *, #7616, .T. ) ;
#1710 = CARTESIAN_POINT ( 'NONE',  ( -2.154999999999973603, 5.133974596215686859, 4.599999999999999645 ) ) ;
#1711 = DIRECTION ( 'NONE',  ( 0.000000000000000000, 0.000000000000000000, 1.000000000000000000 ) ) ;
#1712 = ORIENTED_EDGE ( 'NONE', *, *, #4366, .F. ) ;
#1713 = CARTESIAN_POINT ( 'NONE',  ( 6.410000000000000142, 0.000000000000000000, 0.000000000000000000 ) ) ;
#1714 = VECTOR ( 'NONE', #2602, 1000.000000000000000 ) ;
#1715 = EDGE_CURVE ( 'NONE', #6776, #1351, #2624, .T. ) ;
#1716 = ORIENTED_EDGE ( 'NONE', *, *, #4936, .F. ) ;
#1717 = ORIENTED_EDGE ( 'NONE', *, *, #6994, .F. ) ;
#1718 = CARTESIAN_POINT ( 'NONE',  ( -2.154999999999973603, 5.000000000000124345, 4.099999999999992539 ) ) ;
#1719 = FACE_OUTER_BOUND ( 'NONE', #4071, .T. ) ;
#1720 = ORIENTED_EDGE ( 'NONE', *, *, #3344, .F. ) ;
#1721 = ADVANCED_FACE ( 'NONE', ( #7765 ), #1064, .F. ) ;
#1722 = CARTESIAN_POINT ( 'NONE',  ( 4.209219274435666236, 2.600780725564334261, 2.749804817466944051 ) ) ;
#1723 = VERTEX_POINT ( 'NONE', #7850 ) ;
#1724 = CARTESIAN_POINT ( 'NONE',  ( -2.835200146225223428, 0.4690838011150054720, 4.099713330361080210 ) ) ;
#1725 = DIRECTION ( 'NONE',  ( 0.000000000000000000, -1.156482317317871764E-14, 1.000000000000000000 ) ) ;
#1726 = ORIENTED_EDGE ( 'NONE', *, *, #31, .F. ) ;
#1727 = EDGE_LOOP ( 'NONE', ( #872, #3283, #6069, #1447 ) ) ;
#1728 = CARTESIAN_POINT ( 'NONE',  ( 2.912512549519091998, 0.3415771704667967534, 4.600000000000001421 ) ) ;
#1729 = DIRECTION ( 'NONE',  ( 0.000000000000000000, -1.000000000000000000, 0.000000000000000000 ) ) ;
#1730 = DIRECTION ( 'NONE',  ( 0.3399999692168444998, 0.9404254467699950659, 0.000000000000000000 ) ) ;
#1731 = CARTESIAN_POINT ( 'NONE',  ( -2.920065654426517110, 0.7074836895662705016, -2.149999999999999911 ) ) ;
#1732 = CARTESIAN_POINT ( 'NONE',  ( -4.582954187677271918, 4.380511582937304915, -3.250230837397074968 ) ) ;
#1733 = AXIS2_PLACEMENT_3D ( 'NONE', #4640, #1156, #4123 ) ;
#1734 = ORIENTED_EDGE ( 'NONE', *, *, #3432, .T. ) ;
#1735 = UNCERTAINTY_MEASURE_WITH_UNIT (LENGTH_MEASURE( 1.000000000000000082E-05 ), #3288, 'distance_accuracy_value', 'NONE');
#1736 = ORIENTED_EDGE ( 'NONE', *, *, #6831, .T. ) ;
#1737 = VECTOR ( 'NONE', #1445, 1000.000000000000000 ) ;
#1738 = EDGE_LOOP ( 'NONE', ( #1235, #3428, #3815, #3736, #3915 ) ) ;
#1739 = DIRECTION ( 'NONE',  ( 1.239088197126206261E-15, 1.000000000000000000, 0.000000000000000000 ) ) ;
#1740 = VECTOR ( 'NONE', #814, 1000.000000000000000 ) ;
#1741 = EDGE_CURVE ( 'NONE', #1749, #6264, #7898, .T. ) ;
#1742 = CARTESIAN_POINT ( 'NONE',  ( 0.9884369102818065800, 0.4553053247759635269, 4.099776967513212078 ) ) ;
#1743 = CARTESIAN_POINT ( 'NONE',  ( -6.410000000000001030, 3.750000000000000888, 2.100000000000000089 ) ) ;
#1744 = ORIENTED_EDGE ( 'NONE', *, *, #4709, .F. ) ;
#1745 = PLANE ( 'NONE',  #732 ) ;
#1746 = CARTESIAN_POINT ( 'NONE',  ( 3.810000000000000053, 5.000000000000124345, 4.099999999999992539 ) ) ;
#1747 = VERTEX_POINT ( 'NONE', #2319 ) ;
#1748 = DIRECTION ( 'NONE',  ( 4.041274046554466541E-16, -1.000000000000000000, -0.000000000000000000 ) ) ;
#1749 = VERTEX_POINT ( 'NONE', #3523 ) ;
#1750 = LINE ( 'NONE', #7101, #7077 ) ;
#1751 = VERTEX_POINT ( 'NONE', #1596 ) ;
#1752 = ADVANCED_FACE ( 'NONE', ( #2322 ), #7829, .T. ) ;
#1753 =( GEOMETRIC_REPRESENTATION_CONTEXT ( 3 ) GLOBAL_UNCERTAINTY_ASSIGNED_CONTEXT ( ( #1937 ) ) GLOBAL_UNIT_ASSIGNED_CONTEXT ( ( #6943, #6889, #3355 ) ) REPRESENTATION_CONTEXT ( 'NONE', 'WORKASPACE' ) );
#1754 = LINE ( 'NONE', #7455, #4429 ) ;
#1755 = EDGE_CURVE ( 'NONE', #6718, #3627, #5156, .T. ) ;
#1756 = CARTESIAN_POINT ( 'NONE',  ( -3.409999999999999698, 0.3999999999998738454, -3.098223304999996319 ) ) ;
#1757 = DIRECTION ( 'NONE',  ( 0.2505628075300757596, 0.9351131262929058829, 0.2505628075300764257 ) ) ;
#1758 = CARTESIAN_POINT ( 'NONE',  ( 0.6627441961475495358, 0.5370330794699176291, 4.600000000000055600 ) ) ;
#1759 = ORIENTED_EDGE ( 'NONE', *, *, #3737, .T. ) ;
#1760 = DIRECTION ( 'NONE',  ( 1.000000000000000000, -0.000000000000000000, 0.000000000000000000 ) ) ;
#1761 = DIRECTION ( 'NONE',  ( -0.000000000000000000, -0.000000000000000000, 1.000000000000000000 ) ) ;
#1762 = CARTESIAN_POINT ( 'NONE',  ( 2.896828643138717130, 0.5276846031302052653, 4.099762693267127389 ) ) ;
#1763 = EDGE_CURVE ( 'NONE', #305, #5060, #7881, .T. ) ;
#1764 = ORIENTED_EDGE ( 'NONE', *, *, #2058, .T. ) ;
#1765 = VECTOR ( 'NONE', #7320, 1000.000000000000000 ) ;
#1766 = DIRECTION ( 'NONE',  ( 0.3399999692168444998, -0.9404254467699950659, -0.000000000000000000 ) ) ;
#1767 = ORIENTED_EDGE ( 'NONE', *, *, #949, .T. ) ;
#1768 = DIRECTION ( 'NONE',  ( -1.224646799147353207E-16, 1.000000000000000000, 0.000000000000000000 ) ) ;
#1769 = CARTESIAN_POINT ( 'NONE',  ( -4.681533894226518555, 0.3677956961980926587, 4.600000000000054712 ) ) ;
#1770 = LINE ( 'NONE', #4975, #7095 ) ;
#1771 = ORIENTED_EDGE ( 'NONE', *, *, #7934, .T. ) ;
#1772 = CARTESIAN_POINT ( 'NONE',  ( -2.946061821750641574, 0.5695814399418395180, 4.099799376298420839 ) ) ;
#1773 = EDGE_CURVE ( 'NONE', #2039, #6651, #2502, .T. ) ;
#1774 = ORIENTED_EDGE ( 'NONE', *, *, #1309, .F. ) ;
#1775 = CARTESIAN_POINT ( 'NONE',  ( 3.409999999999999698, 0.3999999999998738454, -3.098223304999996319 ) ) ;
#1776 = ORIENTED_EDGE ( 'NONE', *, *, #965, .F. ) ;
#1777 = VECTOR ( 'NONE', #5776, 1000.000000000000000 ) ;
#1778 = CARTESIAN_POINT ( 'NONE',  ( -3.420102308273651914, -2.984593437674527561, -3.047435571654265374 ) ) ;
#1779 = CARTESIAN_POINT ( 'NONE',  ( 0.7839745962155740822, 5.000000000000124345, 4.599999999999999645 ) ) ;
#1780 = CARTESIAN_POINT ( 'NONE',  ( 0.8134528017888223994, 0.4529826165319982278, 4.521809953714139851 ) ) ;
#1781 = AXIS2_PLACEMENT_3D ( 'NONE', #6279, #4313, #8021 ) ;
#1782 = ORIENTED_EDGE ( 'NONE', *, *, #6861, .F. ) ;
#1783 = CARTESIAN_POINT ( 'NONE',  ( 2.935252822565921793, 0.3645495769964309241, 4.599999999999914380 ) ) ;
#1784 = FACE_OUTER_BOUND ( 'NONE', #665, .T. ) ;
#1785 = PLANE ( 'NONE',  #4175 ) ;
#1786 = CARTESIAN_POINT ( 'NONE',  ( 5.060000000000000497, 5.700000000000171596, -3.650000000000000355 ) ) ;
#1787 = CARTESIAN_POINT ( 'NONE',  ( 6.410000000000000142, 0.8500000000000009770, 4.599999999999999645 ) ) ;
#1788 = VERTEX_POINT ( 'NONE', #5928 ) ;
#1789 = EDGE_CURVE ( 'NONE', #4207, #3180, #3740, .T. ) ;
#1790 = ADVANCED_FACE ( 'NONE', ( #6293 ), #7232, .F. ) ;
#1791 = ORIENTED_EDGE ( 'NONE', *, *, #2724, .T. ) ;
#1792 = VECTOR ( 'NONE', #5426, 1000.000000000000000 ) ;
#1793 = VERTEX_POINT ( 'NONE', #2210 ) ;
#1794 = DIRECTION ( 'NONE',  ( 0.000000000000000000, -9.147955830346445240E-15, 1.000000000000000000 ) ) ;
#1795 = DIRECTION ( 'NONE',  ( 0.000000000000000000, 1.000000000000000000, 0.000000000000000000 ) ) ;
#1796 = CIRCLE ( 'NONE', #3806, 1.500000000000218714 ) ;
#1797 = DIRECTION ( 'NONE',  ( 0.000000000000000000, -9.164576854217089559E-15, 1.000000000000000000 ) ) ;
#1798 = CARTESIAN_POINT ( 'NONE',  ( 0.7409025277853215075, 0.6587709532966411485, 4.099880901472499950 ) ) ;
#1799 = CARTESIAN_POINT ( 'NONE',  ( -0.2999999999999990452, 2.600000000000000533, 2.746891109999991976 ) ) ;
#1800 = DIRECTION ( 'NONE',  ( 0.9659258261578450577, -0.2588190455922527167, 0.000000000000000000 ) ) ;
#1801 = CARTESIAN_POINT ( 'NONE',  ( -2.510000000000000231, 0.3999999999998605227, -1.649999999999993472 ) ) ;
#1802 = DIRECTION ( 'NONE',  ( 0.000000000000000000, 1.000000000000000000, 1.089244973287757740E-14 ) ) ;
#1803 = EDGE_LOOP ( 'NONE', ( #2372, #5802, #4805, #2132, #5745, #1845, #4729, #7504, #2240, #7691, #2333, #7917 ) ) ;
#1804 = DIRECTION ( 'NONE',  ( -0.2505628075300823654, -0.2505628075300823654, -0.9351131262929025523 ) ) ;
#1805 = MANIFOLD_SOLID_BREP ( 'Fillet5', #4474 ) ;
#1806 = ORIENTED_EDGE ( 'NONE', *, *, #3336, .F. ) ;
#1807 = LINE ( 'NONE', #5705, #7255 ) ;
#1808 = EDGE_LOOP ( 'NONE', ( #6879, #1872, #7846, #7632, #2659 ) ) ;
#1809 = EDGE_CURVE ( 'NONE', #7172, #3120, #3606, .T. ) ;
#1810 = CARTESIAN_POINT ( 'NONE',  ( -2.938327203996752068, 0.3676555616596965947, 4.599999999999875300 ) ) ;
#1811 = DIRECTION ( 'NONE',  ( 1.000000000000000000, -0.000000000000000000, -0.000000000000000000 ) ) ;
#1812 = ORIENTED_EDGE ( 'NONE', *, *, #821, .F. ) ;
#1813 = DIRECTION ( 'NONE',  ( -0.2505628070857300882, 0.2505628070857300882, -0.9351131265310301810 ) ) ;
#1814 = CARTESIAN_POINT ( 'NONE',  ( 2.602085213965210642E-15, 6.000000000000019540, -4.299999999999999822 ) ) ;
#1815 = EDGE_CURVE ( 'NONE', #5223, #2012, #1117, .T. ) ;
#1816 = CARTESIAN_POINT ( 'NONE',  ( 0.8736679363189836511, 0.3656399172020302069, 4.599999999999999645 ) ) ;
#1817 = ORIENTED_EDGE ( 'NONE', *, *, #7975, .F. ) ;
#1818 = DIRECTION ( 'NONE',  ( 0.000000000000000000, 0.000000000000000000, 1.000000000000000000 ) ) ;
#1819 = CARTESIAN_POINT ( 'NONE',  ( 6.410000000000000142, 0.8500000000000009770, 4.599999999999999645 ) ) ;
#1820 = CARTESIAN_POINT ( 'NONE',  ( 2.840426764446200902, 0.4743360528212186566, 4.099717546513809374 ) ) ;
#1821 = ORIENTED_EDGE ( 'NONE', *, *, #7066, .F. ) ;
#1822 = LINE ( 'NONE', #1144, #7243 ) ;
#1823 = CARTESIAN_POINT ( 'NONE',  ( 4.336808689942017736E-16, 3.000000000000000000, -1.200000000000000178 ) ) ;
#1824 = ORIENTED_EDGE ( 'NONE', *, *, #7165, .T. ) ;
#1825 = DIRECTION ( 'NONE',  ( 1.000000000000000000, -0.000000000000000000, -0.000000000000000000 ) ) ;
#1826 = CARTESIAN_POINT ( 'NONE',  ( -4.680791837132936450, 0.3685442040586727752, 4.600000000000017408 ) ) ;
#1827 = CARTESIAN_POINT ( 'NONE',  ( 5.465000000000027391, 0.4499999999978934739, 4.599999999999999645 ) ) ;
#1828 = VERTEX_POINT ( 'NONE', #4230 ) ;
#1829 = VERTEX_POINT ( 'NONE', #4849 ) ;
#1830 = VECTOR ( 'NONE', #244, 1000.000000000000000 ) ;
#1831 = DIRECTION ( 'NONE',  ( 0.000000000000000000, -1.000000000000000000, 0.000000000000000000 ) ) ;
#1832 = DIRECTION ( 'NONE',  ( -0.9659258261578430593, 0.000000000000000000, 0.2588190455922599331 ) ) ;
#1833 = PLANE ( 'NONE',  #1781 ) ;
#1834 = ORIENTED_EDGE ( 'NONE', *, *, #7980, .T. ) ;
#1835 = LINE ( 'NONE', #2386, #7297 ) ;
#1836 = DIRECTION ( 'NONE',  ( 0.000000000000000000, -1.000000000000000000, 0.000000000000000000 ) ) ;
#1837 = DIRECTION ( 'NONE',  ( 0.000000000000000000, 0.000000000000000000, 1.000000000000000000 ) ) ;
#1838 = DIRECTION ( 'NONE',  ( 0.000000000000000000, 0.000000000000000000, 1.000000000000000000 ) ) ;
#1839 = CARTESIAN_POINT ( 'NONE',  ( -0.8508078005125535581, 0.4566134230442256969, 4.426627443324363753 ) ) ;
#1840 = ADVANCED_FACE ( 'NONE', ( #883 ), #8002, .F. ) ;
#1841 = ORIENTED_EDGE ( 'NONE', *, *, #4791, .F. ) ;
#1842 = VERTEX_POINT ( 'NONE', #5795 ) ;
#1843 = EDGE_CURVE ( 'NONE', #6963, #2263, #5810, .T. ) ;
#1844 = ORIENTED_EDGE ( 'NONE', *, *, #2121, .T. ) ;
#1845 = ORIENTED_EDGE ( 'NONE', *, *, #5461, .F. ) ;
#1846 = CARTESIAN_POINT ( 'NONE',  ( 1.865599342994788579, 7.620682668312457331, -3.068085303358467630 ) ) ;
#1847 = CARTESIAN_POINT ( 'NONE',  ( 4.110000000000001208, 3.400000000000000355, 2.746891109999991976 ) ) ;
#1848 = LINE ( 'NONE', #932, #4519 ) ;
#1849 = CARTESIAN_POINT ( 'NONE',  ( 7.620000000000000107, -3.600000000000000533, 0.000000000000000000 ) ) ;
#1850 = CARTESIAN_POINT ( 'NONE',  ( 1.016359989340480441, 0.4270961927471538799, 4.099908263450040558 ) ) ;
#1851 = AXIS2_PLACEMENT_3D ( 'NONE', #6622, #4724, #2189 ) ;
#1852 = DIRECTION ( 'NONE',  ( 0.3011313679370969942, 3.687795658670297274E-17, -0.9535826651341416937 ) ) ;
#1853 = DIRECTION ( 'NONE',  ( 0.000000000000000000, -0.9659258262890687563, 0.2588190451025190741 ) ) ;
#1854 = DIRECTION ( 'NONE',  ( 0.000000000000000000, 0.000000000000000000, -1.000000000000000000 ) ) ;
#1855 = CARTESIAN_POINT ( 'NONE',  ( -3.159999999999988152, 0.000000000000000000, 0.000000000000000000 ) ) ;
#1856 = EDGE_LOOP ( 'NONE', ( #5677, #2817, #2014, #3845, #1910, #7317, #103, #6591 ) ) ;
#1857 = CARTESIAN_POINT ( 'NONE',  ( -4.548856632766304919, 0.4840026340542528116, 4.600000000000326494 ) ) ;
#1858 = ADVANCED_FACE ( 'NONE', ( #3572 ), #3553, .T. ) ;
#1859 = ORIENTED_EDGE ( 'NONE', *, *, #6825, .F. ) ;
#1860 = LINE ( 'NONE', #7668, #4412 ) ;
#1861 = EDGE_CURVE ( 'NONE', #3593, #6794, #894, .T. ) ;
#1862 = ORIENTED_EDGE ( 'NONE', *, *, #4002, .T. ) ;
#1863 = VECTOR ( 'NONE', #1766, 1000.000000000000227 ) ;
#1864 = CARTESIAN_POINT ( 'NONE',  ( -1.149999999999998801, 3.000000000000000000, -2.149999999999999911 ) ) ;
#1865 = ORIENTED_EDGE ( 'NONE', *, *, #4772, .F. ) ;
#1866 = DIRECTION ( 'NONE',  ( -1.000000000000000000, 0.000000000000000000, 0.000000000000000000 ) ) ;
#1867 = CARTESIAN_POINT ( 'NONE',  ( 0.8370872388765697725, 0.4012457474587576844, 4.600000000000069811 ) ) ;
#1868 = ORIENTED_EDGE ( 'NONE', *, *, #2567, .F. ) ;
#1869 = PLANE ( 'NONE',  #7899 ) ;
#1870 = PLANE ( 'NONE',  #837 ) ;
#1871 = CARTESIAN_POINT ( 'NONE',  ( 2.925129006747893445, 0.5524783280266439833, 4.099784211908906961 ) ) ;
#1872 = ORIENTED_EDGE ( 'NONE', *, *, #635, .F. ) ;
#1873 = LINE ( 'NONE', #6636, #4304 ) ;
#1874 = CARTESIAN_POINT ( 'NONE',  ( -5.109999999999998543, 6.400000000000019007, -4.299999999999999822 ) ) ;
#1875 = ORIENTED_EDGE ( 'NONE', *, *, #4029, .F. ) ;
#1876 = CARTESIAN_POINT ( 'NONE',  ( -6.110000000000001208, 5.566025403784609971, 4.599999999999999645 ) ) ;
#1877 = EDGE_CURVE ( 'NONE', #1057, #3607, #6411, .T. ) ;
#1878 = FACE_OUTER_BOUND ( 'NONE', #5885, .T. ) ;
#1879 = EDGE_CURVE ( 'NONE', #4547, #7962, #7098, .T. ) ;
#1880 = ORIENTED_EDGE ( 'NONE', *, *, #3518, .F. ) ;
#1881 = VERTEX_POINT ( 'NONE', #2426 ) ;
#1882 = CARTESIAN_POINT ( 'NONE',  ( 3.510000000000001119, 3.400000000000000355, 2.746891109999991976 ) ) ;
#1883 = ORIENTED_EDGE ( 'NONE', *, *, #270, .T. ) ;
#1884 = FACE_OUTER_BOUND ( 'NONE', #7440, .T. ) ;
#1885 = DIRECTION ( 'NONE',  ( 0.000000000000000000, 1.000000000000000000, 9.164576854217089559E-15 ) ) ;
#1886 = CARTESIAN_POINT ( 'NONE',  ( 4.111776695000000537, 0.3999999999998729017, -2.999999999999996447 ) ) ;
#1887 = CARTESIAN_POINT ( 'NONE',  ( -1.655000000000027116, 0.4499999999978930854, 4.600000000000000533 ) ) ;
#1888 = ORIENTED_EDGE ( 'NONE', *, *, #7543, .F. ) ;
#1889 = EDGE_CURVE ( 'NONE', #7418, #6771, #1003, .T. ) ;
#1890 = DIRECTION ( 'NONE',  ( -0.2505628075300823654, -0.2505628075300823654, -0.9351131262929025523 ) ) ;
#1891 = CARTESIAN_POINT ( 'NONE',  ( 4.209999999999999964, -8.331370849898473097, -3.800000000000076650 ) ) ;
#1892 = PLANE ( 'NONE',  #3575 ) ;
#1893 = CARTESIAN_POINT ( 'NONE',  ( -1.533436969401011263, 6.483974596215733577, 4.599999999999999645 ) ) ;
#1894 = EDGE_CURVE ( 'NONE', #2642, #6394, #3689, .T. ) ;
#1895 = ORIENTED_EDGE ( 'NONE', *, *, #7224, .F. ) ;
#1896 = ORIENTED_EDGE ( 'NONE', *, *, #3502, .F. ) ;
#1897 = LINE ( 'NONE', #1954, #1714 ) ;
#1898 = VERTEX_POINT ( 'NONE', #1251 ) ;
#1899 = DIRECTION ( 'NONE',  ( 0.000000000000000000, 0.000000000000000000, 1.000000000000000000 ) ) ;
#1900 = DIRECTION ( 'NONE',  ( 0.000000000000000000, 0.000000000000000000, -1.000000000000000000 ) ) ;
#1901 = CARTESIAN_POINT ( 'NONE',  ( 2.961385728820237873, 0.5965755787447655223, 4.099441059782100716 ) ) ;
#1902 = LINE ( 'NONE', #6104, #1740 ) ;
#1903 = DIRECTION ( 'NONE',  ( 0.3399999692168444998, -0.9404254467699950659, -0.000000000000000000 ) ) ;
#1904 = CARTESIAN_POINT ( 'NONE',  ( 0.8932460547876848178, 0.5451250691846268870, 4.099777834277720245 ) ) ;
#1905 = ADVANCED_FACE ( 'NONE', ( #3766 ), #5067, .F. ) ;
#1906 = VERTEX_POINT ( 'NONE', #7541 ) ;
#1907 = CARTESIAN_POINT ( 'NONE',  ( 2.510000000000000231, 0.3999999999998848366, -4.299999999999994493 ) ) ;
#1908 = DIRECTION ( 'NONE',  ( -0.2505628075300823654, 0.2505628075300823654, -0.9351131262929025523 ) ) ;
#1909 = CARTESIAN_POINT ( 'NONE',  ( 0.4000000000000001887, 0.3999999999998792855, -3.701776694999996842 ) ) ;
#1910 = ORIENTED_EDGE ( 'NONE', *, *, #6675, .F. ) ;
#1911 = CARTESIAN_POINT ( 'NONE',  ( -4.493592407388525167, 0.5231616011844105740, 4.599999999999995204 ) ) ;
#1912 = EDGE_CURVE ( 'NONE', #7479, #7389, #3617, .T. ) ;
#1913 = ORIENTED_EDGE ( 'NONE', *, *, #4055, .T. ) ;
#1914 = CIRCLE ( 'NONE', #3641, 1.149999999999999467 ) ;
#1915 = EDGE_LOOP ( 'NONE', ( #6989, #3616, #321, #6684, #7539 ) ) ;
#1916 = EDGE_CURVE ( 'NONE', #892, #1663, #3588, .T. ) ;
#1917 = CIRCLE ( 'NONE', #4671, 0.8499999999999997558 ) ;
#1918 = CARTESIAN_POINT ( 'NONE',  ( -5.294999999999999929, 6.350000000000171063, -3.650000000000000355 ) ) ;
#1919 = DIRECTION ( 'NONE',  ( 0.000000000000000000, 4.565061778886335030E-16, -1.000000000000000000 ) ) ;
#1920 = VERTEX_POINT ( 'NONE', #3111 ) ;
#1921 = ORIENTED_EDGE ( 'NONE', *, *, #1843, .F. ) ;
#1922 = CARTESIAN_POINT ( 'NONE',  ( -4.209999999999999076, 3.300000000000000266, -1.200000000000000178 ) ) ;
#1923 = ADVANCED_FACE ( 'NONE', ( #6373, #3702 ), #1971, .T. ) ;
#1924 = CARTESIAN_POINT ( 'NONE',  ( 2.834549796176187186, 0.4684266792095800325, 4.099716181781220214 ) ) ;
#1925 = VERTEX_POINT ( 'NONE', #3833 ) ;
#1926 = VECTOR ( 'NONE', #3217, 1000.000000000000000 ) ;
#1927 = CARTESIAN_POINT ( 'NONE',  ( 3.810000000000000497, -0.5000000000003235190, -2.149999999999999911 ) ) ;
#1928 = EDGE_LOOP ( 'NONE', ( #6848, #4756 ) ) ;
#1929 = DIRECTION ( 'NONE',  ( 1.000000000000000000, 0.000000000000000000, 0.000000000000000000 ) ) ;
#1930 = VECTOR ( 'NONE', #723, 1000.000000000000000 ) ;
#1931 = VERTEX_POINT ( 'NONE', #7589 ) ;
#1932 = CARTESIAN_POINT ( 'NONE',  ( -2.815579751444531098, 0.4492603138906159921, 4.099805024991868940 ) ) ;
#1933 = AXIS2_PLACEMENT_3D ( 'NONE', #4935, #4148, #5592 ) ;
#1934 = ORIENTED_EDGE ( 'NONE', *, *, #3813, .T. ) ;
#1935 = LINE ( 'NONE', #2711, #4890 ) ;
#1936 = PLANE ( 'NONE',  #2370 ) ;
#1937 = UNCERTAINTY_MEASURE_WITH_UNIT (LENGTH_MEASURE( 1.000000000000000082E-05 ), #6943, 'distance_accuracy_value', 'NONE');
#1938 = ORIENTED_EDGE ( 'NONE', *, *, #1153, .T. ) ;
#1939 = VECTOR ( 'NONE', #4511, 1000.000000000000000 ) ;
#1940 = CARTESIAN_POINT ( 'NONE',  ( -3.159999999999988152, 5.000000000000124345, 4.099999999999992539 ) ) ;
#1941 = CARTESIAN_POINT ( 'NONE',  ( 5.110000000000002096, 5.600000000000019185, -4.299999999999999822 ) ) ;
#1942 = DIRECTION ( 'NONE',  ( 0.3399999692168444998, -0.9404254467699950659, -0.000000000000000000 ) ) ;
#1943 = EDGE_CURVE ( 'NONE', #6557, #5602, #1082, .T. ) ;
#1944 = CARTESIAN_POINT ( 'NONE',  ( 0.4000000000000001887, 2.700000000000000178, -1.200000000000000178 ) ) ;
#1945 = ORIENTED_EDGE ( 'NONE', *, *, #1590, .F. ) ;
#1946 = EDGE_LOOP ( 'NONE', ( #6625, #3671, #4420, #6517 ) ) ;
#1947 = EDGE_LOOP ( 'NONE', ( #5761, #3788, #6414, #1201 ) ) ;
#1948 = LINE ( 'NONE', #4073, #4807 ) ;
#1949 = ORIENTED_EDGE ( 'NONE', *, *, #7263, .F. ) ;
#1950 = DIRECTION ( 'NONE',  ( -0.000000000000000000, -1.000000000000000000, -9.164576854217089559E-15 ) ) ;
#1951 = CARTESIAN_POINT ( 'NONE',  ( -4.138175298700236482, -2.946891109999997926, -3.000000000000027534 ) ) ;
#1952 = DIRECTION ( 'NONE',  ( 0.000000000000000000, 0.000000000000000000, 1.000000000000000000 ) ) ;
#1953 = LINE ( 'NONE', #5762, #7474 ) ;
#1954 = CARTESIAN_POINT ( 'NONE',  ( 0.4500724680547196765, -2.760018115538397598, -3.850072468054746011 ) ) ;
#1955 = CARTESIAN_POINT ( 'NONE',  ( 0.9924257905047509931, 0.4512753043414284848, 4.099795667318542947 ) ) ;
#1956 = DIRECTION ( 'NONE',  ( -1.000000000000000000, 0.000000000000000000, 0.000000000000000000 ) ) ;
#1957 = AXIS2_PLACEMENT_3D ( 'NONE', #6441, #4582, #1436 ) ;
#1958 = ORIENTED_EDGE ( 'NONE', *, *, #2749, .T. ) ;
#1959 = EDGE_CURVE ( 'NONE', #5234, #1314, #6305, .T. ) ;
#1960 = DIRECTION ( 'NONE',  ( -1.000000000000000000, -0.000000000000000000, -0.000000000000000000 ) ) ;
#1961 = DIRECTION ( 'NONE',  ( 1.000000000000000000, -0.000000000000000000, -0.000000000000000000 ) ) ;
#1962 = ORIENTED_EDGE ( 'NONE', *, *, #7755, .T. ) ;
#1963 = CARTESIAN_POINT ( 'NONE',  ( -4.502959481501984662, 0.5168110508105109302, 4.600000000000036060 ) ) ;
#1964 = VERTEX_POINT ( 'NONE', #4910 ) ;
#1965 = FACE_OUTER_BOUND ( 'NONE', #2172, .T. ) ;
#1966 = AXIS2_PLACEMENT_3D ( 'NONE', #4767, #7928, #518 ) ;
#1967 = ORIENTED_EDGE ( 'NONE', *, *, #1153, .F. ) ;
#1968 = CARTESIAN_POINT ( 'NONE',  ( 4.110000000000000320, 2.600000000000000533, -1.200000000000000178 ) ) ;
#1969 = PLANE ( 'NONE',  #989 ) ;
#1970 = ADVANCED_FACE ( 'NONE', ( #952 ), #6817, .F. ) ;
#1971 = PLANE ( 'NONE',  #613 ) ;
#1972 = EDGE_LOOP ( 'NONE', ( #6478, #1434, #6595, #3196 ) ) ;
#1973 = CARTESIAN_POINT ( 'NONE',  ( 0.3707106781186547684, 2.629289321881345565, 2.856200347158724284 ) ) ;
#1974 = PLANE ( 'NONE',  #760 ) ;
#1975 = ORIENTED_EDGE ( 'NONE', *, *, #6713, .F. ) ;
#1976 = DIRECTION ( 'NONE',  ( 0.000000000000000000, 0.000000000000000000, -1.000000000000000000 ) ) ;
#1977 = EDGE_CURVE ( 'NONE', #5465, #7422, #6328, .T. ) ;
#1978 = DIRECTION ( 'NONE',  ( 1.000000000000000000, -0.000000000000000000, -0.000000000000000000 ) ) ;
#1979 = CARTESIAN_POINT ( 'NONE',  ( 2.835295041923803883, 0.4691796879477195814, 4.099712913063049413 ) ) ;
#1980 = ORIENTED_EDGE ( 'NONE', *, *, #2928, .T. ) ;
#1981 = LINE ( 'NONE', #2161, #1990 ) ;
#1982 = CARTESIAN_POINT ( 'NONE',  ( 4.694504892025628706, 0.4599309742376674892, 4.339657000290607414 ) ) ;
#1983 = ORIENTED_EDGE ( 'NONE', *, *, #3829, .T. ) ;
#1984 = CARTESIAN_POINT ( 'NONE',  ( 3.810000000000000053, 5.000000000000124345, 4.099999999999992539 ) ) ;
#1985 = SURFACE_STYLE_FILL_AREA ( #2639 ) ;
#1986 = ORIENTED_EDGE ( 'NONE', *, *, #5043, .T. ) ;
#1987 = EDGE_LOOP ( 'NONE', ( #2002, #1255, #1493, #1986 ) ) ;
#1988 = CARTESIAN_POINT ( 'NONE',  ( -2.840033825632773290, 0.4739431823188549053, 4.099717220368699344 ) ) ;
#1989 = ORIENTED_EDGE ( 'NONE', *, *, #1332, .F. ) ;
#1990 = VECTOR ( 'NONE', #1597, 1000.000000000000000 ) ;
#1991 = CARTESIAN_POINT ( 'NONE',  ( -6.110000000000001208, 3.750000000000000000, 4.000000000000000000 ) ) ;
#1992 = CARTESIAN_POINT ( 'NONE',  ( -6.110000000000001208, 6.483974596215733577, 4.599999999999999645 ) ) ;
#1993 = CARTESIAN_POINT ( 'NONE',  ( 4.111776695000000537, 0.3999999999998802291, -3.799999999999996714 ) ) ;
#1994 = ORIENTED_EDGE ( 'NONE', *, *, #58, .T. ) ;
#1995 = CARTESIAN_POINT ( 'NONE',  ( -3.809999999999997389, 6.000000000000019540, -4.299999999999999822 ) ) ;
#1996 = EDGE_CURVE ( 'NONE', #1282, #3762, #3729, .T. ) ;
#1997 = AXIS2_PLACEMENT_3D ( 'NONE', #4829, #4212, #3772 ) ;
#1998 = LINE ( 'NONE', #5237, #4730 ) ;
#1999 = PLANE ( 'NONE',  #2896 ) ;
#2000 = DIRECTION ( 'NONE',  ( -1.000000000000000000, 0.000000000000000000, 0.000000000000000000 ) ) ;
#2001 = DIRECTION ( 'NONE',  ( 0.000000000000000000, 0.9992732446016997505, 0.03811800917140870798 ) ) ;
#2002 = ORIENTED_EDGE ( 'NONE', *, *, #7622, .T. ) ;
#2003 = EDGE_CURVE ( 'NONE', #7250, #2924, #1021, .T. ) ;
#2004 = ORIENTED_EDGE ( 'NONE', *, *, #6912, .F. ) ;
#2005 = ORIENTED_EDGE ( 'NONE', *, *, #48, .T. ) ;
#2006 = ORIENTED_EDGE ( 'NONE', *, *, #4743, .F. ) ;
#2007 = EDGE_CURVE ( 'NONE', #3627, #7132, #988, .T. ) ;
#2008 = CARTESIAN_POINT ( 'NONE',  ( -1.299999999999998268, 6.400000000000019007, -4.599999999999999645 ) ) ;
#2009 = CARTESIAN_POINT ( 'NONE',  ( -0.5463690368844507095, 0.6030825622727106206, 4.600000000000039613 ) ) ;
#2010 = DIRECTION ( 'NONE',  ( -0.000000000000000000, 1.000000000000000000, 9.164576854217089559E-15 ) ) ;
#2011 = CARTESIAN_POINT ( 'NONE',  ( 3.585000000000000409, 2.774999999999999911, 3.399999999999999911 ) ) ;
#2012 = VERTEX_POINT ( 'NONE', #4553 ) ;
#2013 = CARTESIAN_POINT ( 'NONE',  ( 4.460000000000011511, 5.700000000000171596, -2.149999999999999911 ) ) ;
#2014 = ORIENTED_EDGE ( 'NONE', *, *, #2443, .F. ) ;
#2015 = ORIENTED_EDGE ( 'NONE', *, *, #7367, .T. ) ;
#2016 = CARTESIAN_POINT ( 'NONE',  ( 3.495131793581562007, 0.6904023156106456893, 4.600000000000020961 ) ) ;
#2017 = LINE ( 'NONE', #3632, #2299 ) ;
#2018 = ORIENTED_EDGE ( 'NONE', *, *, #4632, .F. ) ;
#2019 = AXIS2_PLACEMENT_3D ( 'NONE', #6783, #879, #340 ) ;
#2020 = FACE_OUTER_BOUND ( 'NONE', #6590, .T. ) ;
#2021 = DIRECTION ( 'NONE',  ( -0.000000000000000000, 1.000000000000000000, -0.000000000000000000 ) ) ;
#2022 = VERTEX_POINT ( 'NONE', #6563 ) ;
#2023 = DIRECTION ( 'NONE',  ( 1.000000000000000000, -0.000000000000000000, -0.000000000000000000 ) ) ;
#2024 = CARTESIAN_POINT ( 'NONE',  ( -3.410000000000000142, 2.673123889793531216, 2.746891109999991087 ) ) ;
#2025 = ORIENTED_EDGE ( 'NONE', *, *, #2354, .F. ) ;
#2026 = DIRECTION ( 'NONE',  ( -0.000000000000000000, 1.000000000000000000, 9.147955830346445240E-15 ) ) ;
#2027 =( LENGTH_UNIT ( ) NAMED_UNIT ( * ) SI_UNIT ( .MILLI., .METRE. ) );
#2028 = CARTESIAN_POINT ( 'NONE',  ( 4.785225751954172324, 0.4686534760026841440, 4.099715096046906204 ) ) ;
#2029 = VERTEX_POINT ( 'NONE', #7193 ) ;
#2030 = CIRCLE ( 'NONE', #1324, 0.1000000000000002554 ) ;
#2031 = SURFACE_SIDE_STYLE ('',( #4509 ) ) ;
#2032 = ORIENTED_EDGE ( 'NONE', *, *, #5537, .F. ) ;
#2033 = PLANE ( 'NONE',  #2494 ) ;
#2034 = CARTESIAN_POINT ( 'NONE',  ( -4.731218092016898247, 0.3176078325370189637, 4.600000000000004086 ) ) ;
#2035 = LINE ( 'NONE', #248, #7438 ) ;
#2036 = AXIS2_PLACEMENT_3D ( 'NONE', #650, #1240, #1854 ) ;
#2037 = ADVANCED_FACE ( 'NONE', ( #1060 ), #6223, .T. ) ;
#2038 = ORIENTED_EDGE ( 'NONE', *, *, #6286, .F. ) ;
#2039 = VERTEX_POINT ( 'NONE', #7810 ) ;
#2040 = ORIENTED_EDGE ( 'NONE', *, *, #2530, .F. ) ;
#2041 = ADVANCED_FACE ( 'NONE', ( #6425 ), #3754, .T. ) ;
#2042 = CARTESIAN_POINT ( 'NONE',  ( 1.300000000000000044, 0.3999999999998605227, -1.649999999999993472 ) ) ;
#2043 = DIRECTION ( 'NONE',  ( 0.000000000000000000, -0.03811800917140870798, 0.9992732446016997505 ) ) ;
#2044 = CARTESIAN_POINT ( 'NONE',  ( -1.047724921764583650, 0.3954161282703365088, 4.100056995364635526 ) ) ;
#2045 = ORIENTED_EDGE ( 'NONE', *, *, #2959, .F. ) ;
#2046 = CARTESIAN_POINT ( 'NONE',  ( 5.110000000000000320, 0.000000000000000000, -4.599999999999999645 ) ) ;
#2047 = FACE_OUTER_BOUND ( 'NONE', #1727, .T. ) ;
#2048 = DIRECTION ( 'NONE',  ( 0.000000000000000000, 1.000000000000000000, -3.614007241618349264E-16 ) ) ;
#2049 = DIRECTION ( 'NONE',  ( 0.000000000000000000, 1.000000000000000000, 0.000000000000000000 ) ) ;
#2050 = CARTESIAN_POINT ( 'NONE',  ( 4.209999999999999964, 2.700000000000000178, -1.200000000000000178 ) ) ;
#2051 = EDGE_CURVE ( 'NONE', #1663, #3796, #3513, .T. ) ;
#2052 = ORIENTED_EDGE ( 'NONE', *, *, #7241, .T. ) ;
#2053 = ORIENTED_EDGE ( 'NONE', *, *, #5152, .T. ) ;
#2054 = ORIENTED_EDGE ( 'NONE', *, *, #5916, .F. ) ;
#2055 = STYLED_ITEM ( 'NONE', ( #5354 ), #5257 ) ;
#2056 = ORIENTED_EDGE ( 'NONE', *, *, #6917, .F. ) ;
#2057 = CARTESIAN_POINT ( 'NONE',  ( -3.485195104395820476, 0.8371463314978462300, 4.100057684439431860 ) ) ;
#2058 = EDGE_CURVE ( 'NONE', #2705, #2273, #6539, .T. ) ;
#2059 = DIRECTION ( 'NONE',  ( 0.000000000000000000, -1.000000000000000000, 0.000000000000000000 ) ) ;
#2060 = CARTESIAN_POINT ( 'NONE',  ( -4.460000000000012399, 5.133974596215686859, 4.599999999999999645 ) ) ;
#2061 = CARTESIAN_POINT ( 'NONE',  ( -6.410000000000001030, 2.550000000000001155, 2.100000000000000089 ) ) ;
#2062 = CARTESIAN_POINT ( 'NONE',  ( 6.110000000000000320, 7.150000000000000355, 1.000000000000000000 ) ) ;
#2063 = LINE ( 'NONE', #7514, #2099 ) ;
#2064 = CARTESIAN_POINT ( 'NONE',  ( 3.159999999999981934, 5.526333359182902801E-15, 4.099999999999992539 ) ) ;
#2065 = CARTESIAN_POINT ( 'NONE',  ( -0.3798328763150030096, 0.6712061311120155471, 4.599999999999949019 ) ) ;
#2066 = CARTESIAN_POINT ( 'NONE',  ( 0.8899343455734828323, 0.7074836895662700575, -2.149999999999999911 ) ) ;
#2067 = CARTESIAN_POINT ( 'NONE',  ( -4.109999999999999432, 2.600000000000000533, 3.399999999999999911 ) ) ;
#2068 = ORIENTED_EDGE ( 'NONE', *, *, #1507, .F. ) ;
#2069 = CARTESIAN_POINT ( 'NONE',  ( 4.209999999999999964, -2.946891109999993930, -3.728175298700263429 ) ) ;
#2070 = CARTESIAN_POINT ( 'NONE',  ( 0.8899343455734828323, 0.7074836895662705016, -2.149999999999999911 ) ) ;
#2071 = CARTESIAN_POINT ( 'NONE',  ( 3.409999999999999698, 0.3999999999998792855, -3.701776694999996842 ) ) ;
#2072 = EDGE_LOOP ( 'NONE', ( #6177, #3801, #4108, #6333, #769, #6265 ) ) ;
#2073 = ADVANCED_FACE ( 'NONE', ( #6696 ), #3653, .F. ) ;
#2074 = ORIENTED_EDGE ( 'NONE', *, *, #5969, .F. ) ;
#2075 = VECTOR ( 'NONE', #3547, 1000.000000000000000 ) ;
#2076 = EDGE_CURVE ( 'NONE', #7636, #5936, #1260, .T. ) ;
#2077 = ORIENTED_EDGE ( 'NONE', *, *, #7886, .T. ) ;
#2078 = DIRECTION ( 'NONE',  ( -0.000000000000000000, 0.000000000000000000, -1.000000000000000000 ) ) ;
#2079 = VECTOR ( 'NONE', #6283, 1000.000000000000114 ) ;
#2080 = CARTESIAN_POINT ( 'NONE',  ( -0.8899343455734815000, 0.7074836895662702796, -2.149999999999999911 ) ) ;
#2081 = DIRECTION ( 'NONE',  ( 0.000000000000000000, 1.000000000000000000, 0.000000000000000000 ) ) ;
#2082 = CARTESIAN_POINT ( 'NONE',  ( 4.785349469951012402, 0.4685284635428673683, 4.099715721873718799 ) ) ;
#2083 = VERTEX_POINT ( 'NONE', #218 ) ;
#2084 = CARTESIAN_POINT ( 'NONE',  ( -4.209999999999999076, 2.600000000000000533, 3.399999999999999911 ) ) ;
#2085 = CARTESIAN_POINT ( 'NONE',  ( 2.324999999999999734, 6.350000000000171063, -3.650000000000000355 ) ) ;
#2086 = CARTESIAN_POINT ( 'NONE',  ( 4.251923917517061113, 0.6489538240145867887, 4.600000000000001421 ) ) ;
#2087 = AXIS2_PLACEMENT_3D ( 'NONE', #5088, #5758, #2043 ) ;
#2088 = CARTESIAN_POINT ( 'NONE',  ( -4.959999999999999076, 3.000000000000000000, -2.149999999999999911 ) ) ;
#2089 = VERTEX_POINT ( 'NONE', #7969 ) ;
#2090 = ORIENTED_EDGE ( 'NONE', *, *, #4776, .F. ) ;
#2091 = EDGE_CURVE ( 'NONE', #7376, #7117, #4026, .T. ) ;
#2092 = ORIENTED_EDGE ( 'NONE', *, *, #773, .F. ) ;
#2093 = CARTESIAN_POINT ( 'NONE',  ( -0.2999999999999990452, 2.600000000000000533, 3.399999999999999911 ) ) ;
#2094 =( NAMED_UNIT ( * ) PLANE_ANGLE_UNIT ( ) SI_UNIT ( $, .RADIAN. ) );
#2095 = CARTESIAN_POINT ( 'NONE',  ( -0.4959839505017807904, 0.7840613880603860553, 4.100003168651745966 ) ) ;
#2096 = ORIENTED_EDGE ( 'NONE', *, *, #24, .T. ) ;
#2097 = CARTESIAN_POINT ( 'NONE',  ( 3.483123889793531713, 3.400000000000000355, 2.746891109999991087 ) ) ;
#2098 = EDGE_CURVE ( 'NONE', #1586, #6744, #6510, .T. ) ;
#2099 = VECTOR ( 'NONE', #7672, 1000.000000000000000 ) ;
#2100 = CARTESIAN_POINT ( 'NONE',  ( 0.02832424228751701661, -4.545418941088585463, -3.428324242287544621 ) ) ;
#2101 = CARTESIAN_POINT ( 'NONE',  ( 3.510000000000001119, 2.700000000000000178, 3.399999999999999911 ) ) ;
#2102 = CARTESIAN_POINT ( 'NONE',  ( -4.209999999999999076, 3.400000000000000355, 3.399999999999999911 ) ) ;
#2103 = CARTESIAN_POINT ( 'NONE',  ( -0.3409738547185291457, 1.112076148575014800, -2.149999999999999911 ) ) ;
#2104 = ADVANCED_FACE ( 'NONE', ( #1140 ), #3913, .T. ) ;
#2105 = VERTEX_POINT ( 'NONE', #2727 ) ;
#2106 = ORIENTED_EDGE ( 'NONE', *, *, #1916, .F. ) ;
#2107 = ORIENTED_EDGE ( 'NONE', *, *, #3458, .T. ) ;
#2108 = CARTESIAN_POINT ( 'NONE',  ( -2.948361796067144436, 0.3776742237725108087, 4.599999999999874412 ) ) ;
#2109 = CARTESIAN_POINT ( 'NONE',  ( -5.109999999999998543, 6.400000000000019007, -4.299999999999999822 ) ) ;
#2110 = DIRECTION ( 'NONE',  ( -0.09316605137675544601, -0.2576933335952809045, 0.9617246137493908886 ) ) ;
#2111 = FACE_OUTER_BOUND ( 'NONE', #1803, .T. ) ;
#2112 = CARTESIAN_POINT ( 'NONE',  ( -0.9212180920168966392, 0.3176078325370187416, 4.600000000000003197 ) ) ;
#2113 = CARTESIAN_POINT ( 'NONE',  ( -4.199897691726347304, -2.984593437674524896, -3.752564428345788183 ) ) ;
#2114 = EDGE_LOOP ( 'NONE', ( #6795, #6511, #3651, #6209 ) ) ;
#2115 = PLANE ( 'NONE',  #2806 ) ;
#2116 = VERTEX_POINT ( 'NONE', #1461 ) ;
#2117 = AXIS2_PLACEMENT_3D ( 'NONE', #7150, #294, #6520 ) ;
#2118 = ORIENTED_EDGE ( 'NONE', *, *, #768, .F. ) ;
#2119 = EDGE_LOOP ( 'NONE', ( #7699, #7388, #6974, #4741 ) ) ;
#2120 = LINE ( 'NONE', #2100, #7867 ) ;
#2121 = EDGE_CURVE ( 'NONE', #5573, #2405, #3933, .T. ) ;
#2122 = DIRECTION ( 'NONE',  ( -0.000000000000000000, 0.000000000000000000, 1.000000000000000000 ) ) ;
#2123 = ORIENTED_EDGE ( 'NONE', *, *, #4883, .T. ) ;
#2124 = DIRECTION ( 'NONE',  ( 0.000000000000000000, -1.000000000000000000, 0.000000000000000000 ) ) ;
#2125 = CARTESIAN_POINT ( 'NONE',  ( 0.8916246226148295539, 0.3474995453537850776, 4.599999999999931255 ) ) ;
#2126 = ORIENTED_EDGE ( 'NONE', *, *, #1305, .T. ) ;
#2127 = PLANE ( 'NONE',  #7006 ) ;
#2128 = CARTESIAN_POINT ( 'NONE',  ( 4.787467741523966147, 0.4663881584689220650, 4.099725652163939138 ) ) ;
#2129 = ADVANCED_FACE ( 'NONE', ( #1211 ), #3327, .F. ) ;
#2130 = ORIENTED_EDGE ( 'NONE', *, *, #6192, .F. ) ;
#2131 = DIRECTION ( 'NONE',  ( 0.000000000000000000, -0.000000000000000000, 1.000000000000000000 ) ) ;
#2132 = ORIENTED_EDGE ( 'NONE', *, *, #5193, .F. ) ;
#2133 = DIRECTION ( 'NONE',  ( -0.000000000000000000, 0.000000000000000000, -1.000000000000000000 ) ) ;
#2134 = CARTESIAN_POINT ( 'NONE',  ( -4.699577619035739673, 0.3495673800454420221, 4.599999999999997868 ) ) ;
#2135 = FACE_OUTER_BOUND ( 'NONE', #9, .T. ) ;
#2136 = AXIS2_PLACEMENT_3D ( 'NONE', #483, #1099, #4785 ) ;
#2137 = VERTEX_POINT ( 'NONE', #5228 ) ;
#2138 = ORIENTED_EDGE ( 'NONE', *, *, #3791, .T. ) ;
#2139 = CLOSED_SHELL ( 'NONE', ( #3851, #7666, #3587, #1840, #7521, #5995, #2788, #5206, #235, #240, #7461, #1162, #2037, #6479 ) ) ;
#2140 =( BOUNDED_CURVE ( )  B_SPLINE_CURVE ( 3, ( #7465, #5140, #137, #7560 ),
 .UNSPECIFIED., .F., .F. ) 
 B_SPLINE_CURVE_WITH_KNOTS ( ( 4, 4 ),
 ( 0.000000000000000000, 0.7853981633974631560 ),
 .UNSPECIFIED. ) 
 CURVE ( )  GEOMETRIC_REPRESENTATION_ITEM ( )  RATIONAL_B_SPLINE_CURVE ( ( 1.000000000000000000, 0.9492530216741892346, 0.9492530216741892346, 1.000000000000000000 ) ) 
 REPRESENTATION_ITEM ( '' )  );
#2141 = DIRECTION ( 'NONE',  ( 1.000000000000000000, 0.000000000000000000, 0.000000000000000000 ) ) ;
#2142 = DIRECTION ( 'NONE',  ( 1.000000000000000000, 0.000000000000000000, 0.000000000000000000 ) ) ;
#2143 = CARTESIAN_POINT ( 'NONE',  ( -0.7642071972253650092, 0.6432653679969450033, 4.099866424979710544 ) ) ;
#2144 = EDGE_CURVE ( 'NONE', #2235, #7704, #3821, .T. ) ;
#2145 = EDGE_LOOP ( 'NONE', ( #7942, #7105, #358, #2006, #4289, #2539, #3369, #5210, #2485, #1875, #1994, #7855, #6121, #3229, #5170, #5261, #6183, #3950 ) ) ;
#2146 = LINE ( 'NONE', #4199, #4790 ) ;
#2147 = CARTESIAN_POINT ( 'NONE',  ( -0.3712310600360538837, -3.054258255407597211, -3.028768939963972784 ) ) ;
#2148 = CARTESIAN_POINT ( 'NONE',  ( -4.111776695000000537, 0.3999999999998796185, -3.701776694999996842 ) ) ;
#2149 =( BOUNDED_CURVE ( )  B_SPLINE_CURVE ( 3, ( #292, #2784, #6010, #4667 ),
 .UNSPECIFIED., .F., .F. ) 
 B_SPLINE_CURVE_WITH_KNOTS ( ( 4, 4 ),
 ( 5.497787143782137953, 6.283185307179586232 ),
 .UNSPECIFIED. ) 
 CURVE ( )  GEOMETRIC_REPRESENTATION_ITEM ( )  RATIONAL_B_SPLINE_CURVE ( ( 1.000000000000000000, 0.9492530216741911220, 0.9492530216741911220, 1.000000000000000000 ) ) 
 REPRESENTATION_ITEM ( '' )  );
#2150 = ORIENTED_EDGE ( 'NONE', *, *, #253, .F. ) ;
#2151 = EDGE_LOOP ( 'NONE', ( #1220, #2902, #284, #2205, #5748 ) ) ;
#2152 = EDGE_CURVE ( 'NONE', #7457, #1408, #6623, .T. ) ;
#2153 = EDGE_LOOP ( 'NONE', ( #3381, #2207, #810, #1632 ) ) ;
#2154 = ORIENTED_EDGE ( 'NONE', *, *, #6644, .T. ) ;
#2155 = CARTESIAN_POINT ( 'NONE',  ( -3.128390335602870387, 0.5246769776161580578, 4.599999999999993427 ) ) ;
#2156 = CARTESIAN_POINT ( 'NONE',  ( -4.659999999999999254, 3.000000000000000000, -1.200000000000000178 ) ) ;
#2157 = AXIS2_PLACEMENT_3D ( 'NONE', #6717, #5218, #3314 ) ;
#2158 = VECTOR ( 'NONE', #2378, 1000.000000000000000 ) ;
#2159 = DIRECTION ( 'NONE',  ( 1.000000000000000000, 0.000000000000000000, 0.000000000000000000 ) ) ;
#2160 = FACE_BOUND ( 'NONE', #2473, .T. ) ;
#2161 = CARTESIAN_POINT ( 'NONE',  ( -5.060000000000000497, 5.700000000000171596, -3.650000000000000355 ) ) ;
#2162 = CARTESIAN_POINT ( 'NONE',  ( -0.6259074007750765611, 0.5595973432406078363, 4.600000000000003197 ) ) ;
#2163 = CARTESIAN_POINT ( 'NONE',  ( -2.559999999999999609, 5.700000000000171596, -3.650000000000000355 ) ) ;
#2164 = ADVANCED_FACE ( 'NONE', ( #6749, #3870 ), #5645, .T. ) ;
#2165 = ORIENTED_EDGE ( 'NONE', *, *, #6286, .T. ) ;
#2166 = CARTESIAN_POINT ( 'NONE',  ( 3.410000000000000586, 3.400000000000000355, -1.200000000000000178 ) ) ;
#2167 = CARTESIAN_POINT ( 'NONE',  ( 6.410000000000000142, 3.750000000000000888, 2.100000000000000089 ) ) ;
#2168 = VECTOR ( 'NONE', #2640, 1000.000000000000000 ) ;
#2169 = EDGE_CURVE ( 'NONE', #6557, #7636, #1151, .T. ) ;
#2170 = ORIENTED_EDGE ( 'NONE', *, *, #2919, .F. ) ;
#2171 = ADVANCED_FACE ( 'NONE', ( #1319 ), #3188, .F. ) ;
#2172 = EDGE_LOOP ( 'NONE', ( #1771, #6533, #4324, #572 ) ) ;
#2173 = EDGE_CURVE ( 'NONE', #1495, #4979, #2140, .T. ) ;
#2174 = LINE ( 'NONE', #2819, #4976 ) ;
#2175 = VECTOR ( 'NONE', #5801, 1000.000000000000000 ) ;
#2176 = ORIENTED_EDGE ( 'NONE', *, *, #5480, .F. ) ;
#2177 =( BOUNDED_CURVE ( )  B_SPLINE_CURVE ( 3, ( #1973, #1301, #7494, #3741 ),
 .UNSPECIFIED., .F., .F. ) 
 B_SPLINE_CURVE_WITH_KNOTS ( ( 4, 4 ),
 ( 5.497787143782140618, 6.283185307179586232 ),
 .UNSPECIFIED. ) 
 CURVE ( )  GEOMETRIC_REPRESENTATION_ITEM ( )  RATIONAL_B_SPLINE_CURVE ( ( 1.000000000000000000, 0.9492530216741915661, 0.9492530216741915661, 1.000000000000000000 ) ) 
 REPRESENTATION_ITEM ( '' )  );
#2178 = DIRECTION ( 'NONE',  ( 0.3011313679370969942, 3.687795658670297274E-17, -0.9535826651341416937 ) ) ;
#2179 = ORIENTED_EDGE ( 'NONE', *, *, #5224, .T. ) ;
#2180 = PLANE ( 'NONE',  #683 ) ;
#2181 = CARTESIAN_POINT ( 'NONE',  ( 3.810000000000002718, 6.000000000000019540, -4.299999999999999822 ) ) ;
#2182 = EDGE_LOOP ( 'NONE', ( #6996, #3885, #6980, #1627, #749 ) ) ;
#2183 = CARTESIAN_POINT ( 'NONE',  ( 4.035000000000006359, -3.600000000000000533, -3.625000000000033751 ) ) ;
#2184 = CARTESIAN_POINT ( 'NONE',  ( -5.060000000000000497, 5.700000000000171596, 4.099999999999992539 ) ) ;
#2185 = CARTESIAN_POINT ( 'NONE',  ( 4.750407207189237369, 0.5026554543110623996, 4.099741300511793085 ) ) ;
#2186 = ORIENTED_EDGE ( 'NONE', *, *, #7490, .T. ) ;
#2187 = CARTESIAN_POINT ( 'NONE',  ( 4.678673920724284230, 0.3706727934365182664, 4.599999999999996092 ) ) ;
#2188 = ORIENTED_EDGE ( 'NONE', *, *, #3211, .F. ) ;
#2189 = DIRECTION ( 'NONE',  ( 0.000000000000000000, -0.000000000000000000, -1.000000000000000000 ) ) ;
#2190 = DIRECTION ( 'NONE',  ( 0.000000000000000000, 0.000000000000000000, 1.000000000000000000 ) ) ;
#2191 = ORIENTED_EDGE ( 'NONE', *, *, #7009, .T. ) ;
#2192 = CARTESIAN_POINT ( 'NONE',  ( -1.300000000000000044, 4.300000000000015810, -4.299999999999952749 ) ) ;
#2193 = CIRCLE ( 'NONE', #924, 0.5000000000000000000 ) ;
#2194 = EDGE_CURVE ( 'NONE', #3470, #6796, #1223, .T. ) ;
#2195 = VERTEX_POINT ( 'NONE', #680 ) ;
#2196 = CARTESIAN_POINT ( 'NONE',  ( -4.034999999999999254, 0.000000000000000000, 3.399999999999999911 ) ) ;
#2197 = CARTESIAN_POINT ( 'NONE',  ( -4.034999999999999254, 2.600000000000000533, 3.399999999999999911 ) ) ;
#2198 = CARTESIAN_POINT ( 'NONE',  ( -0.9780431819702438689, 0.4658066202758302521, 4.099728355920782441 ) ) ;
#2199 = EDGE_LOOP ( 'NONE', ( #6689, #4386, #7463, #4864, #2053, #4833, #7188, #7551, #7825, #7586 ) ) ;
#2200 = FACE_OUTER_BOUND ( 'NONE', #3979, .T. ) ;
#2201 = CARTESIAN_POINT ( 'NONE',  ( 1.300000000000001599, 5.600000000000019185, -4.299999999999999822 ) ) ;
#2202 = EDGE_LOOP ( 'NONE', ( #583, #4763, #7787, #7493 ) ) ;
#2203 = DIRECTION ( 'NONE',  ( 0.000000000000000000, 0.000000000000000000, 1.000000000000000000 ) ) ;
#2204 = CARTESIAN_POINT ( 'NONE',  ( 4.699934345573482553, 0.7074836895662700575, -2.149999999999999911 ) ) ;
#2205 = ORIENTED_EDGE ( 'NONE', *, *, #6243, .F. ) ;
#2206 = ORIENTED_EDGE ( 'NONE', *, *, #6942, .F. ) ;
#2207 = ORIENTED_EDGE ( 'NONE', *, *, #5796, .T. ) ;
#2208 = VERTEX_POINT ( 'NONE', #2589 ) ;
#2209 = LINE ( 'NONE', #549, #7663 ) ;
#2210 = CARTESIAN_POINT ( 'NONE',  ( -0.2999999999999990452, 3.400000000000000355, 2.746891109999991976 ) ) ;
#2211 = LINE ( 'NONE', #2962, #4622 ) ;
#2212 = ORIENTED_EDGE ( 'NONE', *, *, #6579, .T. ) ;
#2213 = CARTESIAN_POINT ( 'NONE',  ( -0.6356981317256030772, 0.5537259598456818477, 4.600000000000004974 ) ) ;
#2214 = AXIS2_PLACEMENT_3D ( 'NONE', #6067, #2403, #7420 ) ;
#2215 = CARTESIAN_POINT ( 'NONE',  ( -5.110000000000000320, 0.3999999999998605227, -1.649999999999993472 ) ) ;
#2216 = DIRECTION ( 'NONE',  ( 0.9404254467699950659, -0.3399999692168444998, 0.000000000000000000 ) ) ;
#2217 = CARTESIAN_POINT ( 'NONE',  ( -2.920065654426517110, 0.7074836895662700575, -2.149999999999999911 ) ) ;
#2218 = EDGE_LOOP ( 'NONE', ( #6469, #3165, #1271, #1406 ) ) ;
#2219 = CARTESIAN_POINT ( 'NONE',  ( -0.3017766950000003723, -8.331370849898474873, -3.701776695000076778 ) ) ;
#2220 = CARTESIAN_POINT ( 'NONE',  ( -3.781675757712482877, -4.545418941088585463, -3.371675757712511157 ) ) ;
#2221 = ORIENTED_EDGE ( 'NONE', *, *, #2608, .F. ) ;
#2222 = EDGE_CURVE ( 'NONE', #1241, #6990, #3973, .T. ) ;
#2223 = ORIENTED_EDGE ( 'NONE', *, *, #1916, .T. ) ;
#2224 = CIRCLE ( 'NONE', #4315, 0.2000000000000000944 ) ;
#2225 = CIRCLE ( 'NONE', #3810, 0.3000000000000000999 ) ;
#2226 = VERTEX_POINT ( 'NONE', #26 ) ;
#2227 = AXIS2_PLACEMENT_3D ( 'NONE', #3122, #1312, #2436 ) ;
#2228 = ADVANCED_FACE ( 'NONE', ( #4035 ), #1833, .F. ) ;
#2229 = VERTEX_POINT ( 'NONE', #1993 ) ;
#2230 = CARTESIAN_POINT ( 'NONE',  ( 2.868045879767290973, 0.4656901194541832600, 4.188679552838889819 ) ) ;
#2231 = EDGE_LOOP ( 'NONE', ( #7682, #4137, #2179, #4846 ) ) ;
#2232 = DIRECTION ( 'NONE',  ( 0.000000000000000000, -9.147955830346445240E-15, 1.000000000000000000 ) ) ;
#2233 = DIRECTION ( 'NONE',  ( -0.000000000000000000, -1.000000000000000000, -9.164576854217089559E-15 ) ) ;
#2234 = CARTESIAN_POINT ( 'NONE',  ( 4.776599227687865046, 0.4773002873813851910, 4.099720010068703679 ) ) ;
#2235 = VERTEX_POINT ( 'NONE', #1887 ) ;
#2236 = AXIS2_PLACEMENT_3D ( 'NONE', #5851, #5121, #6615 ) ;
#2237 = CARTESIAN_POINT ( 'NONE',  ( -3.409999999999999698, 3.300000000000000266, -1.200000000000000178 ) ) ;
#2238 = DIRECTION ( 'NONE',  ( 0.000000000000000000, -0.03811800917140870798, 0.9992732446016997505 ) ) ;
#2239 = CARTESIAN_POINT ( 'NONE',  ( -3.028426785290895040, 0.4500000001183825926, 4.599999999999999645 ) ) ;
#2240 = ORIENTED_EDGE ( 'NONE', *, *, #7916, .F. ) ;
#2241 = CARTESIAN_POINT ( 'NONE',  ( 0.8485478936724040189, 0.5966332420620512611, 4.099825788867086374 ) ) ;
#2242 = EDGE_CURVE ( 'NONE', #3796, #7213, #6647, .T. ) ;
#2243 = CARTESIAN_POINT ( 'NONE',  ( 4.375715343156559634, 0.5939416381264397415, 4.600000000000436629 ) ) ;
#2244 = VECTOR ( 'NONE', #4163, 1000.000000000000000 ) ;
#2245 = ORIENTED_EDGE ( 'NONE', *, *, #978, .F. ) ;
#2246 = AXIS2_PLACEMENT_3D ( 'NONE', #7402, #6164, #3794 ) ;
#2247 = EDGE_LOOP ( 'NONE', ( #2306, #7657, #4824, #5636, #7754, #7166, #3307, #716, #2956, #1767, #1834, #2350, #5063, #4369, #2444, #2221 ) ) ;
#2248 = CARTESIAN_POINT ( 'NONE',  ( -4.857724921764583037, 0.3954161282703355096, 4.100056995364639079 ) ) ;
#2249 = ORIENTED_EDGE ( 'NONE', *, *, #5049, .F. ) ;
#2250 = CARTESIAN_POINT ( 'NONE',  ( 1.300000000000001599, 5.600000000000019185, -4.299999999999999822 ) ) ;
#2251 = CARTESIAN_POINT ( 'NONE',  ( -0.9943507164842616541, 0.4493305615743248271, 4.099804698717927742 ) ) ;
#2252 = ORIENTED_EDGE ( 'NONE', *, *, #1478, .F. ) ;
#2253 = DIRECTION ( 'NONE',  ( -1.000000000000000000, 0.000000000000000000, 0.000000000000000000 ) ) ;
#2254 = AXIS2_PLACEMENT_3D ( 'NONE', #1549, #5937, #6458 ) ;
#2255 = LINE ( 'NONE', #7838, #2300 ) ;
#2256 = EDGE_CURVE ( 'NONE', #1282, #7621, #1171, .T. ) ;
#2257 = CARTESIAN_POINT ( 'NONE',  ( -0.3707106781186538802, 3.370710678118654879, 2.856200347158725616 ) ) ;
#2258 = FACE_OUTER_BOUND ( 'NONE', #344, .T. ) ;
#2259 = CARTESIAN_POINT ( 'NONE',  ( -3.901132690046490215, 0.7287571429979512461, 4.600000000000021849 ) ) ;
#2260 = CARTESIAN_POINT ( 'NONE',  ( 3.510000000000001119, 3.400000000000000355, 3.399999999999999911 ) ) ;
#2261 = CARTESIAN_POINT ( 'NONE',  ( 3.481824701299764069, -2.946891109999997926, -3.000000000000027534 ) ) ;
#2262 = EDGE_CURVE ( 'NONE', #6241, #804, #3190, .T. ) ;
#2263 = VERTEX_POINT ( 'NONE', #6382 ) ;
#2264 = ADVANCED_FACE ( 'NONE', ( #3811 ), #3944, .T. ) ;
#2265 = ORIENTED_EDGE ( 'NONE', *, *, #5343, .F. ) ;
#2266 = ORIENTED_EDGE ( 'NONE', *, *, #5292, .T. ) ;
#2267 = CARTESIAN_POINT ( 'NONE',  ( -3.019634870011578265, 0.4427321346598968588, 4.599999999999997868 ) ) ;
#2268 = CARTESIAN_POINT ( 'NONE',  ( 4.110000000000001208, 2.700000000000000178, 3.399999999999999911 ) ) ;
#2269 = FACE_OUTER_BOUND ( 'NONE', #1659, .T. ) ;
#2270 = DIRECTION ( 'NONE',  ( 0.000000000000000000, -1.766101716875451061E-14, 1.000000000000000000 ) ) ;
#2271 = LINE ( 'NONE', #4027, #7708 ) ;
#2272 = DIRECTION ( 'NONE',  ( 0.000000000000000000, 0.000000000000000000, -1.000000000000000000 ) ) ;
#2273 = VERTEX_POINT ( 'NONE', #1321 ) ;
#2274 = CARTESIAN_POINT ( 'NONE',  ( -0.2148890589965755382, 0.7123824729249847998, 4.599999999999996980 ) ) ;
#2275 = CARTESIAN_POINT ( 'NONE',  ( 1.485000000000000320, 6.350000000000171063, 4.099999999999992539 ) ) ;
#2276 = EDGE_CURVE ( 'NONE', #564, #728, #1125, .T. ) ;
#2277 = DIRECTION ( 'NONE',  ( 0.000000000000000000, 1.000000000000000000, 9.164576854217089559E-15 ) ) ;
#2278 = DIRECTION ( 'NONE',  ( 0.000000000000000000, 0.000000000000000000, 1.000000000000000000 ) ) ;
#2279 = LINE ( 'NONE', #6992, #4950 ) ;
#2280 = CARTESIAN_POINT ( 'NONE',  ( 7.620000000000000107, 0.000000000000000000, -3.650000000000002132 ) ) ;
#2281 = EDGE_LOOP ( 'NONE', ( #1076, #1880, #6490, #6032 ) ) ;
#2282 = ORIENTED_EDGE ( 'NONE', *, *, #2517, .F. ) ;
#2283 = LINE ( 'NONE', #7637, #2349 ) ;
#2284 = CIRCLE ( 'NONE', #1630, 1.500000000000218714 ) ;
#2285 = CARTESIAN_POINT ( 'NONE',  ( 4.210000000000000853, 3.326876110206469672, 2.746891109999991087 ) ) ;
#2286 = DIRECTION ( 'NONE',  ( 0.000000000000000000, -1.000000000000000000, 0.000000000000000000 ) ) ;
#2287 = FACE_OUTER_BOUND ( 'NONE', #1216, .T. ) ;
#2288 = ADVANCED_FACE ( 'NONE', ( #6667 ), #6911, .T. ) ;
#2289 = PLANE ( 'NONE',  #954 ) ;
#2290 = CARTESIAN_POINT ( 'NONE',  ( 6.410000000000000142, 0.8500000000000007550, 4.000000000000000000 ) ) ;
#2291 = EDGE_CURVE ( 'NONE', #1642, #2229, #1366, .T. ) ;
#2292 = CARTESIAN_POINT ( 'NONE',  ( 2.950160469132838692, 0.3794449045231684803, 4.599999999999907274 ) ) ;
#2293 = EDGE_LOOP ( 'NONE', ( #3131, #4302, #119, #5346 ) ) ;
#2294 = PLANE ( 'NONE',  #6737 ) ;
#2295 = CARTESIAN_POINT ( 'NONE',  ( 4.609033156885860016, 0.4353614383434702972, 4.600000000000001421 ) ) ;
#2296 = VERTEX_POINT ( 'NONE', #3837 ) ;
#2297 = CARTESIAN_POINT ( 'NONE',  ( -5.110000000000000320, 4.300000000000015810, -4.299999999999952749 ) ) ;
#2298 = DIRECTION ( 'NONE',  ( 1.000000000000000000, 0.000000000000000000, 0.000000000000000000 ) ) ;
#2299 = VECTOR ( 'NONE', #4850, 1000.000000000000000 ) ;
#2300 = VECTOR ( 'NONE', #426, 1000.000000000000000 ) ;
#2301 = FACE_OUTER_BOUND ( 'NONE', #7932, .T. ) ;
#2302 = EDGE_CURVE ( 'NONE', #1510, #7962, #3960, .T. ) ;
#2303 = ADVANCED_FACE ( 'NONE', ( #6682 ), #1411, .T. ) ;
#2304 = ORIENTED_EDGE ( 'NONE', *, *, #1305, .F. ) ;
#2305 = CARTESIAN_POINT ( 'NONE',  ( -4.784145454884767723, 0.4697445059703516113, 4.099713696232528903 ) ) ;
#2306 = ORIENTED_EDGE ( 'NONE', *, *, #1526, .F. ) ;
#2307 = DIRECTION ( 'NONE',  ( -0.000000000000000000, -0.000000000000000000, 1.000000000000000000 ) ) ;
#2308 = CARTESIAN_POINT ( 'NONE',  ( -0.2527581438371576117, 0.8525014346910214647, 4.100073726424633414 ) ) ;
#2309 = ORIENTED_EDGE ( 'NONE', *, *, #3172, .T. ) ;
#2310 = CARTESIAN_POINT ( 'NONE',  ( -0.8499999999999993117, 3.000000000000000000, -1.200000000000000178 ) ) ;
#2311 = VECTOR ( 'NONE', #900, 1000.000000000000000 ) ;
#2312 = LINE ( 'NONE', #7107, #4998 ) ;
#2313 = ORIENTED_EDGE ( 'NONE', *, *, #6743, .F. ) ;
#2314 = CARTESIAN_POINT ( 'NONE',  ( -3.400085358983743422, 0.6608116103367189798, 4.599999999999998757 ) ) ;
#2315 = ORIENTED_EDGE ( 'NONE', *, *, #5386, .F. ) ;
#2316 = EDGE_LOOP ( 'NONE', ( #7311, #7800, #654, #603 ) ) ;
#2317 = CARTESIAN_POINT ( 'NONE',  ( -4.209999999999999076, 3.400000000000000355, 3.399999999999999911 ) ) ;
#2318 = VECTOR ( 'NONE', #5403, 1000.000000000000000 ) ;
#2319 = CARTESIAN_POINT ( 'NONE',  ( -4.460000000000012399, 5.000000000000124345, 4.099999999999990763 ) ) ;
#2320 = VECTOR ( 'NONE', #1711, 1000.000000000000000 ) ;
#2321 = CARTESIAN_POINT ( 'NONE',  ( -6.110000000000001208, 0.8500000000000009770, 4.599999999999999645 ) ) ;
#2322 = FACE_OUTER_BOUND ( 'NONE', #2972, .T. ) ;
#2323 = CARTESIAN_POINT ( 'NONE',  ( 0.8701747028286422880, 0.3691655373018641328, 4.600000000000000533 ) ) ;
#2324 = CARTESIAN_POINT ( 'NONE',  ( 2.602085213965210642E-15, 6.000000000000019540, -4.299999999999999822 ) ) ;
#2325 = CARTESIAN_POINT ( 'NONE',  ( 3.159999999999987708, 5.000000000000124345, 4.099999999999992539 ) ) ;
#2326 = EDGE_CURVE ( 'NONE', #6976, #3120, #1310, .T. ) ;
#2327 = DIRECTION ( 'NONE',  ( -1.000000000000000000, 0.000000000000000000, 0.000000000000000000 ) ) ;
#2328 = CARTESIAN_POINT ( 'NONE',  ( -1.299999999999998268, 5.600000000000019185, -4.299999999999999822 ) ) ;
#2329 = LINE ( 'NONE', #7733, #7915 ) ;
#2330 = PLANE ( 'NONE',  #1371 ) ;
#2331 = EDGE_LOOP ( 'NONE', ( #6377, #3895 ) ) ;
#2333 = ORIENTED_EDGE ( 'NONE', *, *, #469, .T. ) ;
#2332 = SHAPE_REPRESENTATION ( '1803280_1803280', ( #7814 ), #6193 ) ;
#2334 = FACE_OUTER_BOUND ( 'NONE', #2247, .T. ) ;
#2335 = VECTOR ( 'NONE', #309, 1000.000000000000000 ) ;
#2336 = ORIENTED_EDGE ( 'NONE', *, *, #3586, .T. ) ;
#2337 = DIRECTION ( 'NONE',  ( 1.000000000000000000, 0.000000000000000000, -0.000000000000000000 ) ) ;
#2338 = EDGE_CURVE ( 'NONE', #4775, #3875, #6706, .T. ) ;
#2339 = DIRECTION ( 'NONE',  ( 1.000000000000000000, 0.000000000000000000, 0.000000000000000000 ) ) ;
#2340 = CARTESIAN_POINT ( 'NONE',  ( 2.938218847350274832, 0.3675460878752627170, 4.599999999999943689 ) ) ;
#2341 = CARTESIAN_POINT ( 'NONE',  ( 5.465000000000027391, 0.7074836895662703906, -2.149999999999999911 ) ) ;
#2342 = DIRECTION ( 'NONE',  ( 0.000000000000000000, -1.000000000000000000, 0.000000000000000000 ) ) ;
#2343 = ORIENTED_EDGE ( 'NONE', *, *, #7730, .F. ) ;
#2344 = CARTESIAN_POINT ( 'NONE',  ( 0.7839745962155740822, 5.566025403784609971, 4.599999999999999645 ) ) ;
#2345 = CARTESIAN_POINT ( 'NONE',  ( 2.828406701434886372, 0.4499999999978925302, 4.599999999999999645 ) ) ;
#2346 = AXIS2_PLACEMENT_3D ( 'NONE', #7715, #980, #5347 ) ;
#2347 = ADVANCED_FACE ( 'NONE', ( #3784 ), #2730, .F. ) ;
#2348 = FACE_OUTER_BOUND ( 'NONE', #6149, .T. ) ;
#2349 = VECTOR ( 'NONE', #867, 1000.000000000000000 ) ;
#2350 = ORIENTED_EDGE ( 'NONE', *, *, #6384, .F. ) ;
#2351 = CARTESIAN_POINT ( 'NONE',  ( -4.694870993252102664, 0.5524783280266476471, 4.099784211908900744 ) ) ;
#2352 = FACE_OUTER_BOUND ( 'NONE', #6430, .T. ) ;
#2353 = ADVANCED_FACE ( 'NONE', ( #6497 ), #6309, .T. ) ;
#2354 = EDGE_CURVE ( 'NONE', #4619, #3410, #6545, .T. ) ;
#2355 = DIRECTION ( 'NONE',  ( 0.000000000000000000, -9.382415370900834154E-15, 1.000000000000000000 ) ) ;
#2356 = CARTESIAN_POINT ( 'NONE',  ( -4.181231060036055602, -3.054258255407589662, -3.771231060036082550 ) ) ;
#2357 = CARTESIAN_POINT ( 'NONE',  ( 0.9748551677190853137, 0.4690279295270307069, 4.099713191446079819 ) ) ;
#2358 = EDGE_LOOP ( 'NONE', ( #3414, #1599, #1380, #6304 ) ) ;
#2359 = ORIENTED_EDGE ( 'NONE', *, *, #1429, .F. ) ;
#2360 = CARTESIAN_POINT ( 'NONE',  ( -5.110000000000000320, -2.949029909160572061E-14, -1.649999999999998579 ) ) ;
#2361 = EDGE_CURVE ( 'NONE', #5539, #7606, #6721, .T. ) ;
#2362 = LINE ( 'NONE', #282, #7707 ) ;
#2363 = LINE ( 'NONE', #1693, #7880 ) ;
#2364 = CARTESIAN_POINT ( 'NONE',  ( -6.110000000000001208, 7.150000000000000355, 4.599999999999999645 ) ) ;
#2366 = VERTEX_POINT ( 'NONE', #6967 ) ;
#2365 = DIRECTION ( 'NONE',  ( 1.239088197126206261E-15, 1.000000000000000000, 0.000000000000000000 ) ) ;
#2367 = CARTESIAN_POINT ( 'NONE',  ( -4.593974596215574024, 5.700000000000171596, 4.599999999999999645 ) ) ;
#2368 = CARTESIAN_POINT ( 'NONE',  ( -3.584999999999999520, 3.225000000000000533, 3.399999999999999911 ) ) ;
#2369 = ADVANCED_FACE ( 'NONE', ( #4014 ), #1974, .F. ) ;
#2370 = AXIS2_PLACEMENT_3D ( 'NONE', #627, #6936, #2542 ) ;
#2371 = VERTEX_POINT ( 'NONE', #3786 ) ;
#2372 = ORIENTED_EDGE ( 'NONE', *, *, #3126, .T. ) ;
#2373 = CARTESIAN_POINT ( 'NONE',  ( -2.941326079275712768, 0.3706727934365161015, 4.600000000000000533 ) ) ;
#2374 = CARTESIAN_POINT ( 'NONE',  ( -1.299999999999998268, 5.600000000000019185, -4.599999999999999645 ) ) ;
#2375 = DIRECTION ( 'NONE',  ( -0.2505628070857300882, 0.2505628070857300882, -0.9351131265310301810 ) ) ;
#2376 = FACE_OUTER_BOUND ( 'NONE', #5979, .T. ) ;
#2377 = EDGE_CURVE ( 'NONE', #1646, #5503, #7876, .T. ) ;
#2378 = DIRECTION ( 'NONE',  ( 0.000000000000000000, -1.000000000000000000, -1.067522139062614778E-14 ) ) ;
#2379 = EDGE_LOOP ( 'NONE', ( #3532, #4782, #6928, #1859 ) ) ;
#2380 = CARTESIAN_POINT ( 'NONE',  ( 0.8412262553202543014, 0.3973648857287578329, 4.600000000000198597 ) ) ;
#2381 = AXIS2_PLACEMENT_3D ( 'NONE', #8003, #611, #2623 ) ;
#2382 = DIRECTION ( 'NONE',  ( 0.000000000000000000, 0.000000000000000000, -1.000000000000000000 ) ) ;
#2383 = CARTESIAN_POINT ( 'NONE',  ( 3.510000000000001119, 2.600000000000000533, 2.746891109999991976 ) ) ;
#2384 = B_SPLINE_CURVE_WITH_KNOTS ( 'NONE', 3,
 ( #1284, #1901, #3150, #5001, #5661, #1094, #1687, #2912, #3559, #4158, #5424, #3866, #5722, #5774 ),
 .UNSPECIFIED., .F., .F.,
 ( 4, 2, 2, 2, 2, 2, 4 ),
 ( 0.000000000000000000, 0.2500000000000003331, 0.3750000000000004996, 0.5000000000000006661, 0.6250000000000002220, 0.7499999999999998890, 1.000000000000000000 ),
 .UNSPECIFIED. ) ;
#2385 = CARTESIAN_POINT ( 'NONE',  ( 3.199188527084284139, 0.7326034171788115001, 4.099951913431922890 ) ) ;
#2386 = CARTESIAN_POINT ( 'NONE',  ( 4.209999999999999964, 3.400000000000000355, -1.200000000000000178 ) ) ;
#2387 = EDGE_CURVE ( 'NONE', #3634, #1296, #1164, .T. ) ;
#2388 = PLANE ( 'NONE',  #1851 ) ;
#2389 = VERTEX_POINT ( 'NONE', #5685 ) ;
#2390 = FACE_OUTER_BOUND ( 'NONE', #1629, .T. ) ;
#2391 = ORIENTED_EDGE ( 'NONE', *, *, #648, .T. ) ;
#2392 = EDGE_CURVE ( 'NONE', #3257, #6858, #1199, .T. ) ;
#2393 = PLANE ( 'NONE',  #4370 ) ;
#2394 = FACE_OUTER_BOUND ( 'NONE', #2119, .T. ) ;
#2395 = DIRECTION ( 'NONE',  ( -0.01356798642016765824, -0.03811450043289642958, 0.9991812621347804235 ) ) ;
#2396 = CARTESIAN_POINT ( 'NONE',  ( 0.7815732147091027926, 0.4500000001183834808, 4.599999999999999645 ) ) ;
#2397 = CARTESIAN_POINT ( 'NONE',  ( 3.071143367233692967, 0.4840026340542528116, 4.600000000000328271 ) ) ;
#2398 = CARTESIAN_POINT ( 'NONE',  ( 4.199897691726346416, -2.984593437674527561, -3.047435571654265374 ) ) ;
#2399 = PLANE ( 'NONE',  #1966 ) ;
#2400 = ORIENTED_EDGE ( 'NONE', *, *, #6347, .F. ) ;
#2401 = DIRECTION ( 'NONE',  ( 0.000000000000000000, 0.000000000000000000, 1.000000000000000000 ) ) ;
#2402 = VERTEX_POINT ( 'NONE', #6869 ) ;
#2403 = DIRECTION ( 'NONE',  ( -1.000000000000000000, 0.000000000000000000, 0.000000000000000000 ) ) ;
#2404 = VECTOR ( 'NONE', #4249, 1000.000000000000000 ) ;
#2405 = VERTEX_POINT ( 'NONE', #5179 ) ;
#2406 = AXIS2_PLACEMENT_3D ( 'NONE', #6610, #2122, #1513 ) ;
#2407 = CARTESIAN_POINT ( 'NONE',  ( -4.234639099925579409, 0.8087577264569720814, 4.100028364086255372 ) ) ;
#2408 = LINE ( 'NONE', #5672, #7729 ) ;
#2409 = PLANE ( 'NONE',  #7598 ) ;
#2410 = DIRECTION ( 'NONE',  ( 0.000000000000000000, 0.000000000000000000, 1.000000000000000000 ) ) ;
#2411 = CARTESIAN_POINT ( 'NONE',  ( -1.300000000000000044, 0.3999999999998848366, -4.299999999999994493 ) ) ;
#2412 = CARTESIAN_POINT ( 'NONE',  ( 0.8034875061070548830, 0.6161097408248947804, 4.099841298696809133 ) ) ;
#2413 = ORIENTED_EDGE ( 'NONE', *, *, #5880, .F. ) ;
#2414 = ADVANCED_FACE ( 'NONE', ( #6573 ), #1530, .T. ) ;
#2415 = LINE ( 'NONE', #7215, #5111 ) ;
#2416 = FACE_OUTER_BOUND ( 'NONE', #1402, .T. ) ;
#2417 = DIRECTION ( 'NONE',  ( 0.000000000000000000, 0.000000000000000000, 1.000000000000000000 ) ) ;
#2419 = DIRECTION ( 'NONE',  ( -0.000000000000000000, 0.000000000000000000, -1.000000000000000000 ) ) ;
#2418 = LINE ( 'NONE', #3090, #5131 ) ;
#2420 = DIRECTION ( 'NONE',  ( 0.000000000000000000, 0.000000000000000000, -1.000000000000000000 ) ) ;
#2421 = LINE ( 'NONE', #7168, #2490 ) ;
#2422 = VERTEX_POINT ( 'NONE', #6613 ) ;
#2423 = ORIENTED_EDGE ( 'NONE', *, *, #6512, .F. ) ;
#2424 = EDGE_CURVE ( 'NONE', #5050, #4094, #1497, .T. ) ;
#2425 = LINE ( 'NONE', #1722, #2486 ) ;
#2426 = CARTESIAN_POINT ( 'NONE',  ( -3.510000000000000231, 3.400000000000000355, -1.200000000000000178 ) ) ;
#2427 = VECTOR ( 'NONE', #4751, 1000.000000000000000 ) ;
#2428 = CARTESIAN_POINT ( 'NONE',  ( 2.510000000000000231, -2.949029909160572061E-14, -1.649999999999998579 ) ) ;
#2429 = CARTESIAN_POINT ( 'NONE',  ( 0.8245872132255821496, 0.4128044127508894157, 4.599999999999856648 ) ) ;
#2430 = CARTESIAN_POINT ( 'NONE',  ( -3.508223304999999570, 0.3999999999998726796, -3.098223304999996319 ) ) ;
#2431 = DIRECTION ( 'NONE',  ( 1.000000000000000000, 0.000000000000000000, 0.000000000000000000 ) ) ;
#2432 = ADVANCED_FACE ( 'NONE', ( #6892 ), #6565, .T. ) ;
#2433 = CARTESIAN_POINT ( 'NONE',  ( 3.132253240016148244, 0.6967613275704769293, 4.099917082263170087 ) ) ;
#2434 = LINE ( 'NONE', #4787, #5106 ) ;
#2435 = DIRECTION ( 'NONE',  ( -0.000000000000000000, 1.000000000000000000, -0.000000000000000000 ) ) ;
#2436 = DIRECTION ( 'NONE',  ( -1.000000000000000000, 0.000000000000000000, 0.000000000000000000 ) ) ;
#2437 = CARTESIAN_POINT ( 'NONE',  ( -4.680296726429091336, 0.3690427525056059754, 4.599999999999989875 ) ) ;
#2438 = ORIENTED_EDGE ( 'NONE', *, *, #4292, .F. ) ;
#2439 = ORIENTED_EDGE ( 'NONE', *, *, #2222, .F. ) ;
#2440 = AXIS2_PLACEMENT_3D ( 'NONE', #5567, #7397, #3063 ) ;
#2441 = LINE ( 'NONE', #1222, #5061 ) ;
#2442 = LINE ( 'NONE', #3259, #5014 ) ;
#2443 = EDGE_CURVE ( 'NONE', #4354, #300, #1647, .T. ) ;
#2444 = ORIENTED_EDGE ( 'NONE', *, *, #7744, .T. ) ;
#2445 = VECTOR ( 'NONE', #2420, 1000.000000000000000 ) ;
#2446 = DIRECTION ( 'NONE',  ( -0.000000000000000000, -0.000000000000000000, 1.000000000000000000 ) ) ;
#2447 = DIRECTION ( 'NONE',  ( -0.000000000000000000, -0.9659258261578430593, 0.2588190455922599331 ) ) ;
#2448 = CARTESIAN_POINT ( 'NONE',  ( -1.024002007564092098, 0.4193768110050511977, 4.099944383918984414 ) ) ;
#2449 =( GEOMETRIC_REPRESENTATION_CONTEXT ( 3 ) GLOBAL_UNCERTAINTY_ASSIGNED_CONTEXT ( ( #5301 ) ) GLOBAL_UNIT_ASSIGNED_CONTEXT ( ( #6973, #3942, #4720 ) ) REPRESENTATION_CONTEXT ( 'NONE', 'WORKASPACE' ) );
#2450 = DIRECTION ( 'NONE',  ( -0.000000000000000000, -0.000000000000000000, 1.000000000000000000 ) ) ;
#2451 = ORIENTED_EDGE ( 'NONE', *, *, #3980, .F. ) ;
#2452 = CARTESIAN_POINT ( 'NONE',  ( -0.9419541202334875685, 0.4656901194542604761, 4.188679552836866549 ) ) ;
#2453 = CARTESIAN_POINT ( 'NONE',  ( 3.324709939632511713, 0.6320846699687050485, 4.599999999999920597 ) ) ;
#2454 = FACE_OUTER_BOUND ( 'NONE', #2114, .T. ) ;
#2455 = LINE ( 'NONE', #7732, #2335 ) ;
#2456 = VERTEX_POINT ( 'NONE', #1030 ) ;
#2457 = EDGE_CURVE ( 'NONE', #6540, #6935, #4248, .T. ) ;
#2458 = DIRECTION ( 'NONE',  ( 0.000000000000000000, 1.000000000000000000, 0.000000000000000000 ) ) ;
#2459 = LINE ( 'NONE', #5589, #5208 ) ;
#2460 = EDGE_CURVE ( 'NONE', #1108, #6792, #1387, .T. ) ;
#2461 = DIRECTION ( 'NONE',  ( 0.000000000000000000, 1.000000000000000000, 1.089244973287757740E-14 ) ) ;
#2462 = CARTESIAN_POINT ( 'NONE',  ( 1.024338470819415425, 0.4190369464358416618, 4.099945975213935334 ) ) ;
#2463 = ORIENTED_EDGE ( 'NONE', *, *, #6080, .F. ) ;
#2464 = CARTESIAN_POINT ( 'NONE',  ( 0.3000000000000003775, 2.700000000000000178, 3.399999999999999911 ) ) ;
#2465 = LINE ( 'NONE', #1124, #5238 ) ;
#2466 = FACE_OUTER_BOUND ( 'NONE', #5706, .T. ) ;
#2467 = DIRECTION ( 'NONE',  ( 1.000000000000000000, 0.000000000000000000, 0.000000000000000000 ) ) ;
#2469 = ORIENTED_EDGE ( 'NONE', *, *, #329, .F. ) ;
#2468 = DIRECTION ( 'NONE',  ( -0.000000000000000000, 1.000000000000000000, -0.000000000000000000 ) ) ;
#2470 = DIRECTION ( 'NONE',  ( 0.000000000000000000, 0.000000000000000000, 1.000000000000000000 ) ) ;
#2471 = CARTESIAN_POINT ( 'NONE',  ( 0.3281752987002363731, -2.946891109999997482, -3.000000000000027089 ) ) ;
#2472 = EDGE_CURVE ( 'NONE', #4628, #5046, #6806, .T. ) ;
#2473 = EDGE_LOOP ( 'NONE', ( #5652, #4917, #4925, #6863, #4942, #7805, #6962, #4015, #2703, #2686, #4234, #160, #7674, #7542 ) ) ;
#2474 = DIRECTION ( 'NONE',  ( -0.9404254467699950659, -0.3399999692168444998, 0.000000000000000000 ) ) ;
#2475 = ADVANCED_FACE ( 'NONE', ( #6932 ), #4762, .F. ) ;
#2476 = LINE ( 'NONE', #7615, #2404 ) ;
#2477 = CARTESIAN_POINT ( 'NONE',  ( 4.110000000000001208, 3.400000000000000355, 2.746891109999991976 ) ) ;
#2478 = LINE ( 'NONE', #2013, #5040 ) ;
#2479 = CARTESIAN_POINT ( 'NONE',  ( 3.409999999999999698, -2.946891109999995262, -3.701776695000027484 ) ) ;
#2480 = ORIENTED_EDGE ( 'NONE', *, *, #3148, .T. ) ;
#2481 = EDGE_CURVE ( 'NONE', #7322, #5558, #3449, .T. ) ;
#2482 = CARTESIAN_POINT ( 'NONE',  ( 0.7903651299884213444, 0.4427321346598966922, 4.600000000000001421 ) ) ;
#2483 = CARTESIAN_POINT ( 'NONE',  ( 2.869127905229650999, 0.5022169268285362476, 4.099740928956548736 ) ) ;
#2484 = COLOUR_RGB ( '',0.7921568627450980005, 0.8196078431372548767, 0.9333333333333333481 ) ;
#2485 = ORIENTED_EDGE ( 'NONE', *, *, #4265, .T. ) ;
#2486 = VECTOR ( 'NONE', #4470, 1000.000000000000114 ) ;
#2487 = FACE_OUTER_BOUND ( 'NONE', #885, .T. ) ;
#2488 = VECTOR ( 'NONE', #7283, 1000.000000000000000 ) ;
#2489 = ADVANCED_FACE ( 'NONE', ( #4086 ), #6397, .F. ) ;
#2490 = VECTOR ( 'NONE', #427, 1000.000000000000000 ) ;
#2491 = DIRECTION ( 'NONE',  ( 0.000000000000000000, 0.9659258262890687563, -0.2588190451025190741 ) ) ;
#2492 = ORIENTED_EDGE ( 'NONE', *, *, #5035, .T. ) ;
#2493 = DIRECTION ( 'NONE',  ( 0.000000000000000000, 1.000000000000000000, 0.000000000000000000 ) ) ;
#2494 = AXIS2_PLACEMENT_3D ( 'NONE', #1625, #2133, #229 ) ;
#2495 = DIRECTION ( 'NONE',  ( 1.000000000000000000, 0.000000000000000000, 0.000000000000000000 ) ) ;
#2496 = DIRECTION ( 'NONE',  ( -0.000000000000000000, -0.000000000000000000, 1.000000000000000000 ) ) ;
#2497 = EDGE_LOOP ( 'NONE', ( #5195, #4650, #1938, #5964 ) ) ;
#2498 = DIRECTION ( 'NONE',  ( 0.000000000000000000, -1.000000000000000000, -1.067522139062614778E-14 ) ) ;
#2499 = DIRECTION ( 'NONE',  ( 0.000000000000000000, 0.000000000000000000, -1.000000000000000000 ) ) ;
#2500 = LINE ( 'NONE', #7759, #5089 ) ;
#2501 = VECTOR ( 'NONE', #2769, 1000.000000000000000 ) ;
#2502 = LINE ( 'NONE', #2995, #5187 ) ;
#2503 = CARTESIAN_POINT ( 'NONE',  ( -4.675547555091458030, 0.5684943546346334919, 4.099798359492975663 ) ) ;
#2504 = EDGE_CURVE ( 'NONE', #5012, #568, #1439, .T. ) ;
#2505 = CARTESIAN_POINT ( 'NONE',  ( 0.000000000000000000, 0.000000000000000000, 0.000000000000000000 ) ) ;
#2506 = CARTESIAN_POINT ( 'NONE',  ( -4.199714957897565881, 3.351706398339743931, 2.785275409606415398 ) ) ;
#2507 = CARTESIAN_POINT ( 'NONE',  ( 0.8639381782493574802, 0.5695814399418401841, 4.099799376298413733 ) ) ;
#2508 = EDGE_LOOP ( 'NONE', ( #7843, #54, #4707, #7826 ) ) ;
#2509 = CARTESIAN_POINT ( 'NONE',  ( 3.810000000000000497, -0.5000000000003235190, -2.149999999999999911 ) ) ;
#2510 = FACE_OUTER_BOUND ( 'NONE', #1384, .T. ) ;
#2511 = VECTOR ( 'NONE', #3808, 1000.000000000000000 ) ;
#2512 = PLANE ( 'NONE',  #2036 ) ;
#2513 = DIRECTION ( 'NONE',  ( 0.9659258261578430593, 0.000000000000000000, 0.2588190455922599331 ) ) ;
#2514 = CARTESIAN_POINT ( 'NONE',  ( -4.674833190159841223, 0.3745072989723447487, 4.599999999999849543 ) ) ;
#2515 = AXIS2_PLACEMENT_3D ( 'NONE', #3514, #369, #6082 ) ;
#2516 = LINE ( 'NONE', #1227, #5165 ) ;
#2517 = EDGE_CURVE ( 'NONE', #1898, #7347, #6993, .T. ) ;
#2518 = ORIENTED_EDGE ( 'NONE', *, *, #8006, .F. ) ;
#2519 = CARTESIAN_POINT ( 'NONE',  ( 3.508223304999999570, -8.331370849898473097, -3.800000000000076650 ) ) ;
#2520 = EDGE_CURVE ( 'NONE', #7322, #5136, #1553, .T. ) ;
#2521 = VECTOR ( 'NONE', #7194, 1000.000000000000000 ) ;
#2522 = LINE ( 'NONE', #2964, #2631 ) ;
#2523 = CARTESIAN_POINT ( 'NONE',  ( -4.109999999999999432, 3.300000000000000266, -1.200000000000000178 ) ) ;
#2524 = CARTESIAN_POINT ( 'NONE',  ( -6.410000000000001030, 6.150000000000000355, 4.000000000000000000 ) ) ;
#2525 = DIRECTION ( 'NONE',  ( -1.000000000000000000, 0.000000000000000000, 0.000000000000000000 ) ) ;
#2526 = DIRECTION ( 'NONE',  ( 0.000000000000000000, 1.000000000000000000, 0.000000000000000000 ) ) ;
#2527 = CARTESIAN_POINT ( 'NONE',  ( 2.834674261877891510, 0.4685524450405306185, 4.099715649274417117 ) ) ;
#2528 = CARTESIAN_POINT ( 'NONE',  ( 5.465000000000027391, 5.000000000000124345, -2.149999999999999911 ) ) ;
#2529 = CARTESIAN_POINT ( 'NONE',  ( 6.110000000000000320, 7.200000000000001066, 1.200000000000000178 ) ) ;
#2530 = EDGE_CURVE ( 'NONE', #3961, #8039, #87, .T. ) ;
#2531 = CARTESIAN_POINT ( 'NONE',  ( -4.723307659211922527, 0.3255973654780989768, 4.600000000000006750 ) ) ;
#2532 = ORIENTED_EDGE ( 'NONE', *, *, #7326, .T. ) ;
#2533 = EDGE_LOOP ( 'NONE', ( #5586, #3565, #1421, #5439 ) ) ;
#2534 = ADVANCED_FACE ( 'NONE', ( #7007 ), #5157, .T. ) ;
#2535 = LINE ( 'NONE', #1052, #5225 ) ;
#2536 = LINE ( 'NONE', #6390, #5264 ) ;
#2537 = FACE_OUTER_BOUND ( 'NONE', #219, .T. ) ;
#2538 = CARTESIAN_POINT ( 'NONE',  ( -2.809596323351158276, 0.4432154019765790487, 4.099833121371261768 ) ) ;
#2539 = ORIENTED_EDGE ( 'NONE', *, *, #454, .F. ) ;
#2540 = CIRCLE ( 'NONE', #5853, 0.09822330499999978870 ) ;
#2541 = ADVANCED_FACE ( 'NONE', ( #4066 ), #4535, .F. ) ;
#2542 = DIRECTION ( 'NONE',  ( 1.000000000000000000, 0.000000000000000000, 0.000000000000000000 ) ) ;
#2543 = CARTESIAN_POINT ( 'NONE',  ( -4.111776695000000537, 0.3999999999998802291, -3.799999999999996714 ) ) ;
#2544 = CARTESIAN_POINT ( 'NONE',  ( -3.409999999999999698, 2.700000000000000178, -1.200000000000000178 ) ) ;
#2545 = EDGE_CURVE ( 'NONE', #6709, #4157, #6789, .T. ) ;
#2546 = CARTESIAN_POINT ( 'NONE',  ( -3.420102308273651470, -2.984593437674524896, -3.752564428345788627 ) ) ;
#2547 = CARTESIAN_POINT ( 'NONE',  ( 4.111776695000000537, 0.3999999999998796185, -3.701776694999996842 ) ) ;
#2548 = ORIENTED_EDGE ( 'NONE', *, *, #2003, .T. ) ;
#2549 = DIRECTION ( 'NONE',  ( -0.2505628070857278122, 0.2505628070857301992, 0.9351131265310307361 ) ) ;
#2550 = LINE ( 'NONE', #4682, #2311 ) ;
#2551 = VECTOR ( 'NONE', #6046, 1000.000000000000000 ) ;
#2552 = EDGE_CURVE ( 'NONE', #960, #4001, #1634, .T. ) ;
#2553 = CIRCLE ( 'NONE', #1190, 1.149999999999999245 ) ;
#2554 = CARTESIAN_POINT ( 'NONE',  ( -4.162564428345760348, -2.984593437674529337, -3.010102308273679750 ) ) ;
#2555 = CARTESIAN_POINT ( 'NONE',  ( -2.959999999999999964, 3.000000000000000000, -1.200000000000000178 ) ) ;
#2556 = DIRECTION ( 'NONE',  ( 0.9659258262890693114, -1.196867290654164045E-15, 0.2588190451025170757 ) ) ;
#2557 = CARTESIAN_POINT ( 'NONE',  ( 0.9753494699510134591, 0.4685284635428666467, 4.099715721873714358 ) ) ;
#2558 = ORIENTED_EDGE ( 'NONE', *, *, #3042, .T. ) ;
#2559 = PLANE ( 'NONE',  #41 ) ;
#2560 = FACE_BOUND ( 'NONE', #4262, .T. ) ;
#2561 = LINE ( 'NONE', #6680, #2 ) ;
#2562 = CARTESIAN_POINT ( 'NONE',  ( 7.620000000000000107, 3.225000000000000533, 3.399999999999999911 ) ) ;
#2564 = PLANE ( 'NONE',  #3701 ) ;
#2563 = LINE ( 'NONE', #712, #57 ) ;
#2565 = DIRECTION ( 'NONE',  ( 0.000000000000000000, 0.000000000000000000, -1.000000000000000000 ) ) ;
#2566 = CARTESIAN_POINT ( 'NONE',  ( 0.3017766950000003723, -2.946891109999997482, -3.000000000000027534 ) ) ;
#2567 = EDGE_CURVE ( 'NONE', #6605, #4414, #4182, .T. ) ;
#2568 = CARTESIAN_POINT ( 'NONE',  ( 3.430167123684996433, 0.6712061311120167684, 4.599999999999950795 ) ) ;
#2569 = LINE ( 'NONE', #5314, #7806 ) ;
#2570 = EDGE_CURVE ( 'NONE', #4151, #7457, #4192, .T. ) ;
#2571 = ORIENTED_EDGE ( 'NONE', *, *, #1478, .T. ) ;
#2572 = FACE_OUTER_BOUND ( 'NONE', #4225, .T. ) ;
#2573 = DIRECTION ( 'NONE',  ( -0.000000000000000000, -0.000000000000000000, 1.000000000000000000 ) ) ;
#2574 = LINE ( 'NONE', #923, #5335 ) ;
#2575 = CARTESIAN_POINT ( 'NONE',  ( 2.559999999999999609, 5.700000000000171596, 4.099999999999992539 ) ) ;
#2576 = DIRECTION ( 'NONE',  ( -0.000000000000000000, -1.000000000000000000, -9.164576854217089559E-15 ) ) ;
#2577 = CARTESIAN_POINT ( 'NONE',  ( 2.843206761478510369, 0.4771075051847404325, 4.099719849671926930 ) ) ;
#2578 = LINE ( 'NONE', #1487, #7792 ) ;
#2579 = CARTESIAN_POINT ( 'NONE',  ( 4.623452801788947575, 0.4529826165320098852, 4.521809953713829877 ) ) ;
#2580 = PLANE ( 'NONE',  #2227 ) ;
#2581 = VERTEX_POINT ( 'NONE', #5773 ) ;
#2582 = FACE_OUTER_BOUND ( 'NONE', #1479, .T. ) ;
#2583 = LINE ( 'NONE', #5591, #5413 ) ;
#2584 = VECTOR ( 'NONE', #6561, 1000.000000000000000 ) ;
#2585 = CARTESIAN_POINT ( 'NONE',  ( -2.842277009429686974, 0.4761827144801089595, 4.099719080512528535 ) ) ;
#2586 = VECTOR ( 'NONE', #7533, 1000.000000000000000 ) ;
#2587 = PLANE ( 'NONE',  #7148 ) ;
#2588 = DIRECTION ( 'NONE',  ( 0.000000000000000000, -9.164576854217089559E-15, 1.000000000000000000 ) ) ;
#2589 = CARTESIAN_POINT ( 'NONE',  ( -5.343436969401010650, 6.483974596215733577, 4.599999999999999645 ) ) ;
#2590 = CARTESIAN_POINT ( 'NONE',  ( -1.250000000000000222, 5.700000000000171596, -3.650000000000000355 ) ) ;
#2591 = DIRECTION ( 'NONE',  ( 0.000000000000000000, 1.000000000000000000, 9.164576854217089559E-15 ) ) ;
#2592 = ORIENTED_EDGE ( 'NONE', *, *, #2003, .F. ) ;
#2593 = EDGE_CURVE ( 'NONE', #4726, #1898, #4209, .T. ) ;
#2594 = ADVANCED_FACE ( 'NONE', ( #6915 ), #7001, .F. ) ;
#2595 = LINE ( 'NONE', #6695, #158 ) ;
#2596 = FACE_OUTER_BOUND ( 'NONE', #255, .T. ) ;
#2597 = LINE ( 'NONE', #6965, #82 ) ;
#2598 = AXIS2_PLACEMENT_3D ( 'NONE', #1100, #999, #4113 ) ;
#2599 = VECTOR ( 'NONE', #4242, 1000.000000000000000 ) ;
#2600 = ADVANCED_FACE ( 'NONE', ( #7020 ), #6804, .T. ) ;
#2601 =( LENGTH_UNIT ( ) NAMED_UNIT ( * ) SI_UNIT ( .MILLI., .METRE. ) );
#2602 = DIRECTION ( 'NONE',  ( -0.2505628075300758151, -0.9351131262929061050, 0.2505628075300751489 ) ) ;
#2603 = CARTESIAN_POINT ( 'NONE',  ( -0.8719047542391025196, 0.3674212526362371500, 4.600000000000114220 ) ) ;
#2604 = ORIENTED_EDGE ( 'NONE', *, *, #4359, .F. ) ;
#2605 = CARTESIAN_POINT ( 'NONE',  ( -0.3017766950000003723, -8.331370849898480202, -3.098223305000076699 ) ) ;
#2606 = AXIS2_PLACEMENT_3D ( 'NONE', #5020, #1306, #719 ) ;
#2607 = LINE ( 'NONE', #7121, #70 ) ;
#2608 = EDGE_CURVE ( 'NONE', #4269, #960, #4154, .T. ) ;
#2609 = DIRECTION ( 'NONE',  ( -1.000000000000000000, 0.000000000000000000, 0.000000000000000000 ) ) ;
#2610 = LINE ( 'NONE', #6916, #39 ) ;
#2611 = CARTESIAN_POINT ( 'NONE',  ( -3.584999999999993747, -3.600000000000000533, -3.000000000000033307 ) ) ;
#2612 = VERTEX_POINT ( 'NONE', #4482 ) ;
#2613 = CARTESIAN_POINT ( 'NONE',  ( -4.682522669089735246, 0.3667969716823516468, 4.599999999999937472 ) ) ;
#2614 = FACE_OUTER_BOUND ( 'NONE', #1317, .T. ) ;
#2615 = AXIS2_PLACEMENT_3D ( 'NONE', #7090, #5910, #7146 ) ;
#2616 = DIRECTION ( 'NONE',  ( 1.000000000000000000, -0.000000000000000000, -0.000000000000000000 ) ) ;
#2617 = ORIENTED_EDGE ( 'NONE', *, *, #934, .F. ) ;
#2618 = CARTESIAN_POINT ( 'NONE',  ( -4.631798624166470368, 0.4537981154040173215, 4.500431444670088155 ) ) ;
#2619 = FACE_OUTER_BOUND ( 'NONE', #2182, .T. ) ;
#2620 = CARTESIAN_POINT ( 'NONE',  ( -0.3999999999999993006, 2.700000000000000178, 2.746891109999991976 ) ) ;
#2621 = AXIS2_PLACEMENT_3D ( 'NONE', #4649, #5276, #5893 ) ;
#2622 = LINE ( 'NONE', #4877, #5333 ) ;
#2623 = DIRECTION ( 'NONE',  ( 0.000000000000000000, -1.000000000000000000, 0.000000000000000000 ) ) ;
#2624 = CIRCLE ( 'NONE', #4133, 0.09822330499999978870 ) ;
#2625 = CARTESIAN_POINT ( 'NONE',  ( 4.111776695000000537, -8.331370849898473097, -3.800000000000076650 ) ) ;
#2626 = EDGE_CURVE ( 'NONE', #339, #7662, #4052, .T. ) ;
#2627 = CARTESIAN_POINT ( 'NONE',  ( 4.785969046581871389, 0.4679024512660204804, 4.099718805503266061 ) ) ;
#2628 = FACE_OUTER_BOUND ( 'NONE', #3467, .T. ) ;
#2629 = FILL_AREA_STYLE_COLOUR ( '', #7108 ) ;
#2630 = ORIENTED_EDGE ( 'NONE', *, *, #1741, .F. ) ;
#2631 = VECTOR ( 'NONE', #3602, 1000.000000000000000 ) ;
#2632 = LINE ( 'NONE', #3738, #5254 ) ;
#2633 = VECTOR ( 'NONE', #536, 1000.000000000000000 ) ;
#2634 = CARTESIAN_POINT ( 'NONE',  ( 3.510000000000001119, 3.300000000000000266, 3.399999999999999911 ) ) ;
#2635 = CARTESIAN_POINT ( 'NONE',  ( 7.620000000000000107, 5.000000000000124345, 4.099999999999992539 ) ) ;
#2636 = CARTESIAN_POINT ( 'NONE',  ( -1.039817103792304298, 0.4034028008561743595, 4.100019375701634772 ) ) ;
#2637 = EDGE_CURVE ( 'NONE', #4017, #2422, #6864, .T. ) ;
#2638 = PRODUCT_DEFINITION_FORMATION_WITH_SPECIFIED_SOURCE ( 'ANY', '', #1335, .NOT_KNOWN. ) ;
#2639 = FILL_AREA_STYLE ('',( #85 ) ) ;
#2640 = DIRECTION ( 'NONE',  ( -1.000000000000000000, -0.000000000000000000, -0.000000000000000000 ) ) ;
#2641 = CARTESIAN_POINT ( 'NONE',  ( 4.460000000000011511, 5.700000000000171596, -2.149999999999999911 ) ) ;
#2642 = VERTEX_POINT ( 'NONE', #412 ) ;
#2643 = CARTESIAN_POINT ( 'NONE',  ( -0.2999999999999990452, 3.400000000000000355, -1.200000000000000178 ) ) ;
#2644 = LINE ( 'NONE', #6436, #5295 ) ;
#2645 = LINE ( 'NONE', #3549, #5399 ) ;
#2646 = VECTOR ( 'NONE', #5064, 1000.000000000000000 ) ;
#2647 = ORIENTED_EDGE ( 'NONE', *, *, #6188, .F. ) ;
#2648 = FACE_OUTER_BOUND ( 'NONE', #5033, .T. ) ;
#2649 = CARTESIAN_POINT ( 'NONE',  ( -4.111776695000000537, 0.3999999999998726796, -3.098223304999996319 ) ) ;
#2650 = DIRECTION ( 'NONE',  ( -0.000000000000000000, -1.000000000000000000, -0.000000000000000000 ) ) ;
#2651 = CARTESIAN_POINT ( 'NONE',  ( -6.110000000000001208, 7.400000000000000355, 1.200000000000000178 ) ) ;
#2652 = EDGE_CURVE ( 'NONE', #694, #1615, #1541, .T. ) ;
#2653 = PLANE ( 'NONE',  #6208 ) ;
#2654 = CARTESIAN_POINT ( 'NONE',  ( -0.8726462500972347325, 0.3666721132835600305, 4.599999999999927702 ) ) ;
#2655 = ORIENTED_EDGE ( 'NONE', *, *, #2570, .T. ) ;
#2656 = ADVANCED_FACE ( 'NONE', ( #6774 ), #3498, .F. ) ;
#2657 = CARTESIAN_POINT ( 'NONE',  ( -5.110000000000000320, 0.3999999999998605227, -1.649999999999993472 ) ) ;
#2658 = FACE_OUTER_BOUND ( 'NONE', #6779, .T. ) ;
#2659 = ORIENTED_EDGE ( 'NONE', *, *, #1429, .T. ) ;
#2660 = VECTOR ( 'NONE', #67, 1000.000000000000000 ) ;
#2661 = CARTESIAN_POINT ( 'NONE',  ( 1.300000000000001599, 6.400000000000018119, -4.299999999999999822 ) ) ;
#2662 = EDGE_CURVE ( 'NONE', #7064, #2137, #6830, .T. ) ;
#2663 = VECTOR ( 'NONE', #2720, 1000.000000000000114 ) ;
#2664 = ADVANCED_FACE ( 'NONE', ( #1403 ), #2399, .T. ) ;
#2665 = EDGE_LOOP ( 'NONE', ( #3488, #5821, #3012, #3033, #6094, #5809, #1061, #6870 ) ) ;
#2666 = CARTESIAN_POINT ( 'NONE',  ( -2.924361058213699849, 0.3535462158898058371, 4.600000000000001421 ) ) ;
#2667 = EDGE_LOOP ( 'NONE', ( #2400, #6618, #4340, #1699, #7875 ) ) ;
#2668 =( BOUNDED_CURVE ( )  B_SPLINE_CURVE ( 3, ( #7210, #423, #1050, #3509 ),
 .UNSPECIFIED., .F., .F. ) 
 B_SPLINE_CURVE_WITH_KNOTS ( ( 4, 4 ),
 ( 5.497787143782127295, 6.283185307179586232 ),
 .UNSPECIFIED. ) 
 CURVE ( )  GEOMETRIC_REPRESENTATION_ITEM ( )  RATIONAL_B_SPLINE_CURVE ( ( 1.000000000000000000, 0.9492530216741897897, 0.9492530216741897897, 1.000000000000000000 ) ) 
 REPRESENTATION_ITEM ( '' )  );
#2669 = FACE_OUTER_BOUND ( 'NONE', #3824, .T. ) ;
#2670 = CARTESIAN_POINT ( 'NONE',  ( -6.110000000000001208, 5.566025403784609971, 4.599999999999999645 ) ) ;
#2671 = VECTOR ( 'NONE', #7594, 1000.000000000000000 ) ;
#2672 = CARTESIAN_POINT ( 'NONE',  ( -2.509999999999998455, 6.400000000000018119, -4.299999999999999822 ) ) ;
#2673 = DIRECTION ( 'NONE',  ( 0.000000000000000000, 1.000000000000000000, 0.000000000000000000 ) ) ;
#2674 = DIRECTION ( 'NONE',  ( 0.000000000000000000, 0.000000000000000000, 1.000000000000000000 ) ) ;
#2675 = CARTESIAN_POINT ( 'NONE',  ( 4.351031700597541629, 0.7649163315111769945, 4.099983960503091218 ) ) ;
#2676 = FACE_OUTER_BOUND ( 'NONE', #7278, .T. ) ;
#2677 = CARTESIAN_POINT ( 'NONE',  ( -3.409999999999999698, 2.700000000000000178, 3.399999999999999911 ) ) ;
#2678 = PLANE ( 'NONE',  #7485 ) ;
#2679 = CARTESIAN_POINT ( 'NONE',  ( 4.314618024140945529, 0.6228836806600240861, 4.599999999999940137 ) ) ;
#2680 = ORIENTED_EDGE ( 'NONE', *, *, #7717, .T. ) ;
#2681 = AXIS2_PLACEMENT_3D ( 'NONE', #2268, #955, #2872 ) ;
#2682 = EDGE_LOOP ( 'NONE', ( #1419, #3645, #4211, #1774, #6646 ) ) ;
#2683 = LINE ( 'NONE', #1097, #5519 ) ;
#2684 = CARTESIAN_POINT ( 'NONE',  ( 3.508223304999999570, 0.3999999999998802291, -3.799999999999996714 ) ) ;
#2685 = LINE ( 'NONE', #7873, #5477 ) ;
#2686 = ORIENTED_EDGE ( 'NONE', *, *, #4415, .F. ) ;
#2687 = LINE ( 'NONE', #3832, #5266 ) ;
#2688 = CARTESIAN_POINT ( 'NONE',  ( -2.855837425689139231, 0.4895175577480109230, 4.099730216452869946 ) ) ;
#2689 = FACE_OUTER_BOUND ( 'NONE', #208, .T. ) ;
#2690 = PLANE ( 'NONE',  #5263 ) ;
#2691 = EDGE_CURVE ( 'NONE', #4198, #1747, #1508, .T. ) ;
#2692 = DIRECTION ( 'NONE',  ( -0.09316605137675544601, 0.2576933335952809045, -0.9617246137493908886 ) ) ;
#2693 = CARTESIAN_POINT ( 'NONE',  ( -0.9884207415909774808, 0.4553216606561052981, 4.099776891801862888 ) ) ;
#2694 = DIRECTION ( 'NONE',  ( 0.000000000000000000, 1.000000000000000000, 9.164576854217089559E-15 ) ) ;
#2695 = ORIENTED_EDGE ( 'NONE', *, *, #3618, .F. ) ;
#2696 = DIRECTION ( 'NONE',  ( -0.000000000000000000, -0.000000000000000000, -1.000000000000000000 ) ) ;
#2697 = DIRECTION ( 'NONE',  ( -1.000000000000000000, 0.000000000000000000, 0.000000000000000000 ) ) ;
#2698 = ORIENTED_EDGE ( 'NONE', *, *, #6631, .T. ) ;
#2699 = CARTESIAN_POINT ( 'NONE',  ( -0.4105544863405769518, 1.040029338209724097, 4.599999999999999645 ) ) ;
#2700 = AXIS2_PLACEMENT_3D ( 'NONE', #1941, #739, #6439 ) ;
#2701 = CARTESIAN_POINT ( 'NONE',  ( 0.000000000000000000, 0.000000000000000000, 0.000000000000000000 ) ) ;
#2702 = VECTOR ( 'NONE', #4201, 1000.000000000000114 ) ;
#2703 = ORIENTED_EDGE ( 'NONE', *, *, #5708, .T. ) ;
#2704 = VECTOR ( 'NONE', #3687, 1000.000000000000000 ) ;
#2705 = VERTEX_POINT ( 'NONE', #962 ) ;
#2706 = LINE ( 'NONE', #7891, #2831 ) ;
#2707 = AXIS2_PLACEMENT_3D ( 'NONE', #816, #2470, #1401 ) ;
#2708 = EDGE_CURVE ( 'NONE', #5434, #7097, #1455, .T. ) ;
#2709 = PLANE ( 'NONE',  #4050 ) ;
#2710 = VERTEX_POINT ( 'NONE', #5891 ) ;
#2711 = CARTESIAN_POINT ( 'NONE',  ( -3.026025403784426082, 5.000000000000124345, 4.599999999999999645 ) ) ;
#2712 = CARTESIAN_POINT ( 'NONE',  ( -0.9014424479234335319, 0.3375821576270485180, 4.599999999999998757 ) ) ;
#2713 = VERTEX_POINT ( 'NONE', #2217 ) ;
#2714 = CARTESIAN_POINT ( 'NONE',  ( -4.181231060036055602, -3.054258255407589662, -3.771231060036082550 ) ) ;
#2715 = VECTOR ( 'NONE', #5546, 1000.000000000000000 ) ;
#2716 = VECTOR ( 'NONE', #5649, 1000.000000000000114 ) ;
#2717 = EDGE_LOOP ( 'NONE', ( #3584, #1334, #2074, #2150 ) ) ;
#2718 = CARTESIAN_POINT ( 'NONE',  ( -3.473908601473400193, 4.686091398526713192, 2.928477150368321347 ) ) ;
#2720 = DIRECTION ( 'NONE',  ( -0.09316605137675544601, -0.2576933335952809045, -0.9617246137493908886 ) ) ;
#2719 = LINE ( 'NONE', #4847, #7968 ) ;
#2721 = ORIENTED_EDGE ( 'NONE', *, *, #2900, .F. ) ;
#2722 = LINE ( 'NONE', #724, #5391 ) ;
#2723 = ORIENTED_EDGE ( 'NONE', *, *, #6331, .T. ) ;
#2724 = EDGE_CURVE ( 'NONE', #6574, #3298, #4117, .T. ) ;
#2725 = ORIENTED_EDGE ( 'NONE', *, *, #5484, .T. ) ;
#2726 = LINE ( 'NONE', #327, #2852 ) ;
#2727 = CARTESIAN_POINT ( 'NONE',  ( -0.3017766950000003723, 0.3999999999998729017, -2.999999999999996447 ) ) ;
#2728 = EDGE_CURVE ( 'NONE', #3762, #5633, #6956, .T. ) ;
#2729 = LINE ( 'NONE', #6323, #2742 ) ;
#2730 = PLANE ( 'NONE',  #3231 ) ;
#2731 = CARTESIAN_POINT ( 'NONE',  ( -0.6500000000000177858, 5.526333359182902012E-15, -5.731012372486363337E-16 ) ) ;
#2732 = VERTEX_POINT ( 'NONE', #7124 ) ;
#2733 = CARTESIAN_POINT ( 'NONE',  ( 4.777722990570313577, 0.4761827144801090150, 4.099719080512532088 ) ) ;
#2734 = VECTOR ( 'NONE', #4900, 1000.000000000000000 ) ;
#2735 = ADVANCED_FACE ( 'NONE', ( #6978 ), #207, .T. ) ;
#2736 = DIRECTION ( 'NONE',  ( -1.000000000000000000, 0.000000000000000000, -0.000000000000000000 ) ) ;
#2737 = CARTESIAN_POINT ( 'NONE',  ( -2.608436969401010774, 5.566025403784609971, 4.599999999999999645 ) ) ;
#2738 = ORIENTED_EDGE ( 'NONE', *, *, #6171, .T. ) ;
#2739 = ORIENTED_EDGE ( 'NONE', *, *, #662, .T. ) ;
#2740 = FACE_OUTER_BOUND ( 'NONE', #2145, .T. ) ;
#2741 = VECTOR ( 'NONE', #7471, 1000.000000000000000 ) ;
#2742 = VECTOR ( 'NONE', #6228, 1000.000000000000000 ) ;
#2743 = EDGE_CURVE ( 'NONE', #6776, #1545, #4130, .T. ) ;
#2744 = ORIENTED_EDGE ( 'NONE', *, *, #2728, .F. ) ;
#2745 = LINE ( 'NONE', #5027, #126 ) ;
#2746 = CARTESIAN_POINT ( 'NONE',  ( 3.508223304999999570, 0.3999999999998726796, -3.098223304999996319 ) ) ;
#2747 = CARTESIAN_POINT ( 'NONE',  ( -0.7106692886613676929, 0.6774305806405236385, 4.099898587138090633 ) ) ;
#2748 = DIRECTION ( 'NONE',  ( 0.000000000000000000, -0.000000000000000000, -1.000000000000000000 ) ) ;
#2749 = EDGE_CURVE ( 'NONE', #3767, #784, #4281, .T. ) ;
#2750 = DIRECTION ( 'NONE',  ( 0.000000000000000000, -9.382415370900834154E-15, 1.000000000000000000 ) ) ;
#2751 = FILL_AREA_STYLE ('',( #5971 ) ) ;
#2752 = PLANE ( 'NONE',  #7990 ) ;
#2753 = ORIENTED_EDGE ( 'NONE', *, *, #4479, .F. ) ;
#2754 = VECTOR ( 'NONE', #1239, 1000.000000000000000 ) ;
#2755 = VECTOR ( 'NONE', #849, 1000.000000000000000 ) ;
#2756 = LINE ( 'NONE', #4623, #5479 ) ;
#2757 = EDGE_CURVE ( 'NONE', #7652, #291, #1482, .T. ) ;
#2758 = ADVANCED_FACE ( 'NONE', ( #4532 ), #7748, .F. ) ;
#2759 = LINE ( 'NONE', #1876, #46 ) ;
#2760 = CARTESIAN_POINT ( 'NONE',  ( -3.508223304999999570, 0.3999999999998802291, -3.799999999999996714 ) ) ;
#2761 = ORIENTED_EDGE ( 'NONE', *, *, #6558, .T. ) ;
#2762 = CARTESIAN_POINT ( 'NONE',  ( 0.3000000000000003775, 3.400000000000000355, 3.399999999999999911 ) ) ;
#2763 = CARTESIAN_POINT ( 'NONE',  ( -0.8732641795887999825, 0.3660478488035623923, 4.599999999999544897 ) ) ;
#2764 = ORIENTED_EDGE ( 'NONE', *, *, #6631, .F. ) ;
#2765 = CARTESIAN_POINT ( 'NONE',  ( -3.509999999999999787, 3.300000000000000266, 3.399999999999999911 ) ) ;
#2766 = DIRECTION ( 'NONE',  ( 1.000000000000000000, 0.000000000000000000, 0.000000000000000000 ) ) ;
#2767 = VECTOR ( 'NONE', #1546, 1000.000000000000000 ) ;
#2768 = LINE ( 'NONE', #3191, #2755 ) ;
#2769 = DIRECTION ( 'NONE',  ( -1.000000000000000000, -0.000000000000000000, -0.000000000000000000 ) ) ;
#2770 = LINE ( 'NONE', #1827, #5496 ) ;
#2771 = DIRECTION ( 'NONE',  ( 0.000000000000000000, 1.000000000000000000, -3.614007241618349264E-16 ) ) ;
#2772 = AXIS2_PLACEMENT_3D ( 'NONE', #7416, #5945, #4605 ) ;
#2773 = FACE_OUTER_BOUND ( 'NONE', #6630, .T. ) ;
#2774 = ORIENTED_EDGE ( 'NONE', *, *, #3109, .T. ) ;
#2775 = ORIENTED_EDGE ( 'NONE', *, *, #1048, .F. ) ;
#2776 = VECTOR ( 'NONE', #646, 1000.000000000000000 ) ;
#2777 = DIRECTION ( 'NONE',  ( -0.000000000000000000, 1.000000000000000000, -0.000000000000000000 ) ) ;
#2778 = VECTOR ( 'NONE', #598, 1000.000000000000000 ) ;
#2779 = DIRECTION ( 'NONE',  ( 0.000000000000000000, 9.996711556476512143E-15, -1.000000000000000000 ) ) ;
#2780 = CARTESIAN_POINT ( 'NONE',  ( 3.810000000000000497, 3.000000000000000000, -2.149999999999999911 ) ) ;
#2781 = CARTESIAN_POINT ( 'NONE',  ( 4.784973137516415065, 0.4689087124182428346, 4.099714089653130777 ) ) ;
#2782 = AXIS2_PLACEMENT_3D ( 'NONE', #2529, #1825, #620 ) ;
#2783 = FACE_OUTER_BOUND ( 'NONE', #271, .T. ) ;
#2784 = CARTESIAN_POINT ( 'NONE',  ( 0.3517063983397438753, 3.389714957897566716, 2.785275409606414065 ) ) ;
#2785 = CARTESIAN_POINT ( 'NONE',  ( -3.629175189797398726, 0.8669322665955000451, 4.100088546252724342 ) ) ;
#2786 = EDGE_LOOP ( 'NONE', ( #3426, #3250, #6189, #4081 ) ) ;
#2787 = ORIENTED_EDGE ( 'NONE', *, *, #1423, .F. ) ;
#2788 = ADVANCED_FACE ( 'NONE', ( #1719 ), #6456, .T. ) ;
#2789 = VECTOR ( 'NONE', #1852, 1000.000000000000000 ) ;
#2790 = DIRECTION ( 'NONE',  ( 0.000000000000000000, 1.000000000000000000, 1.156482317317871922E-14 ) ) ;
#2791 = VECTOR ( 'NONE', #7993, 1000.000000000000000 ) ;
#2792 = ORIENTED_EDGE ( 'NONE', *, *, #4648, .F. ) ;
#2793 = EDGE_CURVE ( 'NONE', #5647, #3656, #7081, .T. ) ;
#2794 = LINE ( 'NONE', #7482, #216 ) ;
#2795 = CARTESIAN_POINT ( 'NONE',  ( -0.8057402023227252519, 0.6144775295635951373, 4.099839804666348009 ) ) ;
#2796 = EDGE_CURVE ( 'NONE', #6202, #7417, #1645, .T. ) ;
#2797 = CARTESIAN_POINT ( 'NONE',  ( -0.3017766950000003723, 0.3999999999998802291, -3.799999999999996714 ) ) ;
#2798 = ORIENTED_EDGE ( 'NONE', *, *, #6654, .T. ) ;
#2799 = DIRECTION ( 'NONE',  ( 0.000000000000000000, 0.000000000000000000, 1.000000000000000000 ) ) ;
#2800 = CARTESIAN_POINT ( 'NONE',  ( -3.991267557121243925, 0.7180462793670532307, 4.600000000000000533 ) ) ;
#2801 = VERTEX_POINT ( 'NONE', #4646 ) ;
#2802 = DIRECTION ( 'NONE',  ( -1.000000000000000000, 0.000000000000000000, 0.000000000000000000 ) ) ;
#2803 = ORIENTED_EDGE ( 'NONE', *, *, #854, .T. ) ;
#2804 = DIRECTION ( 'NONE',  ( 1.000000000000000000, -0.000000000000000000, 0.000000000000000000 ) ) ;
#2805 = VECTOR ( 'NONE', #2694, 1000.000000000000000 ) ;
#2806 = AXIS2_PLACEMENT_3D ( 'NONE', #3425, #3373, #5330 ) ;
#2807 = FACE_OUTER_BOUND ( 'NONE', #157, .T. ) ;
#2808 = VERTEX_POINT ( 'NONE', #6555 ) ;
#2809 = VECTOR ( 'NONE', #2081, 1000.000000000000000 ) ;
#2810 = EDGE_CURVE ( 'NONE', #7156, #2226, #7222, .T. ) ;
#2811 = AXIS2_PLACEMENT_3D ( 'NONE', #2509, #4215, #7939 ) ;
#2812 =( BOUNDED_CURVE ( )  B_SPLINE_CURVE ( 3, ( #7762, #1562, #345, #405 ),
 .UNSPECIFIED., .F., .F. ) 
 B_SPLINE_CURVE_WITH_KNOTS ( ( 4, 4 ),
 ( 0.000000000000000000, 0.7853981633974425058 ),
 .UNSPECIFIED. ) 
 CURVE ( )  GEOMETRIC_REPRESENTATION_ITEM ( )  RATIONAL_B_SPLINE_CURVE ( ( 1.000000000000000000, 0.9492530216741918991, 0.9492530216741918991, 1.000000000000000000 ) ) 
 REPRESENTATION_ITEM ( '' )  );
#2813 = CIRCLE ( 'NONE', #4456, 0.2999999999999999334 ) ;
#2814 =( BOUNDED_CURVE ( )  B_SPLINE_CURVE ( 3, ( #2921, #3562, #4164, #5432 ),
 .UNSPECIFIED., .F., .F. ) 
 B_SPLINE_CURVE_WITH_KNOTS ( ( 4, 4 ),
 ( 0.000000000000000000, 0.7853981633974510546 ),
 .UNSPECIFIED. ) 
 CURVE ( )  GEOMETRIC_REPRESENTATION_ITEM ( )  RATIONAL_B_SPLINE_CURVE ( ( 1.000000000000000000, 0.9492530216741906779, 0.9492530216741906779, 1.000000000000000000 ) ) 
 REPRESENTATION_ITEM ( '' )  );
#2815 = CARTESIAN_POINT ( 'NONE',  ( 0.4000000000000004663, -2.946891109999993930, -3.728175298700263429 ) ) ;
#2816 = AXIS2_PLACEMENT_3D ( 'NONE', #2181, #3436, #7864 ) ;
#2817 = ORIENTED_EDGE ( 'NONE', *, *, #7646, .T. ) ;
#2818 = FILL_AREA_STYLE_COLOUR ( '', #6396 ) ;
#2819 = CARTESIAN_POINT ( 'NONE',  ( 2.154999999999972715, 5.000000000000124345, 4.099999999999990763 ) ) ;
#2820 = CARTESIAN_POINT ( 'NONE',  ( -0.9133076592119220294, 0.3255973654780967008, 4.600000000000003197 ) ) ;
#2821 = ORIENTED_EDGE ( 'NONE', *, *, #4085, .T. ) ;
#2822 = DIRECTION ( 'NONE',  ( 0.000000000000000000, -0.000000000000000000, -1.000000000000000000 ) ) ;
#2823 = DIRECTION ( 'NONE',  ( -1.000000000000000000, 0.000000000000000000, 0.000000000000000000 ) ) ;
#2824 = VECTOR ( 'NONE', #4486, 1000.000000000000000 ) ;
#2825 = VECTOR ( 'NONE', #5785, 1000.000000000000000 ) ;
#2826 = ORIENTED_EDGE ( 'NONE', *, *, #3057, .F. ) ;
#2827 = DIRECTION ( 'NONE',  ( -0.000000000000000000, 1.000000000000000000, 9.164576854217089559E-15 ) ) ;
#2828 = DIRECTION ( 'NONE',  ( 0.2505628075300758151, -0.9351131262929061050, 0.2505628075300751489 ) ) ;
#2829 = EDGE_CURVE ( 'NONE', #7018, #3875, #4417, .T. ) ;
#2830 = ADVANCED_FACE ( 'NONE', ( #1878 ), #3972, .F. ) ;
#2831 = VECTOR ( 'NONE', #7383, 1000.000000000000227 ) ;
#2832 = EDGE_CURVE ( 'NONE', #2371, #6410, #1902, .T. ) ;
#2833 = AXIS2_PLACEMENT_3D ( 'NONE', #4056, #5965, #4159 ) ;
#2834 = VERTEX_POINT ( 'NONE', #1399 ) ;
#2835 = ORIENTED_EDGE ( 'NONE', *, *, #2608, .T. ) ;
#2836 = VECTOR ( 'NONE', #4384, 1000.000000000000000 ) ;
#2837 = CARTESIAN_POINT ( 'NONE',  ( 0.8954618930729132398, 0.4610214260478603943, 4.311070530479098828 ) ) ;
#2838 = LINE ( 'NONE', #5498, #2791 ) ;
#2839 = VERTEX_POINT ( 'NONE', #2011 ) ;
#2840 = LINE ( 'NONE', #5919, #5637 ) ;
#2841 = CARTESIAN_POINT ( 'NONE',  ( 7.620000000000000107, 5.000000000000124345, 0.000000000000000000 ) ) ;
#2842 = CARTESIAN_POINT ( 'NONE',  ( 3.585000000000000409, 2.600000000000000533, 3.399999999999999911 ) ) ;
#2843 = DIRECTION ( 'NONE',  ( -0.000000000000000000, -0.000000000000000000, 1.000000000000000000 ) ) ;
#2844 = CARTESIAN_POINT ( 'NONE',  ( 4.804420248555467232, 0.4492603138906167137, 4.099805024991869828 ) ) ;
#2845 = CIRCLE ( 'NONE', #2782, 0.2000000000000000944 ) ;
#2846 = CARTESIAN_POINT ( 'NONE',  ( 4.582813148893551514, 0.4572415375654499958, 4.600000000000001421 ) ) ;
#2847 = DIRECTION ( 'NONE',  ( 1.000000000000000000, 0.000000000000000000, 0.000000000000000000 ) ) ;
#2848 = DIRECTION ( 'NONE',  ( -1.000000000000000000, -0.000000000000000000, 1.774471640729139594E-17 ) ) ;
#2849 = ORIENTED_EDGE ( 'NONE', *, *, #7015, .F. ) ;
#2850 = EDGE_CURVE ( 'NONE', #5658, #1518, #7122, .T. ) ;
#2851 = VERTEX_POINT ( 'NONE', #5630 ) ;
#2852 = VECTOR ( 'NONE', #6553, 1000.000000000000000 ) ;
#2853 = LINE ( 'NONE', #5839, #2825 ) ;
#2854 = ORIENTED_EDGE ( 'NONE', *, *, #2887, .T. ) ;
#2855 = FACE_OUTER_BOUND ( 'NONE', #2786, .T. ) ;
#2856 = EDGE_CURVE ( 'NONE', #5602, #6445, #1688, .T. ) ;
#2857 = LINE ( 'NONE', #2070, #5569 ) ;
#2858 = DIRECTION ( 'NONE',  ( 0.000000000000000000, 3.614007241618349264E-16, 1.000000000000000000 ) ) ;
#2859 = CARTESIAN_POINT ( 'NONE',  ( -0.9131713568612832566, 0.5276846031302040441, 4.099762693267122060 ) ) ;
#2860 = EDGE_LOOP ( 'NONE', ( #935, #481, #889, #3277 ) ) ;
#2861 = CARTESIAN_POINT ( 'NONE',  ( -0.4000000000000002998, -2.946891109999994818, -3.071824701299790128 ) ) ;
#2862 = DIRECTION ( 'NONE',  ( -0.000000000000000000, 1.000000000000000000, 9.147955830346445240E-15 ) ) ;
#2863 = CARTESIAN_POINT ( 'NONE',  ( 3.159999999999989484, 5.700000000000171596, -2.149999999999999911 ) ) ;
#2864 = EDGE_LOOP ( 'NONE', ( #5137, #6023, #5319, #2698 ) ) ;
#2865 = CARTESIAN_POINT ( 'NONE',  ( -4.784799852751685734, 0.4690838039890208866, 4.099713255018030189 ) ) ;
#2866 = ADVANCED_FACE ( 'NONE', ( #4454 ), #619, .F. ) ;
#2867 = VECTOR ( 'NONE', #2576, 1000.000000000000000 ) ;
#2868 = LINE ( 'NONE', #6300, #5765 ) ;
#2869 = VECTOR ( 'NONE', #2339, 1000.000000000000000 ) ;
#2870 = VECTOR ( 'NONE', #3550, 1000.000000000000000 ) ;
#2871 = CARTESIAN_POINT ( 'NONE',  ( -2.993856757104598643, 0.4203983117852176932, 4.599999999999991651 ) ) ;
#2872 = DIRECTION ( 'NONE',  ( -1.000000000000000000, 0.000000000000000000, 0.000000000000000000 ) ) ;
#2873 = ORIENTED_EDGE ( 'NONE', *, *, #7309, .F. ) ;
#2874 = PLANE ( 'NONE',  #1354 ) ;
#2875 = DIRECTION ( 'NONE',  ( 0.000000000000000000, 0.000000000000000000, -1.000000000000000000 ) ) ;
#2876 = CARTESIAN_POINT ( 'NONE',  ( 0.04549104587299482305, 0.7313129972173770810, 4.600000000000102673 ) ) ;
#2877 = AXIS2_PLACEMENT_3D ( 'NONE', #3083, #4257, #3028 ) ;
#2878 = ORIENTED_EDGE ( 'NONE', *, *, #4385, .T. ) ;
#2879 = DIRECTION ( 'NONE',  ( 0.000000000000000000, -1.766101716875451061E-14, 1.000000000000000000 ) ) ;
#2880 = CARTESIAN_POINT ( 'NONE',  ( -4.460000000000011511, 5.700000000000171596, 4.099999999999992539 ) ) ;
#2881 = FACE_OUTER_BOUND ( 'NONE', #1113, .T. ) ;
#2882 = VECTOR ( 'NONE', #1536, 1000.000000000000000 ) ;
#2883 = CARTESIAN_POINT ( 'NONE',  ( -2.154999999999973159, 0.4499999999978934739, 4.599999999999999645 ) ) ;
#2884 = LINE ( 'NONE', #5523, #245 ) ;
#2885 = CARTESIAN_POINT ( 'NONE',  ( -0.2249999999999995060, 3.225000000000000533, 3.399999999999999911 ) ) ;
#2886 = FACE_BOUND ( 'NONE', #1928, .T. ) ;
#2887 = EDGE_CURVE ( 'NONE', #7422, #5465, #1917, .T. ) ;
#2888 = VECTOR ( 'NONE', #7062, 1000.000000000000000 ) ;
#2889 = ORIENTED_EDGE ( 'NONE', *, *, #3705, .T. ) ;
#2890 = ORIENTED_EDGE ( 'NONE', *, *, #662, .F. ) ;
#2891 = CARTESIAN_POINT ( 'NONE',  ( 2.938199269770850997, 0.4586744067795254232, 4.372598233798146161 ) ) ;
#2892 = DIRECTION ( 'NONE',  ( 0.000000000000000000, 0.000000000000000000, 1.000000000000000000 ) ) ;
#2893 = CARTESIAN_POINT ( 'NONE',  ( -3.787471048668476392, 3.022528951331524105, 4.155632239160037322 ) ) ;
#2894 = CARTESIAN_POINT ( 'NONE',  ( 2.937477330910263085, 0.3667969716823520909, 4.599999999999942801 ) ) ;
#2895 = VECTOR ( 'NONE', #6424, 1000.000000000000114 ) ;
#2896 = AXIS2_PLACEMENT_3D ( 'NONE', #4423, #2048, #4525 ) ;
#2897 = DIRECTION ( 'NONE',  ( 0.000000000000000000, 1.000000000000000000, 0.000000000000000000 ) ) ;
#2898 = CARTESIAN_POINT ( 'NONE',  ( 4.671638203932861444, 0.3776742237725116413, 4.599999999999869083 ) ) ;
#2899 = CARTESIAN_POINT ( 'NONE',  ( -0.9747998527516857914, 0.4690838039890209976, 4.099713255018027525 ) ) ;
#2900 = EDGE_CURVE ( 'NONE', #4531, #7018, #7070, .T. ) ;
#2901 = CARTESIAN_POINT ( 'NONE',  ( 4.219914641016257129, 0.6608116103367206451, 4.599999999999996980 ) ) ;
#2902 = ORIENTED_EDGE ( 'NONE', *, *, #1409, .F. ) ;
#2903 = ORIENTED_EDGE ( 'NONE', *, *, #6575, .T. ) ;
#2904 = CARTESIAN_POINT ( 'NONE',  ( 4.210000000000001741, 2.673123889793531216, 2.746891109999991087 ) ) ;
#2905 = VERTEX_POINT ( 'NONE', #6826 ) ;
#2906 = CIRCLE ( 'NONE', #129, 0.09822330499999978870 ) ;
#2907 = CARTESIAN_POINT ( 'NONE',  ( -4.487746759983846978, 0.6967613275704783726, 4.099917082263171864 ) ) ;
#2908 = LINE ( 'NONE', #1058, #212 ) ;
#2909 = ORIENTED_EDGE ( 'NONE', *, *, #5771, .F. ) ;
#2910 = EDGE_CURVE ( 'NONE', #3914, #3863, #1835, .T. ) ;
#2911 = LINE ( 'NONE', #6681, #5786 ) ;
#2912 = CARTESIAN_POINT ( 'NONE',  ( 3.899846388722106205, 0.8759518549293560108, 4.100098683320267057 ) ) ;
#2913 = DIRECTION ( 'NONE',  ( -1.000000000000000000, 0.000000000000000000, 0.000000000000000000 ) ) ;
#2914 = CARTESIAN_POINT ( 'NONE',  ( -0.2026524925515960640, 0.8611216086973585426, 4.100082781062753590 ) ) ;
#2915 = CARTESIAN_POINT ( 'NONE',  ( -3.159999999999988152, 5.000000000000124345, 4.099999999999992539 ) ) ;
#2916 = CIRCLE ( 'NONE', #2877, 0.09822330499999978870 ) ;
#2917 = ADVANCED_FACE ( 'NONE', ( #4571 ), #5515, .F. ) ;
#2918 = VERTEX_POINT ( 'NONE', #5572 ) ;
#2919 = EDGE_CURVE ( 'NONE', #7156, #1751, #1754, .T. ) ;
#2920 = DIRECTION ( 'NONE',  ( 0.000000000000000000, 0.000000000000000000, -1.000000000000000000 ) ) ;
#2921 = CARTESIAN_POINT ( 'NONE',  ( -4.109999999999999432, 3.400000000000000355, 2.746891109999991976 ) ) ;
#2922 = CARTESIAN_POINT ( 'NONE',  ( -4.069605999282484454, 0.7035618199463601341, 4.599999999999997868 ) ) ;
#2923 = AXIS2_PLACEMENT_3D ( 'NONE', #2765, #5779, #5726 ) ;
#2924 = VERTEX_POINT ( 'NONE', #3640 ) ;
#2925 = CARTESIAN_POINT ( 'NONE',  ( -0.1817490716550482499, 0.8668734167941868352, 4.100088978598646960 ) ) ;
#2926 = FACE_OUTER_BOUND ( 'NONE', #3389, .T. ) ;
#2927 = FACE_OUTER_BOUND ( 'NONE', #6987, .T. ) ;
#2928 = EDGE_CURVE ( 'NONE', #728, #800, #1796, .T. ) ;
#2929 = VECTOR ( 'NONE', #7197, 1000.000000000000000 ) ;
#2930 = ADVANCED_FACE ( 'NONE', ( #7153 ), #6316, .T. ) ;
#2931 = EDGE_CURVE ( 'NONE', #5454, #5408, #7330, .T. ) ;
#2932 = FACE_OUTER_BOUND ( 'NONE', #645, .T. ) ;
#2933 = FACE_OUTER_BOUND ( 'NONE', #7647, .T. ) ;
#2934 = VERTEX_POINT ( 'NONE', #2528 ) ;
#2935 = CARTESIAN_POINT ( 'NONE',  ( -3.508223304999999570, -8.331370849898478426, -3.098223305000076699 ) ) ;
#2936 = DIRECTION ( 'NONE',  ( 0.000000000000000000, 0.000000000000000000, -1.000000000000000000 ) ) ;
#2937 = CARTESIAN_POINT ( 'NONE',  ( 0.8706743736771096476, 0.3686625220303978989, 4.600000000000004086 ) ) ;
#2938 = EDGE_LOOP ( 'NONE', ( #1709, #6375, #7196, #658 ) ) ;
#2939 = DIRECTION ( 'NONE',  ( -1.000000000000000000, 0.000000000000000000, 0.000000000000000000 ) ) ;
#2940 = EDGE_CURVE ( 'NONE', #5618, #938, #1770, .T. ) ;
#2941 = CARTESIAN_POINT ( 'NONE',  ( -1.300000000000000044, 0.3999999999998605227, -1.649999999999993472 ) ) ;
#2942 = ADVANCED_FACE ( 'NONE', ( #4394 ), #6927, .T. ) ;
#2943 = LINE ( 'NONE', #6097, #2953 ) ;
#2944 = LINE ( 'NONE', #3678, #2955 ) ;
#2945 = ORIENTED_EDGE ( 'NONE', *, *, #4366, .T. ) ;
#2946 = VECTOR ( 'NONE', #3348, 1000.000000000000000 ) ;
#2947 = CARTESIAN_POINT ( 'NONE',  ( 0.7729541876772713094, 4.380511582937304915, -3.250230837397074968 ) ) ;
#2948 = EDGE_CURVE ( 'NONE', #2137, #995, #7246, .T. ) ;
#2949 = CARTESIAN_POINT ( 'NONE',  ( -4.209999999999999964, -8.331370849898473097, -3.800000000000076650 ) ) ;
#2950 = LINE ( 'NONE', #4365, #311 ) ;
#2951 = LINE ( 'NONE', #5562, #342 ) ;
#2952 = ORIENTED_EDGE ( 'NONE', *, *, #2481, .T. ) ;
#2953 = VECTOR ( 'NONE', #6711, 1000.000000000000000 ) ;
#2954 =( BOUNDED_CURVE ( )  B_SPLINE_CURVE ( 3, ( #6116, #2285, #7411, #1169 ),
 .UNSPECIFIED., .F., .F. ) 
 B_SPLINE_CURVE_WITH_KNOTS ( ( 4, 4 ),
 ( 0.000000000000000000, 0.7853981633974516097 ),
 .UNSPECIFIED. ) 
 CURVE ( )  GEOMETRIC_REPRESENTATION_ITEM ( )  RATIONAL_B_SPLINE_CURVE ( ( 1.000000000000000000, 0.9492530216741906779, 0.9492530216741906779, 1.000000000000000000 ) ) 
 REPRESENTATION_ITEM ( '' )  );
#2955 = VECTOR ( 'NONE', #3046, 1000.000000000000000 ) ;
#2956 = ORIENTED_EDGE ( 'NONE', *, *, #4029, .T. ) ;
#2957 = FACE_OUTER_BOUND ( 'NONE', #1575, .T. ) ;
#2958 = CARTESIAN_POINT ( 'NONE',  ( -2.324999999999999734, 6.350000000000171063, 4.099999999999992539 ) ) ;
#2959 = EDGE_CURVE ( 'NONE', #4557, #3698, #765, .T. ) ;
#2960 = CARTESIAN_POINT ( 'NONE',  ( 2.948159160237139087, 0.3774741888211006757, 4.599999999999654143 ) ) ;
#2961 = LINE ( 'NONE', #3279, #5743 ) ;
#2962 = CARTESIAN_POINT ( 'NONE',  ( -4.699934345573481664, 0.7074836895662702796, -2.149999999999999911 ) ) ;
#2963 = CARTESIAN_POINT ( 'NONE',  ( 4.674659612178247770, 0.3746797812000811634, 4.600000000000068923 ) ) ;
#2964 = CARTESIAN_POINT ( 'NONE',  ( 6.110000000000000320, 7.200000000000001066, 0.9999999999999997780 ) ) ;
#2965 = DIRECTION ( 'NONE',  ( -1.000000000000000000, 0.000000000000000000, 0.000000000000000000 ) ) ;
#2966 = VECTOR ( 'NONE', #1007, 1000.000000000000000 ) ;
#2967 = CARTESIAN_POINT ( 'NONE',  ( 3.469026145281470352, 1.112076148575014800, -2.149999999999999911 ) ) ;
#2968 = EDGE_CURVE ( 'NONE', #2208, #7790, #4587, .T. ) ;
#2969 = ORIENTED_EDGE ( 'NONE', *, *, #2832, .T. ) ;
#2970 = LINE ( 'NONE', #2215, #5859 ) ;
#2971 = VECTOR ( 'NONE', #1696, 1000.000000000000000 ) ;
#2972 = EDGE_LOOP ( 'NONE', ( #4039, #861, #4247, #1896, #6335 ) ) ;
#2973 = VECTOR ( 'NONE', #5291, 1000.000000000000000 ) ;
#2974 = CARTESIAN_POINT ( 'NONE',  ( -4.776793238521487517, 0.4771075051847409876, 4.099719849671924266 ) ) ;
#2975 = LINE ( 'NONE', #981, #2895 ) ;
#2976 = CARTESIAN_POINT ( 'NONE',  ( 3.410000000000000586, 2.600000000000000533, 3.399999999999999911 ) ) ;
#2977 = DIRECTION ( 'NONE',  ( 0.000000000000000000, 1.000000000000000000, 0.000000000000000000 ) ) ;
#2978 = ORIENTED_EDGE ( 'NONE', *, *, #3241, .T. ) ;
#2979 = CARTESIAN_POINT ( 'NONE',  ( 1.004392700632642077, 0.4391855399516260139, 4.099851883436169686 ) ) ;
#2980 = CARTESIAN_POINT ( 'NONE',  ( 6.110000000000000320, 6.150000000000000355, 4.000000000000000000 ) ) ;
#2981 = FACE_OUTER_BOUND ( 'NONE', #1437, .T. ) ;
#2982 = ORIENTED_EDGE ( 'NONE', *, *, #1843, .T. ) ;
#2983 = CARTESIAN_POINT ( 'NONE',  ( -4.180710678118654045, 2.629289321881345565, 2.856200347158724284 ) ) ;
#2984 = CARTESIAN_POINT ( 'NONE',  ( -6.110000000000001208, 6.150000000000000355, 4.000000000000000000 ) ) ;
#2985 = CARTESIAN_POINT ( 'NONE',  ( 3.457435571654239315, -2.984593437674529337, -3.010102308273679750 ) ) ;
#2986 = ORIENTED_EDGE ( 'NONE', *, *, #1405, .T. ) ;
#2987 = FACE_OUTER_BOUND ( 'NONE', #4082, .T. ) ;
#2988 = LINE ( 'NONE', #6084, #276 ) ;
#2989 = ORIENTED_EDGE ( 'NONE', *, *, #949, .F. ) ;
#2990 = VECTOR ( 'NONE', #933, 1000.000000000000000 ) ;
#2991 = ORIENTED_EDGE ( 'NONE', *, *, #2593, .T. ) ;
#2992 = LINE ( 'NONE', #6648, #5812 ) ;
#2993 = DIRECTION ( 'NONE',  ( -0.000000000000000000, -1.000000000000000000, -0.000000000000000000 ) ) ;
#2994 = ORIENTED_EDGE ( 'NONE', *, *, #4889, .T. ) ;
#2995 = CARTESIAN_POINT ( 'NONE',  ( -6.110000000000001208, 7.400000000000000355, 1.000000000000000000 ) ) ;
#2996 = DIRECTION ( 'NONE',  ( 1.239088197126206261E-15, 1.000000000000000000, 0.000000000000000000 ) ) ;
#2997 = CARTESIAN_POINT ( 'NONE',  ( 0.8596170296740729411, 0.3796635382382367307, 4.599999999999953459 ) ) ;
#2998 = DIRECTION ( 'NONE',  ( 0.000000000000000000, 1.000000000000000000, 0.000000000000000000 ) ) ;
#2999 = CARTESIAN_POINT ( 'NONE',  ( 5.294999999999999929, 6.350000000000171063, -3.650000000000000355 ) ) ;
#3000 = VECTOR ( 'NONE', #7906, 1000.000000000000000 ) ;
#3001 = VECTOR ( 'NONE', #2000, 1000.000000000000000 ) ;
#3002 = EDGE_CURVE ( 'NONE', #5060, #1355, #4357, .T. ) ;
#3003 = CARTESIAN_POINT ( 'NONE',  ( 3.066970084099677418, 0.6571975088308922297, 4.099879458487380113 ) ) ;
#3004 = LINE ( 'NONE', #1992, #5739 ) ;
#3005 = ADVANCED_FACE ( 'NONE', ( #1784 ), #887, .T. ) ;
#3006 = CARTESIAN_POINT ( 'NONE',  ( 1.300000000000001599, 5.600000000000019185, -4.599999999999999645 ) ) ;
#3007 = DIRECTION ( 'NONE',  ( 1.000000000000000000, 0.000000000000000000, 0.000000000000000000 ) ) ;
#3008 = MANIFOLD_SOLID_BREP ( 'LPattern2', #4633 ) ;
#3009 = LINE ( 'NONE', #6929, #326 ) ;
#3010 = AXIS2_PLACEMENT_3D ( 'NONE', #5079, #5749, #5517 ) ;
#3011 = LINE ( 'NONE', #6593, #470 ) ;
#3012 = ORIENTED_EDGE ( 'NONE', *, *, #735, .F. ) ;
#3013 = ADVANCED_FACE ( 'NONE', ( #7236 ), #7659, .F. ) ;
#3014 = FACE_OUTER_BOUND ( 'NONE', #7013, .T. ) ;
#3015 = AXIS2_PLACEMENT_3D ( 'NONE', #5730, #5611, #4837 ) ;
#3016 = VECTOR ( 'NONE', #4954, 1000.000000000000000 ) ;
#3017 = CARTESIAN_POINT ( 'NONE',  ( 3.838324242287517229, -4.545418941088585463, -3.428324242287544621 ) ) ;
#3018 = PLANE ( 'NONE',  #6764 ) ;
#3019 = EDGE_CURVE ( 'NONE', #5305, #4260, #1848, .T. ) ;
#3020 = DIRECTION ( 'NONE',  ( 1.000000000000000000, 0.000000000000000000, 0.000000000000000000 ) ) ;
#3021 = AXIS2_PLACEMENT_3D ( 'NONE', #5797, #1976, #3743 ) ;
#3022 = CARTESIAN_POINT ( 'NONE',  ( 2.937353749902765099, 0.3666721132835613073, 4.599999999999929479 ) ) ;
#3023 = CIRCLE ( 'NONE', #2117, 0.3000000000000000999 ) ;
#3024 = CARTESIAN_POINT ( 'NONE',  ( 2.510000000000000231, -2.949029909160572061E-14, -1.649999999999998579 ) ) ;
#3025 = CARTESIAN_POINT ( 'NONE',  ( 4.600365129988418289, 0.4427321346598984131, 4.600000000000001421 ) ) ;
#3026 = ORIENTED_EDGE ( 'NONE', *, *, #7709, .T. ) ;
#3027 = CARTESIAN_POINT ( 'NONE',  ( 4.699629382683348844, 0.3495150890627844453, 4.599999999999960565 ) ) ;
#3028 = DIRECTION ( 'NONE',  ( 0.000000000000000000, -9.382415370900834154E-15, 1.000000000000000000 ) ) ;
#3029 = LINE ( 'NONE', #1703, #5756 ) ;
#3030 = CARTESIAN_POINT ( 'NONE',  ( 3.145352612316477003, 0.5356254337222987605, 4.600000000000001421 ) ) ;
#3031 = AXIS2_PLACEMENT_3D ( 'NONE', #3902, #3805, #5037 ) ;
#3032 = ORIENTED_EDGE ( 'NONE', *, *, #1139, .T. ) ;
#3033 = ORIENTED_EDGE ( 'NONE', *, *, #1073, .T. ) ;
#3034 = FACE_OUTER_BOUND ( 'NONE', #7456, .T. ) ;
#3035 = FACE_OUTER_BOUND ( 'NONE', #474, .T. ) ;
#3036 = EDGE_CURVE ( 'NONE', #4414, #6404, #4601, .T. ) ;
#3037 = CARTESIAN_POINT ( 'NONE',  ( -4.209999999999999076, 2.700000000000000178, 2.746891109999991976 ) ) ;
#3038 = CARTESIAN_POINT ( 'NONE',  ( -3.809999999999999609, -0.5000000000003235190, -2.149999999999999911 ) ) ;
#3039 = DIRECTION ( 'NONE',  ( 0.000000000000000000, 1.000000000000000000, 9.164576854217089559E-15 ) ) ;
#3040 = CARTESIAN_POINT ( 'NONE',  ( 0.9609630456312399094, 0.4828706066171965516, 4.099724653600899771 ) ) ;
#3041 = DIRECTION ( 'NONE',  ( 1.000000000000000000, 0.000000000000000000, 0.000000000000000000 ) ) ;
#3042 = EDGE_CURVE ( 'NONE', #6371, #2422, #4611, .T. ) ;
#3043 = FACE_OUTER_BOUND ( 'NONE', #7253, .T. ) ;
#3044 = DIRECTION ( 'NONE',  ( 0.000000000000000000, 0.000000000000000000, -1.000000000000000000 ) ) ;
#3045 = CARTESIAN_POINT ( 'NONE',  ( 1.300000000000001599, 6.400000000000018119, -4.599999999999999645 ) ) ;
#3046 = DIRECTION ( 'NONE',  ( -1.000000000000000000, 0.000000000000000000, 0.000000000000000000 ) ) ;
#3047 = CARTESIAN_POINT ( 'NONE',  ( 3.438768939963946281, -3.054258255407597211, -3.028768939963972784 ) ) ;
#3048 = VERTEX_POINT ( 'NONE', #7599 ) ;
#3049 = VECTOR ( 'NONE', #7450, 1000.000000000000000 ) ;
#3050 = VECTOR ( 'NONE', #6588, 1000.000000000000000 ) ;
#3051 = LINE ( 'NONE', #1617, #5793 ) ;
#3052 = VECTOR ( 'NONE', #3226, 1000.000000000000000 ) ;
#3053 = PRODUCT_DEFINITION_SHAPE ( 'NONE', 'NONE',  #4205 ) ;
#3054 = FACE_OUTER_BOUND ( 'NONE', #5631, .T. ) ;
#3055 = DIRECTION ( 'NONE',  ( -0.000000000000000000, 0.000000000000000000, -1.000000000000000000 ) ) ;
#3056 = DIRECTION ( 'NONE',  ( -0.000000000000000000, 0.000000000000000000, -1.000000000000000000 ) ) ;
#3057 = EDGE_CURVE ( 'NONE', #796, #1168, #7053, .T. ) ;
#3058 = DIRECTION ( 'NONE',  ( 0.000000000000000000, -0.03811800917140872880, 0.9992732446016997505 ) ) ;
#3059 = CARTESIAN_POINT ( 'NONE',  ( 0.4839482731603376719, 0.6319883379505899512, 4.600000000000017408 ) ) ;
#3060 = AXIS2_PLACEMENT_3D ( 'NONE', #1157, #5214, #4021 ) ;
#3061 = DIRECTION ( 'NONE',  ( 0.3399999692168444998, 0.9404254467699950659, 0.000000000000000000 ) ) ;
#3062 = EDGE_LOOP ( 'NONE', ( #96, #5024, #1782, #3717, #2492, #7749, #4919, #7999, #7408, #5371, #7079, #4893, #4973, #4927 ) ) ;
#3063 = DIRECTION ( 'NONE',  ( -1.000000000000000000, 0.000000000000000000, 0.000000000000000000 ) ) ;
#3064 = VECTOR ( 'NONE', #1961, 1000.000000000000000 ) ;
#3065 = CARTESIAN_POINT ( 'NONE',  ( 2.855520440588284803, 0.4892100815747651987, 4.099729958430154753 ) ) ;
#3066 = VECTOR ( 'NONE', #3187, 1000.000000000000000 ) ;
#3067 = CARTESIAN_POINT ( 'NONE',  ( -4.460000000000017728, 5.526333359182902012E-15, -5.731012372486363337E-16 ) ) ;
#3068 = EDGE_CURVE ( 'NONE', #4328, #5221, #1998, .T. ) ;
#3069 = CARTESIAN_POINT ( 'NONE',  ( 0.4000000000000001887, 0.3999999999998802291, -3.799999999999996714 ) ) ;
#3070 = CARTESIAN_POINT ( 'NONE',  ( -4.678809768723788842, 0.3705365687609610270, 4.599999999999988098 ) ) ;
#3071 = LINE ( 'NONE', #414, #2990 ) ;
#3072 = FACE_OUTER_BOUND ( 'NONE', #4460, .T. ) ;
#3073 = EDGE_CURVE ( 'NONE', #5503, #6574, #7546, .T. ) ;
#3074 = ORIENTED_EDGE ( 'NONE', *, *, #5955, .F. ) ;
#3075 = LINE ( 'NONE', #7797, #362 ) ;
#3076 = LINE ( 'NONE', #3732, #5792 ) ;
#3077 = FACE_OUTER_BOUND ( 'NONE', #184, .T. ) ;
#3078 = ORIENTED_EDGE ( 'NONE', *, *, #7115, .F. ) ;
#3079 = ADVANCED_FACE ( 'NONE', ( #7593 ), #6476, .T. ) ;
#3080 = CARTESIAN_POINT ( 'NONE',  ( -3.457435571654238871, -2.984593437674529337, -3.010102308273680194 ) ) ;
#3081 = LINE ( 'NONE', #7205, #5600 ) ;
#3082 = CARTESIAN_POINT ( 'NONE',  ( -4.109999999999999432, 3.300000000000000266, 3.399999999999999911 ) ) ;
#3083 = CARTESIAN_POINT ( 'NONE',  ( 0.3017766950000003723, 0.3999999999998796185, -3.701776694999996842 ) ) ;
#3084 = VECTOR ( 'NONE', #1440, 1000.000000000000000 ) ;
#3085 = AXIS2_PLACEMENT_3D ( 'NONE', #5509, #382, #2159 ) ;
#3086 = ORIENTED_EDGE ( 'NONE', *, *, #895, .T. ) ;
#3087 = ADVANCED_FACE ( 'NONE', ( #2047 ), #4043, .F. ) ;
#3088 = LINE ( 'NONE', #5449, #3000 ) ;
#3090 = CARTESIAN_POINT ( 'NONE',  ( -2.154999999999973159, 0.4499999999978934739, 4.599999999999999645 ) ) ;
#3089 = LINE ( 'NONE', #7012, #758 ) ;
#3091 = LINE ( 'NONE', #286, #5597 ) ;
#3092 = ORIENTED_EDGE ( 'NONE', *, *, #5049, .T. ) ;
#3093 = CARTESIAN_POINT ( 'NONE',  ( -4.209999999999999076, 2.700000000000000178, 3.399999999999999911 ) ) ;
#3094 = CARTESIAN_POINT ( 'NONE',  ( 4.110000000000001208, 2.700000000000000178, -1.200000000000000178 ) ) ;
#3095 = CARTESIAN_POINT ( 'NONE',  ( 0.9694057402490867670, 0.4745034308898453124, 4.099717685490642083 ) ) ;
#3096 = DIRECTION ( 'NONE',  ( 0.000000000000000000, 0.000000000000000000, -1.000000000000000000 ) ) ;
#3097 = FACE_OUTER_BOUND ( 'NONE', #6551, .T. ) ;
#3098 = CARTESIAN_POINT ( 'NONE',  ( 4.111776695000000537, -8.331370849898480202, -3.000000000000076827 ) ) ;
#3099 = CARTESIAN_POINT ( 'NONE',  ( 0.3000000000000003775, 2.600000000000000533, 2.746891109999991976 ) ) ;
#3100 = CARTESIAN_POINT ( 'NONE',  ( -0.3999999999999993006, 3.400000000000000355, 3.399999999999999911 ) ) ;
#3101 = DIRECTION ( 'NONE',  ( 0.000000000000000000, 1.000000000000000000, 9.164576854217089559E-15 ) ) ;
#3102 = EDGE_LOOP ( 'NONE', ( #6923, #3443, #708, #4068 ) ) ;
#3103 = FACE_OUTER_BOUND ( 'NONE', #2202, .T. ) ;
#3104 = LINE ( 'NONE', #905, #507 ) ;
#3105 = FACE_OUTER_BOUND ( 'NONE', #5989, .T. ) ;
#3106 = ORIENTED_EDGE ( 'NONE', *, *, #2222, .T. ) ;
#3107 = LINE ( 'NONE', #7308, #298 ) ;
#3108 = VECTOR ( 'NONE', #1648, 1000.000000000000114 ) ;
#3109 = EDGE_CURVE ( 'NONE', #6462, #5223, #2149, .T. ) ;
#3110 = CARTESIAN_POINT ( 'NONE',  ( -0.4000000000000001887, 0.3999999999998792855, -3.701776694999996842 ) ) ;
#3111 = CARTESIAN_POINT ( 'NONE',  ( -4.209999999999999076, 3.300000000000000266, 2.746891109999991976 ) ) ;
#3112 = DIRECTION ( 'NONE',  ( 0.000000000000000000, -0.000000000000000000, -1.000000000000000000 ) ) ;
#3113 = CARTESIAN_POINT ( 'NONE',  ( -4.764479559411718412, 0.4892100815747673637, 4.099729958430158305 ) ) ;
#3114 = CARTESIAN_POINT ( 'NONE',  ( 0.8535327988917446040, 0.3856105381449986824, 4.600000000000085798 ) ) ;
#3115 = CARTESIAN_POINT ( 'NONE',  ( 1.485000000000000320, 6.350000000000171063, 4.099999999999992539 ) ) ;
#3116 = LINE ( 'NONE', #4799, #492 ) ;
#3117 = VECTOR ( 'NONE', #5478, 1000.000000000000114 ) ;
#3118 = CARTESIAN_POINT ( 'NONE',  ( 2.846551360531281993, 0.4804235795462823977, 4.099722610862089667 ) ) ;
#3119 = EDGE_CURVE ( 'NONE', #466, #2422, #4777, .T. ) ;
#3120 = VERTEX_POINT ( 'NONE', #410 ) ;
#3121 = DIRECTION ( 'NONE',  ( -0.000000000000000000, 1.000000000000000000, -0.000000000000000000 ) ) ;
#3122 = CARTESIAN_POINT ( 'NONE',  ( 0.000000000000000000, -3.600000000000000533, -3.625000000000033751 ) ) ;
#3123 = FACE_OUTER_BOUND ( 'NONE', #921, .T. ) ;
#3124 = AXIS2_PLACEMENT_3D ( 'NONE', #574, #3663, #5414 ) ;
#3125 = LINE ( 'NONE', #5155, #3108 ) ;
#3126 = EDGE_CURVE ( 'NONE', #909, #3752, #7459, .T. ) ;
#3127 = AXIS2_PLACEMENT_3D ( 'NONE', #7, #170, #2525 ) ;
#3128 = VERTEX_POINT ( 'NONE', #2237 ) ;
#3129 = FACE_OUTER_BOUND ( 'NONE', #5174, .T. ) ;
#3130 = LINE ( 'NONE', #393, #5833 ) ;
#3131 = ORIENTED_EDGE ( 'NONE', *, *, #7730, .T. ) ;
#3132 = DIRECTION ( 'NONE',  ( 1.000000000000000000, 0.000000000000000000, 0.000000000000000000 ) ) ;
#3133 = CARTESIAN_POINT ( 'NONE',  ( -0.2249999999999995060, 0.000000000000000000, 3.399999999999999911 ) ) ;
#3134 = CARTESIAN_POINT ( 'NONE',  ( 3.409999999999999698, -2.946891109999995262, -3.098223305000026961 ) ) ;
#3135 = CARTESIAN_POINT ( 'NONE',  ( -2.509999999999998455, 6.400000000000018119, -4.299999999999999822 ) ) ;
#3136 = CARTESIAN_POINT ( 'NONE',  ( -6.110000000000001208, 6.150000000000000355, 4.000000000000000000 ) ) ;
#3137 = CARTESIAN_POINT ( 'NONE',  ( -5.754400657005211528, 7.620682668312457331, -3.068085303358467630 ) ) ;
#3138 = FACE_BOUND ( 'NONE', #5085, .T. ) ;
#3139 = ADVANCED_FACE ( 'NONE', ( #2135 ), #1785, .T. ) ;
#3140 = CARTESIAN_POINT ( 'NONE',  ( -4.683264179588798370, 0.3660478488035630029, 4.599999999999535127 ) ) ;
#3141 = EDGE_CURVE ( 'NONE', #4151, #2022, #2146, .T. ) ;
#3142 = ORIENTED_EDGE ( 'NONE', *, *, #2152, .T. ) ;
#3143 = VECTOR ( 'NONE', #5325, 1000.000000000000000 ) ;
#3144 = VECTOR ( 'NONE', #2828, 1000.000000000000000 ) ;
#3145 = CONICAL_SURFACE ( 'NONE', #2440, 0.8499999999999997558, 0.3058788714048517599 ) ;
#3146 = VERTEX_POINT ( 'NONE', #4363 ) ;
#3147 = ADVANCED_FACE ( 'NONE', ( #4872 ), #5409, .T. ) ;
#3148 = EDGE_CURVE ( 'NONE', #1083, #4524, #7352, .T. ) ;
#3149 = CARTESIAN_POINT ( 'NONE',  ( -5.110000000000000320, 4.300000000000019362, -4.599999999999953459 ) ) ;
#3150 = CARTESIAN_POINT ( 'NONE',  ( 3.113598622392152571, 0.6996988839370260616, 4.099918176793505786 ) ) ;
#3151 = CARTESIAN_POINT ( 'NONE',  ( 0.4000000000000001887, 3.300000000000000266, 2.746891109999991976 ) ) ;
#3152 = CARTESIAN_POINT ( 'NONE',  ( 0.9752257519541743802, 0.4686534760026834778, 4.099715096046901763 ) ) ;
#3153 = CARTESIAN_POINT ( 'NONE',  ( -0.4000000000000001887, -3.600000000000000533, -3.175000000000021139 ) ) ;
#3154 = VECTOR ( 'NONE', #7742, 1000.000000000000000 ) ;
#3155 = AXIS2_PLACEMENT_3D ( 'NONE', #3492, #5466, #6118 ) ;
#3156 = PLANE ( 'NONE',  #6741 ) ;
#3157 = CARTESIAN_POINT ( 'NONE',  ( 2.920065654426518442, 0.7074836895662702796, -2.149999999999999911 ) ) ;
#3158 = CARTESIAN_POINT ( 'NONE',  ( -3.809999999999997389, 6.000000000000019540, -4.299999999999999822 ) ) ;
#3159 = CARTESIAN_POINT ( 'NONE',  ( -4.356369036884448320, 0.6030825622727106206, 4.600000000000041389 ) ) ;
#3160 = VERTEX_POINT ( 'NONE', #5472 ) ;
#3161 = ADVANCED_FACE ( 'NONE', ( #4755 ), #6064, .T. ) ;
#3162 = VECTOR ( 'NONE', #7286, 1000.000000000000000 ) ;
#3163 = VECTOR ( 'NONE', #4598, 1000.000000000000000 ) ;
#3164 = LINE ( 'NONE', #6220, #3233 ) ;
#3165 = ORIENTED_EDGE ( 'NONE', *, *, #5617, .F. ) ;
#3166 = EDGE_CURVE ( 'NONE', #5501, #1906, #4817, .T. ) ;
#3167 = AXIS2_PLACEMENT_3D ( 'NONE', #576, #6683, #2298 ) ;
#3168 = AXIS2_PLACEMENT_3D ( 'NONE', #5684, #4287, #3058 ) ;
#3169 = CARTESIAN_POINT ( 'NONE',  ( 4.209999999999999964, 3.300000000000000266, 3.399999999999999911 ) ) ;
#3170 = DIRECTION ( 'NONE',  ( -0.000000000000000000, -1.000000000000000000, -0.000000000000000000 ) ) ;
#3171 = CARTESIAN_POINT ( 'NONE',  ( 5.110000000000000320, 4.300000000000015810, -4.299999999999952749 ) ) ;
#3172 = EDGE_CURVE ( 'NONE', #3698, #4628, #3237, .T. ) ;
#3173 = DIRECTION ( 'NONE',  ( 1.000000000000000000, 0.000000000000000000, -0.000000000000000000 ) ) ;
#3174 = DIRECTION ( 'NONE',  ( -1.000000000000000000, 0.000000000000000000, 0.000000000000000000 ) ) ;
#3175 = ORIENTED_EDGE ( 'NONE', *, *, #3323, .T. ) ;
#3176 = CARTESIAN_POINT ( 'NONE',  ( 3.810000000000000497, 3.000000000000000000, -1.200000000000000178 ) ) ;
#3177 = FACE_OUTER_BOUND ( 'NONE', #1946, .T. ) ;
#3178 = VECTOR ( 'NONE', #4368, 1000.000000000000000 ) ;
#3179 = CARTESIAN_POINT ( 'NONE',  ( 2.873701851510329863, 0.5065096927269367999, 4.099744572508571494 ) ) ;
#3180 = VERTEX_POINT ( 'NONE', #5528 ) ;
#3181 = CARTESIAN_POINT ( 'NONE',  ( 4.716967956024009645, 0.4621706629937389899, 4.280942993477879988 ) ) ;
#3182 = CARTESIAN_POINT ( 'NONE',  ( -4.695622766786803126, 0.3535625562539990718, 4.600000000000002309 ) ) ;
#3183 = ORIENTED_EDGE ( 'NONE', *, *, #4497, .T. ) ;
#3184 = VECTOR ( 'NONE', #1318, 1000.000000000000000 ) ;
#3185 = FACE_OUTER_BOUND ( 'NONE', #2717, .T. ) ;
#3186 = ORIENTED_EDGE ( 'NONE', *, *, #1095, .T. ) ;
#3187 = DIRECTION ( 'NONE',  ( -0.000000000000000000, -0.000000000000000000, 1.000000000000000000 ) ) ;
#3188 = PLANE ( 'NONE',  #3031 ) ;
#3189 = AXIS2_PLACEMENT_3D ( 'NONE', #6548, #497, #1010 ) ;
#3190 =( BOUNDED_CURVE ( )  B_SPLINE_CURVE ( 3, ( #6232, #83, #6326, #3134 ),
 .UNSPECIFIED., .F., .F. ) 
 B_SPLINE_CURVE_WITH_KNOTS ( ( 4, 4 ),
 ( 5.497787143782127295, 6.283185307179586232 ),
 .UNSPECIFIED. ) 
 CURVE ( )  GEOMETRIC_REPRESENTATION_ITEM ( )  RATIONAL_B_SPLINE_CURVE ( ( 1.000000000000000000, 0.9492530216741897897, 0.9492530216741897897, 1.000000000000000000 ) ) 
 REPRESENTATION_ITEM ( '' )  );
#3191 = CARTESIAN_POINT ( 'NONE',  ( -6.110000000000001208, 6.483974596215733577, 4.599999999999999645 ) ) ;
#3192 = ORIENTED_EDGE ( 'NONE', *, *, #1376, .F. ) ;
#3193 = CARTESIAN_POINT ( 'NONE',  ( 3.184092599224923603, 0.5595973432406092796, 4.599999999999999645 ) ) ;
#3194 = VECTOR ( 'NONE', #5087, 1000.000000000000000 ) ;
#3195 = EDGE_CURVE ( 'NONE', #7135, #6576, #4809, .T. ) ;
#3196 = ORIENTED_EDGE ( 'NONE', *, *, #5366, .F. ) ;
#3197 = CARTESIAN_POINT ( 'NONE',  ( 0.000000000000000000, 7.400000000000000355, 0.000000000000000000 ) ) ;
#3198 = DIRECTION ( 'NONE',  ( 0.000000000000000000, -1.156482317317871764E-14, 1.000000000000000000 ) ) ;
#3199 = CARTESIAN_POINT ( 'NONE',  ( 7.620000000000000107, 2.774999999999999911, 3.399999999999999911 ) ) ;
#3200 = CARTESIAN_POINT ( 'NONE',  ( -0.3517063983397426541, 2.610285042102433728, 2.785275409606413621 ) ) ;
#3201 = CARTESIAN_POINT ( 'NONE',  ( 0.9744398167178603964, 0.4694475052452628527, 4.099713408451475694 ) ) ;
#3202 = CARTESIAN_POINT ( 'NONE',  ( -4.209999999999999964, -2.946891109999993930, -3.728175298700263429 ) ) ;
#3203 = ORIENTED_EDGE ( 'NONE', *, *, #7812, .T. ) ;
#3204 = ADVANCED_FACE ( 'NONE', ( #2160, #2111, #4665, #4739 ), #2294, .F. ) ;
#3205 = CARTESIAN_POINT ( 'NONE',  ( -0.6500000000000183409, 5.526333359182902801E-15, 4.099999999999992539 ) ) ;
#3206 = PLANE ( 'NONE',  #540 ) ;
#3207 = VECTOR ( 'NONE', #3454, 1000.000000000000000 ) ;
#3208 = ORIENTED_EDGE ( 'NONE', *, *, #6045, .T. ) ;
#3209 = CARTESIAN_POINT ( 'NONE',  ( 3.628732442878762843, 0.7180462793670538968, 4.600000000000002309 ) ) ;
#3210 = ADVANCED_FACE ( 'NONE', ( #7340 ), #4828, .T. ) ;
#3211 = EDGE_CURVE ( 'NONE', #6410, #1108, #7396, .T. ) ;
#3212 = LINE ( 'NONE', #5100, #3222 ) ;
#3213 = ORIENTED_EDGE ( 'NONE', *, *, #1861, .T. ) ;
#3214 = CARTESIAN_POINT ( 'NONE',  ( -4.607509805334689013, 0.4514909821835118020, 4.560913525164270510 ) ) ;
#3215 = EDGE_CURVE ( 'NONE', #526, #3269, #2211, .T. ) ;
#3216 = CARTESIAN_POINT ( 'NONE',  ( -3.809999999999999609, 3.000000000000000000, -1.200000000000000178 ) ) ;
#3217 = DIRECTION ( 'NONE',  ( -0.3011313679370969942, 0.000000000000000000, -0.9535826651341416937 ) ) ;
#3218 = DIRECTION ( 'NONE',  ( 1.000000000000000000, 0.000000000000000000, 0.000000000000000000 ) ) ;
#3219 = CARTESIAN_POINT ( 'NONE',  ( -6.110000000000001208, 5.566025403784609971, 4.599999999999999645 ) ) ;
#3220 = FACE_OUTER_BOUND ( 'NONE', #1856, .T. ) ;
#3221 = CARTESIAN_POINT ( 'NONE',  ( 3.911387211455770174, 0.8731202423957047376, 4.100095451643101185 ) ) ;
#3222 = VECTOR ( 'NONE', #2526, 1000.000000000000000 ) ;
#3223 = ORIENTED_EDGE ( 'NONE', *, *, #7878, .T. ) ;
#3224 =( BOUNDED_CURVE ( )  B_SPLINE_CURVE ( 3, ( #4124, #3421, #4796, #7851 ),
 .UNSPECIFIED., .F., .F. ) 
 B_SPLINE_CURVE_WITH_KNOTS ( ( 4, 4 ),
 ( 0.000000000000000000, 0.7853981633974516097 ),
 .UNSPECIFIED. ) 
 CURVE ( )  GEOMETRIC_REPRESENTATION_ITEM ( )  RATIONAL_B_SPLINE_CURVE ( ( 1.000000000000000000, 0.9492530216741906779, 0.9492530216741906779, 1.000000000000000000 ) ) 
 REPRESENTATION_ITEM ( '' )  );
#3225 = CARTESIAN_POINT ( 'NONE',  ( 4.591573214709105955, 0.4500000001183825926, 4.599999999999999645 ) ) ;
#3226 = DIRECTION ( 'NONE',  ( -1.000000000000000000, -0.000000000000000000, -0.000000000000000000 ) ) ;
#3227 = EDGE_CURVE ( 'NONE', #6303, #3395, #4891, .T. ) ;
#3228 = VECTOR ( 'NONE', #6294, 1000.000000000000114 ) ;
#3229 = ORIENTED_EDGE ( 'NONE', *, *, #577, .T. ) ;
#3230 = UNCERTAINTY_MEASURE_WITH_UNIT (LENGTH_MEASURE( 1.000000000000000082E-05 ), #6953, 'distance_accuracy_value', 'NONE');
#3231 = AXIS2_PLACEMENT_3D ( 'NONE', #1302, #3173, #2078 ) ;
#3232 = VECTOR ( 'NONE', #3592, 1000.000000000000000 ) ;
#3233 = VECTOR ( 'NONE', #8007, 1000.000000000000000 ) ;
#3234 = ORIENTED_EDGE ( 'NONE', *, *, #6243, .T. ) ;
#3235 = DIRECTION ( 'NONE',  ( 1.000000000000000000, -0.000000000000000000, -0.000000000000000000 ) ) ;
#3236 = CARTESIAN_POINT ( 'NONE',  ( 2.154999999999972715, 0.4499999999978930854, 4.600000000000000533 ) ) ;
#3237 = B_SPLINE_CURVE_WITH_KNOTS ( 'NONE', 3,
 ( #7871, #5588, #6236, #1130, #630, #3763, #6619, #7468 ),
 .UNSPECIFIED., .F., .F.,
 ( 4, 2, 2, 4 ),
 ( 0.000000000000000000, 0.5000000000000000000, 0.7500000000000000000, 1.000000000000000000 ),
 .UNSPECIFIED. ) ;
#3238 = DIRECTION ( 'NONE',  ( -0.000000000000000000, -0.000000000000000000, -1.000000000000000000 ) ) ;
#3239 = DIRECTION ( 'NONE',  ( -1.000000000000000000, 0.000000000000000000, 0.000000000000000000 ) ) ;
#3240 = VECTOR ( 'NONE', #5051, 1000.000000000000000 ) ;
#3241 = EDGE_CURVE ( 'NONE', #5573, #5359, #4710, .T. ) ;
#3242 = DIRECTION ( 'NONE',  ( -0.000000000000000000, -0.000000000000000000, -1.000000000000000000 ) ) ;
#3243 = DIRECTION ( 'NONE',  ( 1.000000000000000000, 0.000000000000000000, -0.000000000000000000 ) ) ;
#3244 = ORIENTED_EDGE ( 'NONE', *, *, #934, .T. ) ;
#3245 = DIRECTION ( 'NONE',  ( 1.000000000000000000, 0.000000000000000000, 0.000000000000000000 ) ) ;
#3246 = EDGE_CURVE ( 'NONE', #117, #318, #4844, .T. ) ;
#3247 = AXIS2_PLACEMENT_3D ( 'NONE', #2411, #3039, #1797 ) ;
#3248 = FACE_OUTER_BOUND ( 'NONE', #4391, .T. ) ;
#3249 = FACE_OUTER_BOUND ( 'NONE', #1062, .T. ) ;
#3250 = ORIENTED_EDGE ( 'NONE', *, *, #6163, .F. ) ;
#3251 = PLANE ( 'NONE',  #6345 ) ;
#3252 = DIRECTION ( 'NONE',  ( -1.000000000000000000, 0.000000000000000000, 0.000000000000000000 ) ) ;
#3253 = DIRECTION ( 'NONE',  ( 0.3011313679370969942, 3.687795658670297274E-17, -0.9535826651341416937 ) ) ;
#3254 = FACE_OUTER_BOUND ( 'NONE', #6798, .T. ) ;
#3255 = AXIS2_PLACEMENT_3D ( 'NONE', #4521, #7042, #5197 ) ;
#3256 = CARTESIAN_POINT ( 'NONE',  ( -0.8648331901598433902, 0.3745072989723436940, 4.599999999999853983 ) ) ;
#3257 = VERTEX_POINT ( 'NONE', #3135 ) ;
#3258 = DIRECTION ( 'NONE',  ( 0.000000000000000000, 0.000000000000000000, -1.000000000000000000 ) ) ;
#3259 = CARTESIAN_POINT ( 'NONE',  ( 0.3017766950000003723, -8.331370849898473097, -3.800000000000076650 ) ) ;
#3260 = EDGE_CURVE ( 'NONE', #2642, #4826, #3463, .T. ) ;
#3261 = ORIENTED_EDGE ( 'NONE', *, *, #7027, .F. ) ;
#3262 =( GEOMETRIC_REPRESENTATION_CONTEXT ( 3 ) GLOBAL_UNCERTAINTY_ASSIGNED_CONTEXT ( ( #6432 ) ) GLOBAL_UNIT_ASSIGNED_CONTEXT ( ( #4700, #4178, #3367 ) ) REPRESENTATION_CONTEXT ( 'NONE', 'WORKASPACE' ) );
#3263 = LINE ( 'NONE', #5642, #3333 ) ;
#3264 = LINE ( 'NONE', #306, #3321 ) ;
#3265 = EDGE_LOOP ( 'NONE', ( #587, #3186, #6845, #922, #813, #3779 ) ) ;
#3266 = CARTESIAN_POINT ( 'NONE',  ( -4.682275502394945832, 0.3670466832145919955, 4.600000000000057376 ) ) ;
#3267 = EDGE_CURVE ( 'NONE', #7583, #5434, #7368, .T. ) ;
#3268 = VECTOR ( 'NONE', #5390, 1000.000000000000000 ) ;
#3269 = VERTEX_POINT ( 'NONE', #5816 ) ;
#3270 = CARTESIAN_POINT ( 'NONE',  ( -4.784799852751685734, 0.4690838039890208866, 4.099713255018030189 ) ) ;
#3271 = CARTESIAN_POINT ( 'NONE',  ( -0.3707106781186538802, 2.629289321881345565, 2.856200347158724284 ) ) ;
#3272 = CARTESIAN_POINT ( 'NONE',  ( 2.154999999999972715, 5.000000000000124345, 4.099999999999992539 ) ) ;
#3273 = CARTESIAN_POINT ( 'NONE',  ( 5.110000000000002096, 6.400000000000018119, -4.299999999999999822 ) ) ;
#3274 = CARTESIAN_POINT ( 'NONE',  ( 0.3000000000000003775, 2.700000000000000178, -1.200000000000000178 ) ) ;
#3275 = VECTOR ( 'NONE', #3330, 1000.000000000000000 ) ;
#3276 = CARTESIAN_POINT ( 'NONE',  ( 4.802425790504750935, 0.4512753043414289289, 4.099795667318546499 ) ) ;
#3277 = ORIENTED_EDGE ( 'NONE', *, *, #147, .T. ) ;
#3278 = DIRECTION ( 'NONE',  ( 0.000000000000000000, 1.000000000000000000, 0.000000000000000000 ) ) ;
#3279 = CARTESIAN_POINT ( 'NONE',  ( 6.110000000000000320, 7.400000000000000355, 0.9999999999999997780 ) ) ;
#3280 = LINE ( 'NONE', #2999, #6195 ) ;
#3281 = ORIENTED_EDGE ( 'NONE', *, *, #1496, .F. ) ;
#3282 = DIRECTION ( 'NONE',  ( -9.531447670197564664E-17, 1.000000000000000000, 0.000000000000000000 ) ) ;
#3283 = ORIENTED_EDGE ( 'NONE', *, *, #3905, .T. ) ;
#3284 = AXIS2_PLACEMENT_3D ( 'NONE', #6351, #3750, #3101 ) ;
#3285 = B_SPLINE_CURVE_WITH_KNOTS ( 'NONE', 3,
 ( #7306, #6124, #5475, #1039, #5531, #4147, #7363, #6787, #8027, #2239 ),
 .UNSPECIFIED., .F., .F.,
 ( 4, 1, 1, 2, 2, 4 ),
 ( 0.000000000000000000, 0.2500000000000051070, 0.3750000000000054401, 0.4375000000000037192, 0.5000000000000019984, 1.000000000000000000 ),
 .UNSPECIFIED. ) ;
#3286 = LINE ( 'NONE', #4038, #508 ) ;
#3287 = ORIENTED_EDGE ( 'NONE', *, *, #7698, .F. ) ;
#3288 =( LENGTH_UNIT ( ) NAMED_UNIT ( * ) SI_UNIT ( .MILLI., .METRE. ) );
#3289 = DIRECTION ( 'NONE',  ( -0.000000000000000000, -0.000000000000000000, -1.000000000000000000 ) ) ;
#3290 = CARTESIAN_POINT ( 'NONE',  ( -2.324999999999999734, 6.350000000000171063, -3.650000000000000355 ) ) ;
#3291 = FACE_OUTER_BOUND ( 'NONE', #2864, .T. ) ;
#3292 = DIRECTION ( 'NONE',  ( -0.000000000000000000, 1.000000000000000000, 9.147955830346445240E-15 ) ) ;
#3293 = DIRECTION ( 'NONE',  ( 1.000000000000000000, 0.000000000000000000, 0.000000000000000000 ) ) ;
#3294 = ORIENTED_EDGE ( 'NONE', *, *, #7914, .F. ) ;
#3295 = EDGE_CURVE ( 'NONE', #4597, #1355, #1953, .T. ) ;
#3296 = APPLICATION_CONTEXT ( 'automotive_design' ) ;
#3297 = DIRECTION ( 'NONE',  ( 0.000000000000000000, 0.000000000000000000, 1.000000000000000000 ) ) ;
#3298 = VERTEX_POINT ( 'NONE', #3406 ) ;
#3299 = MANIFOLD_SOLID_BREP ( 'LPattern3[2]', #2139 ) ;
#3300 = FACE_OUTER_BOUND ( 'NONE', #222, .T. ) ;
#3301 = LINE ( 'NONE', #5073, #727 ) ;
#3302 = ADVANCED_FACE ( 'NONE', ( #2020 ), #7564, .T. ) ;
#3303 = ORIENTED_EDGE ( 'NONE', *, *, #3401, .T. ) ;
#3304 = CARTESIAN_POINT ( 'NONE',  ( -3.387903102216828444, 0.8094021034582264962, 4.100029039152227384 ) ) ;
#3305 = CARTESIAN_POINT ( 'NONE',  ( 3.159999999999988152, 5.000000000000124345, -2.149999999999999911 ) ) ;
#3306 = CARTESIAN_POINT ( 'NONE',  ( -2.509999999999998455, 5.600000000000019185, -4.299999999999999822 ) ) ;
#3307 = ORIENTED_EDGE ( 'NONE', *, *, #7709, .F. ) ;
#3308 = DIRECTION ( 'NONE',  ( -0.000000000000000000, -4.565061778886335030E-16, 1.000000000000000000 ) ) ;
#3309 = CARTESIAN_POINT ( 'NONE',  ( -4.181231060036053826, -3.054258255407597211, -3.028768939963972784 ) ) ;
#3310 = VECTOR ( 'NONE', #1794, 1000.000000000000000 ) ;
#3311 = CARTESIAN_POINT ( 'NONE',  ( -0.2929094147997710618, 0.6960221632674882253, 4.599999999999989875 ) ) ;
#3312 = AXIS2_PLACEMENT_3D ( 'NONE', #663, #3789, #6313 ) ;
#3313 = ORIENTED_EDGE ( 'NONE', *, *, #6282, .F. ) ;
#3314 = DIRECTION ( 'NONE',  ( 1.000000000000000000, 0.000000000000000000, 0.000000000000000000 ) ) ;
#3315 = EDGE_CURVE ( 'NONE', #568, #6857, #7423, .T. ) ;
#3316 = CARTESIAN_POINT ( 'NONE',  ( 6.110000000000000320, 2.550000000000001155, 4.000000000000000000 ) ) ;
#3317 = AXIS2_PLACEMENT_3D ( 'NONE', #4291, #6871, #3218 ) ;
#3318 = DIRECTION ( 'NONE',  ( -0.000000000000000000, -0.000000000000000000, -1.000000000000000000 ) ) ;
#3319 = ORIENTED_EDGE ( 'NONE', *, *, #2856, .T. ) ;
#3320 = VECTOR ( 'NONE', #21, 1000.000000000000000 ) ;
#3321 = VECTOR ( 'NONE', #136, 1000.000000000000000 ) ;
#3322 = ORIENTED_EDGE ( 'NONE', *, *, #3986, .F. ) ;
#3323 = EDGE_CURVE ( 'NONE', #1588, #4775, #2035, .T. ) ;
#3324 = LINE ( 'NONE', #2611, #744 ) ;
#3325 = VECTOR ( 'NONE', #1899, 1000.000000000000000 ) ;
#3326 = ORIENTED_EDGE ( 'NONE', *, *, #2919, .T. ) ;
#3327 = PLANE ( 'NONE',  #6793 ) ;
#3328 = DIRECTION ( 'NONE',  ( 0.000000000000000000, -9.147955830346445240E-15, 1.000000000000000000 ) ) ;
#3329 = DIRECTION ( 'NONE',  ( -0.000000000000000000, -0.000000000000000000, -1.000000000000000000 ) ) ;
#3330 = DIRECTION ( 'NONE',  ( -0.000000000000000000, -0.000000000000000000, 1.000000000000000000 ) ) ;
#3331 = EDGE_CURVE ( 'NONE', #6709, #848, #2063, .T. ) ;
#3332 = DIRECTION ( 'NONE',  ( -0.2505628075300823654, -0.2505628075300823654, 0.9351131262929025523 ) ) ;
#3333 = VECTOR ( 'NONE', #3235, 1000.000000000000000 ) ;
#3334 = CARTESIAN_POINT ( 'NONE',  ( 4.781086077702767945, 0.4728217104130675863, 4.099716289898960753 ) ) ;
#3335 = ORIENTED_EDGE ( 'NONE', *, *, #7916, .T. ) ;
#3336 = EDGE_CURVE ( 'NONE', #4979, #5126, #4745, .T. ) ;
#3337 = FACE_OUTER_BOUND ( 'NONE', #6321, .T. ) ;
#3338 = CARTESIAN_POINT ( 'NONE',  ( 4.415246925521052468, 0.5724757755778877577, 4.599999999999885070 ) ) ;
#3339 = LINE ( 'NONE', #2325, #6107 ) ;
#3340 = ORIENTED_EDGE ( 'NONE', *, *, #681, .F. ) ;
#3341 = ADVANCED_FACE ( 'NONE', ( #7496 ), #1999, .F. ) ;
#3342 = CARTESIAN_POINT ( 'NONE',  ( -2.832532258476033515, 0.4663881584689212878, 4.099725652163938250 ) ) ;
#3343 = VECTOR ( 'NONE', #5342, 1000.000000000000000 ) ;
#3344 = EDGE_CURVE ( 'NONE', #3887, #7434, #2120, .T. ) ;
#3345 = VERTEX_POINT ( 'NONE', #903 ) ;
#3346 = ADVANCED_FACE ( 'NONE', ( #2376 ), #3954, .T. ) ;
#3347 = CARTESIAN_POINT ( 'NONE',  ( 3.510000000000001119, 3.300000000000000266, -1.200000000000000178 ) ) ;
#3348 = DIRECTION ( 'NONE',  ( -0.000000000000000000, 1.000000000000000000, -0.000000000000000000 ) ) ;
#3349 = CARTESIAN_POINT ( 'NONE',  ( -0.9734494655418173270, 0.4704464763767119972, 4.099714500315517540 ) ) ;
#3350 = LINE ( 'NONE', #5990, #451 ) ;
#3351 = PLANE ( 'NONE',  #1377 ) ;
#3352 = EDGE_CURVE ( 'NONE', #7038, #8023, #2312, .T. ) ;
#3353 = AXIS2_PLACEMENT_3D ( 'NONE', #5002, #5159, #5829 ) ;
#3354 = CIRCLE ( 'NONE', #1957, 1.149999999999999245 ) ;
#3355 =( NAMED_UNIT ( * ) SI_UNIT ( $, .STERADIAN. ) SOLID_ANGLE_UNIT ( ) );
#3356 = CARTESIAN_POINT ( 'NONE',  ( 0.8899343455734828323, 0.7074836895662700575, -2.149999999999999911 ) ) ;
#3357 = CARTESIAN_POINT ( 'NONE',  ( 0.000000000000000000, -3.600000000000000533, 0.000000000000000000 ) ) ;
#3358 = ORIENTED_EDGE ( 'NONE', *, *, #1274, .F. ) ;
#3359 = CARTESIAN_POINT ( 'NONE',  ( -5.110000000000000320, -2.949029909160572061E-14, -1.649999999999998579 ) ) ;
#3360 = LINE ( 'NONE', #6834, #6068 ) ;
#3361 = ORIENTED_EDGE ( 'NONE', *, *, #1692, .T. ) ;
#3362 = LINE ( 'NONE', #1275, #6072 ) ;
#3363 = CARTESIAN_POINT ( 'NONE',  ( -2.942829449792965235, 0.3721774317239260887, 4.600000000000017408 ) ) ;
#3364 = DIRECTION ( 'NONE',  ( 0.000000000000000000, 0.000000000000000000, 1.000000000000000000 ) ) ;
#3365 = EDGE_CURVE ( 'NONE', #1264, #7479, #2455, .T. ) ;
#3366 = FACE_OUTER_BOUND ( 'NONE', #3981, .T. ) ;
#3367 =( NAMED_UNIT ( * ) SI_UNIT ( $, .STERADIAN. ) SOLID_ANGLE_UNIT ( ) );
#3368 = CARTESIAN_POINT ( 'NONE',  ( -0.9449505694200105443, 0.2936405602868312759, 4.600000000000014744 ) ) ;
#3369 = ORIENTED_EDGE ( 'NONE', *, *, #314, .F. ) ;
#3370 =( BOUNDED_SURFACE ( )  B_SPLINE_SURFACE ( 3, 1, ( 
 ( #7083, #5118 ),
 ( #7813, #403 ),
 ( #7705, #7023 ),
 ( #1462, #974 ) ),
 .UNSPECIFIED., .F., .F., .F. ) 
 B_SPLINE_SURFACE_WITH_KNOTS ( ( 4, 4 ),
 ( 2, 2 ),
 ( 0.000000000000000000, 1.000000000000000000 ),
 ( 0.000000000000000000, 1.000000000000000000 ),
 .UNSPECIFIED. ) 
 GEOMETRIC_REPRESENTATION_ITEM ( )  RATIONAL_B_SPLINE_SURFACE ( (
 ( 1.000000000000000000, 1.000000000000000000),
 ( 0.8699927509184078867, 0.7969655114594044187),
 ( 0.8699927509184078867, 0.7969655114594044187),
 ( 1.000000000000000000, 1.000000000000000000) ) ) 
 REPRESENTATION_ITEM ( '' )  SURFACE ( )  );
#3371 = CARTESIAN_POINT ( 'NONE',  ( -0.3707106781186538802, 3.370710678118654879, 2.856200347158725616 ) ) ;
#3372 = DIRECTION ( 'NONE',  ( -1.000000000000000000, -0.000000000000000000, -0.000000000000000000 ) ) ;
#3373 = DIRECTION ( 'NONE',  ( -2.413283578248998765E-16, 0.9992732446016997505, 0.03811800917140872880 ) ) ;
#3374 = EDGE_CURVE ( 'NONE', #7434, #941, #7133, .T. ) ;
#3375 = LINE ( 'NONE', #6515, #736 ) ;
#3376 = CARTESIAN_POINT ( 'NONE',  ( -3.809999999999999609, 3.000000000000000000, -1.200000000000000178 ) ) ;
#3377 = LINE ( 'NONE', #4406, #5862 ) ;
#3378 = ADVANCED_FACE ( 'NONE', ( #7753 ), #5970, .F. ) ;
#3379 = ORIENTED_EDGE ( 'NONE', *, *, #4859, .T. ) ;
#3380 = VECTOR ( 'NONE', #6239, 1000.000000000000000 ) ;
#3381 = ORIENTED_EDGE ( 'NONE', *, *, #7066, .T. ) ;
#3382 = VECTOR ( 'NONE', #4323, 1000.000000000000000 ) ;
#3383 = ORIENTED_EDGE ( 'NONE', *, *, #84, .T. ) ;
#3384 = CARTESIAN_POINT ( 'NONE',  ( 2.559999999999999609, 5.700000000000171596, -3.650000000000000355 ) ) ;
#3385 = DIRECTION ( 'NONE',  ( 1.000000000000000000, -1.239088197126206261E-15, 1.284980352575412699E-16 ) ) ;
#3386 = DIRECTION ( 'NONE',  ( 0.000000000000000000, 0.9659258262890687563, -0.2588190451025190741 ) ) ;
#3387 = LINE ( 'NONE', #5034, #3184 ) ;
#3388 = CARTESIAN_POINT ( 'NONE',  ( 4.810403676648841831, 0.4432154019765817132, 4.099833121371265321 ) ) ;
#3389 = EDGE_LOOP ( 'NONE', ( #2336, #1389, #2313, #4971, #7094, #4028, #1353, #1323 ) ) ;
#3390 = SURFACE_STYLE_USAGE ( .BOTH. , #2031 ) ;
#3391 = FACE_OUTER_BOUND ( 'NONE', #5151, .T. ) ;
#3392 = CARTESIAN_POINT ( 'NONE',  ( -5.294999999999999929, 6.350000000000171063, 4.099999999999992539 ) ) ;
#3393 = CARTESIAN_POINT ( 'NONE',  ( -4.693645358779152232, 0.3555601647429422751, 4.599999999999996092 ) ) ;
#3394 = VECTOR ( 'NONE', #3724, 1000.000000000000000 ) ;
#3395 = VERTEX_POINT ( 'NONE', #2983 ) ;
#3396 = CARTESIAN_POINT ( 'NONE',  ( 4.111776695000000537, -2.946891109999997482, -3.000000000000027534 ) ) ;
#3397 = LINE ( 'NONE', #1304, #5986 ) ;
#3398 = ORIENTED_EDGE ( 'NONE', *, *, #40, .T. ) ;
#3399 = ORIENTED_EDGE ( 'NONE', *, *, #5575, .T. ) ;
#3400 = DIRECTION ( 'NONE',  ( -1.000000000000000000, 0.000000000000000000, 0.000000000000000000 ) ) ;
#3401 = EDGE_CURVE ( 'NONE', #5957, #5060, #5171, .T. ) ;
#3402 = SURFACE_STYLE_USAGE ( .BOTH. , #898 ) ;
#3403 = CARTESIAN_POINT ( 'NONE',  ( -0.9695732355537994840, 0.4743360528212176019, 4.099717546513804933 ) ) ;
#3404 = LINE ( 'NONE', #5147, #3178 ) ;
#3405 = LINE ( 'NONE', #807, #3382 ) ;
#3406 = CARTESIAN_POINT ( 'NONE',  ( -3.510000000000000231, 2.600000000000000533, -1.200000000000000178 ) ) ;
#3407 =( LENGTH_UNIT ( ) NAMED_UNIT ( * ) SI_UNIT ( .MILLI., .METRE. ) );
#3408 = DIRECTION ( 'NONE',  ( -0.000000000000000000, -0.000000000000000000, 1.000000000000000000 ) ) ;
#3409 = CARTESIAN_POINT ( 'NONE',  ( 4.336808689942017736E-16, -0.5000000000003235190, -2.149999999999999911 ) ) ;
#3410 = VERTEX_POINT ( 'NONE', #2257 ) ;
#3411 = AXIS2_PLACEMENT_3D ( 'NONE', #6505, #964, #5396 ) ;
#3412 = ADVANCED_FACE ( 'NONE', ( #2466 ), #7217, .F. ) ;
#3413 = VECTOR ( 'NONE', #6263, 1000.000000000000000 ) ;
#3414 = ORIENTED_EDGE ( 'NONE', *, *, #7552, .T. ) ;
#3415 = AXIS2_PLACEMENT_3D ( 'NONE', #6516, #7087, #1034 ) ;
#3416 = LINE ( 'NONE', #7639, #493 ) ;
#3417 = EDGE_CURVE ( 'NONE', #929, #1829, #7737, .T. ) ;
#3418 = CARTESIAN_POINT ( 'NONE',  ( -2.154999999999973159, 0.7074836895662703906, -2.149999999999999911 ) ) ;
#3419 = AXIS2_PLACEMENT_3D ( 'NONE', #3273, #7495, #1413 ) ;
#3420 = VECTOR ( 'NONE', #4149, 1000.000000000000000 ) ;
#3421 = CARTESIAN_POINT ( 'NONE',  ( -3.409999999999999698, 3.326876110206469672, 2.746891109999991087 ) ) ;
#3422 = CARTESIAN_POINT ( 'NONE',  ( -0.9528618892989176858, 0.2856520254629303368, 4.599999999999985434 ) ) ;
#3423 = ORIENTED_EDGE ( 'NONE', *, *, #6778, .T. ) ;
#3424 = CARTESIAN_POINT ( 'NONE',  ( -0.3897149578975652173, 3.351706398339743931, 2.785275409606415398 ) ) ;
#3425 = CARTESIAN_POINT ( 'NONE',  ( -1.508340371733281783E-16, 0.6245615686488276141, 0.02382435808271308325 ) ) ;
#3426 = ORIENTED_EDGE ( 'NONE', *, *, #7426, .F. ) ;
#3427 = SPHERICAL_SURFACE ( 'NONE', #5134, 0.2999999999999999889 ) ;
#3428 = ORIENTED_EDGE ( 'NONE', *, *, #4320, .F. ) ;
#3429 = LINE ( 'NONE', #868, #6033 ) ;
#3430 = AXIS2_PLACEMENT_3D ( 'NONE', #3528, #7184, #7750 ) ;
#3431 = VECTOR ( 'NONE', #7627, 1000.000000000000000 ) ;
#3432 = EDGE_CURVE ( 'NONE', #3887, #2089, #7640, .T. ) ;
#3433 = ORIENTED_EDGE ( 'NONE', *, *, #143, .F. ) ;
#3434 = CARTESIAN_POINT ( 'NONE',  ( -6.410000000000001030, 2.550000000000001155, 4.000000000000000000 ) ) ;
#3435 = EDGE_CURVE ( 'NONE', #1456, #687, #2255, .T. ) ;
#3436 = DIRECTION ( 'NONE',  ( 0.000000000000000000, 1.000000000000000000, 0.000000000000000000 ) ) ;
#3437 = CARTESIAN_POINT ( 'NONE',  ( -0.4000000000000001887, -8.331370849898480202, -3.098223305000076255 ) ) ;
#3438 = CARTESIAN_POINT ( 'NONE',  ( -6.110000000000001208, 3.750000000000000888, 2.100000000000000089 ) ) ;
#3439 = VECTOR ( 'NONE', #4311, 1000.000000000000000 ) ;
#3440 = EDGE_LOOP ( 'NONE', ( #361, #5863, #6319, #6038 ) ) ;
#3441 = CARTESIAN_POINT ( 'NONE',  ( 4.159253695154704111, 0.8309477332913092207, 4.100051242530050821 ) ) ;
#3442 = ADVANCED_FACE ( 'NONE', ( #7845 ), #6641, .T. ) ;
#3443 = ORIENTED_EDGE ( 'NONE', *, *, #2757, .F. ) ;
#3444 = CARTESIAN_POINT ( 'NONE',  ( 0.3712310600360543278, -3.054258255407597211, -3.028768939963972784 ) ) ;
#3445 = PLANE ( 'NONE',  #4459 ) ;
#3446 = CARTESIAN_POINT ( 'NONE',  ( 3.410000000000000586, 2.700000000000000178, 2.746891109999991976 ) ) ;
#3447 = FACE_OUTER_BOUND ( 'NONE', #1671, .T. ) ;
#3448 = ORIENTED_EDGE ( 'NONE', *, *, #2626, .F. ) ;
#3449 =( BOUNDED_CURVE ( )  B_SPLINE_CURVE ( 3, ( #3491, #6671, #4715, #5341 ),
 .UNSPECIFIED., .F., .F. ) 
 B_SPLINE_CURVE_WITH_KNOTS ( ( 4, 4 ),
 ( 0.000000000000000000, 0.7853981633974426169 ),
 .UNSPECIFIED. ) 
 CURVE ( )  GEOMETRIC_REPRESENTATION_ITEM ( )  RATIONAL_B_SPLINE_CURVE ( ( 1.000000000000000000, 0.9492530216741918991, 0.9492530216741918991, 1.000000000000000000 ) ) 
 REPRESENTATION_ITEM ( '' )  );
#3450 = AXIS2_PLACEMENT_3D ( 'NONE', #1187, #1795, #4325 ) ;
#3451 = CIRCLE ( 'NONE', #7155, 0.09999999999999999167 ) ;
#3452 = ORIENTED_EDGE ( 'NONE', *, *, #5114, .F. ) ;
#3453 = ORIENTED_EDGE ( 'NONE', *, *, #1715, .F. ) ;
#3454 = DIRECTION ( 'NONE',  ( 0.000000000000000000, 0.000000000000000000, 1.000000000000000000 ) ) ;
#3455 = PLANE ( 'NONE',  #2833 ) ;
#3456 = CARTESIAN_POINT ( 'NONE',  ( -0.6666848614178780830, 0.7029834759353077445, 4.099923081552265813 ) ) ;
#3457 = DIRECTION ( 'NONE',  ( 0.000000000000000000, -0.000000000000000000, 1.000000000000000000 ) ) ;
#3458 = EDGE_CURVE ( 'NONE', #3744, #909, #2363, .T. ) ;
#3459 = VECTOR ( 'NONE', #552, 1000.000000000000114 ) ;
#3460 = CARTESIAN_POINT ( 'NONE',  ( 3.810000000000000053, 0.000000000000000000, -3.650000000000002132 ) ) ;
#3461 = CARTESIAN_POINT ( 'NONE',  ( 3.584999999999993747, -3.600000000000000533, 0.000000000000000000 ) ) ;
#3462 = CARTESIAN_POINT ( 'NONE',  ( -3.764508954127005591, 0.7313129972173763038, 4.600000000000104450 ) ) ;
#3463 =( BOUNDED_CURVE ( )  B_SPLINE_CURVE ( 3, ( #4875, #1175, #2398, #6491 ),
 .UNSPECIFIED., .F., .F. ) 
 B_SPLINE_CURVE_WITH_KNOTS ( ( 4, 4 ),
 ( -1.776356839400250465E-15, 0.7853981633974587151 ),
 .UNSPECIFIED. ) 
 CURVE ( )  GEOMETRIC_REPRESENTATION_ITEM ( )  RATIONAL_B_SPLINE_CURVE ( ( 1.000000000000000000, 0.9492530216741894566, 0.9492530216741894566, 1.000000000000000000 ) ) 
 REPRESENTATION_ITEM ( '' )  );
#3464 = CARTESIAN_POINT ( 'NONE',  ( -0.3999999999999993006, 3.400000000000000355, 3.399999999999999911 ) ) ;
#3465 = CARTESIAN_POINT ( 'NONE',  ( 0.1808248103156026021, 0.8669322665729237709, 4.100088546251194899 ) ) ;
#3466 = ORIENTED_EDGE ( 'NONE', *, *, #681, .T. ) ;
#3467 = EDGE_LOOP ( 'NONE', ( #699, #4351, #682, #4314 ) ) ;
#3468 = FACE_OUTER_BOUND ( 'NONE', #4593, .T. ) ;
#3469 = EDGE_CURVE ( 'NONE', #6935, #6702, #7722, .T. ) ;
#3470 = VERTEX_POINT ( 'NONE', #7888 ) ;
#3471 = CARTESIAN_POINT ( 'NONE',  ( 3.810000000000000053, -3.600000000000000533, 0.000000000000000000 ) ) ;
#3472 = LINE ( 'NONE', #589, #3228 ) ;
#3473 = DIRECTION ( 'NONE',  ( -1.000000000000000000, 0.000000000000000000, -0.000000000000000000 ) ) ;
#3474 = CARTESIAN_POINT ( 'NONE',  ( -0.8915550632770252726, 0.3475698123258293415, 4.599999999999998757 ) ) ;
#3475 = CARTESIAN_POINT ( 'NONE',  ( -1.300000000000000044, -2.949029909160572061E-14, -1.649999999999998579 ) ) ;
#3476 = ORIENTED_EDGE ( 'NONE', *, *, #4758, .T. ) ;
#3477 = DIRECTION ( 'NONE',  ( -1.239088197126206261E-15, -1.000000000000000000, 0.000000000000000000 ) ) ;
#3478 = ADVANCED_FACE ( 'NONE', ( #7828 ), #6143, .F. ) ;
#3479 = DIRECTION ( 'NONE',  ( 1.000000000000000000, -0.000000000000000000, -0.000000000000000000 ) ) ;
#3480 = CARTESIAN_POINT ( 'NONE',  ( 4.035000000000006359, -3.600000000000000533, -3.000000000000033307 ) ) ;
#3481 = CARTESIAN_POINT ( 'NONE',  ( -6.110000000000001208, 2.550000000000001155, 2.100000000000000089 ) ) ;
#3482 = ORIENTED_EDGE ( 'NONE', *, *, #6163, .T. ) ;
#3483 = MECHANICAL_DESIGN_GEOMETRIC_PRESENTATION_REPRESENTATION (  '', ( #7949 ), #1254 ) ;
#3484 = LINE ( 'NONE', #6692, #1077 ) ;
#3485 = ORIENTED_EDGE ( 'NONE', *, *, #8022, .F. ) ;
#3486 = ORIENTED_EDGE ( 'NONE', *, *, #3002, .T. ) ;
#3487 = LINE ( 'NONE', #2060, #3268 ) ;
#3488 = ORIENTED_EDGE ( 'NONE', *, *, #7433, .F. ) ;
#3489 = CARTESIAN_POINT ( 'NONE',  ( 0.9342504625814926911, 0.4649184891198793745, 4.208908037079130082 ) ) ;
#3490 = CARTESIAN_POINT ( 'NONE',  ( -3.483123889793530825, 3.400000000000000355, 2.746891109999991087 ) ) ;
#3491 = CARTESIAN_POINT ( 'NONE',  ( 4.110000000000001208, 2.600000000000000533, 2.746891109999991976 ) ) ;
#3492 = CARTESIAN_POINT ( 'NONE',  ( 4.460000000000011511, 0.000000000000000000, 0.000000000000000000 ) ) ;
#3493 = CARTESIAN_POINT ( 'NONE',  ( 2.660000000000001474, 3.000000000000000000, -2.149999999999999911 ) ) ;
#3494 = FACE_OUTER_BOUND ( 'NONE', #7271, .T. ) ;
#3495 = CARTESIAN_POINT ( 'NONE',  ( 4.786470561727730555, 0.4673957079351946931, 4.099720994656729900 ) ) ;
#3496 = ORIENTED_EDGE ( 'NONE', *, *, #7460, .T. ) ;
#3497 = CARTESIAN_POINT ( 'NONE',  ( -3.809999999999999609, 3.000000000000000000, -1.200000000000000178 ) ) ;
#3498 = PLANE ( 'NONE',  #4469 ) ;
#3499 = CARTESIAN_POINT ( 'NONE',  ( -2.835200146225223428, 0.4690838011150054720, 4.099713330361080210 ) ) ;
#3500 = CARTESIAN_POINT ( 'NONE',  ( -0.4000000000000001887, -2.946891109999995262, -3.701776695000027484 ) ) ;
#3501 = ORIENTED_EDGE ( 'NONE', *, *, #6778, .F. ) ;
#3502 = EDGE_CURVE ( 'NONE', #4962, #4283, #4923, .T. ) ;
#3503 = CIRCLE ( 'NONE', #5375, 0.2999999999999999334 ) ;
#3504 = EDGE_LOOP ( 'NONE', ( #1045, #2723, #6983, #2680, #3894, #1442 ) ) ;
#3505 = CARTESIAN_POINT ( 'NONE',  ( -4.849817103792303463, 0.4034028008561763023, 4.100019375701638324 ) ) ;
#3506 = ADVANCED_FACE ( 'NONE', ( #2487 ), #1745, .F. ) ;
#3507 = ORIENTED_EDGE ( 'NONE', *, *, #5084, .T. ) ;
#3508 = CARTESIAN_POINT ( 'NONE',  ( 1.300000000000000044, 0.000000000000000000, -4.599999999999999645 ) ) ;
#3509 = CARTESIAN_POINT ( 'NONE',  ( -4.209999999999999964, -2.946891109999995262, -3.098223305000026961 ) ) ;
#3510 = CARTESIAN_POINT ( 'NONE',  ( -0.8655475550914601968, 0.5684943546346330479, 4.099798359492971223 ) ) ;
#3511 = CARTESIAN_POINT ( 'NONE',  ( -1.485000000000000320, 6.350000000000171063, 4.099999999999992539 ) ) ;
#3512 = ORIENTED_EDGE ( 'NONE', *, *, #329, .T. ) ;
#3513 = LINE ( 'NONE', #280, #6233 ) ;
#3514 = CARTESIAN_POINT ( 'NONE',  ( -1.300000000000000044, 4.300000000000015810, -4.299999999999952749 ) ) ;
#3515 = CARTESIAN_POINT ( 'NONE',  ( -4.506401377505137695, 0.6996988839799834770, 4.099918176794993485 ) ) ;
#3516 = ORIENTED_EDGE ( 'NONE', *, *, #2169, .T. ) ;
#3517 = AXIS2_PLACEMENT_3D ( 'NONE', #3527, #2216, #4800 ) ;
#3518 = EDGE_CURVE ( 'NONE', #1168, #796, #4961, .T. ) ;
#3519 = ORIENTED_EDGE ( 'NONE', *, *, #3721, .F. ) ;
#3520 = ORIENTED_EDGE ( 'NONE', *, *, #471, .F. ) ;
#3521 = CARTESIAN_POINT ( 'NONE',  ( 5.110000000000002096, 6.400000000000018119, -4.599999999999999645 ) ) ;
#3522 = AXIS2_PLACEMENT_3D ( 'NONE', #4989, #1836, #6678 ) ;
#3523 = CARTESIAN_POINT ( 'NONE',  ( 4.593974596215574024, 5.566025403784609971, 4.599999999999999645 ) ) ;
#3524 = CARTESIAN_POINT ( 'NONE',  ( 0.3883572826473263850, 0.6682329383024379066, 4.599999999999997868 ) ) ;
#3525 = CARTESIAN_POINT ( 'NONE',  ( 0.3017766950000003723, -8.331370849898478426, -3.098223305000076699 ) ) ;
#3526 = ORIENTED_EDGE ( 'NONE', *, *, #2152, .F. ) ;
#3527 = CARTESIAN_POINT ( 'NONE',  ( -2.559999999999999609, 5.700000000000171596, -3.650000000000000355 ) ) ;
#3528 = CARTESIAN_POINT ( 'NONE',  ( -1.655000000000026228, 0.000000000000000000, -1.404483525364932826E-15 ) ) ;
#3529 = CARTESIAN_POINT ( 'NONE',  ( -3.409999999999999698, 3.400000000000000355, 2.746891109999991976 ) ) ;
#3530 = ADVANCED_FACE ( 'NONE', ( #4931 ), #7992, .T. ) ;
#3531 = CARTESIAN_POINT ( 'NONE',  ( -3.037045812322728633, 4.380511582937304915, -3.250230837397074968 ) ) ;
#3532 = ORIENTED_EDGE ( 'NONE', *, *, #6961, .T. ) ;
#3533 = EDGE_CURVE ( 'NONE', #6812, #7439, #113, .T. ) ;
#3534 = VERTEX_POINT ( 'NONE', #7481 ) ;
#3535 = EDGE_CURVE ( 'NONE', #1545, #6812, #2442, .T. ) ;
#3536 = VECTOR ( 'NONE', #1813, 1000.000000000000000 ) ;
#3537 = ORIENTED_EDGE ( 'NONE', *, *, #2338, .T. ) ;
#3538 = ADVANCED_FACE ( 'NONE', ( #5130 ), #4952, .T. ) ;
#3539 = CARTESIAN_POINT ( 'NONE',  ( -6.110000000000001208, 7.150000000000000355, 1.000000000000000000 ) ) ;
#3540 = CARTESIAN_POINT ( 'NONE',  ( 2.959192199487454822, 0.4566134230442249198, 4.426627443324388622 ) ) ;
#3541 = AXIS2_PLACEMENT_3D ( 'NONE', #7574, #6899, #4434 ) ;
#3542 = CARTESIAN_POINT ( 'NONE',  ( -6.110000000000001208, 7.150000000000000355, 4.599999999999999645 ) ) ;
#3543 = DIRECTION ( 'NONE',  ( 1.000000000000000000, 0.000000000000000000, 0.000000000000000000 ) ) ;
#3544 = FACE_OUTER_BOUND ( 'NONE', #7458, .T. ) ;
#3545 = CARTESIAN_POINT ( 'NONE',  ( 2.956183602168155566, 0.3853354410555644427, 4.600000000000191491 ) ) ;
#3546 = ORIENTED_EDGE ( 'NONE', *, *, #3518, .T. ) ;
#3547 = DIRECTION ( 'NONE',  ( 1.000000000000000000, -0.000000000000000000, -0.000000000000000000 ) ) ;
#3548 = CARTESIAN_POINT ( 'NONE',  ( 4.680674373677105926, 0.3686625220303983430, 4.600000000000004086 ) ) ;
#3549 = CARTESIAN_POINT ( 'NONE',  ( 2.510000000000000231, -2.949029909160572061E-14, -1.649999999999998579 ) ) ;
#3550 = DIRECTION ( 'NONE',  ( -1.000000000000000000, -0.000000000000000000, -0.000000000000000000 ) ) ;
#3551 = CARTESIAN_POINT ( 'NONE',  ( 3.990247407640054256, 0.7188223557052341173, 4.599999999999978328 ) ) ;
#3552 =( GEOMETRIC_REPRESENTATION_CONTEXT ( 3 ) GLOBAL_UNCERTAINTY_ASSIGNED_CONTEXT ( ( #379 ) ) GLOBAL_UNIT_ASSIGNED_CONTEXT ( ( #2601, #809, #1393 ) ) REPRESENTATION_CONTEXT ( 'NONE', 'WORKASPACE' ) );
#3553 = CONICAL_SURFACE ( 'NONE', #6128, 0.8499999999999996447, 0.3058788714048517599 ) ;
#3554 = ORIENTED_EDGE ( 'NONE', *, *, #181, .F. ) ;
#3555 = EDGE_CURVE ( 'NONE', #4444, #7790, #7773, .T. ) ;
#3556 = VECTOR ( 'NONE', #527, 1000.000000000000000 ) ;
#3557 = CARTESIAN_POINT ( 'NONE',  ( -4.785450203823811144, 0.4684266792095801435, 4.099716181781220214 ) ) ;
#3558 = ORIENTED_EDGE ( 'NONE', *, *, #3716, .F. ) ;
#3559 = CARTESIAN_POINT ( 'NONE',  ( 3.990824810093696495, 0.8669322666172724068, 4.100088546253475741 ) ) ;
#3560 = CARTESIAN_POINT ( 'NONE',  ( -0.1018843020281277462, 0.8730957953454794307, 4.100095425472310318 ) ) ;
#3561 = CARTESIAN_POINT ( 'NONE',  ( -3.509999999999999787, 3.300000000000000266, -1.200000000000000178 ) ) ;
#3562 = CARTESIAN_POINT ( 'NONE',  ( -4.136876110206467949, 3.400000000000000355, 2.746891109999991087 ) ) ;
#3563 = CARTESIAN_POINT ( 'NONE',  ( -4.111776695000000537, -2.946891109999993041, -3.800000000000027356 ) ) ;
#3564 = CARTESIAN_POINT ( 'NONE',  ( 0.08984638861286083078, 0.8759518549293657808, 4.100098683319517434 ) ) ;
#3565 = ORIENTED_EDGE ( 'NONE', *, *, #2169, .F. ) ;
#3566 = ORIENTED_EDGE ( 'NONE', *, *, #6006, .T. ) ;
#3567 = VECTOR ( 'NONE', #4109, 1000.000000000000000 ) ;
#3568 = ADVANCED_FACE ( 'NONE', ( #7804 ), #5609, .T. ) ;
#3569 = ORIENTED_EDGE ( 'NONE', *, *, #3876, .F. ) ;
#3570 = CARTESIAN_POINT ( 'NONE',  ( 3.439289321881346062, 2.629289321881345565, 2.856200347158724284 ) ) ;
#3571 =( NAMED_UNIT ( * ) SI_UNIT ( $, .STERADIAN. ) SOLID_ANGLE_UNIT ( ) );
#3572 = FACE_OUTER_BOUND ( 'NONE', #2281, .T. ) ;
#3573 = DIRECTION ( 'NONE',  ( 0.000000000000000000, -1.000000000000000000, 0.000000000000000000 ) ) ;
#3574 = CARTESIAN_POINT ( 'NONE',  ( -0.04576430780830882672, 0.7313028990377993255, 4.600000000000105338 ) ) ;
#3575 = AXIS2_PLACEMENT_3D ( 'NONE', #2297, #6285, #2498 ) ;
#3576 = CARTESIAN_POINT ( 'NONE',  ( -3.781675757712482877, -4.545418941088585463, -3.428324242287544621 ) ) ;
#3577 = ORIENTED_EDGE ( 'NONE', *, *, #3727, .F. ) ;
#3578 = DIRECTION ( 'NONE',  ( 0.000000000000000000, -1.000000000000000000, -1.301042606982962990E-14 ) ) ;
#3579 = CARTESIAN_POINT ( 'NONE',  ( 2.770182896207695311, 0.4034028008561746370, 4.100019375701639213 ) ) ;
#3580 = DIRECTION ( 'NONE',  ( 0.000000000000000000, 0.000000000000000000, 1.000000000000000000 ) ) ;
#3581 = ORIENTED_EDGE ( 'NONE', *, *, #6093, .F. ) ;
#3582 = LINE ( 'NONE', #5866, #6376 ) ;
#3583 = CARTESIAN_POINT ( 'NONE',  ( 3.409999999999999698, -2.946891109999995262, -3.701776695000027484 ) ) ;
#3584 = ORIENTED_EDGE ( 'NONE', *, *, #3365, .T. ) ;
#3585 = EDGE_LOOP ( 'NONE', ( #3512, #5029, #1821, #7431 ) ) ;
#3586 = EDGE_CURVE ( 'NONE', #3899, #6264, #2478, .T. ) ;
#3587 = ADVANCED_FACE ( 'NONE', ( #2416 ), #3871, .F. ) ;
#3588 = LINE ( 'NONE', #1358, #6255 ) ;
#3589 = VERTEX_POINT ( 'NONE', #649 ) ;
#3590 = CARTESIAN_POINT ( 'NONE',  ( 5.110000000000000320, 0.3999999999998605227, -1.649999999999993472 ) ) ;
#3591 = ADVANCED_FACE ( 'NONE', ( #7763 ), #7580, .F. ) ;
#3592 = DIRECTION ( 'NONE',  ( 1.000000000000000000, 0.000000000000000000, 0.000000000000000000 ) ) ;
#3593 = VERTEX_POINT ( 'NONE', #3316 ) ;
#3594 = CARTESIAN_POINT ( 'NONE',  ( 0.4000000000000001887, 3.400000000000000355, 2.746891109999991976 ) ) ;
#3595 = VECTOR ( 'NONE', #5542, 1000.000000000000000 ) ;
#3596 = ORIENTED_EDGE ( 'NONE', *, *, #5510, .F. ) ;
#3597 = CARTESIAN_POINT ( 'NONE',  ( 2.960224631817194751, 0.3892336522440889013, 4.599999999999409006 ) ) ;
#3598 = ORIENTED_EDGE ( 'NONE', *, *, #3655, .T. ) ;
#3599 = AXIS2_PLACEMENT_3D ( 'NONE', #596, #1800, #3044 ) ;
#3600 = CARTESIAN_POINT ( 'NONE',  ( 5.294999999999999929, 6.350000000000171063, 4.099999999999992539 ) ) ;
#3601 = CARTESIAN_POINT ( 'NONE',  ( 4.682420983930256853, 0.3668997054138267710, 4.600000000000038725 ) ) ;
#3602 = DIRECTION ( 'NONE',  ( 1.000000000000000000, -0.000000000000000000, -1.774471640729139594E-17 ) ) ;
#3603 = CARTESIAN_POINT ( 'NONE',  ( 3.438768939963944504, -3.054258255407589662, -3.771231060036082550 ) ) ;
#3604 = EDGE_CURVE ( 'NONE', #1615, #5501, #7655, .T. ) ;
#3605 = VERTEX_POINT ( 'NONE', #1907 ) ;
#3606 = LINE ( 'NONE', #6092, #1032 ) ;
#3607 = VERTEX_POINT ( 'NONE', #3776 ) ;
#3608 = ADVANCED_FACE ( 'NONE', ( #2390 ), #3156, .F. ) ;
#3609 = CARTESIAN_POINT ( 'NONE',  ( -4.723171356861282533, 0.5276846031302049322, 4.099762693267126501 ) ) ;
#3610 = VECTOR ( 'NONE', #2141, 1000.000000000000000 ) ;
#3611 = CARTESIAN_POINT ( 'NONE',  ( -4.771211739479699787, 0.4826262404611950108, 4.099724449470216747 ) ) ;
#3612 = ORIENTED_EDGE ( 'NONE', *, *, #4698, .T. ) ;
#3613 = DIRECTION ( 'NONE',  ( -1.000000000000000000, 0.000000000000000000, -0.000000000000000000 ) ) ;
#3614 = CARTESIAN_POINT ( 'NONE',  ( 0.3492536951547005608, 0.8309477332913116632, 4.100051242530052598 ) ) ;
#3615 = PLANE ( 'NONE',  #2811 ) ;
#3616 = ORIENTED_EDGE ( 'NONE', *, *, #2276, .F. ) ;
#3617 = LINE ( 'NONE', #6360, #6280 ) ;
#3618 = EDGE_CURVE ( 'NONE', #2083, #6394, #5267, .T. ) ;
#3619 = DIRECTION ( 'NONE',  ( 1.000000000000000000, -0.000000000000000000, 0.000000000000000000 ) ) ;
#3620 = CARTESIAN_POINT ( 'NONE',  ( -5.465000000000027391, 5.000000000000124345, 4.099999999999990763 ) ) ;
#3621 = CARTESIAN_POINT ( 'NONE',  ( -4.036086201882624458, 0.7103355199007307386, 4.600000000000000533 ) ) ;
#3622 = CARTESIAN_POINT ( 'NONE',  ( -0.6500000000000103473, 5.700000000000171596, -2.149999999999999911 ) ) ;
#3623 = DIRECTION ( 'NONE',  ( -1.000000000000000000, 0.000000000000000000, 0.000000000000000000 ) ) ;
#3624 = ORIENTED_EDGE ( 'NONE', *, *, #6449, .T. ) ;
#3625 =( BOUNDED_CURVE ( )  B_SPLINE_CURVE ( 3, ( #7965, #1170, #1778, #6781 ),
 .UNSPECIFIED., .F., .F. ) 
 B_SPLINE_CURVE_WITH_KNOTS ( ( 4, 4 ),
 ( -1.776356839400250465E-15, 0.7853981633974588261 ),
 .UNSPECIFIED. ) 
 CURVE ( )  GEOMETRIC_REPRESENTATION_ITEM ( )  RATIONAL_B_SPLINE_CURVE ( ( 1.000000000000000000, 0.9492530216741894566, 0.9492530216741894566, 1.000000000000000000 ) ) 
 REPRESENTATION_ITEM ( '' )  );
#3626 = LINE ( 'NONE', #6198, #6187 ) ;
#3627 = VERTEX_POINT ( 'NONE', #759 ) ;
#3628 = ORIENTED_EDGE ( 'NONE', *, *, #337, .F. ) ;
#3629 = CARTESIAN_POINT ( 'NONE',  ( -6.110000000000001208, 0.8500000000000007550, 4.000000000000000000 ) ) ;
#3630 = FILL_AREA_STYLE ('',( #2818 ) ) ;
#3631 = VECTOR ( 'NONE', #2021, 1000.000000000000000 ) ;
#3632 = CARTESIAN_POINT ( 'NONE',  ( 2.510000000000000231, 4.300000000000019362, -4.599999999999953459 ) ) ;
#3633 = CARTESIAN_POINT ( 'NONE',  ( 0.4099146410162564647, 0.6608116103367203120, 4.600000000000001421 ) ) ;
#3634 = VERTEX_POINT ( 'NONE', #7010 ) ;
#3635 = EDGE_CURVE ( 'NONE', #7064, #2934, #2283, .T. ) ;
#3636 = CARTESIAN_POINT ( 'NONE',  ( 0.000000000000000000, 7.150000000000000355, -4.099999999999999645 ) ) ;
#3637 = CARTESIAN_POINT ( 'NONE',  ( 2.832450615540106575, 0.4663056668205122213, 4.099726033551182702 ) ) ;
#3638 = EDGE_CURVE ( 'NONE', #5495, #3644, #2225, .T. ) ;
#3639 = ORIENTED_EDGE ( 'NONE', *, *, #4940, .F. ) ;
#3640 = CARTESIAN_POINT ( 'NONE',  ( -0.7839745962155744152, 5.566025403784609971, 4.599999999999999645 ) ) ;
#3641 = AXIS2_PLACEMENT_3D ( 'NONE', #3674, #8035, #6024 ) ;
#3642 = LINE ( 'NONE', #5489, #908 ) ;
#3643 = PLANE ( 'NONE',  #1557 ) ;
#3644 = VERTEX_POINT ( 'NONE', #915 ) ;
#3645 = ORIENTED_EDGE ( 'NONE', *, *, #3036, .F. ) ;
#3646 = CARTESIAN_POINT ( 'NONE',  ( -2.869592792810764958, 0.5026554543110629547, 4.099741300511792197 ) ) ;
#3647 = CARTESIAN_POINT ( 'NONE',  ( -2.856516427762781252, 0.2850242761706974770, 4.599999999999632827 ) ) ;
#3648 = ORIENTED_EDGE ( 'NONE', *, *, #7027, .T. ) ;
#3649 = CARTESIAN_POINT ( 'NONE',  ( 3.026025403784426970, 5.133974596215686859, 4.599999999999999645 ) ) ;
#3650 = CARTESIAN_POINT ( 'NONE',  ( 1.300000000000001599, 6.400000000000018119, -4.299999999999999822 ) ) ;
#3651 = ORIENTED_EDGE ( 'NONE', *, *, #4731, .T. ) ;
#3652 = CARTESIAN_POINT ( 'NONE',  ( -3.438768939963945837, -3.054258255407597211, -3.028768939963972784 ) ) ;
#3653 = PLANE ( 'NONE',  #2406 ) ;
#3654 = VECTOR ( 'NONE', #1049, 1000.000000000000000 ) ;
#3655 = EDGE_CURVE ( 'NONE', #4704, #519, #5062, .T. ) ;
#3656 = VERTEX_POINT ( 'NONE', #330 ) ;
#3657 = CARTESIAN_POINT ( 'NONE',  ( 2.908557552076564967, 0.3375821576270500723, 4.599999999999999645 ) ) ;
#3658 = ORIENTED_EDGE ( 'NONE', *, *, #4125, .F. ) ;
#3659 = CARTESIAN_POINT ( 'NONE',  ( -3.159999999999988152, 0.000000000000000000, 4.099999999999992539 ) ) ;
#3660 = CARTESIAN_POINT ( 'NONE',  ( 4.677170550207036648, 0.3721774317239270879, 4.600000000000018296 ) ) ;
#3661 = DIRECTION ( 'NONE',  ( -0.000000000000000000, 1.000000000000000000, 9.164576854217089559E-15 ) ) ;
#3662 = CARTESIAN_POINT ( 'NONE',  ( 1.300000000000000044, 0.000000000000000000, -4.599999999999999645 ) ) ;
#3663 = DIRECTION ( 'NONE',  ( 0.000000000000000000, -0.000000000000000000, -1.000000000000000000 ) ) ;
#3664 = ADVANCED_FACE ( 'NONE', ( #7679 ), #5838, .T. ) ;
#3665 = VECTOR ( 'NONE', #4503, 1000.000000000000000 ) ;
#3666 = EDGE_CURVE ( 'NONE', #7687, #6857, #4943, .T. ) ;
#3667 = ORIENTED_EDGE ( 'NONE', *, *, #5815, .T. ) ;
#3668 = ADVANCED_FACE ( 'NONE', ( #7624 ), #7664, .T. ) ;
#3669 = ORIENTED_EDGE ( 'NONE', *, *, #6661, .T. ) ;
#3670 = CARTESIAN_POINT ( 'NONE',  ( -4.781792212704348621, 0.4721132484322815293, 4.099715702499824310 ) ) ;
#3671 = ORIENTED_EDGE ( 'NONE', *, *, #3604, .T. ) ;
#3672 = DIRECTION ( 'NONE',  ( -0.000000000000000000, 0.000000000000000000, 1.000000000000000000 ) ) ;
#3673 = DIRECTION ( 'NONE',  ( 1.000000000000000000, 0.000000000000000000, 0.000000000000000000 ) ) ;
#3674 = CARTESIAN_POINT ( 'NONE',  ( -3.809999999999999609, 3.000000000000000000, -2.149999999999999911 ) ) ;
#3675 = CARTESIAN_POINT ( 'NONE',  ( 0.9632221498073346710, 0.4806471576415156655, 4.099722797320803913 ) ) ;
#3676 = VERTEX_POINT ( 'NONE', #2883 ) ;
#3677 = DIRECTION ( 'NONE',  ( -0.000000000000000000, -3.614007241618349264E-16, -1.000000000000000000 ) ) ;
#3678 = CARTESIAN_POINT ( 'NONE',  ( -2.509999999999998455, 5.600000000000019185, -4.299999999999999822 ) ) ;
#3679 = ORIENTED_EDGE ( 'NONE', *, *, #3846, .T. ) ;
#3680 = ADVANCED_FACE ( 'NONE', ( #4986 ), #4596, .F. ) ;
#3681 = ORIENTED_EDGE ( 'NONE', *, *, #3057, .T. ) ;
#3682 = LINE ( 'NONE', #2042, #3654 ) ;
#3683 = ORIENTED_EDGE ( 'NONE', *, *, #635, .T. ) ;
#3684 = AXIS2_PLACEMENT_3D ( 'NONE', #4793, #2474, #1154 ) ;
#3685 = EDGE_LOOP ( 'NONE', ( #4654, #4303, #1025, #7786, #7113, #5023 ) ) ;
#3686 = CARTESIAN_POINT ( 'NONE',  ( -2.937454323341182505, 0.3667737240538248011, 4.599999999999989875 ) ) ;
#3687 = DIRECTION ( 'NONE',  ( -0.000000000000000000, -1.000000000000000000, -0.000000000000000000 ) ) ;
#3688 = CARTESIAN_POINT ( 'NONE',  ( 4.180710678118655821, 3.370710678118655768, 2.856200347158724284 ) ) ;
#3689 = LINE ( 'NONE', #771, #3665 ) ;
#3690 = CARTESIAN_POINT ( 'NONE',  ( 0.7639137786152110365, 0.4643920612852534546, 4.599999999999999645 ) ) ;
#3691 = CARTESIAN_POINT ( 'NONE',  ( -6.410000000000001030, 6.150000000000000355, 4.000000000000000000 ) ) ;
#3692 = EDGE_LOOP ( 'NONE', ( #7029, #1184, #6883, #4395 ) ) ;
#3693 = EDGE_CURVE ( 'NONE', #4198, #3781, #2271, .T. ) ;
#3694 = CARTESIAN_POINT ( 'NONE',  ( 3.607347507448407153, 0.8611216086973579875, 4.100082781062756254 ) ) ;
#3695 = DIRECTION ( 'NONE',  ( 0.000000000000000000, 9.996711556476512143E-15, -1.000000000000000000 ) ) ;
#3696 = VECTOR ( 'NONE', #2858, 1000.000000000000000 ) ;
#3697 = CARTESIAN_POINT ( 'NONE',  ( -4.209999999999999964, -8.331370849898480202, -3.098223305000076255 ) ) ;
#3698 = VERTEX_POINT ( 'NONE', #4706 ) ;
#3699 = ORIENTED_EDGE ( 'NONE', *, *, #1959, .T. ) ;
#3700 = CARTESIAN_POINT ( 'NONE',  ( -4.677817127139258346, 0.3715309425213062511, 4.599999999999986322 ) ) ;
#3701 = AXIS2_PLACEMENT_3D ( 'NONE', #3205, #3822, #2365 ) ;
#3702 = FACE_OUTER_BOUND ( 'NONE', #6950, .T. ) ;
#3703 = EDGE_LOOP ( 'NONE', ( #4812, #2480, #2265, #4305 ) ) ;
#3704 = AXIS2_PLACEMENT_3D ( 'NONE', #6835, #3706, #5467 ) ;
#3705 = EDGE_CURVE ( 'NONE', #7488, #5647, #7789, .T. ) ;
#3706 = DIRECTION ( 'NONE',  ( 0.000000000000000000, -1.000000000000000000, -0.000000000000000000 ) ) ;
#3707 = DIRECTION ( 'NONE',  ( -1.000000000000000000, 0.000000000000000000, 0.000000000000000000 ) ) ;
#3709 = AXIS2_PLACEMENT_3D ( 'NONE', #6311, #4346, #5120 ) ;
#3708 = VECTOR ( 'NONE', #6484, 1000.000000000000000 ) ;
#3710 = ORIENTED_EDGE ( 'NONE', *, *, #1123, .F. ) ;
#3711 = ORIENTED_EDGE ( 'NONE', *, *, #7208, .F. ) ;
#3712 = CARTESIAN_POINT ( 'NONE',  ( 4.111776695000000537, 0.3999999999998726796, -3.098223304999996319 ) ) ;
#3713 = CARTESIAN_POINT ( 'NONE',  ( 6.110000000000000320, 6.649999999999999467, -4.099999999999999645 ) ) ;
#3714 = CARTESIAN_POINT ( 'NONE',  ( -0.3999999999999993006, 2.600000000000000533, -1.200000000000000178 ) ) ;
#3715 = CARTESIAN_POINT ( 'NONE',  ( 4.035000000000000142, 3.400000000000000355, 3.399999999999999911 ) ) ;
#3716 = EDGE_CURVE ( 'NONE', #3410, #3943, #7387, .T. ) ;
#3717 = ORIENTED_EDGE ( 'NONE', *, *, #1889, .F. ) ;
#3718 = ORIENTED_EDGE ( 'NONE', *, *, #7074, .T. ) ;
#3719 = VECTOR ( 'NONE', #420, 1000.000000000000000 ) ;
#3720 = EDGE_LOOP ( 'NONE', ( #7110, #1166, #6253, #4143, #6227, #6225 ) ) ;
#3721 = EDGE_CURVE ( 'NONE', #4354, #4656, #5112, .T. ) ;
#3722 = ORIENTED_EDGE ( 'NONE', *, *, #1200, .T. ) ;
#3723 = AXIS2_PLACEMENT_3D ( 'NONE', #2605, #2010, #7069 ) ;
#3724 = DIRECTION ( 'NONE',  ( -1.000000000000000000, -0.000000000000000000, -0.000000000000000000 ) ) ;
#3725 = CARTESIAN_POINT ( 'NONE',  ( 0.9677229905703141899, 0.4761827144801091261, 4.099719080512524094 ) ) ;
#3726 = PLANE ( 'NONE',  #232 ) ;
#3727 = EDGE_CURVE ( 'NONE', #4269, #3534, #7817, .T. ) ;
#3728 = ADVANCED_FACE ( 'NONE', ( #2658 ), #5392, .F. ) ;
#3729 = LINE ( 'NONE', #3982, #975 ) ;
#3730 = DIRECTION ( 'NONE',  ( 0.000000000000000000, 1.000000000000000000, 9.164576854217089559E-15 ) ) ;
#3731 = CARTESIAN_POINT ( 'NONE',  ( -2.509999999999998455, 6.400000000000018119, -4.299999999999999822 ) ) ;
#3732 = CARTESIAN_POINT ( 'NONE',  ( 1.300000000000001599, 5.600000000000019185, -4.299999999999999822 ) ) ;
#3733 = CARTESIAN_POINT ( 'NONE',  ( 2.510000000000000231, 0.3999999999998848366, -4.299999999999994493 ) ) ;
#3734 = ORIENTED_EDGE ( 'NONE', *, *, #3469, .F. ) ;
#3735 = LINE ( 'NONE', #1143, #6444 ) ;
#3736 = ORIENTED_EDGE ( 'NONE', *, *, #7441, .F. ) ;
#3737 = EDGE_CURVE ( 'NONE', #2083, #7488, #22, .T. ) ;
#3738 = CARTESIAN_POINT ( 'NONE',  ( 4.582954187677271918, 4.380511582937304915, -3.250230837397074968 ) ) ;
#3739 = EDGE_CURVE ( 'NONE', #1014, #2456, #13, .T. ) ;
#3740 = LINE ( 'NONE', #5385, #6464 ) ;
#3741 = CARTESIAN_POINT ( 'NONE',  ( 0.4000000000000001887, 2.700000000000000178, 2.746891109999991976 ) ) ;
#3742 = CARTESIAN_POINT ( 'NONE',  ( 0.8646596121782477162, 0.3746797812000801642, 4.600000000000067146 ) ) ;
#3743 = DIRECTION ( 'NONE',  ( -1.000000000000000000, 0.000000000000000000, 0.000000000000000000 ) ) ;
#3744 = VERTEX_POINT ( 'NONE', #4078 ) ;
#3745 = CARTESIAN_POINT ( 'NONE',  ( -0.3517063983397427096, 3.389714957897566272, 2.785275409606414065 ) ) ;
#3746 = ADVANCED_FACE ( 'NONE', ( #7956 ), #5904, .T. ) ;
#3747 = CARTESIAN_POINT ( 'NONE',  ( 2.860037199831336086, 0.4935671211835307437, 4.099733621916995752 ) ) ;
#3748 = ORIENTED_EDGE ( 'NONE', *, *, #4612, .T. ) ;
#3749 = DIRECTION ( 'NONE',  ( -0.000000000000000000, -0.000000000000000000, -1.000000000000000000 ) ) ;
#3750 = DIRECTION ( 'NONE',  ( 0.000000000000000000, 9.164576854217089559E-15, -1.000000000000000000 ) ) ;
#3751 = DIRECTION ( 'NONE',  ( 0.000000000000000000, -9.147955830346445240E-15, 1.000000000000000000 ) ) ;
#3752 = VERTEX_POINT ( 'NONE', #4722 ) ;
#3753 =( BOUNDED_CURVE ( )  B_SPLINE_CURVE ( 3, ( #5894, #5108, #916, #815 ),
 .UNSPECIFIED., .F., .F. ) 
 B_SPLINE_CURVE_WITH_KNOTS ( ( 4, 4 ),
 ( 5.497787143782128183, 6.283185307179586232 ),
 .UNSPECIFIED. ) 
 CURVE ( )  GEOMETRIC_REPRESENTATION_ITEM ( )  RATIONAL_B_SPLINE_CURVE ( ( 1.000000000000000000, 0.9492530216741897897, 0.9492530216741897897, 1.000000000000000000 ) ) 
 REPRESENTATION_ITEM ( '' )  );
#3754 = CYLINDRICAL_SURFACE ( 'NONE', #7563, 0.09822330499999978870 ) ;
#3755 = EDGE_LOOP ( 'NONE', ( #6686, #3769, #4458, #6860 ) ) ;
#3756 = EDGE_CURVE ( 'NONE', #5359, #5573, #5298, .T. ) ;
#3757 = DIRECTION ( 'NONE',  ( 0.000000000000000000, -0.000000000000000000, -1.000000000000000000 ) ) ;
#3758 = ORIENTED_EDGE ( 'NONE', *, *, #5172, .T. ) ;
#3759 = DIRECTION ( 'NONE',  ( -0.9659258261578430593, 0.000000000000000000, 0.2588190455922599331 ) ) ;
#3760 = CARTESIAN_POINT ( 'NONE',  ( -3.509999999999999787, 2.700000000000000178, 3.399999999999999911 ) ) ;
#3761 = EDGE_CURVE ( 'NONE', #7016, #5594, #2561, .T. ) ;
#3762 = VERTEX_POINT ( 'NONE', #7929 ) ;
#3763 = CARTESIAN_POINT ( 'NONE',  ( 3.263213261671662480, 0.6114920910901354700, 4.600000000000000533 ) ) ;
#3764 = DIRECTION ( 'NONE',  ( -1.000000000000000000, -0.000000000000000000, -0.000000000000000000 ) ) ;
#3765 = CARTESIAN_POINT ( 'NONE',  ( 4.110000000000000320, 3.400000000000000355, -1.200000000000000178 ) ) ;
#3766 = FACE_OUTER_BOUND ( 'NONE', #4716, .T. ) ;
#3767 = VERTEX_POINT ( 'NONE', #1132 ) ;
#3768 = CARTESIAN_POINT ( 'NONE',  ( -3.351731658594252039, 0.7971376447522224851, 4.100016507589509196 ) ) ;
#3769 = ORIENTED_EDGE ( 'NONE', *, *, #1309, .T. ) ;
#3770 = DIRECTION ( 'NONE',  ( 0.000000000000000000, -1.000000000000000000, 0.000000000000000000 ) ) ;
#3771 = DIRECTION ( 'NONE',  ( 1.000000000000000000, -0.000000000000000000, -0.000000000000000000 ) ) ;
#3772 = DIRECTION ( 'NONE',  ( 0.000000000000000000, -0.000000000000000000, -1.000000000000000000 ) ) ;
#3773 = CARTESIAN_POINT ( 'NONE',  ( 0.5058638415437252123, 0.7792553676718320110, 4.099998383519122491 ) ) ;
#3774 = DIRECTION ( 'NONE',  ( -1.000000000000000000, 0.000000000000000000, 0.000000000000000000 ) ) ;
#3775 = VECTOR ( 'NONE', #1172, 1000.000000000000227 ) ;
#3776 = CARTESIAN_POINT ( 'NONE',  ( 0.6500000000000116795, 5.700000000000171596, 4.099999999999992539 ) ) ;
#3777 = DIRECTION ( 'NONE',  ( -1.224646799147353207E-16, 1.000000000000000000, 0.000000000000000000 ) ) ;
#3778 = CARTESIAN_POINT ( 'NONE',  ( -4.295290060367488394, 0.6320846699687070469, 4.599999999999913491 ) ) ;
#3779 = ORIENTED_EDGE ( 'NONE', *, *, #4709, .T. ) ;
#3780 = CARTESIAN_POINT ( 'NONE',  ( 3.718867309953507672, 0.7287571429979508020, 4.600000000000027178 ) ) ;
#3781 = VERTEX_POINT ( 'NONE', #5350 ) ;
#3782 = CARTESIAN_POINT ( 'NONE',  ( -2.937828407832261846, 0.3671516617568077456, 4.599999999999963229 ) ) ;
#3783 = EDGE_CURVE ( 'NONE', #2389, #2456, #381, .T. ) ;
#3784 = FACE_OUTER_BOUND ( 'NONE', #4244, .T. ) ;
#3785 = DIRECTION ( 'NONE',  ( 0.000000000000000000, -0.03811800917140870798, 0.9992732446016997505 ) ) ;
#3786 = CARTESIAN_POINT ( 'NONE',  ( 2.510000000000000231, 0.3999999999998605227, -1.649999999999993472 ) ) ;
#3787 = CARTESIAN_POINT ( 'NONE',  ( 1.655000000000026672, 5.000000000000124345, -2.149999999999999911 ) ) ;
#3788 = ORIENTED_EDGE ( 'NONE', *, *, #4446, .F. ) ;
#3789 = DIRECTION ( 'NONE',  ( -0.9659258261578450577, -0.2588190455922527167, 0.000000000000000000 ) ) ;
#3790 = CARTESIAN_POINT ( 'NONE',  ( 3.176678618108660590, 0.7211465594157332459, 4.099940685201936219 ) ) ;
#3791 = EDGE_CURVE ( 'NONE', #784, #3298, #2685, .T. ) ;
#3792 = ADVANCED_FACE ( 'NONE', ( #37 ), #5296, .F. ) ;
#3793 = ORIENTED_EDGE ( 'NONE', *, *, #2387, .F. ) ;
#3794 = DIRECTION ( 'NONE',  ( 0.000000000000000000, 0.000000000000000000, 1.000000000000000000 ) ) ;
#3795 = CARTESIAN_POINT ( 'NONE',  ( 2.154999999999972715, 5.000000000000124345, 4.099999999999992539 ) ) ;
#3796 = VERTEX_POINT ( 'NONE', #1786 ) ;
#3797 = CARTESIAN_POINT ( 'NONE',  ( -4.685241466036088376, 0.3640501035537000996, 4.599999999999982769 ) ) ;
#3798 = AXIS2_PLACEMENT_3D ( 'NONE', #6494, #7328, #429 ) ;
#3799 = VECTOR ( 'NONE', #5524, 1000.000000000000000 ) ;
#3800 = EDGE_CURVE ( 'NONE', #6410, #3048, #2645, .T. ) ;
#3801 = ORIENTED_EDGE ( 'NONE', *, *, #1879, .T. ) ;
#3802 = ORIENTED_EDGE ( 'NONE', *, *, #870, .T. ) ;
#3803 = CARTESIAN_POINT ( 'NONE',  ( 2.510000000000002007, 5.600000000000019185, -4.599999999999999645 ) ) ;
#3804 = CARTESIAN_POINT ( 'NONE',  ( -0.1400229503144752585, 0.7314459778623970676, 4.599999999999997868 ) ) ;
#3805 = DIRECTION ( 'NONE',  ( 0.000000000000000000, -1.000000000000000000, 0.000000000000000000 ) ) ;
#3806 = AXIS2_PLACEMENT_3D ( 'NONE', #1927, #3749, #4240 ) ;
#3807 = ORIENTED_EDGE ( 'NONE', *, *, #6074, .T. ) ;
#3808 = DIRECTION ( 'NONE',  ( -0.000000000000000000, 1.000000000000000000, -0.000000000000000000 ) ) ;
#3809 = CARTESIAN_POINT ( 'NONE',  ( -3.584999999999993747, -3.600000000000000533, -3.175000000000021139 ) ) ;
#3810 = AXIS2_PLACEMENT_3D ( 'NONE', #4541, #6504, #7238 ) ;
#3811 = FACE_OUTER_BOUND ( 'NONE', #2667, .T. ) ;
#3812 = EDGE_LOOP ( 'NONE', ( #6052, #6438 ) ) ;
#3813 = EDGE_CURVE ( 'NONE', #687, #4448, #5365, .T. ) ;
#3814 = EDGE_CURVE ( 'NONE', #6172, #5957, #2622, .T. ) ;
#3815 = ORIENTED_EDGE ( 'NONE', *, *, #5328, .F. ) ;
#3816 = CARTESIAN_POINT ( 'NONE',  ( 3.439289321881346062, 2.629289321881345565, 2.856200347158724284 ) ) ;
#3817 = DIRECTION ( 'NONE',  ( -0.000000000000000000, -0.9659258261578430593, 0.2588190455922599331 ) ) ;
#3818 = CARTESIAN_POINT ( 'NONE',  ( 1.300000000000001599, 6.400000000000018119, -4.299999999999999822 ) ) ;
#3819 = CARTESIAN_POINT ( 'NONE',  ( 0.4220968977831709990, 0.8094021034582262741, 4.100029039152224719 ) ) ;
#3820 = PRODUCT_DEFINITION_SHAPE ( 'NONE', 'NONE',  #6385 ) ;
#3821 = LINE ( 'NONE', #7757, #3896 ) ;
#3822 = DIRECTION ( 'NONE',  ( 0.9659258262890685343, -1.196867290654163059E-15, 0.2588190451025200733 ) ) ;
#3823 = DIRECTION ( 'NONE',  ( -0.000000000000000000, -1.000000000000000000, -9.164576854217089559E-15 ) ) ;
#3824 = EDGE_LOOP ( 'NONE', ( #544, #6924, #6271, #3142 ) ) ;
#3825 = ORIENTED_EDGE ( 'NONE', *, *, #4204, .F. ) ;
#3826 = CARTESIAN_POINT ( 'NONE',  ( 3.651226012563402179, 0.7211954948085427253, 4.599999999999989875 ) ) ;
#3827 = ORIENTED_EDGE ( 'NONE', *, *, #3119, .F. ) ;
#3828 = FACE_OUTER_BOUND ( 'NONE', #4995, .T. ) ;
#3829 = EDGE_CURVE ( 'NONE', #2039, #6578, #2522, .T. ) ;
#3830 = ORIENTED_EDGE ( 'NONE', *, *, #5065, .T. ) ;
#3831 = CARTESIAN_POINT ( 'NONE',  ( -2.937953098152456644, 0.3672776455525257333, 4.600000000000064482 ) ) ;
#3832 = CARTESIAN_POINT ( 'NONE',  ( 2.510000000000000231, 4.300000000000015810, -4.299999999999952749 ) ) ;
#3833 = CARTESIAN_POINT ( 'NONE',  ( -3.509999999999999787, 3.400000000000000355, 2.746891109999991976 ) ) ;
#3834 = VECTOR ( 'NONE', #6938, 1000.000000000000000 ) ;
#3835 = CARTESIAN_POINT ( 'NONE',  ( 4.209999999999999964, -2.946891109999995262, -3.701776695000027484 ) ) ;
#3836 = EDGE_CURVE ( 'NONE', #4547, #7516, #5458, .T. ) ;
#3837 = CARTESIAN_POINT ( 'NONE',  ( 6.110000000000000320, 0.8500000000000009770, 4.599999999999999645 ) ) ;
#3838 = CARTESIAN_POINT ( 'NONE',  ( -0.3712310600360538837, -3.054258255407597211, -3.028768939963972784 ) ) ;
#3839 = ORIENTED_EDGE ( 'NONE', *, *, #4348, .T. ) ;
#3840 = CARTESIAN_POINT ( 'NONE',  ( -0.3707106781186538802, 3.370710678118654879, 2.856200347158725616 ) ) ;
#3841 = CARTESIAN_POINT ( 'NONE',  ( 4.011512059959958520, 0.8619892151336013830, 4.100083691424375232 ) ) ;
#3842 = ORIENTED_EDGE ( 'NONE', *, *, #7446, .F. ) ;
#3843 = DIRECTION ( 'NONE',  ( -1.000000000000000000, 0.000000000000000000, 0.000000000000000000 ) ) ;
#3844 = CARTESIAN_POINT ( 'NONE',  ( -4.109999999999999432, 2.600000000000000533, -1.200000000000000178 ) ) ;
#3845 = ORIENTED_EDGE ( 'NONE', *, *, #3721, .T. ) ;
#3846 = EDGE_CURVE ( 'NONE', #7499, #5110, #3285, .T. ) ;
#3847 = ADVANCED_FACE ( 'NONE', ( #5320 ), #5352, .T. ) ;
#3848 = VECTOR ( 'NONE', #6261, 1000.000000000000000 ) ;
#3849 = ORIENTED_EDGE ( 'NONE', *, *, #735, .T. ) ;
#3850 = CARTESIAN_POINT ( 'NONE',  ( -2.897629074260335891, 0.5284003104325784017, 4.099763310522819282 ) ) ;
#3851 = ADVANCED_FACE ( 'NONE', ( #5240 ), #3445, .F. ) ;
#3852 = DIRECTION ( 'NONE',  ( 0.000000000000000000, 9.164576854217089559E-15, -1.000000000000000000 ) ) ;
#3853 = PLANE ( 'NONE',  #676 ) ;
#3854 = PLANE ( 'NONE',  #874 ) ;
#3855 = AXIS2_PLACEMENT_3D ( 'NONE', #566, #5176, #3020 ) ;
#3856 = ORIENTED_EDGE ( 'NONE', *, *, #4862, .T. ) ;
#3857 = CARTESIAN_POINT ( 'NONE',  ( 0.000000000000000000, 5.000000000000124345, 4.099999999999992539 ) ) ;
#3858 = CARTESIAN_POINT ( 'NONE',  ( 1.300000000000000044, 4.300000000000015810, -4.299999999999952749 ) ) ;
#3859 = DIRECTION ( 'NONE',  ( 0.000000000000000000, -0.03811800917140870798, 0.9992732446016997505 ) ) ;
#3860 = VECTOR ( 'NONE', #3329, 1000.000000000000000 ) ;
#3861 = ORIENTED_EDGE ( 'NONE', *, *, #6112, .T. ) ;
#3862 = ORIENTED_EDGE ( 'NONE', *, *, #58, .F. ) ;
#3863 = VERTEX_POINT ( 'NONE', #1327 ) ;
#3864 = CARTESIAN_POINT ( 'NONE',  ( 7.620000000000000107, 5.000000000000124345, 0.000000000000000000 ) ) ;
#3865 = CARTESIAN_POINT ( 'NONE',  ( -1.300000000000000044, 4.300000000000019362, -4.599999999999953459 ) ) ;
#3866 = CARTESIAN_POINT ( 'NONE',  ( 4.501881312331877716, 0.7017704449921423615, 4.099921000116293790 ) ) ;
#3867 = PLANE ( 'NONE',  #6663 ) ;
#3868 = CARTESIAN_POINT ( 'NONE',  ( -0.8375500130969093515, 0.4008132180656723831, 4.600000000000034284 ) ) ;
#3869 = DIRECTION ( 'NONE',  ( -0.000000000000000000, 0.000000000000000000, 1.000000000000000000 ) ) ;
#3870 = FACE_OUTER_BOUND ( 'NONE', #5940, .T. ) ;
#3871 = PLANE ( 'NONE',  #5968 ) ;
#3872 = DIRECTION ( 'NONE',  ( -1.000000000000000000, 0.000000000000000000, 0.000000000000000000 ) ) ;
#3873 = DIRECTION ( 'NONE',  ( 1.000000000000000000, 0.000000000000000000, 0.000000000000000000 ) ) ;
#3874 = VERTEX_POINT ( 'NONE', #6237 ) ;
#3875 = VERTEX_POINT ( 'NONE', #3136 ) ;
#3876 = EDGE_CURVE ( 'NONE', #6857, #3120, #7966, .T. ) ;
#3877 = ORIENTED_EDGE ( 'NONE', *, *, #1522, .F. ) ;
#3878 = CARTESIAN_POINT ( 'NONE',  ( 1.655000000000026672, 5.000000000000124345, -2.149999999999999911 ) ) ;
#3879 = ORIENTED_EDGE ( 'NONE', *, *, #2144, .T. ) ;
#3880 = DIRECTION ( 'NONE',  ( -1.000000000000000000, 0.000000000000000000, 0.000000000000000000 ) ) ;
#3881 = VECTOR ( 'NONE', #3238, 1000.000000000000000 ) ;
#3882 = CARTESIAN_POINT ( 'NONE',  ( 4.111776695000000537, -8.331370849898474873, -3.701776695000076778 ) ) ;
#3883 = DIRECTION ( 'NONE',  ( 1.000000000000000000, -0.000000000000000000, -0.000000000000000000 ) ) ;
#3884 = DIRECTION ( 'NONE',  ( 0.000000000000000000, -9.164576854217089559E-15, 1.000000000000000000 ) ) ;
#3885 = ORIENTED_EDGE ( 'NONE', *, *, #3246, .F. ) ;
#3886 = DIRECTION ( 'NONE',  ( 0.000000000000000000, -0.000000000000000000, -1.000000000000000000 ) ) ;
#3887 = VERTEX_POINT ( 'NONE', #6991 ) ;
#3888 = CARTESIAN_POINT ( 'NONE',  ( 4.232096897783171663, 0.8094021034582258300, 4.100029039152230048 ) ) ;
#3889 = AXIS2_PLACEMENT_3D ( 'NONE', #1855, #7382, #156 ) ;
#3890 = EDGE_LOOP ( 'NONE', ( #7056, #5915, #3519, #6114, #3558 ) ) ;
#3891 = CARTESIAN_POINT ( 'NONE',  ( 3.409999999999999698, -8.331370849898474873, -3.701776695000076778 ) ) ;
#3892 = CARTESIAN_POINT ( 'NONE',  ( -2.961452106327663980, 0.5966332420622244559, 4.099825788862810683 ) ) ;
#3893 = EDGE_CURVE ( 'NONE', #7185, #4141, #2536, .T. ) ;
#3894 = ORIENTED_EDGE ( 'NONE', *, *, #3974, .T. ) ;
#3895 = ORIENTED_EDGE ( 'NONE', *, *, #4376, .F. ) ;
#3896 = VECTOR ( 'NONE', #973, 1000.000000000000000 ) ;
#3897 = ORIENTED_EDGE ( 'NONE', *, *, #7698, .T. ) ;
#3898 = CARTESIAN_POINT ( 'NONE',  ( -2.834774248045825562, 0.4686534760026830337, 4.099715096046905316 ) ) ;
#3899 = VERTEX_POINT ( 'NONE', #2641 ) ;
#3900 = DIRECTION ( 'NONE',  ( -0.000000000000000000, 0.000000000000000000, -1.000000000000000000 ) ) ;
#3901 = PLANE ( 'NONE',  #3255 ) ;
#3902 = CARTESIAN_POINT ( 'NONE',  ( 0.000000000000000000, 7.150000000000000355, 0.000000000000000000 ) ) ;
#3903 = DIRECTION ( 'NONE',  ( -0.000000000000000000, -0.000000000000000000, 1.000000000000000000 ) ) ;
#3904 = ORIENTED_EDGE ( 'NONE', *, *, #1755, .T. ) ;
#3905 = EDGE_CURVE ( 'NONE', #4042, #7583, #122, .T. ) ;
#3906 = CARTESIAN_POINT ( 'NONE',  ( -3.409999999999999698, -2.946891109999993930, -3.728175298700263429 ) ) ;
#3907 = PLANE ( 'NONE',  #6051 ) ;
#3908 = ORIENTED_EDGE ( 'NONE', *, *, #5152, .F. ) ;
#3909 = DIRECTION ( 'NONE',  ( -0.000000000000000000, 1.000000000000000000, 9.147955830346445240E-15 ) ) ;
#3910 = CARTESIAN_POINT ( 'NONE',  ( 4.745763822069298143, 0.5787418447820819045, 1.224999999999999867 ) ) ;
#3911 = PRODUCT_CONTEXT ( 'NONE', #3296, 'mechanical' ) ;
#3912 = EDGE_CURVE ( 'NONE', #2208, #1829, #2768, .T. ) ;
#3913 = CYLINDRICAL_SURFACE ( 'NONE', #2019, 0.09822330499999978870 ) ;
#3914 = VERTEX_POINT ( 'NONE', #2050 ) ;
#3915 = ORIENTED_EDGE ( 'NONE', *, *, #3374, .F. ) ;
#3916 = CARTESIAN_POINT ( 'NONE',  ( 6.410000000000000142, 2.550000000000001155, 4.000000000000000000 ) ) ;
#3917 = ORIENTED_EDGE ( 'NONE', *, *, #1139, .F. ) ;
#3918 = DIRECTION ( 'NONE',  ( 1.000000000000000000, 0.000000000000000000, 0.000000000000000000 ) ) ;
#3919 = DIRECTION ( 'NONE',  ( 1.000000000000000000, 0.000000000000000000, -0.000000000000000000 ) ) ;
#3920 = DIRECTION ( 'NONE',  ( 1.239088197126206261E-15, 1.000000000000000000, 0.000000000000000000 ) ) ;
#3921 = CARTESIAN_POINT ( 'NONE',  ( -0.2596059992824867324, 0.7035618199463595790, 4.599999999999998757 ) ) ;
#3922 = ORIENTED_EDGE ( 'NONE', *, *, #2194, .F. ) ;
#3923 = CARTESIAN_POINT ( 'NONE',  ( -0.8899343455734815000, 0.7074836895662702796, -2.149999999999999911 ) ) ;
#3924 = CARTESIAN_POINT ( 'NONE',  ( 2.510000000000002007, 6.400000000000019007, -4.299999999999999822 ) ) ;
#3925 = DIRECTION ( 'NONE',  ( 0.000000000000000000, -1.000000000000000000, 0.000000000000000000 ) ) ;
#3926 = DIRECTION ( 'NONE',  ( 0.000000000000000000, 3.614007241618349264E-16, 1.000000000000000000 ) ) ;
#3927 = ORIENTED_EDGE ( 'NONE', *, *, #1605, .F. ) ;
#3928 = EDGE_CURVE ( 'NONE', #2808, #117, #56, .T. ) ;
#3929 = ORIENTED_EDGE ( 'NONE', *, *, #3958, .T. ) ;
#3930 = EDGE_CURVE ( 'NONE', #1404, #7877, #2583, .T. ) ;
#3931 = EDGE_LOOP ( 'NONE', ( #1717, #6252, #1480, #3937, #3825 ) ) ;
#3932 = DIRECTION ( 'NONE',  ( -0.9404254467699950659, -0.3399999692168444998, 0.000000000000000000 ) ) ;
#3933 = LINE ( 'NONE', #1558, #6735 ) ;
#3934 = CARTESIAN_POINT ( 'NONE',  ( 0.4000000000000001887, -8.331370849898474873, -3.701776695000076778 ) ) ;
#3935 = ORIENTED_EDGE ( 'NONE', *, *, #6685, .T. ) ;
#3936 = CARTESIAN_POINT ( 'NONE',  ( 2.324999999999999734, 6.350000000000171063, -3.650000000000000355 ) ) ;
#3937 = ORIENTED_EDGE ( 'NONE', *, *, #3761, .F. ) ;
#3938 = EDGE_LOOP ( 'NONE', ( #1556, #4213, #2803, #3106, #2739, #6224, #5858, #272 ) ) ;
#3939 = CARTESIAN_POINT ( 'NONE',  ( 4.764162574310860876, 0.4895175577480122553, 4.099730216452866394 ) ) ;
#3940 = ADVANCED_FACE ( 'NONE', ( #2669 ), #251, .F. ) ;
#3941 = EDGE_LOOP ( 'NONE', ( #3520, #1128, #1744, #621 ) ) ;
#3942 =( NAMED_UNIT ( * ) PLANE_ANGLE_UNIT ( ) SI_UNIT ( $, .RADIAN. ) );
#3943 = VERTEX_POINT ( 'NONE', #1273 ) ;
#3944 = CYLINDRICAL_SURFACE ( 'NONE', #7607, 0.09999999999999982514 ) ;
#3945 = ORIENTED_EDGE ( 'NONE', *, *, #2504, .T. ) ;
#3946 = EDGE_LOOP ( 'NONE', ( #6606, #6634, #4051, #1764, #6352 ) ) ;
#3947 = CARTESIAN_POINT ( 'NONE',  ( -2.829541751027915275, 0.4633670506218093288, 4.099739690920898738 ) ) ;
#3948 = EDGE_LOOP ( 'NONE', ( #3827, #1460, #7595, #2558 ) ) ;
#3949 = DIRECTION ( 'NONE',  ( -1.000000000000000000, 0.000000000000000000, 0.000000000000000000 ) ) ;
#3950 = ORIENTED_EDGE ( 'NONE', *, *, #5461, .T. ) ;
#3951 = CARTESIAN_POINT ( 'NONE',  ( -0.9717922127043485681, 0.4721132484322812517, 4.099715702499820758 ) ) ;
#3952 = PLANE ( 'NONE',  #5873 ) ;
#3953 = EDGE_LOOP ( 'NONE', ( #3092, #1233, #1279, #3748 ) ) ;
#3954 = PLANE ( 'NONE',  #7689 ) ;
#3955 = DIRECTION ( 'NONE',  ( -1.000000000000000000, 0.000000000000000000, 0.000000000000000000 ) ) ;
#3956 = EDGE_LOOP ( 'NONE', ( #7245, #7979, #2045, #2518 ) ) ;
#3957 = CARTESIAN_POINT ( 'NONE',  ( -1.655000000000027116, 5.000000000000124345, -2.149999999999999911 ) ) ;
#3958 = EDGE_CURVE ( 'NONE', #50, #2229, #5494, .T. ) ;
#3959 = PRODUCT_CONTEXT ( 'NONE', #4152, 'mechanical' ) ;
#3960 = LINE ( 'NONE', #926, #1232 ) ;
#3961 = VERTEX_POINT ( 'NONE', #4527 ) ;
#3962 = EDGE_LOOP ( 'NONE', ( #6820, #2873, #4590, #169, #2695 ) ) ;
#3963 = ORIENTED_EDGE ( 'NONE', *, *, #2552, .F. ) ;
#3964 = PRODUCT_DEFINITION_SHAPE ( 'NONE', 'NONE',  #8040 ) ;
#3965 = DIRECTION ( 'NONE',  ( -0.000000000000000000, 1.000000000000000000, 9.164576854217089559E-15 ) ) ;
#3966 = EDGE_LOOP ( 'NONE', ( #3326, #1476, #6091, #3624, #3667, #78 ) ) ;
#3967 = DIRECTION ( 'NONE',  ( -0.000000000000000000, 9.147955830346445240E-15, -1.000000000000000000 ) ) ;
#3968 = DIRECTION ( 'NONE',  ( 0.000000000000000000, 0.000000000000000000, -1.000000000000000000 ) ) ;
#3969 = CARTESIAN_POINT ( 'NONE',  ( -0.8974874504809100539, 0.3415771704667932562, 4.599999999999998757 ) ) ;
#3970 = CARTESIAN_POINT ( 'NONE',  ( -5.465000000000027391, 5.000000000000124345, 4.099999999999992539 ) ) ;
#3971 = STYLED_ITEM ( 'NONE', ( #4652 ), #3299 ) ;
#3972 = PLANE ( 'NONE',  #5355 ) ;
#3973 = LINE ( 'NONE', #5585, #3881 ) ;
#3974 = EDGE_CURVE ( 'NONE', #6462, #5926, #5282, .T. ) ;
#3975 = CARTESIAN_POINT ( 'NONE',  ( 3.409999999999999254, -2.946891109999993930, -3.728175298700263429 ) ) ;
#3976 = CARTESIAN_POINT ( 'NONE',  ( -3.950022950314746151, 0.7314459778623962904, 4.599999999999998757 ) ) ;
#3977 = ORIENTED_EDGE ( 'NONE', *, *, #7959, .F. ) ;
#3978 = DIRECTION ( 'NONE',  ( 0.000000000000000000, 0.000000000000000000, 1.000000000000000000 ) ) ;
#3979 = EDGE_LOOP ( 'NONE', ( #1841, #3496, #820, #4173, #6627, #6609 ) ) ;
#3980 = EDGE_CURVE ( 'NONE', #4524, #5872, #71, .T. ) ;
#3981 = EDGE_LOOP ( 'NONE', ( #6751, #2170, #7587, #7617, #94, #7191, #7553, #4413, #2989, #7565, #4138, #135, #2092, #2792, #7661, #72 ) ) ;
#3982 = CARTESIAN_POINT ( 'NONE',  ( 1.250000000000000222, 5.700000000000171596, -3.650000000000000355 ) ) ;
#3983 = VECTOR ( 'NONE', #1515, 1000.000000000000000 ) ;
#3984 = CARTESIAN_POINT ( 'NONE',  ( -3.509999999999999787, 3.400000000000000355, 2.746891109999991976 ) ) ;
#3985 = CARTESIAN_POINT ( 'NONE',  ( -0.6500000000000123457, 5.000000000000124345, 4.099999999999992539 ) ) ;
#3986 = EDGE_CURVE ( 'NONE', #526, #6771, #5212, .T. ) ;
#3987 = DIRECTION ( 'NONE',  ( -1.000000000000000000, 0.000000000000000000, -0.000000000000000000 ) ) ;
#3988 = ORIENTED_EDGE ( 'NONE', *, *, #6480, .T. ) ;
#3989 = VERTEX_POINT ( 'NONE', #5093 ) ;
#3990 = CARTESIAN_POINT ( 'NONE',  ( 4.784855167719084257, 0.4690279295270315396, 4.099713191446084259 ) ) ;
#3991 = ORIENTED_EDGE ( 'NONE', *, *, #4758, .F. ) ;
#3992 = DIRECTION ( 'NONE',  ( 0.000000000000000000, 0.000000000000000000, 1.000000000000000000 ) ) ;
#3993 = CARTESIAN_POINT ( 'NONE',  ( -0.4000000000000001887, -2.946891109999995262, -3.098223305000026961 ) ) ;
#3994 = CARTESIAN_POINT ( 'NONE',  ( 3.855491045873003841, 0.7313129972173781912, 4.600000000000102673 ) ) ;
#3995 = ORIENTED_EDGE ( 'NONE', *, *, #360, .T. ) ;
#3996 = CARTESIAN_POINT ( 'NONE',  ( -4.689690578911342556, 0.3595554223932382332, 4.600000000000004974 ) ) ;
#3997 = VERTEX_POINT ( 'NONE', #6440 ) ;
#3998 = DIRECTION ( 'NONE',  ( 1.000000000000000000, -0.000000000000000000, -0.000000000000000000 ) ) ;
#3999 = VECTOR ( 'NONE', #3883, 1000.000000000000000 ) ;
#4000 = EDGE_LOOP ( 'NONE', ( #747, #5280, #2764, #6138 ) ) ;
#4001 = VERTEX_POINT ( 'NONE', #3858 ) ;
#4002 = EDGE_CURVE ( 'NONE', #5872, #7347, #93, .T. ) ;
#4003 = ADVANCED_FACE ( 'NONE', ( #109 ), #89, .F. ) ;
#4004 = CARTESIAN_POINT ( 'NONE',  ( -6.110000000000001208, 7.150000000000000355, -4.599999999999999645 ) ) ;
#4005 = CARTESIAN_POINT ( 'NONE',  ( -0.2902319233885256033, 0.8449288704551415341, 4.100065801923618913 ) ) ;
#4006 = PLANE ( 'NONE',  #5576 ) ;
#4007 = EDGE_CURVE ( 'NONE', #4008, #1573, #5186, .T. ) ;
#4008 = VERTEX_POINT ( 'NONE', #688 ) ;
#4009 =( BOUNDED_CURVE ( )  B_SPLINE_CURVE ( 3, ( #3446, #5185, #5803, #5857 ),
 .UNSPECIFIED., .F., .F. ) 
 B_SPLINE_CURVE_WITH_KNOTS ( ( 4, 4 ),
 ( 0.000000000000000000, 0.7853981633974425058 ),
 .UNSPECIFIED. ) 
 CURVE ( )  GEOMETRIC_REPRESENTATION_ITEM ( )  RATIONAL_B_SPLINE_CURVE ( ( 1.000000000000000000, 0.9492530216741918991, 0.9492530216741918991, 1.000000000000000000 ) ) 
 REPRESENTATION_ITEM ( '' )  );
#4010 = DIRECTION ( 'NONE',  ( 1.000000000000000000, -1.239088197126206261E-15, 1.284980352575412699E-16 ) ) ;
#4011 = CARTESIAN_POINT ( 'NONE',  ( 0.4105544863405763967, 1.040029338209724541, 4.599999999999999645 ) ) ;
#4012 = ORIENTED_EDGE ( 'NONE', *, *, #743, .T. ) ;
#4013 = DIRECTION ( 'NONE',  ( -1.000000000000000000, 0.000000000000000000, 0.000000000000000000 ) ) ;
#4014 = FACE_OUTER_BOUND ( 'NONE', #6998, .T. ) ;
#4015 = ORIENTED_EDGE ( 'NONE', *, *, #5991, .F. ) ;
#4016 = EDGE_LOOP ( 'NONE', ( #7351, #2423, #2592, #707 ) ) ;
#4017 = VERTEX_POINT ( 'NONE', #6891 ) ;
#4018 = ORIENTED_EDGE ( 'NONE', *, *, #6433, .T. ) ;
#4019 = CARTESIAN_POINT ( 'NONE',  ( 4.340714731440117546, 5.819285268560066449, 3.654821317139965497 ) ) ;
#4020 = EDGE_CURVE ( 'NONE', #4094, #6874, #7997, .T. ) ;
#4021 = DIRECTION ( 'NONE',  ( 9.531447670197564664E-17, -1.000000000000000000, 0.000000000000000000 ) ) ;
#4022 = CARTESIAN_POINT ( 'NONE',  ( -0.6550711596669414050, 0.5417375836396509658, 4.599999999999999645 ) ) ;
#4023 = ORIENTED_EDGE ( 'NONE', *, *, #5092, .T. ) ;
#4024 = PLANE ( 'NONE',  #6270 ) ;
#4025 = DIRECTION ( 'NONE',  ( 0.9659258261578450577, -0.2588190455922527167, 0.000000000000000000 ) ) ;
#4026 = CIRCLE ( 'NONE', #3855, 1.500000000000218714 ) ;
#4027 = CARTESIAN_POINT ( 'NONE',  ( -5.465000000000027391, 5.000000000000124345, -2.149999999999999911 ) ) ;
#4028 = ORIENTED_EDGE ( 'NONE', *, *, #6080, .T. ) ;
#4029 = EDGE_CURVE ( 'NONE', #1296, #6645, #5200, .T. ) ;
#4030 = ORIENTED_EDGE ( 'NONE', *, *, #1121, .F. ) ;
#4031 = EDGE_LOOP ( 'NONE', ( #7909, #6063, #5909, #2617 ) ) ;
#4032 = VERTEX_POINT ( 'NONE', #4424 ) ;
#4033 = ADVANCED_FACE ( 'NONE', ( #2596 ), #8018, .T. ) ;
#4034 = DIRECTION ( 'NONE',  ( 0.000000000000000000, -1.766101716875451061E-14, 1.000000000000000000 ) ) ;
#4035 = FACE_OUTER_BOUND ( 'NONE', #3948, .T. ) ;
#4036 = DIRECTION ( 'NONE',  ( 0.000000000000000000, -1.000000000000000000, 0.000000000000000000 ) ) ;
#4037 = DIRECTION ( 'NONE',  ( -1.000000000000000000, 0.000000000000000000, 0.000000000000000000 ) ) ;
#4038 = CARTESIAN_POINT ( 'NONE',  ( 4.209999999999999964, -8.331370849898480202, -3.098223305000076699 ) ) ;
#4039 = ORIENTED_EDGE ( 'NONE', *, *, #7692, .F. ) ;
#4040 = ORIENTED_EDGE ( 'NONE', *, *, #6273, .F. ) ;
#4041 = CARTESIAN_POINT ( 'NONE',  ( 4.782763520429226034, 0.4711370656198712870, 4.099714893633063184 ) ) ;
#4042 = VERTEX_POINT ( 'NONE', #801 ) ;
#4043 = PLANE ( 'NONE',  #2346 ) ;
#4044 = CARTESIAN_POINT ( 'NONE',  ( 4.681672796003254255, 0.3676555616596960951, 4.599999999999863753 ) ) ;
#4045 = DIRECTION ( 'NONE',  ( 0.000000000000000000, 9.996711556476512143E-15, -1.000000000000000000 ) ) ;
#4046 = CARTESIAN_POINT ( 'NONE',  ( -3.453045357308278440, 0.8316969644311550391, 4.100052203492747793 ) ) ;
#4047 = CARTESIAN_POINT ( 'NONE',  ( 4.034610561089074565, 0.7113989734981015500, 4.600000000000008527 ) ) ;
#4048 = ORIENTED_EDGE ( 'NONE', *, *, #5169, .T. ) ;
#4049 = CARTESIAN_POINT ( 'NONE',  ( 4.209999999999999964, 2.700000000000000178, 2.746891109999991976 ) ) ;
#4050 = AXIS2_PLACEMENT_3D ( 'NONE', #2109, #7176, #3364 ) ;
#4051 = ORIENTED_EDGE ( 'NONE', *, *, #965, .T. ) ;
#4052 = LINE ( 'NONE', #200, #6946 ) ;
#4053 = ORIENTED_EDGE ( 'NONE', *, *, #851, .F. ) ;
#4054 = CARTESIAN_POINT ( 'NONE',  ( 0.3897149578975662720, 3.351706398339743931, 2.785275409606414065 ) ) ;
#4055 = EDGE_CURVE ( 'NONE', #4773, #227, #8033, .T. ) ;
#4056 = CARTESIAN_POINT ( 'NONE',  ( 5.294999999999999929, 6.350000000000171063, -3.650000000000000355 ) ) ;
#4057 = CARTESIAN_POINT ( 'NONE',  ( -0.9634486394687218347, 0.4804235795462808434, 4.099722610862083449 ) ) ;
#4058 = CARTESIAN_POINT ( 'NONE',  ( 1.655000000000026672, 0.7074836895662703906, -2.149999999999999911 ) ) ;
#4059 = EDGE_LOOP ( 'NONE', ( #1369, #2130, #5382, #7605 ) ) ;
#4060 = DIRECTION ( 'NONE',  ( 1.000000000000000000, 0.000000000000000000, -0.000000000000000000 ) ) ;
#4061 = DIRECTION ( 'NONE',  ( -0.000000000000000000, 0.000000000000000000, 1.000000000000000000 ) ) ;
#4062 = CARTESIAN_POINT ( 'NONE',  ( -3.719311943548330834, 0.7287790104367191102, 4.600000000000015632 ) ) ;
#4063 = ORIENTED_EDGE ( 'NONE', *, *, #5575, .F. ) ;
#4064 = DIRECTION ( 'NONE',  ( 0.000000000000000000, -0.000000000000000000, -1.000000000000000000 ) ) ;
#4065 = CARTESIAN_POINT ( 'NONE',  ( 0.3569546425787205046, 0.8316969644537310913, 4.100052203494259473 ) ) ;
#4066 = FACE_OUTER_BOUND ( 'NONE', #7489, .T. ) ;
#4067 = EDGE_LOOP ( 'NONE', ( #1135, #1148, #6353, #1266, #6421, #5469 ) ) ;
#4068 = ORIENTED_EDGE ( 'NONE', *, *, #6542, .T. ) ;
#4069 = AXIS2_PLACEMENT_3D ( 'NONE', #2167, #449, #3873 ) ;
#4070 = EDGE_CURVE ( 'NONE', #5633, #6742, #5780, .T. ) ;
#4071 = EDGE_LOOP ( 'NONE', ( #17, #130, #7209, #4548, #7301, #6496 ) ) ;
#4072 = DIRECTION ( 'NONE',  ( 0.000000000000000000, -0.000000000000000000, -1.000000000000000000 ) ) ;
#4073 = CARTESIAN_POINT ( 'NONE',  ( 3.508223304999999570, -8.331370849898480202, -3.000000000000076827 ) ) ;
#4074 = CARTESIAN_POINT ( 'NONE',  ( -0.8722755023949451125, 0.3670466832145916070, 4.600000000000055600 ) ) ;
#4075 = CARTESIAN_POINT ( 'NONE',  ( -3.026025403784426082, 5.566025403784609971, 4.599999999999999645 ) ) ;
#4076 = DIRECTION ( 'NONE',  ( 0.000000000000000000, 0.000000000000000000, 1.000000000000000000 ) ) ;
#4077 = DIRECTION ( 'NONE',  ( -0.000000000000000000, 1.000000000000000000, 9.147955830346445240E-15 ) ) ;
#4078 = CARTESIAN_POINT ( 'NONE',  ( -6.110000000000001208, 0.000000000000000000, -4.599999999999999645 ) ) ;
#4079 = CARTESIAN_POINT ( 'NONE',  ( 2.324999999999999734, 6.350000000000171063, 4.099999999999992539 ) ) ;
#4080 = ORIENTED_EDGE ( 'NONE', *, *, #2796, .F. ) ;
#4081 = ORIENTED_EDGE ( 'NONE', *, *, #167, .F. ) ;
#4082 = EDGE_LOOP ( 'NONE', ( #5527, #1004, #1503, #3842, #3963, #6412 ) ) ;
#4083 = EDGE_CURVE ( 'NONE', #6110, #4274, #5679, .T. ) ;
#4084 = ORIENTED_EDGE ( 'NONE', *, *, #2276, .T. ) ;
#4085 = EDGE_CURVE ( 'NONE', #6874, #632, #2988, .T. ) ;
#4086 = FACE_OUTER_BOUND ( 'NONE', #332, .T. ) ;
#4087 = DIRECTION ( 'NONE',  ( -1.000000000000000000, 3.336006684570782608E-16, 0.000000000000000000 ) ) ;
#4088 = PRESENTATION_LAYER_ASSIGNMENT (  '', '', ( #4480 ) ) ;
#4089 = CARTESIAN_POINT ( 'NONE',  ( 1.300000000000000044, 4.300000000000015810, -4.299999999999952749 ) ) ;
#4090 = PLANE ( 'NONE',  #2236 ) ;
#4091 = ORIENTED_EDGE ( 'NONE', *, *, #5065, .F. ) ;
#4092 = CARTESIAN_POINT ( 'NONE',  ( 2.936735820411205289, 0.3660478488035657785, 4.599999999999534239 ) ) ;
#4093 = ORIENTED_EDGE ( 'NONE', *, *, #6861, .T. ) ;
#4094 = VERTEX_POINT ( 'NONE', #372 ) ;
#4095 = DIRECTION ( 'NONE',  ( -1.000000000000000000, 0.000000000000000000, 0.000000000000000000 ) ) ;
#4096 = CARTESIAN_POINT ( 'NONE',  ( 4.680174702828639788, 0.3691655373018656316, 4.600000000000001421 ) ) ;
#4097 = CARTESIAN_POINT ( 'NONE',  ( 4.707610400998934352, 0.3414529734827146945, 4.599999999999926814 ) ) ;
#4098 = CARTESIAN_POINT ( 'NONE',  ( 0.3000000000000003775, 3.300000000000000266, 3.399999999999999911 ) ) ;
#4099 = CARTESIAN_POINT ( 'NONE',  ( 4.472744196147552920, 0.5370330794699177401, 4.600000000000057376 ) ) ;
#4100 = VERTEX_POINT ( 'NONE', #4631 ) ;
#4101 = EDGE_CURVE ( 'NONE', #1828, #6857, #5620, .T. ) ;
#4102 = UNCERTAINTY_MEASURE_WITH_UNIT (LENGTH_MEASURE( 1.000000000000000082E-05 ), #4177, 'distance_accuracy_value', 'NONE');
#4103 = VECTOR ( 'NONE', #2110, 1000.000000000000114 ) ;
#4104 = EDGE_CURVE ( 'NONE', #519, #1510, #5699, .T. ) ;
#4105 = AXIS2_PLACEMENT_3D ( 'NONE', #3347, #7777, #5306 ) ;
#4106 = VERTEX_POINT ( 'NONE', #7274 ) ;
#4107 = CARTESIAN_POINT ( 'NONE',  ( -4.790515655529398842, 0.4633090430549888783, 4.099739831647341681 ) ) ;
#4108 = ORIENTED_EDGE ( 'NONE', *, *, #2302, .F. ) ;
#4109 = DIRECTION ( 'NONE',  ( 0.000000000000000000, 1.000000000000000000, 1.089244973287757740E-14 ) ) ;
#4110 = CARTESIAN_POINT ( 'NONE',  ( 0.2250000000000003664, 3.225000000000000533, 3.399999999999999911 ) ) ;
#4111 = CARTESIAN_POINT ( 'NONE',  ( -0.9923740471192014079, 0.4513275809714298314, 4.099795424660696241 ) ) ;
#4112 = ORIENTED_EDGE ( 'NONE', *, *, #2793, .T. ) ;
#4113 = DIRECTION ( 'NONE',  ( -1.000000000000000000, 0.000000000000000000, 0.000000000000000000 ) ) ;
#4114 = CARTESIAN_POINT ( 'NONE',  ( -4.102909414799763788, 0.6960221632674872261, 4.599999999999999645 ) ) ;
#4115 = CARTESIAN_POINT ( 'NONE',  ( 4.209999999999999964, 2.774999999999999911, 3.399999999999999911 ) ) ;
#4116 = CARTESIAN_POINT ( 'NONE',  ( -4.255729704105377209, 0.8046135362300900207, 4.100023953358925333 ) ) ;
#4117 = CIRCLE ( 'NONE', #2157, 0.09999999999999982514 ) ;
#4118 = ORIENTED_EDGE ( 'NONE', *, *, #3267, .F. ) ;
#4119 = EDGE_CURVE ( 'NONE', #1563, #1525, #242, .T. ) ;
#4120 = ORIENTED_EDGE ( 'NONE', *, *, #2691, .F. ) ;
#4121 = CARTESIAN_POINT ( 'NONE',  ( -5.110000000000000320, 4.300000000000019362, -4.599999999999953459 ) ) ;
#4122 = ORIENTED_EDGE ( 'NONE', *, *, #5692, .T. ) ;
#4123 = DIRECTION ( 'NONE',  ( -1.000000000000000000, 0.000000000000000000, 0.000000000000000000 ) ) ;
#4124 = CARTESIAN_POINT ( 'NONE',  ( -3.409999999999999698, 3.300000000000000266, 2.746891109999991976 ) ) ;
#4125 = EDGE_CURVE ( 'NONE', #318, #6960, #159, .T. ) ;
#4126 = CARTESIAN_POINT ( 'NONE',  ( 0.7728131488935486848, 0.4572415375654497738, 4.599999999999997868 ) ) ;
#4127 = EDGE_LOOP ( 'NONE', ( #2391, #4713, #5668, #2106, #4839, #5080 ) ) ;
#4128 = CARTESIAN_POINT ( 'NONE',  ( -5.060000000000000497, 5.700000000000171596, 4.099999999999992539 ) ) ;
#4129 = CARTESIAN_POINT ( 'NONE',  ( 3.510000000000001119, 2.700000000000000178, -1.200000000000000178 ) ) ;
#4130 = LINE ( 'NONE', #5164, #6853 ) ;
#4131 = CARTESIAN_POINT ( 'NONE',  ( -1.300000000000000044, 4.300000000000019362, -4.599999999999953459 ) ) ;
#4132 = DIRECTION ( 'NONE',  ( -1.000000000000000000, 0.000000000000000000, 0.000000000000000000 ) ) ;
#4133 = AXIS2_PLACEMENT_3D ( 'NONE', #440, #6594, #6761 ) ;
#4134 = VERTEX_POINT ( 'NONE', #3957 ) ;
#4135 = DIRECTION ( 'NONE',  ( 0.9659258261578430593, 0.000000000000000000, 0.2588190455922599331 ) ) ;
#4136 = ORIENTED_EDGE ( 'NONE', *, *, #3655, .F. ) ;
#4137 = ORIENTED_EDGE ( 'NONE', *, *, #346, .T. ) ;
#4138 = ORIENTED_EDGE ( 'NONE', *, *, #3126, .F. ) ;
#4139 = CARTESIAN_POINT ( 'NONE',  ( 2.899557455862592281, 0.4624992399632358309, 4.272329265176009194 ) ) ;
#4140 = CARTESIAN_POINT ( 'NONE',  ( 2.510000000000002007, 6.400000000000019007, -4.299999999999999822 ) ) ;
#4141 = VERTEX_POINT ( 'NONE', #7785 ) ;
#4142 = CARTESIAN_POINT ( 'NONE',  ( 2.918444936722973893, 0.3475698123258302852, 4.599999999999998757 ) ) ;
#4143 = ORIENTED_EDGE ( 'NONE', *, *, #7136, .F. ) ;
#4144 = ORIENTED_EDGE ( 'NONE', *, *, #2361, .T. ) ;
#4145 = DIRECTION ( 'NONE',  ( 1.000000000000000000, 4.251408357750040599E-16, -0.000000000000000000 ) ) ;
#4146 = DIRECTION ( 'NONE',  ( 0.000000000000000000, -9.164576854217089559E-15, 1.000000000000000000 ) ) ;
#4147 = CARTESIAN_POINT ( 'NONE',  ( -2.922167384482248664, 0.4602615798221748600, 4.330990091333515757 ) ) ;
#4148 = DIRECTION ( 'NONE',  ( -0.000000000000000000, 0.000000000000000000, 1.000000000000000000 ) ) ;
#4149 = DIRECTION ( 'NONE',  ( -0.000000000000000000, 1.000000000000000000, -0.000000000000000000 ) ) ;
#4151 = VERTEX_POINT ( 'NONE', #7890 ) ;
#4150 = ADVANCED_FACE ( 'NONE', ( #2807 ), #5204, .T. ) ;
#4152 = APPLICATION_CONTEXT ( 'automotive_design' ) ;
#4153 = CARTESIAN_POINT ( 'NONE',  ( -4.443321381891346178, 0.7211465594157302483, 4.099940685201933555 ) ) ;
#4154 = LINE ( 'NONE', #3865, #4224 ) ;
#4155 = EDGE_CURVE ( 'NONE', #1111, #32, #5727, .T. ) ;
#4156 = ORIENTED_EDGE ( 'NONE', *, *, #1815, .F. ) ;
#4157 = VERTEX_POINT ( 'NONE', #5259 ) ;
#4158 = CARTESIAN_POINT ( 'NONE',  ( 4.166954642800623887, 0.8316969644093832326, 4.100052203491993730 ) ) ;
#4159 = DIRECTION ( 'NONE',  ( 0.000000000000000000, -0.000000000000000000, 1.000000000000000000 ) ) ;
#4160 = CARTESIAN_POINT ( 'NONE',  ( -1.016094729307682298, 0.4273641485674797291, 4.099907011799182932 ) ) ;
#4161 = CARTESIAN_POINT ( 'NONE',  ( 0.6500000000000116795, 5.000000000000124345, -2.149999999999999911 ) ) ;
#4162 = EDGE_LOOP ( 'NONE', ( #799, #4516, #6098, #7333, #1806 ) ) ;
#4163 = DIRECTION ( 'NONE',  ( 1.000000000000000000, -0.000000000000000000, -0.000000000000000000 ) ) ;
#4164 = CARTESIAN_POINT ( 'NONE',  ( -4.161706398339742208, 3.389714957897566272, 2.785275409606414065 ) ) ;
#4165 = CARTESIAN_POINT ( 'NONE',  ( -3.389354293622566239, 0.6569488153062199576, 4.600000000000001421 ) ) ;
#4166 = ORIENTED_EDGE ( 'NONE', *, *, #8029, .F. ) ;
#4167 = CARTESIAN_POINT ( 'NONE',  ( -4.162564428345762124, -2.984593437674522232, -3.789897691726375140 ) ) ;
#4168 = CARTESIAN_POINT ( 'NONE',  ( 0.4462097643678003545, 0.8043217535359532544, 4.100023326957326297 ) ) ;
#4169 = ADVANCED_FACE ( 'NONE', ( #226 ), #2752, .T. ) ;
#4170 = AXIS2_PLACEMENT_3D ( 'NONE', #1713, #4132, #2278 ) ;
#4171 = VECTOR ( 'NONE', #5935, 1000.000000000000000 ) ;
#4172 = EDGE_CURVE ( 'NONE', #3899, #4207, #5752, .T. ) ;
#4173 = ORIENTED_EDGE ( 'NONE', *, *, #968, .F. ) ;
#4174 = CARTESIAN_POINT ( 'NONE',  ( 3.458293601660257011, 2.610285042102433728, 2.785275409606413621 ) ) ;
#4175 = AXIS2_PLACEMENT_3D ( 'NONE', #6184, #517, #7927 ) ;
#4176 = ORIENTED_EDGE ( 'NONE', *, *, #3716, .T. ) ;
#4177 =( LENGTH_UNIT ( ) NAMED_UNIT ( * ) SI_UNIT ( .MILLI., .METRE. ) );
#4178 =( NAMED_UNIT ( * ) PLANE_ANGLE_UNIT ( ) SI_UNIT ( $, .RADIAN. ) );
#4179 = CARTESIAN_POINT ( 'NONE',  ( 0.7187326092787008625, 0.4988676549461434906, 4.600000000000001421 ) ) ;
#4180 = ORIENTED_EDGE ( 'NONE', *, *, #1215, .F. ) ;
#4181 = CARTESIAN_POINT ( 'NONE',  ( -3.409999999999999698, -2.946891109999995262, -3.098223305000026961 ) ) ;
#4182 = LINE ( 'NONE', #5721, #1470 ) ;
#4183 = CARTESIAN_POINT ( 'NONE',  ( 2.809719225504967000, 0.4433395648612444839, 4.099832543819077912 ) ) ;
#4184 = CARTESIAN_POINT ( 'NONE',  ( -3.809999999999999609, -0.5000000000003235190, -2.149999999999999911 ) ) ;
#4185 = DIRECTION ( 'NONE',  ( -0.09316605137675544601, -0.2576933335952809045, -0.9617246137493908886 ) ) ;
#4186 = DIRECTION ( 'NONE',  ( 1.000000000000000000, 0.000000000000000000, 0.000000000000000000 ) ) ;
#4187 = EDGE_CURVE ( 'NONE', #1552, #6557, #5713, .T. ) ;
#4188 = ORIENTED_EDGE ( 'NONE', *, *, #1073, .F. ) ;
#4189 = ORIENTED_EDGE ( 'NONE', *, *, #3215, .T. ) ;
#4190 = EDGE_CURVE ( 'NONE', #1747, #6997, #2908, .T. ) ;
#4191 = ORIENTED_EDGE ( 'NONE', *, *, #3761, .T. ) ;
#4192 = LINE ( 'NONE', #2061, #6814 ) ;
#4193 = DIRECTION ( 'NONE',  ( 0.000000000000000000, 0.000000000000000000, 1.000000000000000000 ) ) ;
#4194 = CARTESIAN_POINT ( 'NONE',  ( -6.410000000000001030, 2.550000000000001155, 4.000000000000000000 ) ) ;
#4195 = CARTESIAN_POINT ( 'NONE',  ( 2.932286598035228398, 0.3615532908043072591, 4.600000000000060041 ) ) ;
#4196 = ADVANCED_FACE ( 'NONE', ( #2927 ), #5372, .F. ) ;
#4197 = ORIENTED_EDGE ( 'NONE', *, *, #667, .F. ) ;
#4198 = VERTEX_POINT ( 'NONE', #5316 ) ;
#4199 = CARTESIAN_POINT ( 'NONE',  ( -6.410000000000001030, 2.550000000000001155, 2.100000000000000089 ) ) ;
#4200 = CARTESIAN_POINT ( 'NONE',  ( 4.684665502824931771, 0.3646320912798099445, 4.599999999999999645 ) ) ;
#4201 = DIRECTION ( 'NONE',  ( 8.672898728578286488E-17, -0.2588190451025190741, -0.9659258262890687563 ) ) ;
#4202 = CARTESIAN_POINT ( 'NONE',  ( -0.8217986241665639069, 0.4537981154040260923, 4.500431444669859005 ) ) ;
#4203 = ORIENTED_EDGE ( 'NONE', *, *, #6400, .T. ) ;
#4204 = EDGE_CURVE ( 'NONE', #6054, #7016, #6115, .T. ) ;
#4205 = PRODUCT_DEFINITION ( 'UNKNOWN', '', #2638, #832 ) ;
#4206 = AXIS2_PLACEMENT_3D ( 'NONE', #1081, #4662, #2892 ) ;
#4207 = VERTEX_POINT ( 'NONE', #2863 ) ;
#4208 = CARTESIAN_POINT ( 'NONE',  ( -4.746298148489670687, 0.5065096927269373550, 4.099744572508570606 ) ) ;
#4209 = LINE ( 'NONE', #1443, #4103 ) ;
#4210 = EDGE_CURVE ( 'NONE', #2839, #1931, #304, .T. ) ;
#4211 = ORIENTED_EDGE ( 'NONE', *, *, #6105, .F. ) ;
#4212 = DIRECTION ( 'NONE',  ( 0.000000000000000000, -1.000000000000000000, 0.000000000000000000 ) ) ;
#4213 = ORIENTED_EDGE ( 'NONE', *, *, #368, .T. ) ;
#4214 = CARTESIAN_POINT ( 'NONE',  ( 0.9749731375164158997, 0.4689087124182418354, 4.099714089653126337 ) ) ;
#4215 = DIRECTION ( 'NONE',  ( 0.000000000000000000, 0.000000000000000000, 1.000000000000000000 ) ) ;
#4217 = ORIENTED_EDGE ( 'NONE', *, *, #8022, .T. ) ;
#4216 = ADVANCED_FACE ( 'NONE', ( #351 ), #6642, .T. ) ;
#4218 = DIRECTION ( 'NONE',  ( 0.000000000000000000, 0.000000000000000000, -1.000000000000000000 ) ) ;
#4219 = PLANE ( 'NONE',  #6902 ) ;
#4220 = CARTESIAN_POINT ( 'NONE',  ( -3.968773987436594375, 0.7211954948085426143, 4.599999999999989875 ) ) ;
#4221 = ORIENTED_EDGE ( 'NONE', *, *, #5260, .T. ) ;
#4222 = DIRECTION ( 'NONE',  ( 1.000000000000000000, 0.000000000000000000, -0.000000000000000000 ) ) ;
#4223 = EDGE_CURVE ( 'NONE', #1788, #4444, #5533, .T. ) ;
#4224 = VECTOR ( 'NONE', #3771, 1000.000000000000000 ) ;
#4225 = EDGE_LOOP ( 'NONE', ( #2096, #2154, #5581, #4888, #373, #4956, #1682, #7518 ) ) ;
#4226 = ORIENTED_EDGE ( 'NONE', *, *, #968, .T. ) ;
#4227 = EDGE_LOOP ( 'NONE', ( #4112, #4471, #1572, #2889 ) ) ;
#4228 = DIRECTION ( 'NONE',  ( 0.000000000000000000, 0.000000000000000000, -1.000000000000000000 ) ) ;
#4229 = VERTEX_POINT ( 'NONE', #1909 ) ;
#4230 = CARTESIAN_POINT ( 'NONE',  ( -3.159999999999988152, 5.000000000000124345, -2.149999999999999911 ) ) ;
#4231 = CARTESIAN_POINT ( 'NONE',  ( 5.110000000000002096, 6.400000000000018119, -4.299999999999999822 ) ) ;
#4232 = CARTESIAN_POINT ( 'NONE',  ( 0.3450460113324956279, 0.6818083333160142034, 4.599999999999998757 ) ) ;
#4233 = AXIS2_PLACEMENT_3D ( 'NONE', #7492, #1300, #1919 ) ;
#4234 = ORIENTED_EDGE ( 'NONE', *, *, #5189, .T. ) ;
#4235 = ORIENTED_EDGE ( 'NONE', *, *, #2173, .T. ) ;
#4236 = PLANE ( 'NONE',  #5444 ) ;
#4237 = DIRECTION ( 'NONE',  ( -1.000000000000000000, 0.000000000000000000, 0.000000000000000000 ) ) ;
#4238 = ADVANCED_FACE ( 'NONE', ( #320 ), #6906, .T. ) ;
#4239 = CARTESIAN_POINT ( 'NONE',  ( 2.984017852495655987, 0.5994939417650131386, 4.099826155815128104 ) ) ;
#4240 = DIRECTION ( 'NONE',  ( 1.000000000000000000, 0.000000000000000000, 0.000000000000000000 ) ) ;
#4241 = ORIENTED_EDGE ( 'NONE', *, *, #4190, .T. ) ;
#4242 = DIRECTION ( 'NONE',  ( 0.000000000000000000, 0.000000000000000000, -1.000000000000000000 ) ) ;
#4243 = ORIENTED_EDGE ( 'NONE', *, *, #4402, .F. ) ;
#4244 = EDGE_LOOP ( 'NONE', ( #836, #4254, #6457, #6765 ) ) ;
#4245 = ORIENTED_EDGE ( 'NONE', *, *, #838, .T. ) ;
#4246 = ORIENTED_EDGE ( 'NONE', *, *, #4359, .T. ) ;
#4247 = ORIENTED_EDGE ( 'NONE', *, *, #7258, .F. ) ;
#4248 = LINE ( 'NONE', #7195, #6904 ) ;
#4249 = DIRECTION ( 'NONE',  ( 1.000000000000000000, 0.000000000000000000, 0.000000000000000000 ) ) ;
#4250 = DIRECTION ( 'NONE',  ( 1.000000000000000000, 0.000000000000000000, -0.000000000000000000 ) ) ;
#4251 = CARTESIAN_POINT ( 'NONE',  ( -3.409999999999999698, 2.700000000000000178, 2.746891109999991976 ) ) ;
#4252 = CARTESIAN_POINT ( 'NONE',  ( 2.510000000000000231, 4.300000000000015810, -4.299999999999952749 ) ) ;
#4253 = CARTESIAN_POINT ( 'NONE',  ( 2.938466105773485992, 0.3677956961980945461, 4.600000000000056488 ) ) ;
#4254 = ORIENTED_EDGE ( 'NONE', *, *, #4402, .T. ) ;
#4255 = DIRECTION ( 'NONE',  ( -0.9659258262890687563, 0.000000000000000000, 0.2588190451025190741 ) ) ;
#4256 = CARTESIAN_POINT ( 'NONE',  ( 1.655000000000026228, 5.000000000000124345, 4.099999999999992539 ) ) ;
#4257 = DIRECTION ( 'NONE',  ( -0.000000000000000000, 1.000000000000000000, 9.147955830346445240E-15 ) ) ;
#4258 = EDGE_CURVE ( 'NONE', #5594, #1231, #363, .T. ) ;
#4259 = CARTESIAN_POINT ( 'NONE',  ( 3.174301868274396199, 0.5537259598456830689, 4.599999999999995204 ) ) ;
#4260 = VERTEX_POINT ( 'NONE', #51 ) ;
#4261 = ORIENTED_EDGE ( 'NONE', *, *, #7622, .F. ) ;
#4262 = EDGE_LOOP ( 'NONE', ( #2249, #5334, #4750, #2245 ) ) ;
#4263 = CARTESIAN_POINT ( 'NONE',  ( -4.476684861417875361, 0.7029834759353084106, 4.099923081552269366 ) ) ;
#4264 = VECTOR ( 'NONE', #7008, 1000.000000000000000 ) ;
#4265 = EDGE_CURVE ( 'NONE', #3752, #6645, #2868, .T. ) ;
#4266 = PLANE ( 'NONE',  #6447 ) ;
#4267 = EDGE_LOOP ( 'NONE', ( #3213, #4635, #2439, #779 ) ) ;
#4268 = CARTESIAN_POINT ( 'NONE',  ( 3.584999999999993747, -3.600000000000000533, -3.800000000000033573 ) ) ;
#4269 = VERTEX_POINT ( 'NONE', #4901 ) ;
#4270 = DIRECTION ( 'NONE',  ( 0.3399999692168444998, -0.9404254467699950659, -0.000000000000000000 ) ) ;
#4271 = CARTESIAN_POINT ( 'NONE',  ( 0.2511085756824559811, 0.8536902767374170420, 4.100074941916281190 ) ) ;
#4272 = DIRECTION ( 'NONE',  ( -1.000000000000000000, 0.000000000000000000, 0.000000000000000000 ) ) ;
#4273 = AXIS2_PLACEMENT_3D ( 'NONE', #7182, #6554, #7798 ) ;
#4274 = VERTEX_POINT ( 'NONE', #3622 ) ;
#4275 = EDGE_CURVE ( 'NONE', #3146, #1361, #5738, .T. ) ;
#4276 = CARTESIAN_POINT ( 'NONE',  ( 0.3017766950000003723, -2.946891109999993041, -3.800000000000027356 ) ) ;
#4277 = PLANE ( 'NONE',  #5318 ) ;
#4278 = ORIENTED_EDGE ( 'NONE', *, *, #5898, .T. ) ;
#4279 = ORIENTED_EDGE ( 'NONE', *, *, #5916, .T. ) ;
#4280 = CARTESIAN_POINT ( 'NONE',  ( -0.3017766950000003723, -8.331370849898480202, -3.000000000000076827 ) ) ;
#4281 = LINE ( 'NONE', #2067, #4171 ) ;
#4282 = AXIS2_PLACEMENT_3D ( 'NONE', #3924, #154, #5836 ) ;
#4283 = VERTEX_POINT ( 'NONE', #4334 ) ;
#4284 = ORIENTED_EDGE ( 'NONE', *, *, #1423, .T. ) ;
#4285 = DIRECTION ( 'NONE',  ( 0.000000000000000000, -1.156482317317871922E-14, 1.000000000000000000 ) ) ;
#4286 = ORIENTED_EDGE ( 'NONE', *, *, #3435, .T. ) ;
#4287 = DIRECTION ( 'NONE',  ( -2.413283578248998765E-16, 0.9992732446016997505, 0.03811800917140872880 ) ) ;
#4288 = CARTESIAN_POINT ( 'NONE',  ( 0.3559014315966130826, 0.6785708422458354150, 4.600000000000001421 ) ) ;
#4289 = ORIENTED_EDGE ( 'NONE', *, *, #1861, .F. ) ;
#4290 = ORIENTED_EDGE ( 'NONE', *, *, #6917, .T. ) ;
#4291 = CARTESIAN_POINT ( 'NONE',  ( 0.000000000000000000, 0.000000000000000000, 3.399999999999999911 ) ) ;
#4292 = EDGE_CURVE ( 'NONE', #6576, #848, #257, .T. ) ;
#4293 = CARTESIAN_POINT ( 'NONE',  ( 0.2250000000000064448, -3.600000000000000533, -3.175000000000021139 ) ) ;
#4294 = CARTESIAN_POINT ( 'NONE',  ( 3.077674728971409479, 0.6640297464169456765, 4.099885892183424474 ) ) ;
#4295 = ADVANCED_FACE ( 'NONE', ( #3035 ), #3206, .F. ) ;
#4296 = EDGE_CURVE ( 'NONE', #4506, #5658, #2944, .T. ) ;
#4297 = CARTESIAN_POINT ( 'NONE',  ( 5.465000000000027391, 0.4499999999978934739, 4.599999999999999645 ) ) ;
#4298 = ORIENTED_EDGE ( 'NONE', *, *, #2326, .T. ) ;
#4299 = DIRECTION ( 'NONE',  ( -0.3011313679370969942, 0.000000000000000000, -0.9535826651341416937 ) ) ;
#4300 = CARTESIAN_POINT ( 'NONE',  ( -4.677320405460960728, 0.3720276783332641668, 4.599999999999953459 ) ) ;
#4301 = ORIENTED_EDGE ( 'NONE', *, *, #2708, .F. ) ;
#4302 = ORIENTED_EDGE ( 'NONE', *, *, #469, .F. ) ;
#4303 = ORIENTED_EDGE ( 'NONE', *, *, #7520, .T. ) ;
#4304 = VECTOR ( 'NONE', #4896, 1000.000000000000000 ) ;
#4305 = ORIENTED_EDGE ( 'NONE', *, *, #1383, .F. ) ;
#4306 = ORIENTED_EDGE ( 'NONE', *, *, #62, .F. ) ;
#4307 = STYLED_ITEM ( 'NONE', ( #149 ), #5638 ) ;
#4308 = ADVANCED_FACE ( 'NONE', ( #409 ), #104, .T. ) ;
#4309 = VECTOR ( 'NONE', #2779, 1000.000000000000000 ) ;
#4310 = CARTESIAN_POINT ( 'NONE',  ( 0.3707106781186547684, 2.629289321881345565, 2.856200347158724284 ) ) ;
#4311 = DIRECTION ( 'NONE',  ( 0.000000000000000000, -0.03811800917140870798, 0.9992732446016997505 ) ) ;
#4312 = DIRECTION ( 'NONE',  ( 0.000000000000000000, 1.000000000000000000, 0.000000000000000000 ) ) ;
#4313 = DIRECTION ( 'NONE',  ( 0.000000000000000000, -1.000000000000000000, 0.000000000000000000 ) ) ;
#4314 = ORIENTED_EDGE ( 'NONE', *, *, #3930, .T. ) ;
#4315 = AXIS2_PLACEMENT_3D ( 'NONE', #5886, #3473, #3968 ) ;
#4316 = ORIENTED_EDGE ( 'NONE', *, *, #6868, .T. ) ;
#4317 = CARTESIAN_POINT ( 'NONE',  ( -3.159999999999988152, 5.700000000000171596, 4.099999999999992539 ) ) ;
#4318 = ORIENTED_EDGE ( 'NONE', *, *, #5133, .F. ) ;
#4319 = FACE_OUTER_BOUND ( 'NONE', #1464, .T. ) ;
#4320 = EDGE_CURVE ( 'NONE', #2105, #2801, #5635, .T. ) ;
#4321 = ORIENTED_EDGE ( 'NONE', *, *, #6815, .T. ) ;
#4322 = VECTOR ( 'NONE', #1392, 1000.000000000000227 ) ;
#4323 = DIRECTION ( 'NONE',  ( 1.000000000000000000, 0.000000000000000000, 0.000000000000000000 ) ) ;
#4324 = ORIENTED_EDGE ( 'NONE', *, *, #1692, .F. ) ;
#4325 = DIRECTION ( 'NONE',  ( 0.000000000000000000, -0.000000000000000000, 1.000000000000000000 ) ) ;
#4326 = DIRECTION ( 'NONE',  ( 0.000000000000000000, -1.000000000000000000, 0.000000000000000000 ) ) ;
#4327 = CARTESIAN_POINT ( 'NONE',  ( 0.9541625743108623769, 0.4895175577480118112, 4.099730216452860176 ) ) ;
#4328 = VERTEX_POINT ( 'NONE', #5550 ) ;
#4329 = VECTOR ( 'NONE', #7613, 1000.000000000000000 ) ;
#4330 = DIRECTION ( 'NONE',  ( -0.000000000000000000, -1.000000000000000000, -9.164576854217089559E-15 ) ) ;
#4331 = DIRECTION ( 'NONE',  ( 9.531447670197564664E-17, -1.000000000000000000, 0.000000000000000000 ) ) ;
#4332 = ORIENTED_EDGE ( 'NONE', *, *, #2121, .F. ) ;
#4333 = ORIENTED_EDGE ( 'NONE', *, *, #5260, .F. ) ;
#4334 = CARTESIAN_POINT ( 'NONE',  ( -3.508223304999999570, 0.3999999999998729017, -2.999999999999996447 ) ) ;
#4335 = CARTESIAN_POINT ( 'NONE',  ( -4.647550013096908295, 0.4008132180656738819, 4.600000000000034284 ) ) ;
#4336 = VECTOR ( 'NONE', #4614, 1000.000000000000000 ) ;
#4337 = AXIS2_PLACEMENT_3D ( 'NONE', #1298, #6707, #4228 ) ;
#4338 = ORIENTED_EDGE ( 'NONE', *, *, #2262, .T. ) ;
#4339 = CARTESIAN_POINT ( 'NONE',  ( 0.3712310600360543278, -3.054258255407597211, -3.028768939963972784 ) ) ;
#4340 = ORIENTED_EDGE ( 'NONE', *, *, #2724, .F. ) ;
#4341 = CARTESIAN_POINT ( 'NONE',  ( 2.510000000000000231, 4.300000000000015810, -4.299999999999952749 ) ) ;
#4342 = VECTOR ( 'NONE', #478, 1000.000000000000000 ) ;
#4343 = CARTESIAN_POINT ( 'NONE',  ( 0.09068805645166611029, 0.7287790104367197763, 4.600000000000024514 ) ) ;
#4344 = EDGE_LOOP ( 'NONE', ( #1247, #3234, #3598, #4512 ) ) ;
#4345 = VERTEX_POINT ( 'NONE', #761 ) ;
#4346 = DIRECTION ( 'NONE',  ( -0.000000000000000000, 0.000000000000000000, 1.000000000000000000 ) ) ;
#4347 = CARTESIAN_POINT ( 'NONE',  ( 3.585000000000000409, 3.225000000000000533, 3.399999999999999911 ) ) ;
#4348 = EDGE_CURVE ( 'NONE', #5957, #4597, #3076, .T. ) ;
#4349 = CARTESIAN_POINT ( 'NONE',  ( 2.848788260520300319, 0.4826262404611949552, 4.099724449470218524 ) ) ;
#4350 = DIRECTION ( 'NONE',  ( 0.000000000000000000, -0.9659258262890687563, 0.2588190451025190741 ) ) ;
#4351 = ORIENTED_EDGE ( 'NONE', *, *, #7136, .T. ) ;
#4352 = ORIENTED_EDGE ( 'NONE', *, *, #3502, .T. ) ;
#4353 = LINE ( 'NONE', #4780, #1792 ) ;
#4354 = VERTEX_POINT ( 'NONE', #6205 ) ;
#4355 = EDGE_LOOP ( 'NONE', ( #6050, #1357, #3448, #720 ) ) ;
#4356 = PRESENTATION_LAYER_ASSIGNMENT (  '', '', ( #3971 ) ) ;
#4357 = LINE ( 'NONE', #3006, #7275 ) ;
#4358 = CARTESIAN_POINT ( 'NONE',  ( -5.110000000000000320, 0.3999999999998605227, -1.649999999999993472 ) ) ;
#4359 = EDGE_CURVE ( 'NONE', #5015, #3634, #198, .T. ) ;
#4360 = DIRECTION ( 'NONE',  ( 0.000000000000000000, 0.000000000000000000, -1.000000000000000000 ) ) ;
#4361 = DIRECTION ( 'NONE',  ( 0.000000000000000000, 0.000000000000000000, -1.000000000000000000 ) ) ;
#4362 = ORIENTED_EDGE ( 'NONE', *, *, #3036, .T. ) ;
#4363 = CARTESIAN_POINT ( 'NONE',  ( -6.410000000000001030, 0.8500000000000007550, 4.000000000000000000 ) ) ;
#4364 = CARTESIAN_POINT ( 'NONE',  ( -5.465000000000025615, 0.7074836895662699465, -2.149999999999999911 ) ) ;
#4365 = CARTESIAN_POINT ( 'NONE',  ( -4.209999999999999964, -2.946891109999993041, -3.800000000000027356 ) ) ;
#4366 = EDGE_CURVE ( 'NONE', #6718, #7132, #176, .T. ) ;
#4367 = ORIENTED_EDGE ( 'NONE', *, *, #2392, .F. ) ;
#4368 = DIRECTION ( 'NONE',  ( 0.000000000000000000, -9.164576854217089559E-15, 1.000000000000000000 ) ) ;
#4369 = ORIENTED_EDGE ( 'NONE', *, *, #499, .T. ) ;
#4370 = AXIS2_PLACEMENT_3D ( 'NONE', #7918, #4866, #5521 ) ;
#4371 = ADVANCED_FACE ( 'NONE', ( #5560 ), #1242, .T. ) ;
#4372 = CARTESIAN_POINT ( 'NONE',  ( -3.339735143024539887, 0.7928194226790966637, 4.100012114463498669 ) ) ;
#4373 = VECTOR ( 'NONE', #4489, 1000.000000000000000 ) ;
#4374 =( BOUNDED_SURFACE ( )  B_SPLINE_SURFACE ( 3, 1, ( 
 ( #7310, #2345 ),
 ( #2967, #6186 ),
 ( #6790, #5540 ),
 ( #1234, #6136 ) ),
 .UNSPECIFIED., .F., .F., .F. ) 
 B_SPLINE_SURFACE_WITH_KNOTS ( ( 4, 4 ),
 ( 2, 2 ),
 ( 0.000000000000000000, 1.000000000000000000 ),
 ( 0.000000000000000000, 1.000000000000000000 ),
 .UNSPECIFIED. ) 
 GEOMETRIC_REPRESENTATION_ITEM ( )  RATIONAL_B_SPLINE_SURFACE ( (
 ( 1.000000000000000000, 1.000000000000000000),
 ( 0.8699927509184078867, 0.7969655114594044187),
 ( 0.8699927509184078867, 0.7969655114594044187),
 ( 1.000000000000000000, 1.000000000000000000) ) ) 
 REPRESENTATION_ITEM ( '' )  SURFACE ( )  );
#4375 = ORIENTED_EDGE ( 'NONE', *, *, #7641, .T. ) ;
#4376 = EDGE_CURVE ( 'NONE', #2405, #5395, #435, .T. ) ;
#4377 = AXIS2_PLACEMENT_3D ( 'NONE', #2324, #2998, #2939 ) ;
#4378 = DIRECTION ( 'NONE',  ( 0.000000000000000000, -0.000000000000000000, 1.000000000000000000 ) ) ;
#4379 = DIRECTION ( 'NONE',  ( -1.000000000000000000, 0.000000000000000000, 0.000000000000000000 ) ) ;
#4380 = ORIENTED_EDGE ( 'NONE', *, *, #7460, .F. ) ;
#4381 = DIRECTION ( 'NONE',  ( -0.000000000000000000, 1.000000000000000000, -0.000000000000000000 ) ) ;
#4382 = CARTESIAN_POINT ( 'NONE',  ( -4.209999999999999964, 3.326876110206469672, 2.746891109999992864 ) ) ;
#4383 = CARTESIAN_POINT ( 'NONE',  ( 0.4582683414057485694, 0.7971376447522238173, 4.100016507589507420 ) ) ;
#4384 = DIRECTION ( 'NONE',  ( -0.000000000000000000, 0.000000000000000000, -1.000000000000000000 ) ) ;
#4385 = EDGE_CURVE ( 'NONE', #3875, #7569, #134, .T. ) ;
#4386 = ORIENTED_EDGE ( 'NONE', *, *, #7109, .T. ) ;
#4387 = LINE ( 'NONE', #7528, #7104 ) ;
#4388 = CARTESIAN_POINT ( 'NONE',  ( 6.410000000000000142, 2.550000000000001155, 2.100000000000000089 ) ) ;
#4389 = DIRECTION ( 'NONE',  ( -0.01356798642016765824, -0.03811450043289642958, 0.9991812621347804235 ) ) ;
#4390 = EDGE_CURVE ( 'NONE', #4141, #632, #2838, .T. ) ;
#4391 = EDGE_LOOP ( 'NONE', ( #3849, #6357, #6584, #6833 ) ) ;
#4392 = ORIENTED_EDGE ( 'NONE', *, *, #76, .F. ) ;
#4393 = CARTESIAN_POINT ( 'NONE',  ( -4.253651720538033310, 0.6491144929928387430, 4.600000000000030731 ) ) ;
#4394 = FACE_OUTER_BOUND ( 'NONE', #6691, .T. ) ;
#4395 = ORIENTED_EDGE ( 'NONE', *, *, #1409, .T. ) ;
#4396 = EDGE_LOOP ( 'NONE', ( #7524, #1958, #2138, #7264 ) ) ;
#4397 = EDGE_CURVE ( 'NONE', #2273, #1456, #5651, .T. ) ;
#4398 = CARTESIAN_POINT ( 'NONE',  ( -5.109999999999998543, 6.400000000000019007, -4.599999999999999645 ) ) ;
#4399 = ORIENTED_EDGE ( 'NONE', *, *, #360, .F. ) ;
#4400 = DIRECTION ( 'NONE',  ( 0.000000000000000000, -1.000000000000000000, -9.164576854217089559E-15 ) ) ;
#4401 = FACE_OUTER_BOUND ( 'NONE', #4438, .T. ) ;
#4402 = EDGE_CURVE ( 'NONE', #6656, #1014, #2853, .T. ) ;
#4403 = DIRECTION ( 'NONE',  ( 0.000000000000000000, -0.03811800917140870798, 0.9992732446016997505 ) ) ;
#4404 = ORIENTED_EDGE ( 'NONE', *, *, #4070, .T. ) ;
#4405 = ORIENTED_EDGE ( 'NONE', *, *, #2928, .F. ) ;
#4406 = CARTESIAN_POINT ( 'NONE',  ( 6.410000000000000142, 0.8500000000000009770, 4.599999999999999645 ) ) ;
#4407 = CARTESIAN_POINT ( 'NONE',  ( 3.457987529676127547, 0.8302174702542421958, 4.100050485372689124 ) ) ;
#4408 = DIRECTION ( 'NONE',  ( -0.000000000000000000, -1.000000000000000000, -0.000000000000000000 ) ) ;
#4409 = CARTESIAN_POINT ( 'NONE',  ( 1.655000000000026228, 5.133974596215686859, 4.599999999999999645 ) ) ;
#4410 = ORIENTED_EDGE ( 'NONE', *, *, #6640, .F. ) ;
#4411 = ORIENTED_EDGE ( 'NONE', *, *, #6306, .T. ) ;
#4412 = VECTOR ( 'NONE', #5868, 1000.000000000000000 ) ;
#4413 = ORIENTED_EDGE ( 'NONE', *, *, #2460, .T. ) ;
#4414 = VERTEX_POINT ( 'NONE', #2071 ) ;
#4415 = EDGE_CURVE ( 'NONE', #2918, #6409, #5667, .T. ) ;
#4416 = CARTESIAN_POINT ( 'NONE',  ( -2.836681361298420079, 0.4705782514179949749, 4.099714587824591305 ) ) ;
#4417 = LINE ( 'NONE', #4806, #4373 ) ;
#4418 = PLANE ( 'NONE',  #5709 ) ;
#4419 = CARTESIAN_POINT ( 'NONE',  ( -0.2850179725959767763, 0.7057364023409501419, 4.599999999999999645 ) ) ;
#4420 = ORIENTED_EDGE ( 'NONE', *, *, #1023, .T. ) ;
#4421 = DIRECTION ( 'NONE',  ( -0.09316605137675544601, -0.2576933335952809045, 0.9617246137493908886 ) ) ;
#4422 = ORIENTED_EDGE ( 'NONE', *, *, #1684, .T. ) ;
#4423 = CARTESIAN_POINT ( 'NONE',  ( 6.410000000000000142, 0.8500000000000007550, 4.000000000000000000 ) ) ;
#4424 = CARTESIAN_POINT ( 'NONE',  ( 0.6500000000000116795, 5.000000000000124345, 4.099999999999992539 ) ) ;
#4425 = PLANE ( 'NONE',  #4840 ) ;
#4427 = ADVANCED_FACE ( 'NONE', ( #187 ), #6408, .F. ) ;
#4426 = ORIENTED_EDGE ( 'NONE', *, *, #6770, .T. ) ;
#4428 = CLOSED_SHELL ( 'NONE', ( #972, #787, #2347, #7895, #6483, #6240, #3568, #5548, #491, #8017, #108, #1221, #5865, #7776 ) ) ;
#4429 = VECTOR ( 'NONE', #3695, 1000.000000000000000 ) ;
#4430 = ORIENTED_EDGE ( 'NONE', *, *, #1183, .F. ) ;
#4431 = CARTESIAN_POINT ( 'NONE',  ( -6.110000000000001208, 7.400000000000000355, 1.000000000000000000 ) ) ;
#4432 = DIRECTION ( 'NONE',  ( -0.000000000000000000, -0.2588190455922519950, -0.9659258261578451688 ) ) ;
#4433 = ORIENTED_EDGE ( 'NONE', *, *, #3928, .T. ) ;
#4434 = DIRECTION ( 'NONE',  ( -1.000000000000000000, 0.000000000000000000, 0.000000000000000000 ) ) ;
#4435 = CARTESIAN_POINT ( 'NONE',  ( -5.465000000000026503, 0.000000000000000000, -1.404483525364932826E-15 ) ) ;
#4436 = CARTESIAN_POINT ( 'NONE',  ( 0.05085796934817702480, 0.8759531298702372126, 4.100098463522906300 ) ) ;
#4437 = CARTESIAN_POINT ( 'NONE',  ( -4.209999999999999964, 0.3999999999998792855, -3.701776694999996842 ) ) ;
#4438 = EDGE_LOOP ( 'NONE', ( #3322, #3261, #3897, #6276, #1474 ) ) ;
#4439 = LINE ( 'NONE', #4484, #1777 ) ;
#4440 = CARTESIAN_POINT ( 'NONE',  ( -6.410000000000001030, 2.550000000000001155, 2.100000000000000089 ) ) ;
#4441 = DIRECTION ( 'NONE',  ( 1.000000000000000000, 0.000000000000000000, 0.000000000000000000 ) ) ;
#4442 = EDGE_LOOP ( 'NONE', ( #4053, #4243, #4091, #2004, #6568 ) ) ;
#4443 = DIRECTION ( 'NONE',  ( -1.000000000000000000, 0.000000000000000000, 0.000000000000000000 ) ) ;
#4444 = VERTEX_POINT ( 'NONE', #7803 ) ;
#4445 = ORIENTED_EDGE ( 'NONE', *, *, #3068, .F. ) ;
#4446 = EDGE_CURVE ( 'NONE', #5488, #7316, #3089, .T. ) ;
#4447 = CARTESIAN_POINT ( 'NONE',  ( -1.300000000000000044, 4.300000000000019362, -4.599999999999953459 ) ) ;
#4448 = VERTEX_POINT ( 'NONE', #1551 ) ;
#4449 = VECTOR ( 'NONE', #6200, 1000.000000000000000 ) ;
#4450 = CARTESIAN_POINT ( 'NONE',  ( -4.209999999999999964, -8.331370849898474873, -3.701776695000076778 ) ) ;
#4451 = DIRECTION ( 'NONE',  ( 0.000000000000000000, 0.9992732446016997505, 0.03811800917140870798 ) ) ;
#4452 = ORIENTED_EDGE ( 'NONE', *, *, #691, .T. ) ;
#4453 = DIRECTION ( 'NONE',  ( 0.000000000000000000, 0.000000000000000000, 1.000000000000000000 ) ) ;
#4454 = FACE_OUTER_BOUND ( 'NONE', #3265, .T. ) ;
#4455 = CARTESIAN_POINT ( 'NONE',  ( 4.304052186092277132, 0.7838818512571694708, 4.100003056070344876 ) ) ;
#4456 = AXIS2_PLACEMENT_3D ( 'NONE', #8012, #1768, #6165 ) ;
#4457 = DIRECTION ( 'NONE',  ( 1.239088197126206261E-15, 1.000000000000000000, 0.000000000000000000 ) ) ;
#4458 = ORIENTED_EDGE ( 'NONE', *, *, #2291, .T. ) ;
#4459 = AXIS2_PLACEMENT_3D ( 'NONE', #1891, #7618, #6840 ) ;
#4460 = EDGE_LOOP ( 'NONE', ( #4899, #2994, #1422, #6877 ) ) ;
#4461 = VECTOR ( 'NONE', #7003, 1000.000000000000000 ) ;
#4462 = EDGE_CURVE ( 'NONE', #3146, #7532, #788, .T. ) ;
#4463 = AXIS2_PLACEMENT_3D ( 'NONE', #6600, #1760, #2382 ) ;
#4464 = EDGE_LOOP ( 'NONE', ( #3862, #3793, #2604, #4518 ) ) ;
#4465 = CARTESIAN_POINT ( 'NONE',  ( -2.840594259750912620, 0.4745034308898450903, 4.099717685490645636 ) ) ;
#4466 = CARTESIAN_POINT ( 'NONE',  ( -6.410000000000001030, 3.750000000000000000, 4.000000000000000000 ) ) ;
#4467 = DIRECTION ( 'NONE',  ( -1.000000000000000000, 0.000000000000000000, 0.000000000000000000 ) ) ;
#4468 = DIRECTION ( 'NONE',  ( -0.000000000000000000, 0.000000000000000000, -1.000000000000000000 ) ) ;
#4469 = AXIS2_PLACEMENT_3D ( 'NONE', #1176, #1038, #4146 ) ;
#4470 = DIRECTION ( 'NONE',  ( -0.2505628075300823654, 0.2505628075300823654, 0.9351131262929025523 ) ) ;
#4471 = ORIENTED_EDGE ( 'NONE', *, *, #7975, .T. ) ;
#4472 = CARTESIAN_POINT ( 'NONE',  ( -3.438768939963944060, -3.054258255407590550, -3.771231060036082550 ) ) ;
#4473 = CARTESIAN_POINT ( 'NONE',  ( 6.110000000000000320, 7.150000000000000355, -4.599999999999999645 ) ) ;
#4474 = CLOSED_SHELL ( 'NONE', ( #2917, #1046, #575, #3728, #2303, #4216, #3530, #5835, #731, #4804, #1752, #7226, #2104, #1005 ) ) ;
#4475 = B_SPLINE_CURVE_WITH_KNOTS ( 'NONE', 3,
 ( #7364, #7472, #4202, #1839, #5650, #7256, #30, #1133, #2452, #2899 ),
 .UNSPECIFIED., .F., .F.,
 ( 4, 1, 1, 2, 2, 4 ),
 ( 0.000000000000000000, 0.2500000000000042188, 0.3750000000000062172, 0.4375000000000049960, 0.5000000000000037748, 1.000000000000000000 ),
 .UNSPECIFIED. ) ;
#4476 = FACE_OUTER_BOUND ( 'NONE', #5944, .T. ) ;
#4477 = ORIENTED_EDGE ( 'NONE', *, *, #6392, .T. ) ;
#4478 = EDGE_CURVE ( 'NONE', #1701, #2263, #3416, .T. ) ;
#4479 = EDGE_CURVE ( 'NONE', #1552, #6005, #3429, .T. ) ;
#4480 = STYLED_ITEM ( 'NONE', ( #6566 ), #7189 ) ;
#4481 = DIRECTION ( 'NONE',  ( 0.000000000000000000, -1.000000000000000000, 0.000000000000000000 ) ) ;
#4482 = CARTESIAN_POINT ( 'NONE',  ( 2.510000000000000231, 4.300000000000019362, -4.599999999999953459 ) ) ;
#4483 = ORIENTED_EDGE ( 'NONE', *, *, #1109, .F. ) ;
#4484 = CARTESIAN_POINT ( 'NONE',  ( 0.2250000000000003664, 3.400000000000000355, 3.399999999999999911 ) ) ;
#4485 = CARTESIAN_POINT ( 'NONE',  ( -0.5963509593447376966, 0.5765852970483549278, 4.600000000000001421 ) ) ;
#4486 = DIRECTION ( 'NONE',  ( 0.000000000000000000, -0.000000000000000000, 1.000000000000000000 ) ) ;
#4488 = ADVANCED_FACE ( 'NONE', ( #5902 ), #2115, .T. ) ;
#4487 = ORIENTED_EDGE ( 'NONE', *, *, #4578, .F. ) ;
#4489 = DIRECTION ( 'NONE',  ( 0.000000000000000000, 0.000000000000000000, -1.000000000000000000 ) ) ;
#4490 = LINE ( 'NONE', #5490, #4449 ) ;
#4491 = CARTESIAN_POINT ( 'NONE',  ( 3.409999999999999698, -8.331370849898473097, -3.800000000000076650 ) ) ;
#4492 = CARTESIAN_POINT ( 'NONE',  ( 3.510000000000001119, 3.400000000000000355, -1.200000000000000178 ) ) ;
#4493 = ORIENTED_EDGE ( 'NONE', *, *, #4602, .F. ) ;
#4494 = DIRECTION ( 'NONE',  ( 3.336006684570782608E-16, 1.000000000000000000, -0.000000000000000000 ) ) ;
#4495 = VECTOR ( 'NONE', #6503, 1000.000000000000000 ) ;
#4496 = ADVANCED_FACE ( 'NONE', ( #690 ), #4708, .F. ) ;
#4497 = EDGE_CURVE ( 'NONE', #2022, #1408, #5807, .T. ) ;
#4498 = PRODUCT_RELATED_PRODUCT_CATEGORY ( 'part', '', ( #5122 ) ) ;
#4499 = ORIENTED_EDGE ( 'NONE', *, *, #4478, .T. ) ;
#4500 = CARTESIAN_POINT ( 'NONE',  ( -2.920370617316650375, 0.3495150890627830020, 4.599999999999957900 ) ) ;
#4501 = CARTESIAN_POINT ( 'NONE',  ( 0.3000000000000003775, 2.600000000000000533, 2.746891109999991976 ) ) ;
#4502 = ORIENTED_EDGE ( 'NONE', *, *, #3336, .T. ) ;
#4503 = DIRECTION ( 'NONE',  ( 0.000000000000000000, 0.000000000000000000, -1.000000000000000000 ) ) ;
#4504 = FACE_OUTER_BOUND ( 'NONE', #3946, .T. ) ;
#4505 = CARTESIAN_POINT ( 'NONE',  ( 4.181231060036056491, -3.054258255407590550, -3.771231060036082550 ) ) ;
#4506 = VERTEX_POINT ( 'NONE', #5168 ) ;
#4507 = CARTESIAN_POINT ( 'NONE',  ( 3.026025403784427859, 5.566025403784609971, 4.599999999999999645 ) ) ;
#4508 = DIRECTION ( 'NONE',  ( 0.000000000000000000, -0.9659258262890687563, -0.2588190451025190741 ) ) ;
#4509 = SURFACE_STYLE_FILL_AREA ( #352 ) ;
#4510 = CARTESIAN_POINT ( 'NONE',  ( 4.773222149807336834, 0.4806471576415154989, 4.099722797320807466 ) ) ;
#4511 = DIRECTION ( 'NONE',  ( 0.000000000000000000, -1.000000000000000000, -9.164576854217089559E-15 ) ) ;
#4512 = ORIENTED_EDGE ( 'NONE', *, *, #4104, .T. ) ;
#4513 = CARTESIAN_POINT ( 'NONE',  ( 4.546983892372344016, 0.4854191014838753482, 4.600000000000000533 ) ) ;
#4514 = ORIENTED_EDGE ( 'NONE', *, *, #4761, .T. ) ;
#4515 = EDGE_CURVE ( 'NONE', #4775, #6540, #674, .T. ) ;
#4516 = ORIENTED_EDGE ( 'NONE', *, *, #6661, .F. ) ;
#4517 = VECTOR ( 'NONE', #2977, 1000.000000000000000 ) ;
#4518 = ORIENTED_EDGE ( 'NONE', *, *, #5150, .F. ) ;
#4519 = VECTOR ( 'NONE', #1471, 1000.000000000000000 ) ;
#4520 = DIRECTION ( 'NONE',  ( 0.000000000000000000, 0.000000000000000000, -1.000000000000000000 ) ) ;
#4521 = CARTESIAN_POINT ( 'NONE',  ( 0.000000000000000000, -3.600000000000000533, -3.175000000000021139 ) ) ;
#4522 = DIRECTION ( 'NONE',  ( -0.000000000000000000, -0.000000000000000000, 1.000000000000000000 ) ) ;
#4523 = AXIS2_PLACEMENT_3D ( 'NONE', #986, #2790, #1477 ) ;
#4524 = VERTEX_POINT ( 'NONE', #4079 ) ;
#4525 = DIRECTION ( 'NONE',  ( 0.000000000000000000, 3.614007241618349264E-16, 1.000000000000000000 ) ) ;
#4526 = CARTESIAN_POINT ( 'NONE',  ( 0.6500000000000116795, 5.700000000000171596, 4.099999999999992539 ) ) ;
#4527 = CARTESIAN_POINT ( 'NONE',  ( -4.111776695000000537, -2.946891109999997482, -3.000000000000027534 ) ) ;
#4528 = APPLICATION_CONTEXT ( 'automotive_design' ) ;
#4529 = ORIENTED_EDGE ( 'NONE', *, *, #1789, .T. ) ;
#4530 = LINE ( 'NONE', #1188, #4554 ) ;
#4531 = VERTEX_POINT ( 'NONE', #5277 ) ;
#4532 = FACE_OUTER_BOUND ( 'NONE', #737, .T. ) ;
#4533 = CARTESIAN_POINT ( 'NONE',  ( -3.412114761248123962, 0.8169908447282060449, 4.100036833881837595 ) ) ;
#4534 = PLANE ( 'NONE',  #5769 ) ;
#4535 = PLANE ( 'NONE',  #7421 ) ;
#4536 = ORIENTED_EDGE ( 'NONE', *, *, #7837, .F. ) ;
#4537 = CARTESIAN_POINT ( 'NONE',  ( 1.048275081956292265, 0.3948604934881062012, 4.100059614940185782 ) ) ;
#4538 = PLANE ( 'NONE',  #7711 ) ;
#4539 = ORIENTED_EDGE ( 'NONE', *, *, #6216, .F. ) ;
#4540 = CARTESIAN_POINT ( 'NONE',  ( -4.460000000000011511, 5.000000000000124345, -2.149999999999999911 ) ) ;
#4541 = CARTESIAN_POINT ( 'NONE',  ( 2.602085213965210642E-15, 6.000000000000019540, -4.299999999999999822 ) ) ;
#4542 = PLANE ( 'NONE',  #6148 ) ;
#4543 = ORIENTED_EDGE ( 'NONE', *, *, #4385, .F. ) ;
#4544 = DIRECTION ( 'NONE',  ( 0.000000000000000000, 0.000000000000000000, 1.000000000000000000 ) ) ;
#4545 = VECTOR ( 'NONE', #6876, 1000.000000000000000 ) ;
#4546 = EDGE_CURVE ( 'NONE', #5110, #2402, #1664, .T. ) ;
#4547 = VERTEX_POINT ( 'NONE', #7752 ) ;
#4548 = ORIENTED_EDGE ( 'NONE', *, *, #3705, .F. ) ;
#4549 = CARTESIAN_POINT ( 'NONE',  ( 3.483123889793531269, 2.600000000000000533, 2.746891109999991087 ) ) ;
#4550 = EDGE_CURVE ( 'NONE', #5059, #1747, #3350, .T. ) ;
#4552 = ADVANCED_FACE ( 'NONE', ( #3391 ), #5938, .F. ) ;
#4551 = ORIENTED_EDGE ( 'NONE', *, *, #7692, .T. ) ;
#4553 = CARTESIAN_POINT ( 'NONE',  ( 0.2999999999999999334, 3.400000000000000355, -1.200000000000000178 ) ) ;
#4554 = VECTOR ( 'NONE', #3613, 1000.000000000000000 ) ;
#4555 = CARTESIAN_POINT ( 'NONE',  ( 7.620000000000000107, 0.000000000000000000, 3.399999999999999911 ) ) ;
#4556 = CARTESIAN_POINT ( 'NONE',  ( -3.420285042102434225, 2.648293601660256957, 2.785275409606414065 ) ) ;
#4557 = VERTEX_POINT ( 'NONE', #1072 ) ;
#4558 = DIRECTION ( 'NONE',  ( 0.000000000000000000, 1.000000000000000000, 9.164576854217089559E-15 ) ) ;
#4559 = CARTESIAN_POINT ( 'NONE',  ( 0.4000000000000001887, 0.3999999999998738454, -3.098223304999996319 ) ) ;
#4560 = CARTESIAN_POINT ( 'NONE',  ( 4.850296017126865422, 0.4029190968061539535, 4.100021650962883513 ) ) ;
#4561 = AXIS2_PLACEMENT_3D ( 'NONE', #3197, #7427, #7373 ) ;
#4562 = DIRECTION ( 'NONE',  ( 1.000000000000000000, 0.000000000000000000, 0.000000000000000000 ) ) ;
#4563 = CARTESIAN_POINT ( 'NONE',  ( -6.110000000000001208, 7.150000000000000355, 1.000000000000000000 ) ) ;
#4564 = EDGE_CURVE ( 'NONE', #32, #2710, #3130, .T. ) ;
#4565 = CARTESIAN_POINT ( 'NONE',  ( -2.761724918043708232, 0.3948604934881077555, 4.100059614940188446 ) ) ;
#4566 = ORIENTED_EDGE ( 'NONE', *, *, #4478, .F. ) ;
#4567 = ORIENTED_EDGE ( 'NONE', *, *, #951, .F. ) ;
#4568 = LINE ( 'NONE', #7884, #7175 ) ;
#4569 = ORIENTED_EDGE ( 'NONE', *, *, #5537, .T. ) ;
#4570 = CARTESIAN_POINT ( 'NONE',  ( -2.823557511890414151, 0.4573203547596779162, 4.099767625381252500 ) ) ;
#4571 = FACE_OUTER_BOUND ( 'NONE', #5691, .T. ) ;
#4572 = CARTESIAN_POINT ( 'NONE',  ( -4.787549384459891755, 0.4663056668205126098, 4.099726033551183590 ) ) ;
#4573 = CARTESIAN_POINT ( 'NONE',  ( 4.699934345573482553, 0.7074836895662705016, -2.149999999999999911 ) ) ;
#4574 = PLANE ( 'NONE',  #2087 ) ;
#4575 = CARTESIAN_POINT ( 'NONE',  ( -0.9544795594117175819, 0.4892100815747655318, 4.099729958430152976 ) ) ;
#4576 = PLANE ( 'NONE',  #5045 ) ;
#4577 = ORIENTED_EDGE ( 'NONE', *, *, #5913, .T. ) ;
#4578 = EDGE_CURVE ( 'NONE', #6054, #4345, #477, .T. ) ;
#4579 = CARTESIAN_POINT ( 'NONE',  ( 3.159999999999982379, 5.526333359182902012E-15, -5.731012372486363337E-16 ) ) ;
#4580 = DIRECTION ( 'NONE',  ( 0.000000000000000000, -9.382415370900834154E-15, 1.000000000000000000 ) ) ;
#4581 = CARTESIAN_POINT ( 'NONE',  ( -3.159999999999988152, 5.000000000000124345, -2.149999999999999911 ) ) ;
#4582 = DIRECTION ( 'NONE',  ( 0.000000000000000000, 0.000000000000000000, 1.000000000000000000 ) ) ;
#4583 = ORIENTED_EDGE ( 'NONE', *, *, #7154, .F. ) ;
#4584 = FACE_OUTER_BOUND ( 'NONE', #3703, .T. ) ;
#4585 = EDGE_CURVE ( 'NONE', #6312, #4773, #3324, .T. ) ;
#4586 = EDGE_LOOP ( 'NONE', ( #3699, #4422, #6322, #1195, #1720, #6843 ) ) ;
#4587 = LINE ( 'NONE', #5747, #1863 ) ;
#4588 = EDGE_LOOP ( 'NONE', ( #1511, #3977, #3453, #1489, #4080 ) ) ;
#4589 = CARTESIAN_POINT ( 'NONE',  ( -2.942328038688377223, 0.3716761764972893456, 4.599999999999996980 ) ) ;
#4590 = ORIENTED_EDGE ( 'NONE', *, *, #3958, .F. ) ;
#4591 = CARTESIAN_POINT ( 'NONE',  ( -0.8658290381219989618, 0.3735165329609996809, 4.599999999999916156 ) ) ;
#4592 = DIRECTION ( 'NONE',  ( -0.000000000000000000, -1.000000000000000000, -0.000000000000000000 ) ) ;
#4593 = EDGE_LOOP ( 'NONE', ( #2532, #4645, #1561, #4693 ) ) ;
#4594 = DIRECTION ( 'NONE',  ( -0.000000000000000000, -1.000000000000000000, -9.164576854217089559E-15 ) ) ;
#4595 = FACE_OUTER_BOUND ( 'NONE', #1092, .T. ) ;
#4596 = PLANE ( 'NONE',  #1492 ) ;
#4597 = VERTEX_POINT ( 'NONE', #2328 ) ;
#4598 = DIRECTION ( 'NONE',  ( 0.000000000000000000, -1.000000000000000000, 0.000000000000000000 ) ) ;
#4599 = EDGE_CURVE ( 'NONE', #6796, #1925, #6117, .T. ) ;
#4600 = DIRECTION ( 'NONE',  ( 1.000000000000000000, 0.000000000000000000, -0.000000000000000000 ) ) ;
#4601 = LINE ( 'NONE', #3891, #1939 ) ;
#4602 = EDGE_CURVE ( 'NONE', #6409, #6419, #545, .T. ) ;
#4603 = ORIENTED_EDGE ( 'NONE', *, *, #7755, .F. ) ;
#4604 = ORIENTED_EDGE ( 'NONE', *, *, #1977, .F. ) ;
#4605 = DIRECTION ( 'NONE',  ( 0.000000000000000000, 0.000000000000000000, -1.000000000000000000 ) ) ;
#4606 = VECTOR ( 'NONE', #3785, 1000.000000000000000 ) ;
#4607 = DIRECTION ( 'NONE',  ( -1.239088197126206261E-15, -1.000000000000000000, 0.000000000000000000 ) ) ;
#4608 = ORIENTED_EDGE ( 'NONE', *, *, #789, .F. ) ;
#4609 = CARTESIAN_POINT ( 'NONE',  ( 0.3898976917263478614, -2.984593437674527561, -3.047435571654265374 ) ) ;
#4610 = DIRECTION ( 'NONE',  ( -1.000000000000000000, 0.000000000000000000, 0.000000000000000000 ) ) ;
#4611 = LINE ( 'NONE', #5127, #4336 ) ;
#4612 = EDGE_CURVE ( 'NONE', #5602, #5936, #6057, .T. ) ;
#4613 = CARTESIAN_POINT ( 'NONE',  ( 4.784439816717861227, 0.4694475052452626862, 4.099713408451474805 ) ) ;
#4614 = DIRECTION ( 'NONE',  ( 0.000000000000000000, 0.000000000000000000, -1.000000000000000000 ) ) ;
#4615 = DIRECTION ( 'NONE',  ( 0.000000000000000000, 0.000000000000000000, -1.000000000000000000 ) ) ;
#4616 = ORIENTED_EDGE ( 'NONE', *, *, #2443, .T. ) ;
#4618 = ADVANCED_FACE ( 'NONE', ( #5861 ), #504, .F. ) ;
#4617 = ORIENTED_EDGE ( 'NONE', *, *, #162, .F. ) ;
#4619 = VERTEX_POINT ( 'NONE', #2885 ) ;
#4620 = CARTESIAN_POINT ( 'NONE',  ( -3.069097472214677325, 0.6587709532966412596, 4.099880901472505279 ) ) ;
#4621 = PRESENTATION_LAYER_ASSIGNMENT (  '', '', ( #7949 ) ) ;
#4622 = VECTOR ( 'NONE', #4145, 1000.000000000000000 ) ;
#4623 = CARTESIAN_POINT ( 'NONE',  ( -1.300000000000000044, 0.000000000000000000, -4.599999999999999645 ) ) ;
#4624 = ADVANCED_FACE ( 'NONE', ( #3337 ), #6047, .F. ) ;
#4625 = DIRECTION ( 'NONE',  ( 1.000000000000000000, 0.000000000000000000, 0.000000000000000000 ) ) ;
#4626 = CARTESIAN_POINT ( 'NONE',  ( -0.5425319037412986711, 0.7650239085019385765, 4.099983962874443222 ) ) ;
#4627 = CARTESIAN_POINT ( 'NONE',  ( 5.110000000000000320, 4.300000000000015810, -4.299999999999952749 ) ) ;
#4628 = VERTEX_POINT ( 'NONE', #6995 ) ;
#4629 = DIRECTION ( 'NONE',  ( -1.000000000000000000, 0.000000000000000000, 1.774471640729139594E-17 ) ) ;
#4630 = DIRECTION ( 'NONE',  ( 0.000000000000000000, -1.000000000000000000, 0.000000000000000000 ) ) ;
#4631 = CARTESIAN_POINT ( 'NONE',  ( 3.410000000000000586, 3.300000000000000266, -1.200000000000000178 ) ) ;
#4632 = EDGE_CURVE ( 'NONE', #1723, #2924, #3104, .T. ) ;
#4633 = CLOSED_SHELL ( 'NONE', ( #5702, #7131, #1589, #7713, #7398, #2600, #6544, #4863, #3204, #3506, #6859, #2171, #2228, #2594, #3378, #4886, #6791, #3847, #3341, #4624, #3591, #4552, #1970, #2073, #6926, #4618, #5499, #7158, #5418, #2489, #3608, #3940, #4496, #2942, #7908, #4488, #6176, #6538, #2353, #4308, #6727, #4371, #2930, #3147, #6081, #2866, #6740, #5005, #664, #1686, #1858, #1528, #7644, #5483, #3161, #584, #1721, #6354, #3302, #558, #3680, #1091, #1277, #418, #6509, #1150, #7842, #274, #1790, #913, #3210, #1106, #6346, #3664, #175, #5767, #6291, #7769, #1654, #7453, #4690, #6873, #3079, #6660, #4794, #4778, #390, #2432, #7508, #3346, #4957, #7057, #2129, #6031, #3792, #510, #6633, #1336, #36, #853, #3442, #6602, #5209, #3139, #5233, #2288, #5279, #7123, #6446, #315, #6797, #456, #602, #3746, #2830, #2369, #6809, #3538, #7634, #6100, #5640, #5336, #2656, #1905, #1622, #4169, #655, #5076, #5960, #3412, #1469, #1398, #7261, #2758, #53, #7331, #2475, #1923, #5377, #6703, #7570, #4427, #2164, #6423, #2414 ) ) ;
#4634 = PRESENTATION_STYLE_ASSIGNMENT (( #383 ) ) ;
#4635 = ORIENTED_EDGE ( 'NONE', *, *, #84, .F. ) ;
#4636 = VECTOR ( 'NONE', #464, 1000.000000000000000 ) ;
#4637 = AXIS2_PLACEMENT_3D ( 'NONE', #3731, #703, #2419 ) ;
#4638 = CARTESIAN_POINT ( 'NONE',  ( -3.073016107627665416, 0.4854191014838773466, 4.600000000000002309 ) ) ;
#4639 = CARTESIAN_POINT ( 'NONE',  ( 0.3360913985265998605, 4.686091398526713192, 2.928477150368321347 ) ) ;
#4640 = CARTESIAN_POINT ( 'NONE',  ( -3.809999999999997389, 6.000000000000019540, -4.299999999999999822 ) ) ;
#4641 = ORIENTED_EDGE ( 'NONE', *, *, #4155, .T. ) ;
#4642 = CARTESIAN_POINT ( 'NONE',  ( -4.209999999999999964, 0.3999999999998802291, -3.799999999999996714 ) ) ;
#4643 = CARTESIAN_POINT ( 'NONE',  ( -0.8737585050257555830, 0.3655484167915193927, 4.600000000000010303 ) ) ;
#4644 = CARTESIAN_POINT ( 'NONE',  ( 5.465000000000027391, 0.7074836895662703906, -2.149999999999999911 ) ) ;
#4645 = ORIENTED_EDGE ( 'NONE', *, *, #5425, .T. ) ;
#4646 = CARTESIAN_POINT ( 'NONE',  ( -0.3017766950000003723, -2.946891109999997482, -3.000000000000027534 ) ) ;
#4647 = LINE ( 'NONE', #1359, #7407 ) ;
#4648 = EDGE_CURVE ( 'NONE', #6933, #1452, #5819, .T. ) ;
#4649 = CARTESIAN_POINT ( 'NONE',  ( -0.2999999999999990452, 3.300000000000000266, -1.200000000000000178 ) ) ;
#4650 = ORIENTED_EDGE ( 'NONE', *, *, #524, .F. ) ;
#4651 = CARTESIAN_POINT ( 'NONE',  ( -6.410000000000001030, 6.150000000000000355, 4.000000000000000000 ) ) ;
#4652 = PRESENTATION_STYLE_ASSIGNMENT (( #1534 ) ) ;
#4653 = EDGE_CURVE ( 'NONE', #4283, #841, #701, .T. ) ;
#4654 = ORIENTED_EDGE ( 'NONE', *, *, #7341, .F. ) ;
#4655 = ORIENTED_EDGE ( 'NONE', *, *, #6948, .T. ) ;
#4656 = VERTEX_POINT ( 'NONE', #2643 ) ;
#4657 = DIRECTION ( 'NONE',  ( -0.000000000000000000, 1.000000000000000000, 9.164576854217089559E-15 ) ) ;
#4658 = AXIS2_PLACEMENT_3D ( 'NONE', #2661, #4494, #209 ) ;
#4659 = CARTESIAN_POINT ( 'NONE',  ( -0.6500000000000121236, 5.000000000000124345, 4.099999999999992539 ) ) ;
#4660 = CARTESIAN_POINT ( 'NONE',  ( 5.110000000000000320, -2.949029909160572061E-14, -1.649999999999998579 ) ) ;
#4661 = EDGE_LOOP ( 'NONE', ( #4380, #4301, #4118, #710, #6959 ) ) ;
#4662 = DIRECTION ( 'NONE',  ( -1.000000000000000000, -0.000000000000000000, 0.000000000000000000 ) ) ;
#4663 = EDGE_CURVE ( 'NONE', #144, #3899, #463, .T. ) ;
#4664 = CARTESIAN_POINT ( 'NONE',  ( -2.510000000000000231, 0.3999999999998848366, -4.299999999999994493 ) ) ;
#4665 = FACE_BOUND ( 'NONE', #3062, .T. ) ;
#4666 = CARTESIAN_POINT ( 'NONE',  ( 4.783318638701580916, 0.4705782514179957521, 4.099714587824593082 ) ) ;
#4667 = CARTESIAN_POINT ( 'NONE',  ( 0.3000000000000003775, 3.400000000000000355, 2.746891109999991976 ) ) ;
#4668 = CARTESIAN_POINT ( 'NONE',  ( 4.675665022723900499, 0.3736798885167574302, 4.599999999999968558 ) ) ;
#4669 = CARTESIAN_POINT ( 'NONE',  ( 4.695638941786302034, 0.3535462158898061147, 4.600000000000000533 ) ) ;
#4670 = ORIENTED_EDGE ( 'NONE', *, *, #7886, .F. ) ;
#4671 = AXIS2_PLACEMENT_3D ( 'NONE', #1823, #668, #7346 ) ;
#4672 = ORIENTED_EDGE ( 'NONE', *, *, #6211, .F. ) ;
#4673 = EDGE_LOOP ( 'NONE', ( #1119, #6699, #4483, #6752, #6482, #6739 ) ) ;
#4674 = LINE ( 'NONE', #6039, #7323 ) ;
#4675 = ORIENTED_EDGE ( 'NONE', *, *, #6844, .T. ) ;
#4676 = EDGE_CURVE ( 'NONE', #5408, #291, #3404, .T. ) ;
#4677 = CARTESIAN_POINT ( 'NONE',  ( -4.786561095335182259, 0.4673042326236359623, 4.099721417460390427 ) ) ;
#4678 = CARTESIAN_POINT ( 'NONE',  ( 0.3707106781186552125, 3.370710678118655768, 2.856200347158724284 ) ) ;
#4679 = CARTESIAN_POINT ( 'NONE',  ( -0.3999999999999993006, 3.400000000000000355, 2.746891109999991976 ) ) ;
#4680 = CARTESIAN_POINT ( 'NONE',  ( -0.9824908662284270733, 0.4613128823145159485, 4.099749130622061699 ) ) ;
#4681 = EDGE_LOOP ( 'NONE', ( #4487, #7406, #4567, #4235, #1540, #1989 ) ) ;
#4682 = CARTESIAN_POINT ( 'NONE',  ( 5.060000000000000497, 5.700000000000171596, -3.650000000000000355 ) ) ;
#4683 = EDGE_CURVE ( 'NONE', #5558, #2116, #7409, .T. ) ;
#4684 = EDGE_LOOP ( 'NONE', ( #436, #1637, #5794, #594 ) ) ;
#4685 =( NAMED_UNIT ( * ) SI_UNIT ( $, .STERADIAN. ) SOLID_ANGLE_UNIT ( ) );
#4686 = CARTESIAN_POINT ( 'NONE',  ( -4.124868206418433658, 0.6904023156106452452, 4.600000000000020073 ) ) ;
#4687 = CARTESIAN_POINT ( 'NONE',  ( -1.485000000000000320, 6.350000000000171063, -3.650000000000000355 ) ) ;
#4688 = CARTESIAN_POINT ( 'NONE',  ( 0.6918813121060887195, 0.7017704450863637700, 4.099921000117810799 ) ) ;
#4690 = ADVANCED_FACE ( 'NONE', ( #3185 ), #415, .T. ) ;
#4689 = ORIENTED_EDGE ( 'NONE', *, *, #721, .T. ) ;
#4691 = LINE ( 'NONE', #6215, #7390 ) ;
#4692 = ORIENTED_EDGE ( 'NONE', *, *, #6815, .F. ) ;
#4693 = ORIENTED_EDGE ( 'NONE', *, *, #4119, .F. ) ;
#4694 = CARTESIAN_POINT ( 'NONE',  ( -3.147255803852450295, 0.5370330794699174071, 4.600000000000057376 ) ) ;
#4695 = PLANE ( 'NONE',  #6704 ) ;
#4696 =( NAMED_UNIT ( * ) PLANE_ANGLE_UNIT ( ) SI_UNIT ( $, .RADIAN. ) );
#4697 = ORIENTED_EDGE ( 'NONE', *, *, #7878, .F. ) ;
#4698 = EDGE_CURVE ( 'NONE', #7577, #6202, #4760, .T. ) ;
#4699 = AXIS2_PLACEMENT_3D ( 'NONE', #2701, #2190, #4727 ) ;
#4700 =( LENGTH_UNIT ( ) NAMED_UNIT ( * ) SI_UNIT ( .MILLI., .METRE. ) );
#4701 = CARTESIAN_POINT ( 'NONE',  ( -0.8721519175832425086, 0.3671715373322450016, 4.599999999999869971 ) ) ;
#4702 = CARTESIAN_POINT ( 'NONE',  ( 6.410000000000000142, 6.150000000000000355, 4.000000000000000000 ) ) ;
#4703 = CARTESIAN_POINT ( 'NONE',  ( -3.409999999999999698, -8.331370849898480202, -3.098223305000076699 ) ) ;
#4704 = VERTEX_POINT ( 'NONE', #3765 ) ;
#4705 = UNCERTAINTY_MEASURE_WITH_UNIT (LENGTH_MEASURE( 1.000000000000000082E-05 ), #2027, 'distance_accuracy_value', 'NONE');
#4706 = CARTESIAN_POINT ( 'NONE',  ( 4.591573214709105955, 0.4500000001183825926, 4.599999999999999645 ) ) ;
#4707 = ORIENTED_EDGE ( 'NONE', *, *, #7931, .F. ) ;
#4708 = PLANE ( 'NONE',  #1288 ) ;
#4709 = EDGE_CURVE ( 'NONE', #938, #2208, #6048, .T. ) ;
#4710 = CIRCLE ( 'NONE', #940, 0.8499999999999996447 ) ;
#4711 = ORIENTED_EDGE ( 'NONE', *, *, #6466, .T. ) ;
#4712 = ORIENTED_EDGE ( 'NONE', *, *, #3791, .F. ) ;
#4713 = ORIENTED_EDGE ( 'NONE', *, *, #4825, .T. ) ;
#4714 = DIRECTION ( 'NONE',  ( 0.3399999692168444998, 0.9404254467699950659, 0.000000000000000000 ) ) ;
#4715 = CARTESIAN_POINT ( 'NONE',  ( 4.161706398339743096, 2.610285042102433728, 2.785275409606413177 ) ) ;
#4716 = EDGE_LOOP ( 'NONE', ( #5471, #3074, #3281, #5914 ) ) ;
#4717 = PLANE ( 'NONE',  #127 ) ;
#4718 = COLOUR_RGB ( '',0.7921568627450980005, 0.8196078431372548767, 0.9333333333333333481 ) ;
#4719 = CARTESIAN_POINT ( 'NONE',  ( 2.937848082416756323, 0.3671715373322465004, 4.599999999999867306 ) ) ;
#4720 =( NAMED_UNIT ( * ) SI_UNIT ( $, .STERADIAN. ) SOLID_ANGLE_UNIT ( ) );
#4721 = CARTESIAN_POINT ( 'NONE',  ( 4.682545676658817158, 0.3667737240538265220, 4.599999999999988098 ) ) ;
#4722 = CARTESIAN_POINT ( 'NONE',  ( 6.110000000000000320, 0.000000000000000000, 4.599999999999999645 ) ) ;
#4723 = ORIENTED_EDGE ( 'NONE', *, *, #6948, .F. ) ;
#4724 = DIRECTION ( 'NONE',  ( 0.000000000000000000, -1.000000000000000000, 0.000000000000000000 ) ) ;
#4725 = CARTESIAN_POINT ( 'NONE',  ( 4.491609664397130608, 0.5246769776161579468, 4.599999999999996980 ) ) ;
#4726 = VERTEX_POINT ( 'NONE', #4880 ) ;
#4727 = DIRECTION ( 'NONE',  ( 1.000000000000000000, 0.000000000000000000, 0.000000000000000000 ) ) ;
#4728 = EDGE_LOOP ( 'NONE', ( #904, #6908, #3628, #985, #1611, #4410 ) ) ;
#4729 = ORIENTED_EDGE ( 'NONE', *, *, #7505, .F. ) ;
#4730 = VECTOR ( 'NONE', #4095, 1000.000000000000000 ) ;
#4731 = EDGE_CURVE ( 'NONE', #1931, #7516, #714, .T. ) ;
#4732 = CARTESIAN_POINT ( 'NONE',  ( -1.004234213056252933, 0.4393456490233865752, 4.099851137792405176 ) ) ;
#4733 = VERTEX_POINT ( 'NONE', #1944 ) ;
#4734 = DIRECTION ( 'NONE',  ( 0.000000000000000000, -9.164576854217089559E-15, 1.000000000000000000 ) ) ;
#4735 = ORIENTED_EDGE ( 'NONE', *, *, #3783, .F. ) ;
#4736 = CARTESIAN_POINT ( 'NONE',  ( 4.110000000000002984, 6.000000000000019540, -4.299999999999999822 ) ) ;
#4737 = CARTESIAN_POINT ( 'NONE',  ( -0.8486142711797818317, 0.5965755787447003522, 4.099441059783923258 ) ) ;
#4738 = ORIENTED_EDGE ( 'NONE', *, *, #4663, .T. ) ;
#4739 = FACE_BOUND ( 'NONE', #1173, .T. ) ;
#4740 = AXIS2_PLACEMENT_3D ( 'NONE', #3133, #3759, #2493 ) ;
#4741 = ORIENTED_EDGE ( 'NONE', *, *, #2392, .T. ) ;
#4742 = CARTESIAN_POINT ( 'NONE',  ( -3.091267390721299080, 0.4988676549461428245, 4.600000000000000533 ) ) ;
#4743 = EDGE_CURVE ( 'NONE', #6794, #5050, #3362, .T. ) ;
#4744 = DIRECTION ( 'NONE',  ( 0.000000000000000000, 1.000000000000000000, 1.156482317317871922E-14 ) ) ;
#4745 =( BOUNDED_CURVE ( )  B_SPLINE_CURVE ( 3, ( #4472, #2546, #3906, #139 ),
 .UNSPECIFIED., .F., .F. ) 
 B_SPLINE_CURVE_WITH_KNOTS ( ( 4, 4 ),
 ( 5.497787143782147723, 6.283185307179584456 ),
 .UNSPECIFIED. ) 
 CURVE ( )  GEOMETRIC_REPRESENTATION_ITEM ( )  RATIONAL_B_SPLINE_CURVE ( ( 1.000000000000000000, 0.9492530216741924542, 0.9492530216741924542, 1.000000000000000000 ) ) 
 REPRESENTATION_ITEM ( '' )  );
#4746 = DIRECTION ( 'NONE',  ( -0.000000000000000000, -1.000000000000000000, -0.000000000000000000 ) ) ;
#4747 = FACE_OUTER_BOUND ( 'NONE', #2533, .T. ) ;
#4748 = CARTESIAN_POINT ( 'NONE',  ( 0.5657153431565616897, 0.5939416381264381872, 4.600000000000442846 ) ) ;
#4749 = DIRECTION ( 'NONE',  ( -0.000000000000000000, -0.000000000000000000, -1.000000000000000000 ) ) ;
#4750 = ORIENTED_EDGE ( 'NONE', *, *, #6728, .F. ) ;
#4751 = DIRECTION ( 'NONE',  ( 0.000000000000000000, -1.156482317317871764E-14, 1.000000000000000000 ) ) ;
#4752 = EDGE_CURVE ( 'NONE', #5680, #4628, #729, .T. ) ;
#4753 = CARTESIAN_POINT ( 'NONE',  ( -3.439289321881345174, 2.629289321881345565, 2.856200347158724284 ) ) ;
#4754 = CARTESIAN_POINT ( 'NONE',  ( -6.110000000000001208, 0.000000000000000000, -4.599999999999999645 ) ) ;
#4755 = FACE_OUTER_BOUND ( 'NONE', #7625, .T. ) ;
#4756 = ORIENTED_EDGE ( 'NONE', *, *, #1755, .F. ) ;
#4757 = CARTESIAN_POINT ( 'NONE',  ( -2.896426975342841548, 0.3253293360251006128, 4.599999999999624833 ) ) ;
#4758 = EDGE_CURVE ( 'NONE', #7799, #6608, #6133, .T. ) ;
#4759 = ORIENTED_EDGE ( 'NONE', *, *, #789, .T. ) ;
#4760 =( BOUNDED_CURVE ( )  B_SPLINE_CURVE ( 3, ( #3500, #6522, #6626, #7365 ),
 .UNSPECIFIED., .F., .F. ) 
 B_SPLINE_CURVE_WITH_KNOTS ( ( 4, 4 ),
 ( 1.336273014975398946E-15, 0.7853981633974372878 ),
 .UNSPECIFIED. ) 
 CURVE ( )  GEOMETRIC_REPRESENTATION_ITEM ( )  RATIONAL_B_SPLINE_CURVE ( ( 1.000000000000000000, 0.9492530216741927873, 0.9492530216741927873, 1.000000000000000000 ) ) 
 REPRESENTATION_ITEM ( '' )  );
#4761 = EDGE_CURVE ( 'NONE', #4733, #3345, #706, .T. ) ;
#4762 = PLANE ( 'NONE',  #656 ) ;
#4763 = ORIENTED_EDGE ( 'NONE', *, *, #6644, .F. ) ;
#4764 = DIRECTION ( 'NONE',  ( 0.000000000000000000, 0.000000000000000000, 1.000000000000000000 ) ) ;
#4765 = DIRECTION ( 'NONE',  ( -1.000000000000000000, 0.000000000000000000, -0.000000000000000000 ) ) ;
#4766 = CARTESIAN_POINT ( 'NONE',  ( 2.930309421088657107, 0.3595554223932387883, 4.599999999999997868 ) ) ;
#4767 = CARTESIAN_POINT ( 'NONE',  ( 0.2250000000000003664, 0.000000000000000000, 3.399999999999999911 ) ) ;
#4768 = DIRECTION ( 'NONE',  ( -1.000000000000000000, 0.000000000000000000, 0.000000000000000000 ) ) ;
#4769 = VERTEX_POINT ( 'NONE', #1893 ) ;
#4770 = CARTESIAN_POINT ( 'NONE',  ( 3.409999999999999698, 0.3999999999998729017, -2.999999999999996447 ) ) ;
#4771 = LINE ( 'NONE', #7469, #2168 ) ;
#4772 = EDGE_CURVE ( 'NONE', #2012, #3345, #581, .T. ) ;
#4773 = VERTEX_POINT ( 'NONE', #3809 ) ;
#4774 = CARTESIAN_POINT ( 'NONE',  ( -4.420811472915713303, 0.7326034171788119442, 4.099951913431922002 ) ) ;
#4775 = VERTEX_POINT ( 'NONE', #5715 ) ;
#4776 = EDGE_CURVE ( 'NONE', #1280, #2195, #3354, .T. ) ;
#4777 = LINE ( 'NONE', #6571, #7582 ) ;
#4778 = ADVANCED_FACE ( 'NONE', ( #5925 ), #4425, .T. ) ;
#4779 = DIRECTION ( 'NONE',  ( 1.000000000000000000, -0.000000000000000000, -0.000000000000000000 ) ) ;
#4780 = CARTESIAN_POINT ( 'NONE',  ( -2.509999999999998455, 6.400000000000018119, -4.599999999999999645 ) ) ;
#4781 = CARTESIAN_POINT ( 'NONE',  ( -1.000280774495035718, 0.4433395648612444284, 4.099832543819070807 ) ) ;
#4782 = ORIENTED_EDGE ( 'NONE', *, *, #6489, .T. ) ;
#4783 = DIRECTION ( 'NONE',  ( 0.000000000000000000, 0.000000000000000000, 1.000000000000000000 ) ) ;
#4784 = ORIENTED_EDGE ( 'NONE', *, *, #3073, .T. ) ;
#4785 = DIRECTION ( 'NONE',  ( 0.000000000000000000, 0.000000000000000000, -1.000000000000000000 ) ) ;
#4786 = DIRECTION ( 'NONE',  ( -1.000000000000000000, 0.000000000000000000, 0.000000000000000000 ) ) ;
#4787 = CARTESIAN_POINT ( 'NONE',  ( -0.4000000000000001887, -2.946891109999993041, -3.800000000000027356 ) ) ;
#4788 = ORIENTED_EDGE ( 'NONE', *, *, #7778, .F. ) ;
#4789 = ORIENTED_EDGE ( 'NONE', *, *, #4776, .T. ) ;
#4790 = VECTOR ( 'NONE', #6785, 1000.000000000000000 ) ;
#4791 = EDGE_CURVE ( 'NONE', #7097, #1202, #5978, .T. ) ;
#4792 = VERTEX_POINT ( 'NONE', #5534 ) ;
#4793 = CARTESIAN_POINT ( 'NONE',  ( -1.250000000000000222, 5.700000000000171596, -3.650000000000000355 ) ) ;
#4794 = ADVANCED_FACE ( 'NONE', ( #3254 ), #4374, .F. ) ;
#4795 = EDGE_LOOP ( 'NONE', ( #2056, #23, #4675, #4789 ) ) ;
#4796 = CARTESIAN_POINT ( 'NONE',  ( -3.420285042102433781, 3.351706398339743931, 2.785275409606414065 ) ) ;
#4797 = EDGE_CURVE ( 'NONE', #50, #1906, #5962, .T. ) ;
#4798 = CARTESIAN_POINT ( 'NONE',  ( 0.2905311787877651319, 0.6966002703461473544, 4.600000000000000533 ) ) ;
#4799 = CARTESIAN_POINT ( 'NONE',  ( 5.110000000000002096, 6.400000000000018119, -4.299999999999999822 ) ) ;
#4800 = DIRECTION ( 'NONE',  ( 0.3399999692168444998, 0.9404254467699950659, 0.000000000000000000 ) ) ;
#4801 = EDGE_LOOP ( 'NONE', ( #1678, #3830, #1571, #6087, #4136, #3861, #1640, #3223 ) ) ;
#4802 = CARTESIAN_POINT ( 'NONE',  ( 2.835442048252734271, 0.4693281512620220419, 4.099713448386636649 ) ) ;
#4803 = DIRECTION ( 'NONE',  ( -0.000000000000000000, -0.000000000000000000, -1.000000000000000000 ) ) ;
#4804 = ADVANCED_FACE ( 'NONE', ( #6020 ), #2409, .T. ) ;
#4805 = ORIENTED_EDGE ( 'NONE', *, *, #1018, .F. ) ;
#4806 = CARTESIAN_POINT ( 'NONE',  ( -6.110000000000001208, 6.150000000000000355, 4.599999999999999645 ) ) ;
#4807 = VECTOR ( 'NONE', #7119, 1000.000000000000000 ) ;
#4808 = CARTESIAN_POINT ( 'NONE',  ( 3.438768939963944504, -3.054258255407589662, -3.771231060036082550 ) ) ;
#4809 = LINE ( 'NONE', #6122, #4636 ) ;
#4810 = ORIENTED_EDGE ( 'NONE', *, *, #6058, .F. ) ;
#4811 = EDGE_LOOP ( 'NONE', ( #3086, #2787, #273, #238 ) ) ;
#4812 = ORIENTED_EDGE ( 'NONE', *, *, #5069, .T. ) ;
#4813 = DIRECTION ( 'NONE',  ( 0.000000000000000000, 0.000000000000000000, 1.000000000000000000 ) ) ;
#4814 = ORIENTED_EDGE ( 'NONE', *, *, #7263, .T. ) ;
#4815 = PLANE ( 'NONE',  #3155 ) ;
#4816 = COLOUR_RGB ( '',0.7921568627450980005, 0.8196078431372548767, 0.9333333333333333481 ) ;
#4817 = CIRCLE ( 'NONE', #1574, 0.09822330499999978870 ) ;
#4818 = CARTESIAN_POINT ( 'NONE',  ( 2.938589757930861079, 0.3679204745402812615, 4.599999999999980105 ) ) ;
#4819 = CARTESIAN_POINT ( 'NONE',  ( 4.685164234869225730, 0.3641281265430125758, 4.599999999999998757 ) ) ;
#4820 = CARTESIAN_POINT ( 'NONE',  ( 3.832528951331523714, 3.022528951331524105, 4.155632239160037322 ) ) ;
#4821 = ORIENTED_EDGE ( 'NONE', *, *, #2007, .T. ) ;
#4822 = DIRECTION ( 'NONE',  ( 0.000000000000000000, -1.000000000000000000, 0.000000000000000000 ) ) ;
#4823 = EDGE_LOOP ( 'NONE', ( #4608, #2032, #7366, #4874 ) ) ;
#4824 = ORIENTED_EDGE ( 'NONE', *, *, #4292, .T. ) ;
#4825 = EDGE_CURVE ( 'NONE', #1964, #5235, #661, .T. ) ;
#4826 = VERTEX_POINT ( 'NONE', #5659 ) ;
#4827 = FACE_OUTER_BOUND ( 'NONE', #6364, .T. ) ;
#4828 = SPHERICAL_SURFACE ( 'NONE', #6355, 0.2999999999999999889 ) ;
#4829 = CARTESIAN_POINT ( 'NONE',  ( -2.509999999999998455, 5.600000000000019185, -4.299999999999999822 ) ) ;
#4830 = CARTESIAN_POINT ( 'NONE',  ( 2.510000000000000231, 0.000000000000000000, -4.599999999999999645 ) ) ;
#4831 = CARTESIAN_POINT ( 'NONE',  ( 0.1013872114557654025, 0.8731202423957055148, 4.100095451643097633 ) ) ;
#4832 = AXIS2_PLACEMENT_3D ( 'NONE', #2949, #4186, #5695 ) ;
#4833 = ORIENTED_EDGE ( 'NONE', *, *, #4119, .T. ) ;
#4834 = DIRECTION ( 'NONE',  ( 0.000000000000000000, -1.000000000000000000, 0.000000000000000000 ) ) ;
#4835 = VECTOR ( 'NONE', #7673, 1000.000000000000000 ) ;
#4836 = CARTESIAN_POINT ( 'NONE',  ( -3.809999999999999609, 3.000000000000000000, -1.200000000000000178 ) ) ;
#4837 = DIRECTION ( 'NONE',  ( 9.531447670197564664E-17, -1.000000000000000000, 0.000000000000000000 ) ) ;
#4838 = CARTESIAN_POINT ( 'NONE',  ( 3.409999999999999698, -2.946891109999995262, -3.098223305000026961 ) ) ;
#4839 = ORIENTED_EDGE ( 'NONE', *, *, #5343, .T. ) ;
#4840 = AXIS2_PLACEMENT_3D ( 'NONE', #141, #2001, #3859 ) ;
#4841 = ORIENTED_EDGE ( 'NONE', *, *, #1383, .T. ) ;
#4842 = EDGE_CURVE ( 'NONE', #6017, #1351, #6061, .T. ) ;
#4843 = LINE ( 'NONE', #7863, #7954 ) ;
#4844 = LINE ( 'NONE', #570, #7506 ) ;
#4845 = ORIENTED_EDGE ( 'NONE', *, *, #314, .T. ) ;
#4846 = ORIENTED_EDGE ( 'NONE', *, *, #2194, .T. ) ;
#4847 = CARTESIAN_POINT ( 'NONE',  ( -6.110000000000001208, 3.750000000000000000, 4.000000000000000000 ) ) ;
#4848 = AXIS2_PLACEMENT_3D ( 'NONE', #5052, #4432, #324 ) ;
#4849 = CARTESIAN_POINT ( 'NONE',  ( -2.276563030598988568, 6.483974596215733577, 4.599999999999999645 ) ) ;
#4850 = DIRECTION ( 'NONE',  ( 1.000000000000000000, -0.000000000000000000, -0.000000000000000000 ) ) ;
#4851 = CARTESIAN_POINT ( 'NONE',  ( 0.1802474076400540082, 0.7188223557052335622, 4.599999999999977440 ) ) ;
#4852 = CARTESIAN_POINT ( 'NONE',  ( 6.110000000000000320, 7.150000000000000355, -4.099999999999999645 ) ) ;
#4853 = ORIENTED_EDGE ( 'NONE', *, *, #5977, .F. ) ;
#4854 = CARTESIAN_POINT ( 'NONE',  ( 3.143315138582121637, 0.7029834759353075224, 4.099923081552270254 ) ) ;
#4855 = ORIENTED_EDGE ( 'NONE', *, *, #5991, .T. ) ;
#4856 = CARTESIAN_POINT ( 'NONE',  ( 4.784799853774776679, 0.4690838011150054720, 4.099713330361080210 ) ) ;
#4857 = FACE_OUTER_BOUND ( 'NONE', #4801, .T. ) ;
#4858 = PLANE ( 'NONE',  #7405 ) ;
#4859 = EDGE_CURVE ( 'NONE', #2713, #7499, #3472, .T. ) ;
#4860 = ORIENTED_EDGE ( 'NONE', *, *, #6489, .F. ) ;
#4861 = ORIENTED_EDGE ( 'NONE', *, *, #7552, .F. ) ;
#4862 = EDGE_CURVE ( 'NONE', #6404, #804, #6049, .T. ) ;
#4863 = ADVANCED_FACE ( 'NONE', ( #3366 ), #4266, .T. ) ;
#4864 = ORIENTED_EDGE ( 'NONE', *, *, #562, .T. ) ;
#4865 = EDGE_LOOP ( 'NONE', ( #4604, #4290, #1379, #1660 ) ) ;
#4866 = DIRECTION ( 'NONE',  ( 1.000000000000000000, -0.000000000000000000, 2.569960705150825398E-16 ) ) ;
#4867 = ORIENTED_EDGE ( 'NONE', *, *, #3756, .T. ) ;
#4868 = CARTESIAN_POINT ( 'NONE',  ( -4.699934345573481664, 0.7074836895662702796, -2.149999999999999911 ) ) ;
#4869 = DIRECTION ( 'NONE',  ( 1.000000000000000000, 0.000000000000000000, 0.000000000000000000 ) ) ;
#4870 = DIRECTION ( 'NONE',  ( 1.000000000000000000, 0.000000000000000000, 0.000000000000000000 ) ) ;
#4871 = LINE ( 'NONE', #1066, #4606 ) ;
#4872 = FACE_OUTER_BOUND ( 'NONE', #1656, .T. ) ;
#4873 = CARTESIAN_POINT ( 'NONE',  ( 2.920422380964260878, 0.3495673800454423552, 4.600000000000000533 ) ) ;
#4874 = ORIENTED_EDGE ( 'NONE', *, *, #7358, .F. ) ;
#4875 = CARTESIAN_POINT ( 'NONE',  ( 4.209999999999999964, -2.946891109999995262, -3.098223305000026961 ) ) ;
#4876 = CARTESIAN_POINT ( 'NONE',  ( 4.679174469032457928, 0.3701706656023349140, 4.600000000000003197 ) ) ;
#4877 = CARTESIAN_POINT ( 'NONE',  ( 1.300000000000001599, 6.400000000000018119, -4.299999999999999822 ) ) ;
#4878 = ORIENTED_EDGE ( 'NONE', *, *, #2850, .F. ) ;
#4879 = PLANE ( 'NONE',  #1933 ) ;
#4880 = CARTESIAN_POINT ( 'NONE',  ( 5.060000000000000497, 5.700000000000171596, 4.099999999999992539 ) ) ;
#4881 = B_SPLINE_CURVE_WITH_KNOTS ( 'NONE', 3,
 ( #5175, #3214, #2618, #7021, #822, #7649, #217, #6359, #1512, #3270 ),
 .UNSPECIFIED., .F., .F.,
 ( 4, 1, 1, 2, 2, 4 ),
 ( 0.000000000000000000, 0.2499999999999938938, 0.3749999999999917288, 0.4374999999999936717, 0.4999999999999956701, 1.000000000000000000 ),
 .UNSPECIFIED. ) ;
#4882 = VERTEX_POINT ( 'NONE', #751 ) ;
#4883 = EDGE_CURVE ( 'NONE', #841, #3961, #6073, .T. ) ;
#4884 = STYLED_ITEM ( 'NONE', ( #4634 ), #6234 ) ;
#4886 = ADVANCED_FACE ( 'NONE', ( #3291 ), #1339, .T. ) ;
#4885 = ORIENTED_EDGE ( 'NONE', *, *, #3756, .F. ) ;
#4887 = CARTESIAN_POINT ( 'NONE',  ( -4.100231923388522937, 0.8449288704551422002, 4.100065801923622466 ) ) ;
#4888 = ORIENTED_EDGE ( 'NONE', *, *, #691, .F. ) ;
#4889 = EDGE_CURVE ( 'NONE', #1842, #4904, #5939, .T. ) ;
#4890 = VECTOR ( 'NONE', #3573, 1000.000000000000000 ) ;
#4891 = LINE ( 'NONE', #7360, #7609 ) ;
#4892 = CARTESIAN_POINT ( 'NONE',  ( -4.779573235553796096, 0.4743360528212189897, 4.099717546513804933 ) ) ;
#4893 = ORIENTED_EDGE ( 'NONE', *, *, #6273, .T. ) ;
#4894 = CARTESIAN_POINT ( 'NONE',  ( -4.111776695000000537, -8.331370849898480202, -3.000000000000076827 ) ) ;
#4895 = CARTESIAN_POINT ( 'NONE',  ( -1.655000000000027116, 0.4499999999978930854, 4.599999999999999645 ) ) ;
#4896 = DIRECTION ( 'NONE',  ( 1.000000000000000000, 0.000000000000000000, 0.000000000000000000 ) ) ;
#4897 = CARTESIAN_POINT ( 'NONE',  ( 0.9123709257396630523, 0.5284003104325797340, 4.099763310522818394 ) ) ;
#4898 = CARTESIAN_POINT ( 'NONE',  ( -0.6500000000000116795, 5.700000000000171596, -2.149999999999999911 ) ) ;
#4899 = ORIENTED_EDGE ( 'NONE', *, *, #7602, .T. ) ;
#4900 = DIRECTION ( 'NONE',  ( -0.000000000000000000, -3.614007241618349264E-16, -1.000000000000000000 ) ) ;
#4901 = CARTESIAN_POINT ( 'NONE',  ( -1.300000000000000044, 4.300000000000019362, -4.599999999999953459 ) ) ;
#4902 = CARTESIAN_POINT ( 'NONE',  ( 5.465000000000027391, 5.000000000000124345, -2.149999999999999911 ) ) ;
#4903 = EDGE_CURVE ( 'NONE', #1751, #6576, #790, .T. ) ;
#4904 = VERTEX_POINT ( 'NONE', #3037 ) ;
#4905 = ORIENTED_EDGE ( 'NONE', *, *, #4602, .T. ) ;
#4906 = SPHERICAL_SURFACE ( 'NONE', #966, 0.2999999999999999889 ) ;
#4907 = ORIENTED_EDGE ( 'NONE', *, *, #48, .F. ) ;
#4908 = ORIENTED_EDGE ( 'NONE', *, *, #7212, .F. ) ;
#4909 = CARTESIAN_POINT ( 'NONE',  ( -3.409999999999999698, -3.600000000000000533, -3.625000000000033751 ) ) ;
#4910 = CARTESIAN_POINT ( 'NONE',  ( 2.608436969401010774, 5.566025403784609971, 4.599999999999999645 ) ) ;
#4911 = ORIENTED_EDGE ( 'NONE', *, *, #422, .T. ) ;
#4912 = CARTESIAN_POINT ( 'NONE',  ( -3.439289321881345174, 2.629289321881345565, 2.856200347158724284 ) ) ;
#4913 = CARTESIAN_POINT ( 'NONE',  ( 0.8714232767293585979, 0.3679073890407085767, 4.599999999999997868 ) ) ;
#4914 = AXIS2_PLACEMENT_3D ( 'NONE', #6836, #4468, #3707 ) ;
#4915 = DIRECTION ( 'NONE',  ( -0.000000000000000000, 1.000000000000000000, 9.164576854217089559E-15 ) ) ;
#4916 =( NAMED_UNIT ( * ) PLANE_ANGLE_UNIT ( ) SI_UNIT ( $, .RADIAN. ) );
#4917 = ORIENTED_EDGE ( 'NONE', *, *, #5771, .T. ) ;
#4918 = CARTESIAN_POINT ( 'NONE',  ( 3.708115697971876124, 0.8730957953454794307, 4.100095425472314759 ) ) ;
#4919 = ORIENTED_EDGE ( 'NONE', *, *, #3555, .T. ) ;
#4920 = DIRECTION ( 'NONE',  ( 0.000000000000000000, 0.000000000000000000, 1.000000000000000000 ) ) ;
#4921 = LINE ( 'NONE', #5054, #7638 ) ;
#4922 = DIRECTION ( 'NONE',  ( -0.000000000000000000, -0.000000000000000000, 1.000000000000000000 ) ) ;
#4923 = LINE ( 'NONE', #7327, #5028 ) ;
#4924 = VERTEX_POINT ( 'NONE', #3816 ) ;
#4925 = ORIENTED_EDGE ( 'NONE', *, *, #2144, .F. ) ;
#4926 = CARTESIAN_POINT ( 'NONE',  ( -5.109999999999998543, 6.400000000000019007, -4.299999999999999822 ) ) ;
#4927 = ORIENTED_EDGE ( 'NONE', *, *, #1609, .F. ) ;
#4928 = CARTESIAN_POINT ( 'NONE',  ( -6.410000000000001030, 0.8500000000000009770, 4.599999999999999645 ) ) ;
#4929 = CARTESIAN_POINT ( 'NONE',  ( 0.3000000000000026534, 6.000000000000019540, -4.299999999999999822 ) ) ;
#4930 = LINE ( 'NONE', #5984, #7307 ) ;
#4931 = FACE_OUTER_BOUND ( 'NONE', #553, .T. ) ;
#4932 = DIRECTION ( 'NONE',  ( 0.000000000000000000, -9.382415370900834154E-15, 1.000000000000000000 ) ) ;
#4933 = DIRECTION ( 'NONE',  ( 0.000000000000000000, 0.000000000000000000, 1.000000000000000000 ) ) ;
#4934 = CARTESIAN_POINT ( 'NONE',  ( 0.3017766950000003723, -8.331370849898480202, -3.000000000000076827 ) ) ;
#4935 = CARTESIAN_POINT ( 'NONE',  ( 0.000000000000000000, 0.000000000000000000, -1.200000000000000178 ) ) ;
#4936 = EDGE_CURVE ( 'NONE', #8023, #5294, #601, .T. ) ;
#4937 = DIRECTION ( 'NONE',  ( -0.000000000000000000, 1.000000000000000000, -0.000000000000000000 ) ) ;
#4938 = ORIENTED_EDGE ( 'NONE', *, *, #891, .T. ) ;
#4939 = ORIENTED_EDGE ( 'NONE', *, *, #1977, .T. ) ;
#4940 = EDGE_CURVE ( 'NONE', #7198, #5059, #3405, .T. ) ;
#4941 = ADVANCED_FACE ( 'NONE', ( #5950 ), #6244, .T. ) ;
#4942 = ORIENTED_EDGE ( 'NONE', *, *, #532, .T. ) ;
#4943 = LINE ( 'NONE', #2718, #4978 ) ;
#4944 = VERTEX_POINT ( 'NONE', #42 ) ;
#4945 = PLANE ( 'NONE',  #3450 ) ;
#4946 = CARTESIAN_POINT ( 'NONE',  ( 5.110000000000000320, 4.300000000000019362, -4.599999999999953459 ) ) ;
#4947 = CARTESIAN_POINT ( 'NONE',  ( 0.9727635204292274240, 0.4711370656198700657, 4.099714893633059631 ) ) ;
#4948 = CARTESIAN_POINT ( 'NONE',  ( 0.2250000000000003664, 2.774999999999999911, 3.399999999999999911 ) ) ;
#4949 = AXIS2_PLACEMENT_3D ( 'NONE', #467, #7419, #1730 ) ;
#4950 = VECTOR ( 'NONE', #194, 1000.000000000000000 ) ;
#4951 = EDGE_CURVE ( 'NONE', #5495, #1537, #6090, .T. ) ;
#4952 = PLANE ( 'NONE',  #1681 ) ;
#4953 = AXIS2_PLACEMENT_3D ( 'NONE', #1146, #4834, #1691 ) ;
#4954 = DIRECTION ( 'NONE',  ( 1.000000000000000000, 0.000000000000000000, 0.000000000000000000 ) ) ;
#4955 = CARTESIAN_POINT ( 'NONE',  ( -4.626859353627282623, 0.4197579868458880537, 4.599999999999968558 ) ) ;
#4957 = ADVANCED_FACE ( 'NONE', ( #6034 ), #3251, .T. ) ;
#4956 = ORIENTED_EDGE ( 'NONE', *, *, #585, .T. ) ;
#4958 = VERTEX_POINT ( 'NONE', #6043 ) ;
#4959 = AXIS2_PLACEMENT_3D ( 'NONE', #3659, #4255, #1729 ) ;
#4960 = VECTOR ( 'NONE', #5724, 1000.000000000000000 ) ;
#4961 = CIRCLE ( 'NONE', #6909, 0.8499999999999996447 ) ;
#4962 = VERTEX_POINT ( 'NONE', #858 ) ;
#4963 = CARTESIAN_POINT ( 'NONE',  ( -2.930346622238064747, 0.3595930045582226842, 4.599999999999904610 ) ) ;
#4964 = DIRECTION ( 'NONE',  ( 1.000000000000000000, 0.000000000000000000, -0.000000000000000000 ) ) ;
#4965 = DIRECTION ( 'NONE',  ( 0.3399999692168444998, -0.9404254467699950659, -0.000000000000000000 ) ) ;
#4966 = ORIENTED_EDGE ( 'NONE', *, *, #4974, .T. ) ;
#4967 = CARTESIAN_POINT ( 'NONE',  ( -3.509999999999999787, 2.600000000000000533, 2.746891109999991976 ) ) ;
#4968 = CARTESIAN_POINT ( 'NONE',  ( 0.8494490352824897172, 0.3895472810263300167, 4.600000000000441069 ) ) ;
#4969 = DIRECTION ( 'NONE',  ( -0.09316605137675544601, -0.2576933335952809045, 0.9617246137493908886 ) ) ;
#4970 = EDGE_CURVE ( 'NONE', #2905, #236, #745, .T. ) ;
#4971 = ORIENTED_EDGE ( 'NONE', *, *, #2051, .F. ) ;
#4972 = CARTESIAN_POINT ( 'NONE',  ( 3.110275265050242766, 0.6839937639975074424, 4.099904843461756876 ) ) ;
#4973 = ORIENTED_EDGE ( 'NONE', *, *, #5617, .T. ) ;
#4974 = EDGE_CURVE ( 'NONE', #5658, #967, #615, .T. ) ;
#4975 = CARTESIAN_POINT ( 'NONE',  ( -2.324999999999999734, 6.350000000000171063, 4.099999999999992539 ) ) ;
#4976 = VECTOR ( 'NONE', #7179, 1000.000000000000114 ) ;
#4977 = DIRECTION ( 'NONE',  ( 0.000000000000000000, -1.000000000000000000, 0.000000000000000000 ) ) ;
#4978 = VECTOR ( 'NONE', #5166, 1000.000000000000000 ) ;
#4979 = VERTEX_POINT ( 'NONE', #388 ) ;
#4980 = CARTESIAN_POINT ( 'NONE',  ( -2.849036954368758590, 0.4828706066171963296, 4.099724653600901547 ) ) ;
#4981 = ORIENTED_EDGE ( 'NONE', *, *, #7041, .T. ) ;
#4982 = ORIENTED_EDGE ( 'NONE', *, *, #1376, .T. ) ;
#4983 = CARTESIAN_POINT ( 'NONE',  ( 3.585000000000000409, 0.000000000000000000, 3.399999999999999911 ) ) ;
#4984 = CARTESIAN_POINT ( 'NONE',  ( 2.510000000000002007, 5.600000000000019185, -4.299999999999999822 ) ) ;
#4985 = LINE ( 'NONE', #2670, #4997 ) ;
#4986 = FACE_OUTER_BOUND ( 'NONE', #3102, .T. ) ;
#4987 =( GEOMETRIC_REPRESENTATION_CONTEXT ( 3 ) GLOBAL_UNCERTAINTY_ASSIGNED_CONTEXT ( ( #582 ) ) GLOBAL_UNIT_ASSIGNED_CONTEXT ( ( #1330, #7055, #7620 ) ) REPRESENTATION_CONTEXT ( 'NONE', 'WORKASPACE' ) );
#4988 = FACE_OUTER_BOUND ( 'NONE', #6543, .T. ) ;
#4989 = CARTESIAN_POINT ( 'NONE',  ( 0.000000000000000000, 5.000000000000124345, 0.000000000000000000 ) ) ;
#4990 = CARTESIAN_POINT ( 'NONE',  ( -6.110000000000001208, 6.483974596215733577, 4.599999999999999645 ) ) ;
#4991 = CARTESIAN_POINT ( 'NONE',  ( -5.109999999999998543, 5.600000000000019185, -4.599999999999999645 ) ) ;
#4992 = VECTOR ( 'NONE', #1435, 1000.000000000000000 ) ;
#4993 = EDGE_CURVE ( 'NONE', #4826, #1615, #7145, .T. ) ;
#4994 = CARTESIAN_POINT ( 'NONE',  ( -3.268968299402460254, 0.7649163315111789929, 4.099983960503094771 ) ) ;
#4995 = EDGE_LOOP ( 'NONE', ( #7043, #7032, #4399, #6757, #1945 ) ) ;
#4996 = ORIENTED_EDGE ( 'NONE', *, *, #1405, .F. ) ;
#4997 = VECTOR ( 'NONE', #5229, 1000.000000000000000 ) ;
#4998 = VECTOR ( 'NONE', #4629, 1000.000000000000000 ) ;
#4999 = EDGE_LOOP ( 'NONE', ( #4845, #829, #5397, #7380 ) ) ;
#5000 = DIRECTION ( 'NONE',  ( -1.000000000000000000, 0.000000000000000000, 0.000000000000000000 ) ) ;
#5001 = CARTESIAN_POINT ( 'NONE',  ( 3.364270295945979594, 0.8046135362515695055, 4.100023953359670514 ) ) ;
#5002 = CARTESIAN_POINT ( 'NONE',  ( 3.508223304999999570, 0.3999999999998796185, -3.701776694999996842 ) ) ;
#5003 = CARTESIAN_POINT ( 'NONE',  ( 0.4341687635255436217, 0.8054339833092649670, 4.100024975073296218 ) ) ;
#5004 = DIRECTION ( 'NONE',  ( 1.000000000000000000, 2.415038720676354674E-16, 0.000000000000000000 ) ) ;
#5005 = ADVANCED_FACE ( 'NONE', ( #692 ), #1601, .F. ) ;
#5006 = VECTOR ( 'NONE', #6957, 1000.000000000000000 ) ;
#5007 = DIRECTION ( 'NONE',  ( 0.000000000000000000, 0.000000000000000000, 1.000000000000000000 ) ) ;
#5008 = CARTESIAN_POINT ( 'NONE',  ( 3.838324242287536325, 2.971675757712464616, 4.345418941088604825 ) ) ;
#5009 = CARTESIAN_POINT ( 'NONE',  ( -4.209999999999999964, 0.3999999999998802291, -3.799999999999996714 ) ) ;
#5010 = CARTESIAN_POINT ( 'NONE',  ( -4.465071159666941014, 0.5417375836396515210, 4.600000000000004974 ) ) ;
#5011 = ORIENTED_EDGE ( 'NONE', *, *, #6216, .T. ) ;
#5012 = VERTEX_POINT ( 'NONE', #1710 ) ;
#5013 = LINE ( 'NONE', #3017, #7815 ) ;
#5014 = VECTOR ( 'NONE', #4330, 1000.000000000000000 ) ;
#5015 = VERTEX_POINT ( 'NONE', #1441 ) ;
#5016 = CARTESIAN_POINT ( 'NONE',  ( -2.937579016069740145, 0.3668997054138258829, 4.600000000000037836 ) ) ;
#5017 = CARTESIAN_POINT ( 'NONE',  ( -5.110000000000000320, 0.000000000000000000, -4.599999999999999645 ) ) ;
#5018 = CARTESIAN_POINT ( 'NONE',  ( -3.409999999999999698, 2.700000000000000178, 2.746891109999991976 ) ) ;
#5019 = DIRECTION ( 'NONE',  ( -1.000000000000000000, 0.000000000000000000, 0.000000000000000000 ) ) ;
#5020 = CARTESIAN_POINT ( 'NONE',  ( 7.620000000000000107, -3.600000000000000533, -3.175000000000021139 ) ) ;
#5021 = EDGE_CURVE ( 'NONE', #3180, #7799, #3339, .T. ) ;
#5022 = CARTESIAN_POINT ( 'NONE',  ( 2.838207787295651929, 0.4721132484322817513, 4.099715702499830527 ) ) ;
#5023 = ORIENTED_EDGE ( 'NONE', *, *, #6058, .T. ) ;
#5024 = ORIENTED_EDGE ( 'NONE', *, *, #4546, .T. ) ;
#5025 = CARTESIAN_POINT ( 'NONE',  ( -3.409999999999999698, -8.331370849898473097, -3.800000000000076650 ) ) ;
#5026 = FACE_OUTER_BOUND ( 'NONE', #1577, .T. ) ;
#5027 = CARTESIAN_POINT ( 'NONE',  ( -1.250000000000000222, 5.700000000000171596, -3.650000000000000355 ) ) ;
#5028 = VECTOR ( 'NONE', #1147, 1000.000000000000000 ) ;
#5029 = ORIENTED_EDGE ( 'NONE', *, *, #7358, .T. ) ;
#5030 = CARTESIAN_POINT ( 'NONE',  ( -2.793640010659518502, 0.4270961927471525477, 4.099908263450044998 ) ) ;
#5031 = LINE ( 'NONE', #7381, #5006 ) ;
#5032 = MECHANICAL_DESIGN_GEOMETRIC_PRESENTATION_REPRESENTATION (  '', ( #3971 ), #1753 ) ;
#5033 = EDGE_LOOP ( 'NONE', ( #2469, #876, #7268, #7723, #4759 ) ) ;
#5034 = CARTESIAN_POINT ( 'NONE',  ( -2.509999999999998455, 5.600000000000019185, -4.599999999999999645 ) ) ;
#5035 = EDGE_CURVE ( 'NONE', #7418, #1788, #3487, .T. ) ;
#5036 = CARTESIAN_POINT ( 'NONE',  ( -0.6722749042515071549, 0.5403473406805200385, 4.600000000000000533 ) ) ;
#5037 = DIRECTION ( 'NONE',  ( 0.000000000000000000, -0.000000000000000000, -1.000000000000000000 ) ) ;
#5038 = VECTOR ( 'NONE', #4421, 1000.000000000000114 ) ;
#5039 = CARTESIAN_POINT ( 'NONE',  ( 4.336808689942017736E-16, 3.000000000000000000, -1.200000000000000178 ) ) ;
#5040 = VECTOR ( 'NONE', #1346, 1000.000000000000000 ) ;
#5041 = VECTOR ( 'NONE', #7903, 1000.000000000000000 ) ;
#5042 = APPLICATION_PROTOCOL_DEFINITION ( 'draft international standard', 'automotive_design', 1998, #5094 ) ;
#5043 = EDGE_CURVE ( 'NONE', #4506, #5097, #6151, .T. ) ;
#5044 = CYLINDRICAL_SURFACE ( 'NONE', #5656, 0.09999999999999982514 ) ;
#5045 = AXIS2_PLACEMENT_3D ( 'NONE', #5921, #4734, #5252 ) ;
#5046 = VERTEX_POINT ( 'NONE', #1161 ) ;
#5047 = CYLINDRICAL_SURFACE ( 'NONE', #7259, 0.09822330499999978870 ) ;
#5048 = VECTOR ( 'NONE', #6585, 1000.000000000000000 ) ;
#5049 = EDGE_CURVE ( 'NONE', #5936, #1267, #636, .T. ) ;
#5050 = VERTEX_POINT ( 'NONE', #6099 ) ;
#5051 = DIRECTION ( 'NONE',  ( 0.000000000000000000, 0.000000000000000000, 1.000000000000000000 ) ) ;
#5052 = CARTESIAN_POINT ( 'NONE',  ( 3.810000000000000053, -3.600000000000000533, -3.625000000000033751 ) ) ;
#5053 =( NAMED_UNIT ( * ) SI_UNIT ( $, .STERADIAN. ) SOLID_ANGLE_UNIT ( ) );
#5054 = CARTESIAN_POINT ( 'NONE',  ( -1.250000000000000222, 5.700000000000171596, -3.650000000000000355 ) ) ;
#5055 = CARTESIAN_POINT ( 'NONE',  ( 0.8539906566853873171, 0.5775739780829292069, 4.099806494864288275 ) ) ;
#5056 = PRESENTATION_STYLE_ASSIGNMENT (( #310 ) ) ;
#5057 = DIRECTION ( 'NONE',  ( 0.000000000000000000, 1.000000000000000000, -0.000000000000000000 ) ) ;
#5058 = DIRECTION ( 'NONE',  ( -1.000000000000000000, 0.000000000000000000, 0.000000000000000000 ) ) ;
#5059 = VERTEX_POINT ( 'NONE', #2880 ) ;
#5060 = VERTEX_POINT ( 'NONE', #6655 ) ;
#5061 = VECTOR ( 'NONE', #6780, 1000.000000000000000 ) ;
#5062 = LINE ( 'NONE', #2166, #2501 ) ;
#5063 = ORIENTED_EDGE ( 'NONE', *, *, #5884, .F. ) ;
#5064 = DIRECTION ( 'NONE',  ( -0.000000000000000000, -0.000000000000000000, -1.000000000000000000 ) ) ;
#5065 = EDGE_CURVE ( 'NONE', #4008, #6656, #777, .T. ) ;
#5066 = DIRECTION ( 'NONE',  ( 0.000000000000000000, -1.000000000000000000, -1.067522139062614778E-14 ) ) ;
#5067 = PLANE ( 'NONE',  #7078 ) ;
#5068 = VECTOR ( 'NONE', #1960, 1000.000000000000000 ) ;
#5069 = EDGE_CURVE ( 'NONE', #7213, #1083, #3280, .T. ) ;
#5070 = CARTESIAN_POINT ( 'NONE',  ( 1.533436969401011263, 6.483974596215733577, 4.599999999999999645 ) ) ;
#5071 = DIRECTION ( 'NONE',  ( -0.2505628075300823654, 0.2505628075300823654, -0.9351131262929025523 ) ) ;
#5072 = DIRECTION ( 'NONE',  ( 0.000000000000000000, -9.382415370900834154E-15, 1.000000000000000000 ) ) ;
#5073 = CARTESIAN_POINT ( 'NONE',  ( -2.154999999999973159, 0.4499999999978934739, 4.599999999999999645 ) ) ;
#5074 = CARTESIAN_POINT ( 'NONE',  ( 4.790458248972092825, 0.4633670506218088292, 4.099739690920899626 ) ) ;
#5075 = ORIENTED_EDGE ( 'NONE', *, *, #7293, .T. ) ;
#5076 = ADVANCED_FACE ( 'NONE', ( #3447 ), #4534, .F. ) ;
#5077 = ORIENTED_EDGE ( 'NONE', *, *, #5670, .F. ) ;
#5078 = FACE_OUTER_BOUND ( 'NONE', #1808, .T. ) ;
#5079 = CARTESIAN_POINT ( 'NONE',  ( -0.2999999999999990452, 2.700000000000000178, 3.399999999999999911 ) ) ;
#5080 = ORIENTED_EDGE ( 'NONE', *, *, #3980, .T. ) ;
#5081 = CARTESIAN_POINT ( 'NONE',  ( -4.747039547120653680, 0.3016294299410671176, 4.599999999999995204 ) ) ;
#5082 = MECHANICAL_DESIGN_GEOMETRIC_PRESENTATION_REPRESENTATION (  '', ( #4307 ), #5899 ) ;
#5083 = FACE_OUTER_BOUND ( 'NONE', #4442, .T. ) ;
#5084 = EDGE_CURVE ( 'NONE', #6221, #5059, #5994, .T. ) ;
#5085 = EDGE_LOOP ( 'NONE', ( #2090, #7626 ) ) ;
#5086 = EDGE_LOOP ( 'NONE', ( #984, #4788, #148, #6850, #5714 ) ) ;
#5087 = DIRECTION ( 'NONE',  ( 1.000000000000000000, -0.000000000000000000, -0.000000000000000000 ) ) ;
#5088 = CARTESIAN_POINT ( 'NONE',  ( 3.810000000000000053, 0.6245615686488266149, 0.02382435808271303121 ) ) ;
#5089 = VECTOR ( 'NONE', #2124, 1000.000000000000000 ) ;
#5090 = PLANE ( 'NONE',  #7830 ) ;
#5091 = LINE ( 'NONE', #6191, #7774 ) ;
#5092 = EDGE_CURVE ( 'NONE', #1299, #5096, #6166, .T. ) ;
#5093 = CARTESIAN_POINT ( 'NONE',  ( 1.300000000000000044, 0.3999999999998848366, -4.299999999999994493 ) ) ;
#5094 = APPLICATION_CONTEXT ( 'automotive_design' ) ;
#5095 = LINE ( 'NONE', #6697, #5191 ) ;
#5096 = VERTEX_POINT ( 'NONE', #4181 ) ;
#5097 = VERTEX_POINT ( 'NONE', #6601 ) ;
#5098 = FACE_OUTER_BOUND ( 'NONE', #6161, .T. ) ;
#5099 = VECTOR ( 'NONE', #5313, 1000.000000000000227 ) ;
#5100 = CARTESIAN_POINT ( 'NONE',  ( 1.655000000000026672, 0.7074836895662703906, -2.149999999999999911 ) ) ;
#5101 = CARTESIAN_POINT ( 'NONE',  ( 6.110000000000000320, 7.400000000000000355, 1.399999999999999689 ) ) ;
#5102 = CARTESIAN_POINT ( 'NONE',  ( 2.559999999999999609, 5.700000000000171596, 4.099999999999992539 ) ) ;
#5103 = CARTESIAN_POINT ( 'NONE',  ( -0.3583318827870543566, 0.6779937491144349959, 4.599999999999978328 ) ) ;
#5104 = CARTESIAN_POINT ( 'NONE',  ( 6.110000000000000320, 7.400000000000000355, 1.199999999999999956 ) ) ;
#5105 = DIRECTION ( 'NONE',  ( -1.000000000000000000, 0.000000000000000000, 0.000000000000000000 ) ) ;
#5106 = VECTOR ( 'NONE', #3623, 1000.000000000000000 ) ;
#5107 = CARTESIAN_POINT ( 'NONE',  ( -6.110000000000001208, 5.566025403784609971, 4.599999999999999645 ) ) ;
#5108 = CARTESIAN_POINT ( 'NONE',  ( 3.457435571654237538, -2.984593437674522232, -3.789897691726375140 ) ) ;
#5109 = CARTESIAN_POINT ( 'NONE',  ( -3.527979586817697744, 0.7310313820742649904, 4.599999999999999645 ) ) ;
#5110 = VERTEX_POINT ( 'NONE', #7342 ) ;
#5111 = VECTOR ( 'NONE', #994, 1000.000000000000000 ) ;
#5112 = CIRCLE ( 'NONE', #2621, 0.09999999999999999167 ) ;
#5113 = CARTESIAN_POINT ( 'NONE',  ( -2.918375377385169944, 0.3474995453537846335, 4.599999999999931255 ) ) ;
#5114 = EDGE_CURVE ( 'NONE', #1525, #6110, #6007, .T. ) ;
#5115 = CARTESIAN_POINT ( 'NONE',  ( 3.510000000000001119, 2.600000000000000533, 2.746891109999991976 ) ) ;
#5116 = DIRECTION ( 'NONE',  ( 0.2505628075300757596, 0.9351131262929058829, 0.2505628075300764257 ) ) ;
#5117 = LINE ( 'NONE', #1194, #5068 ) ;
#5118 = CARTESIAN_POINT ( 'NONE',  ( -4.791593298565113734, 0.4499999999978925302, 4.599999999999999645 ) ) ;
#5119 = CARTESIAN_POINT ( 'NONE',  ( -3.439289321881345174, 2.629289321881345565, 2.856200347158724284 ) ) ;
#5120 = DIRECTION ( 'NONE',  ( 1.000000000000000000, 0.000000000000000000, 0.000000000000000000 ) ) ;
#5121 = DIRECTION ( 'NONE',  ( 0.000000000000000000, -1.000000000000000000, -4.565061778886335030E-16 ) ) ;
#5122 = PRODUCT ( '1803280_1803280', '1803280_1803280', '', ( #3911 ) ) ;
#5123 = CARTESIAN_POINT ( 'NONE',  ( 4.613487506107057712, 0.6161097408248933371, 4.099841298696814462 ) ) ;
#5124 = AXIS2_PLACEMENT_3D ( 'NONE', #6878, #5574, #3007 ) ;
#5125 = ORIENTED_EDGE ( 'NONE', *, *, #7212, .T. ) ;
#5126 = VERTEX_POINT ( 'NONE', #7951 ) ;
#5127 = CARTESIAN_POINT ( 'NONE',  ( 6.110000000000000320, 7.150000000000000355, 4.599999999999999645 ) ) ;
#5128 = FACE_OUTER_BOUND ( 'NONE', #3962, .T. ) ;
#5129 = DIRECTION ( 'NONE',  ( -0.000000000000000000, -0.000000000000000000, -1.000000000000000000 ) ) ;
#5130 = FACE_OUTER_BOUND ( 'NONE', #4823, .T. ) ;
#5131 = VECTOR ( 'NONE', #3282, 1000.000000000000000 ) ;
#5132 = ORIENTED_EDGE ( 'NONE', *, *, #6282, .T. ) ;
#5133 = EDGE_CURVE ( 'NONE', #1646, #6009, #827, .T. ) ;
#5134 = AXIS2_PLACEMENT_3D ( 'NONE', #6921, #2673, #776 ) ;
#5135 = CARTESIAN_POINT ( 'NONE',  ( -2.888190860431533835, 0.5199124306200169077, 4.099756002965749602 ) ) ;
#5136 = VERTEX_POINT ( 'NONE', #2383 ) ;
#5137 = ORIENTED_EDGE ( 'NONE', *, *, #871, .T. ) ;
#5138 = CARTESIAN_POINT ( 'NONE',  ( -5.465000000000027391, 5.000000000000124345, -2.149999999999999911 ) ) ;
#5139 = DIRECTION ( 'NONE',  ( -0.000000000000000000, 1.000000000000000000, -0.000000000000000000 ) ) ;
#5140 = CARTESIAN_POINT ( 'NONE',  ( -3.481824701299762737, -2.946891109999990821, -3.800000000000027356 ) ) ;
#5141 = FACE_OUTER_BOUND ( 'NONE', #5918, .T. ) ;
#5142 = CARTESIAN_POINT ( 'NONE',  ( 3.458293601660257455, 3.389714957897566272, 2.785275409606414065 ) ) ;
#5143 = VECTOR ( 'NONE', #2609, 1000.000000000000000 ) ;
#5144 = EDGE_LOOP ( 'NONE', ( #3596, #1385, #7809, #6666, #1668 ) ) ;
#5145 = ORIENTED_EDGE ( 'NONE', *, *, #2256, .T. ) ;
#5146 = DIRECTION ( 'NONE',  ( -0.2505628075300823654, -0.2505628075300823654, 0.9351131262929025523 ) ) ;
#5147 = CARTESIAN_POINT ( 'NONE',  ( -2.510000000000000231, 0.3999999999998848366, -4.299999999999994493 ) ) ;
#5148 = VECTOR ( 'NONE', #4630, 1000.000000000000000 ) ;
#5149 = AXIS2_PLACEMENT_3D ( 'NONE', #6012, #2401, #6733 ) ;
#5150 = EDGE_CURVE ( 'NONE', #7187, #5015, #850, .T. ) ;
#5151 = EDGE_LOOP ( 'NONE', ( #7392, #6611, #2890, #3383 ) ) ;
#5152 = EDGE_CURVE ( 'NONE', #6738, #1563, #3212, .T. ) ;
#5153 = CARTESIAN_POINT ( 'NONE',  ( -3.424250467576390289, 0.8206100898122974385, 4.100040563130985305 ) ) ;
#5154 = LINE ( 'NONE', #5340, #7721 ) ;
#5155 = CARTESIAN_POINT ( 'NONE',  ( -0.8899343455734815000, 0.7074836895662702796, -2.149999999999999911 ) ) ;
#5156 = CIRCLE ( 'NONE', #1733, 0.2999999999999999334 ) ;
#5157 = PLANE ( 'NONE',  #4848 ) ;
#5158 = DIRECTION ( 'NONE',  ( -1.000000000000000000, 0.000000000000000000, -0.000000000000000000 ) ) ;
#5159 = DIRECTION ( 'NONE',  ( -0.000000000000000000, 1.000000000000000000, 9.147955830346445240E-15 ) ) ;
#5160 =( BOUNDED_CURVE ( )  B_SPLINE_CURVE ( 3, ( #1425, #5811, #4054, #4678 ),
 .UNSPECIFIED., .F., .F. ) 
 B_SPLINE_CURVE_WITH_KNOTS ( ( 4, 4 ),
 ( 0.000000000000000000, 0.7853981633974516097 ),
 .UNSPECIFIED. ) 
 CURVE ( )  GEOMETRIC_REPRESENTATION_ITEM ( )  RATIONAL_B_SPLINE_CURVE ( ( 1.000000000000000000, 0.9492530216741906779, 0.9492530216741906779, 1.000000000000000000 ) ) 
 REPRESENTATION_ITEM ( '' )  );
#5161 = CARTESIAN_POINT ( 'NONE',  ( 1.056254441157401081, 0.3868022147047709969, 4.100097706061209379 ) ) ;
#5162 = ORIENTED_EDGE ( 'NONE', *, *, #2051, .T. ) ;
#5163 = DIRECTION ( 'NONE',  ( 1.000000000000000000, 0.000000000000000000, 0.000000000000000000 ) ) ;
#5164 = CARTESIAN_POINT ( 'NONE',  ( -0.4000000000000001887, 0.3999999999998802291, -3.799999999999996714 ) ) ;
#5165 = VECTOR ( 'NONE', #1837, 1000.000000000000000 ) ;
#5166 = DIRECTION ( 'NONE',  ( -0.2505628070857300882, -0.2505628070857300882, -0.9351131265310301810 ) ) ;
#5167 = PLANE ( 'NONE',  #4832 ) ;
#5168 = CARTESIAN_POINT ( 'NONE',  ( -2.509999999999998455, 5.600000000000019185, -4.299999999999999822 ) ) ;
#5169 = EDGE_CURVE ( 'NONE', #1793, #3410, #7138, .T. ) ;
#5170 = ORIENTED_EDGE ( 'NONE', *, *, #871, .F. ) ;
#5171 = LINE ( 'NONE', #2201, #5048 ) ;
#5172 = EDGE_CURVE ( 'NONE', #5110, #3676, #3301, .T. ) ;
#5173 = LINE ( 'NONE', #6649, #5041 ) ;
#5174 = EDGE_LOOP ( 'NONE', ( #3802, #7362, #4063 ) ) ;
#5175 = CARTESIAN_POINT ( 'NONE',  ( -4.591573271425394509, 0.4499999999978933074, 4.599999999999999645 ) ) ;
#5176 = DIRECTION ( 'NONE',  ( -0.000000000000000000, -0.000000000000000000, -1.000000000000000000 ) ) ;
#5177 = LINE ( 'NONE', #7581, #2734 ) ;
#5178 = CARTESIAN_POINT ( 'NONE',  ( -3.458293601660256122, 3.389714957897566716, 2.785275409606414065 ) ) ;
#5179 = CARTESIAN_POINT ( 'NONE',  ( 4.959999999999999076, 3.000000000000000000, -2.149999999999999911 ) ) ;
#5180 = DIRECTION ( 'NONE',  ( 0.000000000000000000, 1.000000000000000000, 0.000000000000000000 ) ) ;
#5181 = DIRECTION ( 'NONE',  ( -0.000000000000000000, -1.000000000000000000, -0.000000000000000000 ) ) ;
#5182 = CARTESIAN_POINT ( 'NONE',  ( 4.866254441157400024, 0.3868022147047722736, 4.100097706061212932 ) ) ;
#5183 = VERTEX_POINT ( 'NONE', #4347 ) ;
#5184 = DIRECTION ( 'NONE',  ( -0.000000000000000000, -0.9659258261578430593, 0.2588190455922599331 ) ) ;
#5185 = CARTESIAN_POINT ( 'NONE',  ( 3.410000000000001030, 2.673123889793531216, 2.746891109999992420 ) ) ;
#5186 = LINE ( 'NONE', #5712, #5311 ) ;
#5187 = VECTOR ( 'NONE', #4746, 1000.000000000000000 ) ;
#5188 = CARTESIAN_POINT ( 'NONE',  ( -4.701555063277022661, 0.3475698123258300631, 4.599999999999998757 ) ) ;
#5189 = EDGE_CURVE ( 'NONE', #2918, #1057, #6016, .T. ) ;
#5190 = CARTESIAN_POINT ( 'NONE',  ( 3.810000000000000053, 5.000000000000124345, 0.000000000000000000 ) ) ;
#5191 = VECTOR ( 'NONE', #1639, 1000.000000000000000 ) ;
#5192 = ORIENTED_EDGE ( 'NONE', *, *, #1322, .F. ) ;
#5193 = EDGE_CURVE ( 'NONE', #4141, #5247, #3377, .T. ) ;
#5194 = CARTESIAN_POINT ( 'NONE',  ( -3.048009096088460268, 0.6449592113650095548, 4.099867957028481946 ) ) ;
#5195 = ORIENTED_EDGE ( 'NONE', *, *, #3813, .F. ) ;
#5196 = CARTESIAN_POINT ( 'NONE',  ( -5.011563030598989776, 5.566025403784609971, 4.599999999999999645 ) ) ;
#5197 = DIRECTION ( 'NONE',  ( 1.000000000000000000, 0.000000000000000000, 0.000000000000000000 ) ) ;
#5198 = CARTESIAN_POINT ( 'NONE',  ( -0.8848709932521071631, 0.5524783280266435392, 4.099784211908898968 ) ) ;
#5199 = CARTESIAN_POINT ( 'NONE',  ( 0.000000000000000000, 5.000000000000124345, 0.000000000000000000 ) ) ;
#5200 = LINE ( 'NONE', #4473, #7922 ) ;
#5201 = VECTOR ( 'NONE', #1811, 1000.000000000000000 ) ;
#5202 = DIRECTION ( 'NONE',  ( 1.239088197126206261E-15, 1.000000000000000000, 0.000000000000000000 ) ) ;
#5203 = DIRECTION ( 'NONE',  ( -0.000000000000000000, 0.000000000000000000, -1.000000000000000000 ) ) ;
#5204 = PLANE ( 'NONE',  #3798 ) ;
#5205 = CARTESIAN_POINT ( 'NONE',  ( -4.209999999999999964, 0.3999999999998729017, -2.999999999999996447 ) ) ;
#5206 = ADVANCED_FACE ( 'NONE', ( #560 ), #1209, .T. ) ;
#5207 = CARTESIAN_POINT ( 'NONE',  ( 4.199714957897567658, 2.648293601660256957, 2.785275409606414065 ) ) ;
#5208 = VECTOR ( 'NONE', #686, 1000.000000000000000 ) ;
#5209 = ADVANCED_FACE ( 'NONE', ( #592 ), #3145, .T. ) ;
#5210 = ORIENTED_EDGE ( 'NONE', *, *, #5394, .T. ) ;
#5211 = LINE ( 'NONE', #511, #7802 ) ;
#5212 = LINE ( 'NONE', #4364, #5442 ) ;
#5213 = CARTESIAN_POINT ( 'NONE',  ( 0.4000000000000001887, 2.700000000000000178, 3.399999999999999911 ) ) ;
#5214 = DIRECTION ( 'NONE',  ( -1.000000000000000000, -9.531447670197564664E-17, -6.424901762877063495E-17 ) ) ;
#5215 = CARTESIAN_POINT ( 'NONE',  ( -0.8538163978318478176, 0.3853354410555649423, 4.600000000000191491 ) ) ;
#5216 = AXIS2_PLACEMENT_3D ( 'NONE', #5476, #520, #6125 ) ;
#5217 = CARTESIAN_POINT ( 'NONE',  ( -6.110000000000001208, 6.150000000000000355, 4.599999999999999645 ) ) ;
#5218 = DIRECTION ( 'NONE',  ( 0.000000000000000000, -0.000000000000000000, -1.000000000000000000 ) ) ;
#5219 = PLANE ( 'NONE',  #3411 ) ;
#5220 = CARTESIAN_POINT ( 'NONE',  ( -4.095017972595289990, 0.7057364023411583087, 4.600000000000000533 ) ) ;
#5221 = VERTEX_POINT ( 'NONE', #7547 ) ;
#5222 = CARTESIAN_POINT ( 'NONE',  ( -4.681904754239100797, 0.3674212526362378717, 4.600000000000116884 ) ) ;
#5223 = VERTEX_POINT ( 'NONE', #1363 ) ;
#5224 = EDGE_CURVE ( 'NONE', #1881, #3470, #3164, .T. ) ;
#5225 = VECTOR ( 'NONE', #2253, 1000.000000000000000 ) ;
#5226 = VECTOR ( 'NONE', #2591, 1000.000000000000000 ) ;
#5227 = AXIS2_PLACEMENT_3D ( 'NONE', #7272, #6586, #5874 ) ;
#5228 = CARTESIAN_POINT ( 'NONE',  ( 5.465000000000027391, 0.4499999999978934739, 4.599999999999999645 ) ) ;
#5229 = DIRECTION ( 'NONE',  ( -1.000000000000000000, 0.000000000000000000, 0.000000000000000000 ) ) ;
#5230 = CARTESIAN_POINT ( 'NONE',  ( 0.9215546897185578068, 0.3172678745453073601, 4.599999999997744560 ) ) ;
#5231 = DIRECTION ( 'NONE',  ( 0.000000000000000000, -1.301042606982962990E-14, 1.000000000000000000 ) ) ;
#5232 = CARTESIAN_POINT ( 'NONE',  ( 4.315863841543723822, 0.7792553676718322331, 4.099998383519127820 ) ) ;
#5233 = ADVANCED_FACE ( 'NONE', ( #452 ), #5943, .T. ) ;
#5234 = VERTEX_POINT ( 'NONE', #4293 ) ;
#5235 = VERTEX_POINT ( 'NONE', #5626 ) ;
#5236 = AXIS2_PLACEMENT_3D ( 'NONE', #3274, #3886, #2431 ) ;
#5237 = CARTESIAN_POINT ( 'NONE',  ( 3.409999999999999698, -2.946891109999993041, -3.800000000000027356 ) ) ;
#5238 = VECTOR ( 'NONE', #626, 1000.000000000000000 ) ;
#5239 = DIRECTION ( 'NONE',  ( 0.3399999692168444998, 0.9404254467699950659, 0.000000000000000000 ) ) ;
#5240 = FACE_OUTER_BOUND ( 'NONE', #6762, .T. ) ;
#5241 = EDGE_CURVE ( 'NONE', #8034, #3767, #606, .T. ) ;
#5242 = LINE ( 'NONE', #6160, #2660 ) ;
#5243 = AXIS2_PLACEMENT_3D ( 'NONE', #6821, #4915, #2879 ) ;
#5244 = CARTESIAN_POINT ( 'NONE',  ( -4.687713401964771265, 0.3615532908043068705, 4.600000000000067146 ) ) ;
#5245 = FACE_OUTER_BOUND ( 'NONE', #7610, .T. ) ;
#5246 = AXIS2_PLACEMENT_3D ( 'NONE', #6403, #4025, #3258 ) ;
#5247 = VERTEX_POINT ( 'NONE', #1819 ) ;
#5248 = CARTESIAN_POINT ( 'NONE',  ( -6.410000000000001030, 0.8500000000000009770, 4.599999999999999645 ) ) ;
#5249 =( NAMED_UNIT ( * ) SI_UNIT ( $, .STERADIAN. ) SOLID_ANGLE_UNIT ( ) );
#5250 = CARTESIAN_POINT ( 'NONE',  ( -0.9864441054278144660, 0.4573187209436746503, 4.099767633000253930 ) ) ;
#5251 = FACE_BOUND ( 'NONE', #1679, .T. ) ;
#5252 = DIRECTION ( 'NONE',  ( 0.000000000000000000, -1.000000000000000000, -9.164576854217089559E-15 ) ) ;
#5253 = VECTOR ( 'NONE', #413, 1000.000000000000114 ) ;
#5254 = VECTOR ( 'NONE', #7491, 1000.000000000000114 ) ;
#5255 = EDGE_CURVE ( 'NONE', #8031, #7187, #5323, .T. ) ;
#5256 = CARTESIAN_POINT ( 'NONE',  ( -0.3898976917263477504, -2.984593437674528449, -3.047435571654264930 ) ) ;
#5257 = MANIFOLD_SOLID_BREP ( 'Fillet3', #561 ) ;
#5258 = CARTESIAN_POINT ( 'NONE',  ( 4.336808689942017736E-16, 3.000000000000000000, -2.149999999999999911 ) ) ;
#5259 = CARTESIAN_POINT ( 'NONE',  ( -5.110000000000000320, 4.300000000000015810, -4.299999999999952749 ) ) ;
#5260 = EDGE_CURVE ( 'NONE', #4773, #2834, #5242, .T. ) ;
#5261 = ORIENTED_EDGE ( 'NONE', *, *, #2637, .T. ) ;
#5262 = FACE_OUTER_BOUND ( 'NONE', #5331, .T. ) ;
#5263 = AXIS2_PLACEMENT_3D ( 'NONE', #6022, #6985, #303 ) ;
#5264 = VECTOR ( 'NONE', #2496, 1000.000000000000000 ) ;
#5265 = DIRECTION ( 'NONE',  ( -2.568092972334937504E-16, -0.03811800917140870104, 0.9992732446016997505 ) ) ;
#5266 = VECTOR ( 'NONE', #5066, 1000.000000000000000 ) ;
#5267 =( BOUNDED_CURVE ( )  B_SPLINE_CURVE ( 3, ( #7435, #5671, #2069, #8038 ),
 .UNSPECIFIED., .F., .F. ) 
 B_SPLINE_CURVE_WITH_KNOTS ( ( 4, 4 ),
 ( 5.497787143782147723, 6.283185307179584456 ),
 .UNSPECIFIED. ) 
 CURVE ( )  GEOMETRIC_REPRESENTATION_ITEM ( )  RATIONAL_B_SPLINE_CURVE ( ( 1.000000000000000000, 0.9492530216741924542, 0.9492530216741924542, 1.000000000000000000 ) ) 
 REPRESENTATION_ITEM ( '' )  );
#5268 = CARTESIAN_POINT ( 'NONE',  ( -0.2249999999999995060, 2.774999999999999911, 3.399999999999999911 ) ) ;
#5269 = DIRECTION ( 'NONE',  ( -0.000000000000000000, 9.147955830346445240E-15, -1.000000000000000000 ) ) ;
#5270 = CARTESIAN_POINT ( 'NONE',  ( -0.6062465522362235903, 0.5710190641446382109, 4.599999999999997868 ) ) ;
#5271 = CARTESIAN_POINT ( 'NONE',  ( 4.460000000000011511, 5.000000000000124345, -2.149999999999999911 ) ) ;
#5272 = DIRECTION ( 'NONE',  ( 1.000000000000000000, -3.336006684570783101E-16, -0.000000000000000000 ) ) ;
#5273 = ADVANCED_FACE ( 'NONE', ( #5367 ), #5688, .T. ) ;
#5274 = DIRECTION ( 'NONE',  ( 0.000000000000000000, -9.147955830346445240E-15, 1.000000000000000000 ) ) ;
#5275 = CIRCLE ( 'NONE', #5227, 0.2999999999999999334 ) ;
#5276 = DIRECTION ( 'NONE',  ( 0.000000000000000000, -0.000000000000000000, -1.000000000000000000 ) ) ;
#5277 = CARTESIAN_POINT ( 'NONE',  ( -6.110000000000001208, 7.150000000000000355, 4.599999999999999645 ) ) ;
#5278 = EDGE_CURVE ( 'NONE', #4733, #117, #5384, .T. ) ;
#5279 = ADVANCED_FACE ( 'NONE', ( #3249 ), #1870, .F. ) ;
#5280 = ORIENTED_EDGE ( 'NONE', *, *, #2637, .F. ) ;
#5281 = FACE_OUTER_BOUND ( 'NONE', #4016, .T. ) ;
#5282 = LINE ( 'NONE', #741, #7943 ) ;
#5283 = EDGE_CURVE ( 'NONE', #1906, #2642, #3286, .T. ) ;
#5284 = CARTESIAN_POINT ( 'NONE',  ( -3.409999999999999698, -2.946891109999995262, -3.800000000000033573 ) ) ;
#5285 =( BOUNDED_CURVE ( )  B_SPLINE_CURVE ( 3, ( #3652, #3080, #7464, #81 ),
 .UNSPECIFIED., .F., .F. ) 
 B_SPLINE_CURVE_WITH_KNOTS ( ( 4, 4 ),
 ( 5.497787143782146835, 6.283185307179586232 ),
 .UNSPECIFIED. ) 
 CURVE ( )  GEOMETRIC_REPRESENTATION_ITEM ( )  RATIONAL_B_SPLINE_CURVE ( ( 1.000000000000000000, 0.9492530216741923432, 0.9492530216741923432, 1.000000000000000000 ) ) 
 REPRESENTATION_ITEM ( '' )  );
#5286 = CARTESIAN_POINT ( 'NONE',  ( -0.6876690321768192948, 5.662330967823364425, 4.240582741955787327 ) ) ;
#5287 = LINE ( 'NONE', #7500, #5463 ) ;
#5288 = DIRECTION ( 'NONE',  ( 1.000000000000000000, 0.000000000000000000, 0.000000000000000000 ) ) ;
#5289 = CARTESIAN_POINT ( 'NONE',  ( 2.946615647972985474, 0.4578464803649405224, 4.394302534011564454 ) ) ;
#5290 = DIRECTION ( 'NONE',  ( -1.000000000000000000, -0.000000000000000000, -0.000000000000000000 ) ) ;
#5291 = DIRECTION ( 'NONE',  ( 0.000000000000000000, -1.000000000000000000, 0.000000000000000000 ) ) ;
#5292 = EDGE_CURVE ( 'NONE', #1749, #359, #5959, .T. ) ;
#5293 = CARTESIAN_POINT ( 'NONE',  ( 4.798436910281807855, 0.4553053247759631939, 4.099776967513215631 ) ) ;
#5294 = VERTEX_POINT ( 'NONE', #7028 ) ;
#5295 = VECTOR ( 'NONE', #7887, 1000.000000000000000 ) ;
#5296 = PLANE ( 'NONE',  #4949 ) ;
#5297 = CARTESIAN_POINT ( 'NONE',  ( 6.410000000000000142, 2.550000000000001155, 4.000000000000000000 ) ) ;
#5298 = CIRCLE ( 'NONE', #5149, 0.8499999999999996447 ) ;
#5299 = CARTESIAN_POINT ( 'NONE',  ( 4.187558895167131645, 0.6717825292848035312, 4.599999999999997868 ) ) ;
#5300 = LINE ( 'NONE', #7221, #8013 ) ;
#5301 = UNCERTAINTY_MEASURE_WITH_UNIT (LENGTH_MEASURE( 1.000000000000000082E-05 ), #6973, 'distance_accuracy_value', 'NONE');
#5302 = CARTESIAN_POINT ( 'NONE',  ( -4.109999999999999432, 2.600000000000000533, 2.746891109999991976 ) ) ;
#5303 = AXIS2_PLACEMENT_3D ( 'NONE', #5337, #6001, #5905 ) ;
#5304 = CARTESIAN_POINT ( 'NONE',  ( -4.786063231238743221, 0.4678072943593756250, 4.099719286839894394 ) ) ;
#5305 = VERTEX_POINT ( 'NONE', #2290 ) ;
#5306 = DIRECTION ( 'NONE',  ( 1.000000000000000000, 0.000000000000000000, 0.000000000000000000 ) ) ;
#5307 = CARTESIAN_POINT ( 'NONE',  ( -4.460000000000011511, 5.000000000000124345, -2.149999999999999911 ) ) ;
#5308 = CARTESIAN_POINT ( 'NONE',  ( -0.9701284281827777800, 0.4737808556129161630, 4.099717085642094361 ) ) ;
#5309 = FACE_OUTER_BOUND ( 'NONE', #1683, .T. ) ;
#5310 = CARTESIAN_POINT ( 'NONE',  ( -3.509999999999997566, 6.000000000000019540, -4.299999999999999822 ) ) ;
#5311 = VECTOR ( 'NONE', #6284, 1000.000000000000000 ) ;
#5312 = LINE ( 'NONE', #6865, #7958 ) ;
#5313 = DIRECTION ( 'NONE',  ( 0.3399999692168444998, 0.9404254467699950659, 0.000000000000000000 ) ) ;
#5314 = CARTESIAN_POINT ( 'NONE',  ( -1.300000000000000044, 0.3999999999998848366, -4.299999999999994493 ) ) ;
#5315 = ORIENTED_EDGE ( 'NONE', *, *, #1388, .F. ) ;
#5316 = CARTESIAN_POINT ( 'NONE',  ( -4.460000000000011511, 5.000000000000124345, -2.149999999999999911 ) ) ;
#5317 = LINE ( 'NONE', #5373, #8026 ) ;
#5318 = AXIS2_PLACEMENT_3D ( 'NONE', #1746, #6144, #4441 ) ;
#5319 = ORIENTED_EDGE ( 'NONE', *, *, #4936, .T. ) ;
#5320 = FACE_OUTER_BOUND ( 'NONE', #4464, .T. ) ;
#5321 = CARTESIAN_POINT ( 'NONE',  ( -2.972912761123429171, 0.4012457474587572959, 4.600000000000068034 ) ) ;
#5322 = CARTESIAN_POINT ( 'NONE',  ( 1.300000000000000044, -2.949029909160572061E-14, -1.649999999999998579 ) ) ;
#5323 = LINE ( 'NONE', #171, #95 ) ;
#5324 = CARTESIAN_POINT ( 'NONE',  ( -0.8168593536272823474, 0.4197579868458869989, 4.599999999999967670 ) ) ;
#5325 = DIRECTION ( 'NONE',  ( 1.000000000000000000, -3.336006684570783101E-16, -0.000000000000000000 ) ) ;
#5326 = DIRECTION ( 'NONE',  ( -0.000000000000000000, -1.000000000000000000, -9.164576854217089559E-15 ) ) ;
#5327 = FACE_OUTER_BOUND ( 'NONE', #6147, .T. ) ;
#5328 = EDGE_CURVE ( 'NONE', #6017, #2105, #6086, .T. ) ;
#5329 = CARTESIAN_POINT ( 'NONE',  ( 3.410000000000000586, 3.400000000000000355, 2.746891109999991976 ) ) ;
#5330 = DIRECTION ( 'NONE',  ( 0.000000000000000000, -0.03811800917140872880, 0.9992732446016997505 ) ) ;
#5331 = EDGE_LOOP ( 'NONE', ( #5719, #4577, #3807, #5485 ) ) ;
#5332 = EDGE_CURVE ( 'NONE', #5926, #4619, #5820, .T. ) ;
#5333 = VECTOR ( 'NONE', #2342, 1000.000000000000000 ) ;
#5334 = ORIENTED_EDGE ( 'NONE', *, *, #2076, .F. ) ;
#5335 = VECTOR ( 'NONE', #770, 1000.000000000000000 ) ;
#5336 = ADVANCED_FACE ( 'NONE', ( #5845 ), #5344, .F. ) ;
#5337 = CARTESIAN_POINT ( 'NONE',  ( 4.336808689942017736E-16, 3.000000000000000000, -1.200000000000000178 ) ) ;
#5338 = LINE ( 'NONE', #7348, #5437 ) ;
#5339 = MECHANICAL_DESIGN_GEOMETRIC_PRESENTATION_REPRESENTATION (  '', ( #2055 ), #7410 ) ;
#5340 = CARTESIAN_POINT ( 'NONE',  ( -5.110000000000000320, 0.3999999999998848366, -4.299999999999994493 ) ) ;
#5341 = CARTESIAN_POINT ( 'NONE',  ( 4.180710678118654933, 2.629289321881345565, 2.856200347158724284 ) ) ;
#5342 = DIRECTION ( 'NONE',  ( 0.000000000000000000, -1.000000000000000000, -1.067522139062614778E-14 ) ) ;
#5343 = EDGE_CURVE ( 'NONE', #892, #4524, #5753, .T. ) ;
#5344 = PLANE ( 'NONE',  #5553 ) ;
#5345 = CARTESIAN_POINT ( 'NONE',  ( 2.938095245760900198, 0.3674212526362391484, 4.600000000000115108 ) ) ;
#5346 = ORIENTED_EDGE ( 'NONE', *, *, #4275, .T. ) ;
#5347 = DIRECTION ( 'NONE',  ( 0.000000000000000000, 1.000000000000000000, 9.164576854217089559E-15 ) ) ;
#5348 = CARTESIAN_POINT ( 'NONE',  ( 4.683169160593048552, 0.3661438377756154883, 4.600000000000038725 ) ) ;
#5349 = LINE ( 'NONE', #6747, #20 ) ;
#5350 = CARTESIAN_POINT ( 'NONE',  ( -5.465000000000027391, 5.000000000000124345, -2.149999999999999911 ) ) ;
#5351 = CARTESIAN_POINT ( 'NONE',  ( -4.111776695000000537, 0.3999999999998729017, -2.999999999999996447 ) ) ;
#5352 = CYLINDRICAL_SURFACE ( 'NONE', #7502, 0.5000000000000000000 ) ;
#5353 = VERTEX_POINT ( 'NONE', #7142 ) ;
#5354 = PRESENTATION_STYLE_ASSIGNMENT (( #6822 ) ) ;
#5355 = AXIS2_PLACEMENT_3D ( 'NONE', #7183, #5453, #5105 ) ;
#5356 = LINE ( 'NONE', #3157, #16 ) ;
#5357 = CARTESIAN_POINT ( 'NONE',  ( -4.509724734949760006, 0.6839937639975069983, 4.099904843461755100 ) ) ;
#5358 = EDGE_CURVE ( 'NONE', #766, #7488, #322, .T. ) ;
#5359 = VERTEX_POINT ( 'NONE', #7249 ) ;
#5360 = DIRECTION ( 'NONE',  ( -0.000000000000000000, 0.9659258261578430593, 0.2588190455922599331 ) ) ;
#5361 = CARTESIAN_POINT ( 'NONE',  ( -3.584999999999999520, 2.774999999999999911, 3.399999999999999911 ) ) ;
#5362 = CARTESIAN_POINT ( 'NONE',  ( -0.7746779137276952332, 0.6361667303813089980, 4.099859826351485381 ) ) ;
#5363 = LINE ( 'NONE', #7181, #2824 ) ;
#5364 = PLANE ( 'NONE',  #7319 ) ;
#5365 = LINE ( 'NONE', #4256, #2702 ) ;
#5366 = EDGE_CURVE ( 'NONE', #1828, #6976, #398, .T. ) ;
#5367 = FACE_OUTER_BOUND ( 'NONE', #7720, .T. ) ;
#5368 = DIRECTION ( 'NONE',  ( 0.000000000000000000, 0.000000000000000000, 1.000000000000000000 ) ) ;
#5369 = CARTESIAN_POINT ( 'NONE',  ( -4.035000000000006359, -3.600000000000000533, -3.175000000000021139 ) ) ;
#5370 = CARTESIAN_POINT ( 'NONE',  ( -3.629752592359948071, 0.7188223557052342283, 4.599999999999979217 ) ) ;
#5371 = ORIENTED_EDGE ( 'NONE', *, *, #3417, .F. ) ;
#5372 = PLANE ( 'NONE',  #6829 ) ;
#5373 = CARTESIAN_POINT ( 'NONE',  ( 6.410000000000000142, 3.750000000000000888, 2.100000000000000089 ) ) ;
#5374 = VECTOR ( 'NONE', #3372, 1000.000000000000000 ) ;
#5375 = AXIS2_PLACEMENT_3D ( 'NONE', #1444, #7629, #6340 ) ;
#5376 = ORIENTED_EDGE ( 'NONE', *, *, #6713, .T. ) ;
#5377 = ADVANCED_FACE ( 'NONE', ( #161 ), #4717, .F. ) ;
#5378 = ORIENTED_EDGE ( 'NONE', *, *, #1662, .T. ) ;
#5379 = LINE ( 'NONE', #6852, #5492 ) ;
#5380 = VECTOR ( 'NONE', #392, 1000.000000000000000 ) ;
#5381 = CARTESIAN_POINT ( 'NONE',  ( -3.204753074478948083, 0.5724757755778855373, 4.599999999999885958 ) ) ;
#5382 = ORIENTED_EDGE ( 'NONE', *, *, #3002, .F. ) ;
#5383 = CARTESIAN_POINT ( 'NONE',  ( -2.509999999999998455, 6.400000000000018119, -4.599999999999999645 ) ) ;
#5384 = CIRCLE ( 'NONE', #5236, 0.09999999999999999167 ) ;
#5385 = CARTESIAN_POINT ( 'NONE',  ( 3.159999999999988152, 5.700000000000171596, -2.149999999999999911 ) ) ;
#5386 = EDGE_CURVE ( 'NONE', #6207, #1111, #199, .T. ) ;
#5387 = DIRECTION ( 'NONE',  ( 0.9659258261578450577, -0.2588190455922527167, 0.000000000000000000 ) ) ;
#5388 = CARTESIAN_POINT ( 'NONE',  ( 0.7369838923723358581, 0.4854191014838770135, 4.599999999999996980 ) ) ;
#5389 = CARTESIAN_POINT ( 'NONE',  ( 2.154999999999972715, 5.133974596215686859, 4.599999999999999645 ) ) ;
#5390 = DIRECTION ( 'NONE',  ( 1.000000000000000000, 0.000000000000000000, 0.000000000000000000 ) ) ;
#5391 = VECTOR ( 'NONE', #4922, 1000.000000000000000 ) ;
#5392 = PLANE ( 'NONE',  #2254 ) ;
#5393 = DIRECTION ( 'NONE',  ( -0.000000000000000000, 0.000000000000000000, 1.000000000000000000 ) ) ;
#5394 = EDGE_CURVE ( 'NONE', #2296, #3752, #3051, .T. ) ;
#5395 = VERTEX_POINT ( 'NONE', #3493 ) ;
#5396 = DIRECTION ( 'NONE',  ( 0.000000000000000000, -1.000000000000000000, -1.301042606982962990E-14 ) ) ;
#5397 = ORIENTED_EDGE ( 'NONE', *, *, #368, .F. ) ;
#5398 = LINE ( 'NONE', #2163, #79 ) ;
#5399 = VECTOR ( 'NONE', #4045, 1000.000000000000000 ) ;
#5400 = LINE ( 'NONE', #5284, #2584 ) ;
#5401 = B_SPLINE_CURVE_WITH_KNOTS ( 'NONE', 3,
 ( #2865, #7994, #3515, #4116, #487, #1104, #1698, #6572, #2785, #4046, #7034, #833, #3892, #3499 ),
 .UNSPECIFIED., .F., .F.,
 ( 4, 2, 2, 2, 2, 2, 4 ),
 ( 0.000000000000000000, 0.2500000000000001665, 0.3750000000000002220, 0.5000000000000003331, 0.6250000000000004441, 0.7500000000000004441, 1.000000000000000000 ),
 .UNSPECIFIED. ) ;
#5402 = LINE ( 'NONE', #1451, #59 ) ;
#5403 = DIRECTION ( 'NONE',  ( 0.000000000000000000, -1.000000000000000000, -1.301042606982963148E-14 ) ) ;
#5404 = CARTESIAN_POINT ( 'NONE',  ( 3.012490194665263576, 0.4514909821835160764, 4.560913525164156823 ) ) ;
#5405 = DIRECTION ( 'NONE',  ( -2.568092972334937504E-16, -0.03811800917140870104, 0.9992732446016997505 ) ) ;
#5406 = ORIENTED_EDGE ( 'NONE', *, *, #2262, .F. ) ;
#5407 = CARTESIAN_POINT ( 'NONE',  ( 2.888781907983102304, 0.3176078325370196853, 4.600000000000005862 ) ) ;
#5408 = VERTEX_POINT ( 'NONE', #4664 ) ;
#5409 = PLANE ( 'NONE',  #3522 ) ;
#5410 = CARTESIAN_POINT ( 'NONE',  ( 4.626143242895400576, 0.4203983117852191365, 4.599999999999992539 ) ) ;
#5411 = VECTOR ( 'NONE', #7432, 1000.000000000000000 ) ;
#5412 = CARTESIAN_POINT ( 'NONE',  ( 3.439289321881346062, 3.370710678118654879, 2.856200347158725616 ) ) ;
#5413 = VECTOR ( 'NONE', #1942, 1000.000000000000227 ) ;
#5414 = DIRECTION ( 'NONE',  ( 1.000000000000000000, 0.000000000000000000, 0.000000000000000000 ) ) ;
#5415 = FACE_OUTER_BOUND ( 'NONE', #3966, .T. ) ;
#5416 =( REPRESENTATION_RELATIONSHIP ('NONE','NONE', #5855, #2332 ) REPRESENTATION_RELATIONSHIP_WITH_TRANSFORMATION ( #1088 )SHAPE_REPRESENTATION_RELATIONSHIP( ) );
#5417 = EDGE_LOOP ( 'NONE', ( #7811, #7995, #2252, #2463 ) ) ;
#5418 = ADVANCED_FACE ( 'NONE', ( #336 ), #4090, .F. ) ;
#5419 = LINE ( 'NONE', #3531, #2663 ) ;
#5420 = CARTESIAN_POINT ( 'NONE',  ( -4.732490618453478959, 0.5192916790487792644, 4.099755470830773518 ) ) ;
#5421 = ORIENTED_EDGE ( 'NONE', *, *, #5556, .F. ) ;
#5422 = CARTESIAN_POINT ( 'NONE',  ( -4.783449465541817602, 0.4704464763767155500, 4.099714500315534416 ) ) ;
#5423 = ORIENTED_EDGE ( 'NONE', *, *, #854, .F. ) ;
#5424 = CARTESIAN_POINT ( 'NONE',  ( 4.256209764254905714, 0.8043217535830644582, 4.100023326958088354 ) ) ;
#5425 = EDGE_CURVE ( 'NONE', #4448, #4032, #3091, .T. ) ;
#5426 = DIRECTION ( 'NONE',  ( 1.000000000000000000, -3.336006684570783101E-16, -0.000000000000000000 ) ) ;
#5427 = CARTESIAN_POINT ( 'NONE',  ( -0.9747049580761973919, 0.4691796879477183602, 4.099712913063047637 ) ) ;
#5428 = CIRCLE ( 'NONE', #7808, 0.09999999999999982514 ) ;
#5429 = DIRECTION ( 'NONE',  ( 0.000000000000000000, -0.000000000000000000, -1.000000000000000000 ) ) ;
#5430 = VECTOR ( 'NONE', #193, 1000.000000000000000 ) ;
#5431 = ORIENTED_EDGE ( 'NONE', *, *, #4752, .F. ) ;
#5432 = CARTESIAN_POINT ( 'NONE',  ( -4.180710678118654045, 3.370710678118654879, 2.856200347158725616 ) ) ;
#5433 = CARTESIAN_POINT ( 'NONE',  ( -3.368076082482938549, 0.6489538240145859005, 4.599999999999999645 ) ) ;
#5434 = VERTEX_POINT ( 'NONE', #4559 ) ;
#5435 = DIRECTION ( 'NONE',  ( 1.000000000000000000, 0.000000000000000000, 0.000000000000000000 ) ) ;
#5436 = CARTESIAN_POINT ( 'NONE',  ( 1.300000000000001599, 6.400000000000018119, -4.299999999999999822 ) ) ;
#5437 = VECTOR ( 'NONE', #1118, 1000.000000000000000 ) ;
#5438 = ORIENTED_EDGE ( 'NONE', *, *, #457, .T. ) ;
#5439 = ORIENTED_EDGE ( 'NONE', *, *, #4479, .T. ) ;
#5440 = AXIS2_PLACEMENT_3D ( 'NONE', #3857, #1326, #7050 ) ;
#5441 = LINE ( 'NONE', #6803, #2836 ) ;
#5442 = VECTOR ( 'NONE', #140, 1000.000000000000000 ) ;
#5443 = EDGE_CURVE ( 'NONE', #4979, #6312, #277, .T. ) ;
#5444 = AXIS2_PLACEMENT_3D ( 'NONE', #3691, #1818, #7395 ) ;
#5445 = DIRECTION ( 'NONE',  ( 0.000000000000000000, -1.000000000000000000, 0.000000000000000000 ) ) ;
#5446 = CARTESIAN_POINT ( 'NONE',  ( 3.438768939963946281, -3.054258255407597211, -3.028768939963972784 ) ) ;
#5447 = CARTESIAN_POINT ( 'NONE',  ( 0.8616382039328569498, 0.3776742237725113083, 4.599999999999873523 ) ) ;
#5448 = ORIENTED_EDGE ( 'NONE', *, *, #2517, .T. ) ;
#5449 = CARTESIAN_POINT ( 'NONE',  ( 6.410000000000000142, 3.750000000000000000, 4.000000000000000000 ) ) ;
#5450 = CARTESIAN_POINT ( 'NONE',  ( 5.110000000000002096, 6.400000000000018119, -4.599999999999999645 ) ) ;
#5451 = LINE ( 'NONE', #6905, #2586 ) ;
#5452 = CARTESIAN_POINT ( 'NONE',  ( 4.061108575682453647, 0.8536902767374182632, 4.100074941916290072 ) ) ;
#5453 = DIRECTION ( 'NONE',  ( 0.000000000000000000, 0.9659258262890687563, -0.2588190451025190741 ) ) ;
#5454 = VERTEX_POINT ( 'NONE', #347 ) ;
#5455 = DIRECTION ( 'NONE',  ( 0.000000000000000000, 0.000000000000000000, 1.000000000000000000 ) ) ;
#5456 = ORIENTED_EDGE ( 'NONE', *, *, #454, .T. ) ;
#5457 = LINE ( 'NONE', #5665, #2789 ) ;
#5458 = LINE ( 'NONE', #4820, #5253 ) ;
#5459 = SURFACE_STYLE_FILL_AREA ( #7497 ) ;
#5460 = CARTESIAN_POINT ( 'NONE',  ( -2.832033406409069975, 0.4658840032071946968, 4.099727966171968774 ) ) ;
#5461 = EDGE_CURVE ( 'NONE', #6371, #632, #5622, .T. ) ;
#5462 = ORIENTED_EDGE ( 'NONE', *, *, #2948, .F. ) ;
#5463 = VECTOR ( 'NONE', #1929, 1000.000000000000000 ) ;
#5464 = CARTESIAN_POINT ( 'NONE',  ( 2.510000000000002007, 5.600000000000019185, -4.299999999999999822 ) ) ;
#5465 = VERTEX_POINT ( 'NONE', #6473 ) ;
#5466 = DIRECTION ( 'NONE',  ( -1.000000000000000000, 0.000000000000000000, 0.000000000000000000 ) ) ;
#5467 = DIRECTION ( 'NONE',  ( 0.000000000000000000, 0.000000000000000000, -1.000000000000000000 ) ) ;
#5468 = AXIS2_PLACEMENT_3D ( 'NONE', #150, #1900, #7526 ) ;
#5469 = ORIENTED_EDGE ( 'NONE', *, *, #2793, .F. ) ;
#5470 = CARTESIAN_POINT ( 'NONE',  ( 2.924377233213195648, 0.3535625562539986833, 4.599999999999998757 ) ) ;
#5471 = ORIENTED_EDGE ( 'NONE', *, *, #6442, .T. ) ;
#5472 = CARTESIAN_POINT ( 'NONE',  ( -0.9747998527516857914, 0.4690838039890209976, 4.099713255018027525 ) ) ;
#5473 = CARTESIAN_POINT ( 'NONE',  ( 4.663532798891743880, 0.3856105381450016800, 4.600000000000086686 ) ) ;
#5474 = LINE ( 'NONE', #5889, #197 ) ;
#5475 = CARTESIAN_POINT ( 'NONE',  ( -2.875749537419443502, 0.4649184891197865044, 4.208908037081568132 ) ) ;
#5476 = CARTESIAN_POINT ( 'NONE',  ( -3.508223304999999570, -8.331370849898474873, -3.701776695000076778 ) ) ;
#5477 = VECTOR ( 'NONE', #2847, 1000.000000000000000 ) ;
#5478 = DIRECTION ( 'NONE',  ( -0.09316605137675544601, 0.2576933335952809045, 0.9617246137493908886 ) ) ;
#5479 = VECTOR ( 'NONE', #6021, 1000.000000000000000 ) ;
#5480 = EDGE_CURVE ( 'NONE', #1408, #1361, #411, .T. ) ;
#5481 = FACE_OUTER_BOUND ( 'NONE', #7454, .T. ) ;
#5482 = CARTESIAN_POINT ( 'NONE',  ( -4.352531903741294173, 0.7650239085019411300, 4.099983962874439669 ) ) ;
#5483 = ADVANCED_FACE ( 'NONE', ( #2855 ), #2127, .F. ) ;
#5484 = EDGE_CURVE ( 'NONE', #6702, #2022, #623, .T. ) ;
#5485 = ORIENTED_EDGE ( 'NONE', *, *, #5332, .T. ) ;
#5486 = ORIENTED_EDGE ( 'NONE', *, *, #1773, .T. ) ;
#5487 = DIRECTION ( 'NONE',  ( 0.000000000000000000, -0.000000000000000000, -1.000000000000000000 ) ) ;
#5488 = VERTEX_POINT ( 'NONE', #7300 ) ;
#5489 = CARTESIAN_POINT ( 'NONE',  ( -3.584999999999999520, 3.400000000000000355, 3.399999999999999911 ) ) ;
#5490 = CARTESIAN_POINT ( 'NONE',  ( 2.510000000000000231, 0.3999999999998848366, -4.299999999999994493 ) ) ;
#5491 = CARTESIAN_POINT ( 'NONE',  ( 0.9218091395684658851, 0.5199124306200190171, 4.099756002965744273 ) ) ;
#5492 = VECTOR ( 'NONE', #700, 1000.000000000000000 ) ;
#5493 = DIRECTION ( 'NONE',  ( 0.000000000000000000, -1.000000000000000000, 0.000000000000000000 ) ) ;
#5494 = CIRCLE ( 'NONE', #7223, 0.09822330499999978870 ) ;
#5495 = VERTEX_POINT ( 'NONE', #4929 ) ;
#5496 = VECTOR ( 'NONE', #2616, 1000.000000000000000 ) ;
#5497 = DIRECTION ( 'NONE',  ( 1.000000000000000000, 0.000000000000000000, 0.000000000000000000 ) ) ;
#5498 = CARTESIAN_POINT ( 'NONE',  ( 6.410000000000000142, 6.150000000000000355, 4.599999999999999645 ) ) ;
#5499 = ADVANCED_FACE ( 'NONE', ( #3105 ), #679, .F. ) ;
#5500 = FACE_OUTER_BOUND ( 'NONE', #6523, .T. ) ;
#5501 = VERTEX_POINT ( 'NONE', #1886 ) ;
#5502 = EDGE_CURVE ( 'NONE', #1057, #6108, #530, .T. ) ;
#5503 = VERTEX_POINT ( 'NONE', #4251 ) ;
#5504 = LINE ( 'NONE', #595, #2754 ) ;
#5505 = VECTOR ( 'NONE', #4013, 1000.000000000000000 ) ;
#5506 = CARTESIAN_POINT ( 'NONE',  ( -2.939825297171357210, 0.3691655373018640773, 4.600000000000001421 ) ) ;
#5507 = PLANE ( 'NONE',  #4337 ) ;
#5508 = LINE ( 'NONE', #6673, #3066 ) ;
#5509 = CARTESIAN_POINT ( 'NONE',  ( -5.060000000000000497, 5.700000000000171596, 4.099999999999992539 ) ) ;
#5510 = EDGE_CURVE ( 'NONE', #2581, #2235, #479, .T. ) ;
#5511 = CARTESIAN_POINT ( 'NONE',  ( 0.3124004919729807539, 0.6910555467458108225, 4.600000000000008527 ) ) ;
#5512 = CARTESIAN_POINT ( 'NONE',  ( -2.509999999999998455, 6.400000000000018119, -4.299999999999999822 ) ) ;
#5513 = LINE ( 'NONE', #505, #110 ) ;
#5514 = CARTESIAN_POINT ( 'NONE',  ( 3.482536350646367129, 0.8365000488423304237, 4.100057011921347083 ) ) ;
#5515 = PLANE ( 'NONE',  #5784 ) ;
#5516 = ORIENTED_EDGE ( 'NONE', *, *, #4797, .F. ) ;
#5517 = DIRECTION ( 'NONE',  ( -1.000000000000000000, 0.000000000000000000, 0.000000000000000000 ) ) ;
#5518 = ORIENTED_EDGE ( 'NONE', *, *, #2457, .F. ) ;
#5519 = VECTOR ( 'NONE', #8037, 1000.000000000000114 ) ;
#5520 = VECTOR ( 'NONE', #2697, 1000.000000000000000 ) ;
#5521 = DIRECTION ( 'NONE',  ( 2.569960705150825398E-16, 0.000000000000000000, -1.000000000000000000 ) ) ;
#5522 = DIRECTION ( 'NONE',  ( 0.000000000000000000, -1.000000000000000000, -1.301042606982963148E-14 ) ) ;
#5523 = CARTESIAN_POINT ( 'NONE',  ( 5.110000000000000320, 4.300000000000019362, -4.599999999999953459 ) ) ;
#5524 = DIRECTION ( 'NONE',  ( 1.000000000000000000, -0.000000000000000000, -0.000000000000000000 ) ) ;
#5525 = ORIENTED_EDGE ( 'NONE', *, *, #3974, .F. ) ;
#5526 = ORIENTED_EDGE ( 'NONE', *, *, #4415, .T. ) ;
#5527 = ORIENTED_EDGE ( 'NONE', *, *, #1229, .F. ) ;
#5528 = CARTESIAN_POINT ( 'NONE',  ( 3.159999999999988152, 5.700000000000171596, 4.099999999999992539 ) ) ;
#5529 = DIRECTION ( 'NONE',  ( 1.000000000000000000, 0.000000000000000000, 0.000000000000000000 ) ) ;
#5530 = LINE ( 'NONE', #4161, #5411 ) ;
#5531 = CARTESIAN_POINT ( 'NONE',  ( -2.914538106927543115, 0.4610214260478148751, 4.311070530480288987 ) ) ;
#5532 = DIRECTION ( 'NONE',  ( 0.000000000000000000, 0.000000000000000000, 1.000000000000000000 ) ) ;
#5533 = LINE ( 'NONE', #2367, #397 ) ;
#5534 = CARTESIAN_POINT ( 'NONE',  ( -2.559999999999999609, 5.700000000000171596, 4.099999999999992539 ) ) ;
#5535 = VECTOR ( 'NONE', #3332, 1000.000000000000114 ) ;
#5536 = FACE_OUTER_BOUND ( 'NONE', #4681, .T. ) ;
#5537 = EDGE_CURVE ( 'NONE', #359, #995, #5582, .T. ) ;
#5538 = ORIENTED_EDGE ( 'NONE', *, *, #6868, .F. ) ;
#5539 = VERTEX_POINT ( 'NONE', #1270 ) ;
#5540 = CARTESIAN_POINT ( 'NONE',  ( 4.220554486340575728, 1.040029338209724541, 4.599999999999999645 ) ) ;
#5541 = ORIENTED_EDGE ( 'NONE', *, *, #6449, .F. ) ;
#5542 = DIRECTION ( 'NONE',  ( 0.000000000000000000, 0.000000000000000000, -1.000000000000000000 ) ) ;
#5543 = DIRECTION ( 'NONE',  ( -1.000000000000000000, -0.000000000000000000, -0.000000000000000000 ) ) ;
#5544 = CARTESIAN_POINT ( 'NONE',  ( 0.9357808897832308181, 0.5069931359745900590, 4.099744983403848408 ) ) ;
#5545 = FACE_OUTER_BOUND ( 'NONE', #6968, .T. ) ;
#5546 = DIRECTION ( 'NONE',  ( 0.000000000000000000, 0.000000000000000000, 1.000000000000000000 ) ) ;
#5547 = VECTOR ( 'NONE', #7696, 1000.000000000000227 ) ;
#5548 = ADVANCED_FACE ( 'NONE', ( #365 ), #6059, .T. ) ;
#5549 = CARTESIAN_POINT ( 'NONE',  ( 0.3281752987002370392, -2.946891109999990821, -3.800000000000027356 ) ) ;
#5550 = CARTESIAN_POINT ( 'NONE',  ( 4.111776695000000537, -2.946891109999993041, -3.800000000000027356 ) ) ;
#5551 = CARTESIAN_POINT ( 'NONE',  ( -0.08997953785663842519, 0.8759431293447264011, 4.100098231805816340 ) ) ;
#5552 = VECTOR ( 'NONE', #3751, 1000.000000000000000 ) ;
#5553 = AXIS2_PLACEMENT_3D ( 'NONE', #1466, #5231, #1670 ) ;
#5554 = CARTESIAN_POINT ( 'NONE',  ( 3.366348279461974347, 0.6491144929928387430, 4.600000000000036948 ) ) ;
#5555 = ADVANCED_FACE ( 'NONE', ( #3077 ), #5644, .T. ) ;
#5556 = EDGE_CURVE ( 'NONE', #1793, #5223, #178, .T. ) ;
#5557 = ORIENTED_EDGE ( 'NONE', *, *, #5358, .F. ) ;
#5558 = VERTEX_POINT ( 'NONE', #513 ) ;
#5559 = CARTESIAN_POINT ( 'NONE',  ( -2.936830839406956439, 0.3661438377756182083, 4.600000000000039613 ) ) ;
#5560 = FACE_OUTER_BOUND ( 'NONE', #1972, .T. ) ;
#5561 = ORIENTED_EDGE ( 'NONE', *, *, #1996, .F. ) ;
#5562 = CARTESIAN_POINT ( 'NONE',  ( -5.110000000000000320, 4.300000000000015810, -4.299999999999952749 ) ) ;
#5563 = VECTOR ( 'NONE', #5907, 1000.000000000000000 ) ;
#5564 = PLANE ( 'NONE',  #1068 ) ;
#5565 = CARTESIAN_POINT ( 'NONE',  ( 0.8716727960032495393, 0.3676555616596967058, 4.599999999999871747 ) ) ;
#5566 = CARTESIAN_POINT ( 'NONE',  ( -3.809999999999997389, 6.000000000000019540, -4.599999999999999645 ) ) ;
#5567 = CARTESIAN_POINT ( 'NONE',  ( 4.336808689942017736E-16, 3.000000000000000000, -1.200000000000000178 ) ) ;
#5568 = ADVANCED_FACE ( 'NONE', ( #214 ), #1126, .T. ) ;
#5569 = VECTOR ( 'NONE', #7126, 1000.000000000000000 ) ;
#5570 = CARTESIAN_POINT ( 'NONE',  ( 2.821579258409022906, 0.4553216606561058533, 4.099776891801866441 ) ) ;
#5571 =( BOUNDED_CURVE ( )  B_SPLINE_CURVE ( 3, ( #7575, #2506, #4382, #7630 ),
 .UNSPECIFIED., .F., .F. ) 
 B_SPLINE_CURVE_WITH_KNOTS ( ( 4, 4 ),
 ( 5.497787143782141506, 6.283185307179586232 ),
 .UNSPECIFIED. ) 
 CURVE ( )  GEOMETRIC_REPRESENTATION_ITEM ( )  RATIONAL_B_SPLINE_CURVE ( ( 1.000000000000000000, 0.9492530216741915661, 0.9492530216741915661, 1.000000000000000000 ) ) 
 REPRESENTATION_ITEM ( '' )  );
#5572 = CARTESIAN_POINT ( 'NONE',  ( 1.201563030598989057, 5.566025403784609971, 4.599999999999999645 ) ) ;
#5573 = VERTEX_POINT ( 'NONE', #7355 ) ;
#5574 = DIRECTION ( 'NONE',  ( 0.000000000000000000, -0.9659258262890687563, 0.2588190451025190741 ) ) ;
#5575 = EDGE_CURVE ( 'NONE', #3644, #1537, #353, .T. ) ;
#5576 = AXIS2_PLACEMENT_3D ( 'NONE', #1581, #7480, #3041 ) ;
#5577 = ORIENTED_EDGE ( 'NONE', *, *, #6575, .F. ) ;
#5578 = LINE ( 'NONE', #7270, #2805 ) ;
#5579 =( BOUNDED_CURVE ( )  B_SPLINE_CURVE ( 3, ( #5814, #2097, #5142, #7671 ),
 .UNSPECIFIED., .F., .F. ) 
 B_SPLINE_CURVE_WITH_KNOTS ( ( 4, 4 ),
 ( 0.000000000000000000, 0.7853981633974510546 ),
 .UNSPECIFIED. ) 
 CURVE ( )  GEOMETRIC_REPRESENTATION_ITEM ( )  RATIONAL_B_SPLINE_CURVE ( ( 1.000000000000000000, 0.9492530216741906779, 0.9492530216741906779, 1.000000000000000000 ) ) 
 REPRESENTATION_ITEM ( '' )  );
#5580 = VECTOR ( 'NONE', #3823, 1000.000000000000000 ) ;
#5581 = ORIENTED_EDGE ( 'NONE', *, *, #2256, .F. ) ;
#5582 = LINE ( 'NONE', #7923, #258 ) ;
#5583 = VECTOR ( 'NONE', #3872, 1000.000000000000000 ) ;
#5584 = CARTESIAN_POINT ( 'NONE',  ( -2.510000000000000231, 0.3999999999998605227, -1.649999999999993472 ) ) ;
#5585 = CARTESIAN_POINT ( 'NONE',  ( 6.410000000000000142, 2.550000000000001155, 2.100000000000000089 ) ) ;
#5586 = ORIENTED_EDGE ( 'NONE', *, *, #6728, .T. ) ;
#5587 = EDGE_CURVE ( 'NONE', #2834, #4962, #5285, .T. ) ;
#5588 = CARTESIAN_POINT ( 'NONE',  ( 4.374020917616594950, 0.6298341395731197334, 4.599999999999999645 ) ) ;
#5589 = CARTESIAN_POINT ( 'NONE',  ( -3.409999999999999698, -2.946891109999997482, -3.000000000000027534 ) ) ;
#5590 = FACE_OUTER_BOUND ( 'NONE', #625, .T. ) ;
#5591 = CARTESIAN_POINT ( 'NONE',  ( -5.060000000000000497, 5.700000000000171596, -3.650000000000000355 ) ) ;
#5592 = DIRECTION ( 'NONE',  ( 1.000000000000000000, 0.000000000000000000, 0.000000000000000000 ) ) ;
#5593 = VECTOR ( 'NONE', #2203, 1000.000000000000000 ) ;
#5594 = VERTEX_POINT ( 'NONE', #2543 ) ;
#5595 = CARTESIAN_POINT ( 'NONE',  ( 2.154999999999972715, 0.4499999999978930854, 4.599999999999999645 ) ) ;
#5596 = B_SPLINE_CURVE_WITH_KNOTS ( 'NONE', 3,
 ( #6434, #1483, #364, #3804, #4419, #6485, #5036, #6937 ),
 .UNSPECIFIED., .F., .F.,
 ( 4, 2, 2, 4 ),
 ( 0.000000000000000000, 0.5000000000000001110, 0.7500000000000002220, 1.000000000000000000 ),
 .UNSPECIFIED. ) ;
#5597 = VECTOR ( 'NONE', #7868, 1000.000000000000000 ) ;
#5598 = EDGE_CURVE ( 'NONE', #1663, #5235, #5508, .T. ) ;
#5599 = AXIS2_PLACEMENT_3D ( 'NONE', #3094, #7266, #3673 ) ;
#5600 = VECTOR ( 'NONE', #7824, 1000.000000000000000 ) ;
#5601 = CARTESIAN_POINT ( 'NONE',  ( -4.584677913727692733, 0.6361667303813099972, 4.099859826351486269 ) ) ;
#5602 = VERTEX_POINT ( 'NONE', #4140 ) ;
#5603 = CARTESIAN_POINT ( 'NONE',  ( 0.9733186387015816399, 0.4705782514179956411, 4.099714587824588641 ) ) ;
#5604 = LINE ( 'NONE', #882, #5619 ) ;
#5605 = CARTESIAN_POINT ( 'NONE',  ( 0.3017766950000003723, -2.946891109999993041, -3.800000000000027356 ) ) ;
#5606 = VECTOR ( 'NONE', #7220, 1000.000000000000000 ) ;
#5607 = EDGE_LOOP ( 'NONE', ( #4318, #958, #4723, #2165, #1364, #4670 ) ) ;
#5608 = COLOUR_RGB ( '',0.7921568627450980005, 0.8196078431372548767, 0.9333333333333333481 ) ;
#5609 = PLANE ( 'NONE',  #7324 ) ;
#5610 = DIRECTION ( 'NONE',  ( -1.000000000000000000, -9.531447670197564664E-17, -6.424901762877063495E-17 ) ) ;
#5611 = DIRECTION ( 'NONE',  ( -1.000000000000000000, -9.531447670197564664E-17, -6.424901762877063495E-17 ) ) ;
#5612 = CARTESIAN_POINT ( 'NONE',  ( -4.601540391455067436, 0.4419401793627332209, 4.600000000000059153 ) ) ;
#5613 = EDGE_CURVE ( 'NONE', #6152, #6744, #2884, .T. ) ;
#5614 = CYLINDRICAL_SURFACE ( 'NONE', #6598, 0.09999999999999999167 ) ;
#5615 = LINE ( 'NONE', #6546, #254 ) ;
#5616 = ORIENTED_EDGE ( 'NONE', *, *, #3260, .F. ) ;
#5617 = EDGE_CURVE ( 'NONE', #7687, #5012, #5781, .T. ) ;
#5618 = VERTEX_POINT ( 'NONE', #2958 ) ;
#5619 = VECTOR ( 'NONE', #5180, 1000.000000000000000 ) ;
#5620 = LINE ( 'NONE', #4581, #5593 ) ;
#5621 = DIRECTION ( 'NONE',  ( -2.482391417653248393E-16, 0.2588190451025190741, 0.9659258262890687563 ) ) ;
#5622 = LINE ( 'NONE', #460, #5766 ) ;
#5623 = CARTESIAN_POINT ( 'NONE',  ( 7.620000000000000107, 0.000000000000000000, -4.299999999999999822 ) ) ;
#5624 = CARTESIAN_POINT ( 'NONE',  ( 0.8836437408207381550, 0.3555617990078211998, 4.600000000000075140 ) ) ;
#5625 = CARTESIAN_POINT ( 'NONE',  ( -0.4000000000000001887, 0.3999999999998729017, -2.999999999999996447 ) ) ;
#5626 = CARTESIAN_POINT ( 'NONE',  ( 2.559999999999999609, 5.700000000000171596, 4.099999999999992539 ) ) ;
#5627 = LINE ( 'NONE', #5436, #371 ) ;
#5628 = CARTESIAN_POINT ( 'NONE',  ( 2.831956818029756739, 0.4658066202758313068, 4.099728355920785994 ) ) ;
#5629 = VECTOR ( 'NONE', #2059, 1000.000000000000000 ) ;
#5630 = CARTESIAN_POINT ( 'NONE',  ( 3.508223304999999570, 0.3999999999998729017, -2.999999999999996447 ) ) ;
#5631 = EDGE_LOOP ( 'NONE', ( #6580, #4672, #4536, #5538, #5406 ) ) ;
#5632 = CARTESIAN_POINT ( 'NONE',  ( 3.584999999999993747, -3.600000000000000533, -3.625000000000033751 ) ) ;
#5633 = VERTEX_POINT ( 'NONE', #6782 ) ;
#5634 = VECTOR ( 'NONE', #5686, 1000.000000000000000 ) ;
#5635 = LINE ( 'NONE', #4280, #5580 ) ;
#5636 = ORIENTED_EDGE ( 'NONE', *, *, #3331, .F. ) ;
#5637 = VECTOR ( 'NONE', #992, 1000.000000000000000 ) ;
#5638 = MANIFOLD_SOLID_BREP ( 'LPattern3[4]', #4428 ) ;
#5639 = CARTESIAN_POINT ( 'NONE',  ( -2.916753945212314569, 0.5451250691846266649, 4.099777834277724686 ) ) ;
#5640 = ADVANCED_FACE ( 'NONE', ( #188 ), #3853, .T. ) ;
#5641 = FACE_OUTER_BOUND ( 'NONE', #4344, .T. ) ;
#5642 = CARTESIAN_POINT ( 'NONE',  ( -5.110000000000000320, -2.949029909160572061E-14, -1.649999999999998579 ) ) ;
#5643 = LINE ( 'NONE', #3137, #5770 ) ;
#5644 = PLANE ( 'NONE',  #4740 ) ;
#5645 = PLANE ( 'NONE',  #4914 ) ;
#5646 = ORIENTED_EDGE ( 'NONE', *, *, #6269, .F. ) ;
#5647 = VERTEX_POINT ( 'NONE', #1427 ) ;
#5648 = VECTOR ( 'NONE', #5933, 1000.000000000000000 ) ;
#5649 = DIRECTION ( 'NONE',  ( -0.09316605137675544601, 0.2576933335952809045, 0.9617246137493908886 ) ) ;
#5650 = CARTESIAN_POINT ( 'NONE',  ( -0.8633843520270209071, 0.4578464803649410220, 4.394302534011546690 ) ) ;
#5651 = LINE ( 'NONE', #1196, #290 ) ;
#5652 = ORIENTED_EDGE ( 'NONE', *, *, #4397, .F. ) ;
#5653 = CARTESIAN_POINT ( 'NONE',  ( 3.089252105753718780, 0.4974074328224798447, 4.599999999999929479 ) ) ;
#5654 = LINE ( 'NONE', #1569, #5701 ) ;
#5655 = CARTESIAN_POINT ( 'NONE',  ( -3.315947813907723418, 0.7838818512571699149, 4.100003056070343099 ) ) ;
#5656 = AXIS2_PLACEMENT_3D ( 'NONE', #2101, #5203, #4786 ) ;
#5657 = LINE ( 'NONE', #855, #502 ) ;
#5658 = VERTEX_POINT ( 'NONE', #7160 ) ;
#5659 = CARTESIAN_POINT ( 'NONE',  ( 4.181231060036054714, -3.054258255407597211, -3.028768939963972784 ) ) ;
#5660 = ORIENTED_EDGE ( 'NONE', *, *, #4348, .F. ) ;
#5661 = CARTESIAN_POINT ( 'NONE',  ( 3.450270863957481726, 0.8310132199383251095, 4.100051022943884682 ) ) ;
#5662 = CARTESIAN_POINT ( 'NONE',  ( 0.6500000000000116795, 5.700000000000171596, -2.149999999999999911 ) ) ;
#5663 = CARTESIAN_POINT ( 'NONE',  ( 0.2015120599599600770, 0.8619892151336012720, 4.100083691424369903 ) ) ;
#5664 = VECTOR ( 'NONE', #7578, 1000.000000000000000 ) ;
#5665 = CARTESIAN_POINT ( 'NONE',  ( 0.8500000000000001998, 3.000000000000000000, -1.200000000000000178 ) ) ;
#5666 = AXIS2_PLACEMENT_3D ( 'NONE', #4129, #2822, #3918 ) ;
#5667 = LINE ( 'NONE', #7073, #5547 ) ;
#5668 = ORIENTED_EDGE ( 'NONE', *, *, #5598, .F. ) ;
#5669 = VECTOR ( 'NONE', #4869, 1000.000000000000000 ) ;
#5670 = EDGE_CURVE ( 'NONE', #6246, #909, #2840, .T. ) ;
#5671 = CARTESIAN_POINT ( 'NONE',  ( 4.199897691726348192, -2.984593437674524896, -3.752564428345788627 ) ) ;
#5672 = CARTESIAN_POINT ( 'NONE',  ( 6.110000000000000320, 0.8500000000000007550, 4.000000000000000000 ) ) ;
#5673 = CARTESIAN_POINT ( 'NONE',  ( -2.510000000000000231, 0.000000000000000000, -4.599999999999999645 ) ) ;
#5674 = CARTESIAN_POINT ( 'NONE',  ( -4.474647387683522659, 0.5356254337222974282, 4.600000000000009415 ) ) ;
#5675 = FACE_OUTER_BOUND ( 'NONE', #1607, .T. ) ;
#5676 = AXIS2_PLACEMENT_3D ( 'NONE', #3067, #1311, #4457 ) ;
#5677 = ORIENTED_EDGE ( 'NONE', *, *, #3928, .F. ) ;
#5678 = CIRCLE ( 'NONE', #3127, 1.149999999999999467 ) ;
#5679 = LINE ( 'NONE', #5876, #3050 ) ;
#5680 = VERTEX_POINT ( 'NONE', #3236 ) ;
#5681 = CARTESIAN_POINT ( 'NONE',  ( 1.250000000000000222, 5.700000000000171596, -3.650000000000000355 ) ) ;
#5682 = SURFACE_STYLE_FILL_AREA ( #8019 ) ;
#5683 = CARTESIAN_POINT ( 'NONE',  ( -0.3999999999999990230, 2.673123889793531216, 2.746891109999992420 ) ) ;
#5684 = CARTESIAN_POINT ( 'NONE',  ( 3.810000000000000053, 0.6245615686488276141, 0.02382435808271308325 ) ) ;
#5685 = CARTESIAN_POINT ( 'NONE',  ( 3.439289321881346062, 3.370710678118654879, 2.856200347158725616 ) ) ;
#5686 = DIRECTION ( 'NONE',  ( -6.424901762877063495E-17, 0.000000000000000000, 1.000000000000000000 ) ) ;
#5687 = EDGE_CURVE ( 'NONE', #1592, #6235, #3264, .T. ) ;
#5688 = PLANE ( 'NONE',  #3312 ) ;
#5689 = LINE ( 'NONE', #6013, #279 ) ;
#5690 = CARTESIAN_POINT ( 'NONE',  ( 2.835716180382341189, 0.4696048838692822858, 4.099713573377232301 ) ) ;
#5691 = EDGE_LOOP ( 'NONE', ( #7660, #4023, #7401, #4426 ) ) ;
#5692 = EDGE_CURVE ( 'NONE', #967, #1438, #293, .T. ) ;
#5693 = VECTOR ( 'NONE', #7229, 1000.000000000000000 ) ;
#5694 = DIRECTION ( 'NONE',  ( -1.000000000000000000, -0.000000000000000000, 0.000000000000000000 ) ) ;
#5695 = DIRECTION ( 'NONE',  ( 0.000000000000000000, 0.000000000000000000, -1.000000000000000000 ) ) ;
#5696 = CARTESIAN_POINT ( 'NONE',  ( -4.762861889298915408, 0.2856520254629320577, 4.599999999999988987 ) ) ;
#5697 = VERTEX_POINT ( 'NONE', #7727 ) ;
#5698 = VECTOR ( 'NONE', #3884, 1000.000000000000000 ) ;
#5699 = LINE ( 'NONE', #2260, #335 ) ;
#5700 = SPHERICAL_SURFACE ( 'NONE', #785, 0.2999999999999999889 ) ;
#5701 = VECTOR ( 'NONE', #1521, 1000.000000000000000 ) ;
#5702 = ADVANCED_FACE ( 'NONE', ( #2957 ), #5700, .T. ) ;
#5703 = CARTESIAN_POINT ( 'NONE',  ( -1.300000000000000044, 0.3999999999998605227, -1.649999999999993472 ) ) ;
#5704 = VECTOR ( 'NONE', #1542, 1000.000000000000000 ) ;
#5705 = CARTESIAN_POINT ( 'NONE',  ( -3.509999999999999787, 2.600000000000000533, 3.399999999999999911 ) ) ;
#5706 = EDGE_LOOP ( 'NONE', ( #18, #3433, #5541, #617 ) ) ;
#5707 = DIRECTION ( 'NONE',  ( 0.000000000000000000, 0.000000000000000000, -1.000000000000000000 ) ) ;
#5708 = EDGE_CURVE ( 'NONE', #4769, #6409, #3004, .T. ) ;
#5709 = AXIS2_PLACEMENT_3D ( 'NONE', #6179, #2491, #7558 ) ;
#5710 = DIRECTION ( 'NONE',  ( 0.000000000000000000, 0.000000000000000000, -1.000000000000000000 ) ) ;
#5711 = LINE ( 'NONE', #5271, #5648 ) ;
#5712 = CARTESIAN_POINT ( 'NONE',  ( 3.410000000000000586, 2.600000000000000533, -1.200000000000000178 ) ) ;
#5713 = LINE ( 'NONE', #1585, #5520 ) ;
#5714 = ORIENTED_EDGE ( 'NONE', *, *, #1554, .T. ) ;
#5715 = CARTESIAN_POINT ( 'NONE',  ( -6.410000000000001030, 6.150000000000000355, 4.000000000000000000 ) ) ;
#5716 = EDGE_CURVE ( 'NONE', #6130, #6235, #5728, .T. ) ;
#5717 = LINE ( 'NONE', #1178, #386 ) ;
#5718 = LINE ( 'NONE', #2519, #5733 ) ;
#5719 = ORIENTED_EDGE ( 'NONE', *, *, #6525, .T. ) ;
#5720 = DIRECTION ( 'NONE',  ( 0.000000000000000000, -0.2588190455922532718, 0.9659258261578448357 ) ) ;
#5721 = CARTESIAN_POINT ( 'NONE',  ( 3.409999999999999698, 0.3999999999998802291, -3.799999999999996714 ) ) ;
#5722 = CARTESIAN_POINT ( 'NONE',  ( 4.658547893672412066, 0.5966332420620436006, 4.099825788867170751 ) ) ;
#5723 = EDGE_CURVE ( 'NONE', #3298, #8034, #1807, .T. ) ;
#5724 = DIRECTION ( 'NONE',  ( -0.000000000000000000, 1.000000000000000000, -0.000000000000000000 ) ) ;
#5725 = CARTESIAN_POINT ( 'NONE',  ( 0.9764705617277317229, 0.4673957079351943045, 4.099720994656724571 ) ) ;
#5726 = DIRECTION ( 'NONE',  ( -1.000000000000000000, 0.000000000000000000, 0.000000000000000000 ) ) ;
#5727 = LINE ( 'NONE', #486, #2882 ) ;
#5728 = LINE ( 'NONE', #7779, #378 ) ;
#5729 =( BOUNDED_CURVE ( )  B_SPLINE_CURVE ( 3, ( #802, #1538, #1382, #1491 ),
 .UNSPECIFIED., .F., .F. ) 
 B_SPLINE_CURVE_WITH_KNOTS ( ( 4, 4 ),
 ( 0.000000000000000000, 0.7853981633974346233 ),
 .UNSPECIFIED. ) 
 CURVE ( )  GEOMETRIC_REPRESENTATION_ITEM ( )  RATIONAL_B_SPLINE_CURVE ( ( 1.000000000000000000, 0.9492530216741928983, 0.9492530216741928983, 1.000000000000000000 ) ) 
 REPRESENTATION_ITEM ( '' )  );
#5730 = CARTESIAN_POINT ( 'NONE',  ( -2.154999999999972715, -2.054026972927549272E-16, -1.384566329899989796E-16 ) ) ;
#5731 = PLANE ( 'NONE',  #3284 ) ;
#5732 = LINE ( 'NONE', #1368, #3052 ) ;
#5733 = VECTOR ( 'NONE', #7335, 1000.000000000000000 ) ;
#5734 = ORIENTED_EDGE ( 'NONE', *, *, #7046, .T. ) ;
#5735 = AXIS2_PLACEMENT_3D ( 'NONE', #7703, #4657, #1027 ) ;
#5736 = ORIENTED_EDGE ( 'NONE', *, *, #4951, .F. ) ;
#5737 = CYLINDRICAL_SURFACE ( 'NONE', #5243, 0.09822330499999978870 ) ;
#5738 = LINE ( 'NONE', #1349, #3064 ) ;
#5739 = VECTOR ( 'NONE', #2142, 1000.000000000000000 ) ;
#5740 = PLANE ( 'NONE',  #3168 ) ;
#5741 = DIRECTION ( 'NONE',  ( 1.000000000000000000, 0.000000000000000000, 0.000000000000000000 ) ) ;
#5742 = DIRECTION ( 'NONE',  ( -0.000000000000000000, -1.000000000000000000, -0.000000000000000000 ) ) ;
#5743 = VECTOR ( 'NONE', #5129, 1000.000000000000000 ) ;
#5744 = CARTESIAN_POINT ( 'NONE',  ( 4.244168763525543397, 0.8054339833092655221, 4.100024975073298883 ) ) ;
#5745 = ORIENTED_EDGE ( 'NONE', *, *, #4390, .T. ) ;
#5746 = VECTOR ( 'NONE', #634, 1000.000000000000000 ) ;
#5747 = CARTESIAN_POINT ( 'NONE',  ( -5.060000000000000497, 5.700000000000171596, 4.599999999999999645 ) ) ;
#5748 = ORIENTED_EDGE ( 'NONE', *, *, #1879, .F. ) ;
#5749 = DIRECTION ( 'NONE',  ( -0.000000000000000000, 0.000000000000000000, -1.000000000000000000 ) ) ;
#5750 = PRESENTATION_LAYER_ASSIGNMENT (  '', '', ( #6720 ) ) ;
#5751 = LINE ( 'NONE', #3576, #3049 ) ;
#5752 = LINE ( 'NONE', #1103, #421 ) ;
#5753 = LINE ( 'NONE', #3936, #228 ) ;
#5754 = CARTESIAN_POINT ( 'NONE',  ( -2.838913922297227721, 0.4728217104130655324, 4.099716289898961641 ) ) ;
#5755 = LINE ( 'NONE', #1787, #399 ) ;
#5756 = VECTOR ( 'NONE', #5621, 1000.000000000000114 ) ;
#5757 = EDGE_CURVE ( 'NONE', #32, #6303, #7114, .T. ) ;
#5758 = DIRECTION ( 'NONE',  ( 0.000000000000000000, 0.9992732446016997505, 0.03811800917140870798 ) ) ;
#5759 = CARTESIAN_POINT ( 'NONE',  ( -4.109999999999999432, 3.400000000000000355, 3.399999999999999911 ) ) ;
#5760 = DIRECTION ( 'NONE',  ( 0.000000000000000000, -1.000000000000000000, 0.000000000000000000 ) ) ;
#5761 = ORIENTED_EDGE ( 'NONE', *, *, #6192, .T. ) ;
#5762 = CARTESIAN_POINT ( 'NONE',  ( -1.299999999999998268, 5.600000000000019185, -4.299999999999999822 ) ) ;
#5763 = LINE ( 'NONE', #757, #5664 ) ;
#5764 = DIRECTION ( 'NONE',  ( 0.000000000000000000, 0.000000000000000000, 1.000000000000000000 ) ) ;
#5765 = VECTOR ( 'NONE', #2565, 1000.000000000000000 ) ;
#5766 = VECTOR ( 'NONE', #5181, 1000.000000000000000 ) ;
#5767 = ADVANCED_FACE ( 'NONE', ( #4504 ), #4574, .T. ) ;
#5768 = LINE ( 'NONE', #782, #250 ) ;
#5769 = AXIS2_PLACEMENT_3D ( 'NONE', #2941, #5934, #3578 ) ;
#5770 = VECTOR ( 'NONE', #7874, 1000.000000000000114 ) ;
#5771 = EDGE_CURVE ( 'NONE', #2273, #7704, #5596, .T. ) ;
#5772 = CARTESIAN_POINT ( 'NONE',  ( -5.109999999999998543, 5.600000000000019185, -4.299999999999999822 ) ) ;
#5773 = CARTESIAN_POINT ( 'NONE',  ( -1.655000000000025340, 0.7074836895662699465, -2.149999999999999911 ) ) ;
#5774 = CARTESIAN_POINT ( 'NONE',  ( 4.784799853774776679, 0.4690838011150054720, 4.099713330361080210 ) ) ;
#5775 = ORIENTED_EDGE ( 'NONE', *, *, #7314, .F. ) ;
#5776 = DIRECTION ( 'NONE',  ( 0.000000000000000000, 1.000000000000000000, 0.000000000000000000 ) ) ;
#5777 = CARTESIAN_POINT ( 'NONE',  ( -0.3148682064184383789, 0.6904023156106452452, 4.600000000000020073 ) ) ;
#5778 = SPHERICAL_SURFACE ( 'NONE', #4377, 0.2999999999999999889 ) ;
#5779 = DIRECTION ( 'NONE',  ( 0.000000000000000000, 0.000000000000000000, -1.000000000000000000 ) ) ;
#5780 = LINE ( 'NONE', #4687, #5606 ) ;
#5781 = LINE ( 'NONE', #6180, #2869 ) ;
#5782 = DIRECTION ( 'NONE',  ( 0.000000000000000000, -0.000000000000000000, 1.000000000000000000 ) ) ;
#5783 = CARTESIAN_POINT ( 'NONE',  ( -5.465000000000025615, 0.7074836895662699465, -2.149999999999999911 ) ) ;
#5784 = AXIS2_PLACEMENT_3D ( 'NONE', #5025, #5694, #4920 ) ;
#5785 = DIRECTION ( 'NONE',  ( 0.000000000000000000, -0.000000000000000000, 1.000000000000000000 ) ) ;
#5786 = VECTOR ( 'NONE', #4822, 1000.000000000000000 ) ;
#5787 = LINE ( 'NONE', #4909, #431 ) ;
#5788 = EDGE_LOOP ( 'NONE', ( #5526, #4905, #7093, #5561, #5145, #2212 ) ) ;
#5789 = CARTESIAN_POINT ( 'NONE',  ( -5.109999999999998543, 6.400000000000019007, -4.299999999999999822 ) ) ;
#5790 = EDGE_CURVE ( 'NONE', #4597, #5488, #7228, .T. ) ;
#5791 = LINE ( 'NONE', #1015, #275 ) ;
#5792 = VECTOR ( 'NONE', #4443, 1000.000000000000000 ) ;
#5793 = VECTOR ( 'NONE', #7764, 1000.000000000000000 ) ;
#5794 = ORIENTED_EDGE ( 'NONE', *, *, #797, .F. ) ;
#5795 = CARTESIAN_POINT ( 'NONE',  ( -4.209999999999999076, 2.700000000000000178, -1.200000000000000178 ) ) ;
#5796 = EDGE_CURVE ( 'NONE', #7466, #6264, #7163, .T. ) ;
#5797 = CARTESIAN_POINT ( 'NONE',  ( -0.2999999999999990452, 3.300000000000000266, 3.399999999999999911 ) ) ;
#5798 = VECTOR ( 'NONE', #6317, 1000.000000000000000 ) ;
#5799 = CARTESIAN_POINT ( 'NONE',  ( 4.779405740249088375, 0.4745034308898455899, 4.099717685490646524 ) ) ;
#5800 = FACE_OUTER_BOUND ( 'NONE', #1576, .T. ) ;
#5801 = DIRECTION ( 'NONE',  ( 0.000000000000000000, 0.000000000000000000, -1.000000000000000000 ) ) ;
#5802 = ORIENTED_EDGE ( 'NONE', *, *, #5394, .F. ) ;
#5803 = CARTESIAN_POINT ( 'NONE',  ( 3.420285042102434669, 2.648293601660256957, 2.785275409606414954 ) ) ;
#5804 = CARTESIAN_POINT ( 'NONE',  ( 4.122400491972979530, 0.6910555467458100454, 4.599999999999996980 ) ) ;
#5805 = AXIS2_PLACEMENT_3D ( 'NONE', #6231, #7967, #4360 ) ;
#5806 = EDGE_LOOP ( 'NONE', ( #2821, #6341, #7014, #6329 ) ) ;
#5807 = LINE ( 'NONE', #3481, #5843 ) ;
#5808 = VECTOR ( 'NONE', #5405, 1000.000000000000000 ) ;
#5809 = ORIENTED_EDGE ( 'NONE', *, *, #1715, .T. ) ;
#5810 =( BOUNDED_CURVE ( )  B_SPLINE_CURVE ( 3, ( #2620, #5683, #1205, #3271 ),
 .UNSPECIFIED., .F., .F. ) 
 B_SPLINE_CURVE_WITH_KNOTS ( ( 4, 4 ),
 ( 0.000000000000000000, 0.7853981633974425058 ),
 .UNSPECIFIED. ) 
 CURVE ( )  GEOMETRIC_REPRESENTATION_ITEM ( )  RATIONAL_B_SPLINE_CURVE ( ( 1.000000000000000000, 0.9492530216741918991, 0.9492530216741918991, 1.000000000000000000 ) ) 
 REPRESENTATION_ITEM ( '' )  );
#5811 = CARTESIAN_POINT ( 'NONE',  ( 0.4000000000000003553, 3.326876110206469672, 2.746891109999991087 ) ) ;
#5812 = VECTOR ( 'NONE', #5265, 1000.000000000000000 ) ;
#5813 = CARTESIAN_POINT ( 'NONE',  ( 4.460000000000011511, 5.700000000000171596, 4.099999999999992539 ) ) ;
#5814 = CARTESIAN_POINT ( 'NONE',  ( 3.510000000000001119, 3.400000000000000355, 2.746891109999991976 ) ) ;
#5815 = EDGE_CURVE ( 'NONE', #4958, #1290, #7134, .T. ) ;
#5816 = CARTESIAN_POINT ( 'NONE',  ( -4.699934345573481664, 0.7074836895662702796, -2.149999999999999911 ) ) ;
#5817 = CYLINDRICAL_SURFACE ( 'NONE', #331, 0.09822330499999978870 ) ;
#5818 = CARTESIAN_POINT ( 'NONE',  ( 3.037045812322728633, 4.380511582937304915, -3.250230837397074968 ) ) ;
#5819 = LINE ( 'NONE', #3359, #528 ) ;
#5820 = LINE ( 'NONE', #6420, #5834 ) ;
#5821 = ORIENTED_EDGE ( 'NONE', *, *, #3267, .T. ) ;
#5822 = LINE ( 'NONE', #4770, #2870 ) ;
#5823 = VECTOR ( 'NONE', #1804, 1000.000000000000114 ) ;
#5824 = CARTESIAN_POINT ( 'NONE',  ( -3.304136158456273620, 0.7792553676718314559, 4.099998383519125156 ) ) ;
#5825 = CARTESIAN_POINT ( 'NONE',  ( 3.410000000000000586, 3.400000000000000355, -1.200000000000000178 ) ) ;
#5826 = CARTESIAN_POINT ( 'NONE',  ( -3.409999999999999698, 3.400000000000000355, 3.399999999999999911 ) ) ;
#5827 =( NAMED_UNIT ( * ) PLANE_ANGLE_UNIT ( ) SI_UNIT ( $, .RADIAN. ) );
#5828 = ORIENTED_EDGE ( 'NONE', *, *, #3141, .T. ) ;
#5829 = DIRECTION ( 'NONE',  ( 0.000000000000000000, -9.382415370900834154E-15, 1.000000000000000000 ) ) ;
#5830 = CARTESIAN_POINT ( 'NONE',  ( -0.8707918371329352869, 0.3685442040586717760, 4.599999999999996092 ) ) ;
#5831 = FACE_OUTER_BOUND ( 'NONE', #4661, .T. ) ;
#5832 = CARTESIAN_POINT ( 'NONE',  ( -1.250000000000000222, 5.700000000000171596, 4.099999999999992539 ) ) ;
#5833 = VECTOR ( 'NONE', #1604, 1000.000000000000114 ) ;
#5834 = VECTOR ( 'NONE', #3987, 1000.000000000000000 ) ;
#5835 = ADVANCED_FACE ( 'NONE', ( #4476 ), #3901, .T. ) ;
#5836 = DIRECTION ( 'NONE',  ( 0.000000000000000000, 0.000000000000000000, 1.000000000000000000 ) ) ;
#5837 = ORIENTED_EDGE ( 'NONE', *, *, #7675, .F. ) ;
#5838 = PLANE ( 'NONE',  #3430 ) ;
#5839 = CARTESIAN_POINT ( 'NONE',  ( 3.410000000000000586, 2.700000000000000178, 3.399999999999999911 ) ) ;
#5840 = VECTOR ( 'NONE', #2848, 1000.000000000000000 ) ;
#5841 = LINE ( 'NONE', #5825, #5693 ) ;
#5842 = CYLINDRICAL_SURFACE ( 'NONE', #2923, 0.09999999999999982514 ) ;
#5843 = VECTOR ( 'NONE', #4544, 1000.000000000000000 ) ;
#5844 = EDGE_CURVE ( 'NONE', #3943, #4354, #1860, .T. ) ;
#5845 = FACE_OUTER_BOUND ( 'NONE', #6499, .T. ) ;
#5846 = ORIENTED_EDGE ( 'NONE', *, *, #2743, .T. ) ;
#5847 = DIRECTION ( 'NONE',  ( 0.3399999692168444998, -0.9404254467699950659, 0.000000000000000000 ) ) ;
#5848 = CARTESIAN_POINT ( 'NONE',  ( 4.111776695000000537, -2.946891109999993041, -3.800000000000027356 ) ) ;
#5849 = CARTESIAN_POINT ( 'NONE',  ( 0.9135730246571575064, 0.3253293360251012234, 4.599999999999623057 ) ) ;
#5850 = CARTESIAN_POINT ( 'NONE',  ( -0.3017766950000003723, -2.946891109999993041, -3.800000000000027356 ) ) ;
#5851 = CARTESIAN_POINT ( 'NONE',  ( -6.410000000000001030, 3.750000000000000000, 4.000000000000000000 ) ) ;
#5852 = CARTESIAN_POINT ( 'NONE',  ( 4.442438526948130573, 0.7223850753149791970, 4.099941805475699752 ) ) ;
#5853 = AXIS2_PLACEMENT_3D ( 'NONE', #2148, #2862, #4580 ) ;
#5854 =( BOUNDED_CURVE ( )  B_SPLINE_CURVE ( 3, ( #910, #3200, #1500, #6247 ),
 .UNSPECIFIED., .F., .F. ) 
 B_SPLINE_CURVE_WITH_KNOTS ( ( 4, 4 ),
 ( 5.497787143782137065, 6.283185307179586232 ),
 .UNSPECIFIED. ) 
 CURVE ( )  GEOMETRIC_REPRESENTATION_ITEM ( )  RATIONAL_B_SPLINE_CURVE ( ( 1.000000000000000000, 0.9492530216741910110, 0.9492530216741910110, 1.000000000000000000 ) ) 
 REPRESENTATION_ITEM ( '' )  );
#5855 = SHAPE_REPRESENTATION ( '1803280', ( #4699, #6662 ), #4987 ) ;
#5856 = LINE ( 'NONE', #5981, #2966 ) ;
#5857 = CARTESIAN_POINT ( 'NONE',  ( 3.439289321881346062, 2.629289321881345565, 2.856200347158724284 ) ) ;
#5858 = ORIENTED_EDGE ( 'NONE', *, *, #7931, .T. ) ;
#5859 = VECTOR ( 'NONE', #7339, 1000.000000000000000 ) ;
#5860 = AXIS2_PLACEMENT_3D ( 'NONE', #7783, #998, #1193 ) ;
#5861 = FACE_OUTER_BOUND ( 'NONE', #3938, .T. ) ;
#5862 = VECTOR ( 'NONE', #5742, 1000.000000000000000 ) ;
#5863 = ORIENTED_EDGE ( 'NONE', *, *, #7441, .T. ) ;
#5864 = EDGE_CURVE ( 'NONE', #1241, #3593, #1750, .T. ) ;
#5865 = ADVANCED_FACE ( 'NONE', ( #7204 ), #7214, .T. ) ;
#5866 = CARTESIAN_POINT ( 'NONE',  ( -1.655000000000025340, 0.7074836895662699465, -2.149999999999999911 ) ) ;
#5867 = LINE ( 'NONE', #4639, #3084 ) ;
#5868 = DIRECTION ( 'NONE',  ( 0.000000000000000000, 0.000000000000000000, -1.000000000000000000 ) ) ;
#5869 = CARTESIAN_POINT ( 'NONE',  ( -0.4006023706697263709, 0.8163456937360639154, 4.100036160833318455 ) ) ;
#5870 = EDGE_CURVE ( 'NONE', #6963, #3943, #7017, .T. ) ;
#5871 = DIRECTION ( 'NONE',  ( 0.000000000000000000, -1.000000000000000000, 0.000000000000000000 ) ) ;
#5872 = VERTEX_POINT ( 'NONE', #7833 ) ;
#5873 = AXIS2_PLACEMENT_3D ( 'NONE', #5967, #1636, #2748 ) ;
#5874 = DIRECTION ( 'NONE',  ( -1.000000000000000000, 0.000000000000000000, 0.000000000000000000 ) ) ;
#5875 = CIRCLE ( 'NONE', #7977, 0.09822330499999978870 ) ;
#5876 = CARTESIAN_POINT ( 'NONE',  ( 0.6500000000000116795, 5.700000000000171596, -2.149999999999999911 ) ) ;
#5877 = CARTESIAN_POINT ( 'NONE',  ( 0.3409738547185307000, 1.112076148575014356, -2.149999999999999911 ) ) ;
#5878 = VECTOR ( 'NONE', #1490, 1000.000000000000000 ) ;
#5879 = ORIENTED_EDGE ( 'NONE', *, *, #4101, .F. ) ;
#5880 = EDGE_CURVE ( 'NONE', #6264, #4726, #1822, .T. ) ;
#5881 = LINE ( 'NONE', #5213, #3154 ) ;
#5882 = CARTESIAN_POINT ( 'NONE',  ( -3.046086221384789017, 0.4643920612852532326, 4.599999999999997868 ) ) ;
#5883 = CARTESIAN_POINT ( 'NONE',  ( 0.3898976917263485276, -2.984593437674524896, -3.752564428345788627 ) ) ;
#5884 = EDGE_CURVE ( 'NONE', #3048, #2612, #1669, .T. ) ;
#5885 = EDGE_LOOP ( 'NONE', ( #3192, #7257, #2451, #1155 ) ) ;
#5886 = CARTESIAN_POINT ( 'NONE',  ( -6.110000000000001208, 7.200000000000001066, 1.200000000000000178 ) ) ;
#5887 = CARTESIAN_POINT ( 'NONE',  ( -0.7207478942462790528, 0.4974074328224785679, 4.599999999999923261 ) ) ;
#5888 = VECTOR ( 'NONE', #928, 1000.000000000000000 ) ;
#5889 = CARTESIAN_POINT ( 'NONE',  ( 6.110000000000000320, 7.400000000000000355, 0.9999999999999997780 ) ) ;
#5890 = VECTOR ( 'NONE', #616, 1000.000000000000000 ) ;
#5891 = CARTESIAN_POINT ( 'NONE',  ( -4.180710678118654045, 3.370710678118654879, 2.856200347158725616 ) ) ;
#5892 = ORIENTED_EDGE ( 'NONE', *, *, #111, .T. ) ;
#5893 = DIRECTION ( 'NONE',  ( 1.000000000000000000, 0.000000000000000000, 0.000000000000000000 ) ) ;
#5894 = CARTESIAN_POINT ( 'NONE',  ( 3.438768939963944504, -3.054258255407589662, -3.771231060036082550 ) ) ;
#5895 = CARTESIAN_POINT ( 'NONE',  ( -4.356786738329651243, 0.6114920910897420070, 4.599999999999999645 ) ) ;
#5896 = EDGE_CURVE ( 'NONE', #7516, #5183, #4530, .T. ) ;
#5897 = LINE ( 'NONE', #5322, #5704 ) ;
#5898 = EDGE_CURVE ( 'NONE', #4944, #1626, #1914, .T. ) ;
#5899 =( GEOMETRIC_REPRESENTATION_CONTEXT ( 3 ) GLOBAL_UNCERTAINTY_ASSIGNED_CONTEXT ( ( #1735 ) ) GLOBAL_UNIT_ASSIGNED_CONTEXT ( ( #3288, #2094, #5249 ) ) REPRESENTATION_CONTEXT ( 'NONE', 'WORKASPACE' ) );
#5900 = ORIENTED_EDGE ( 'NONE', *, *, #3323, .F. ) ;
#5901 = LINE ( 'NONE', #4466, #3194 ) ;
#5902 = FACE_OUTER_BOUND ( 'NONE', #6832, .T. ) ;
#5903 = ORIENTED_EDGE ( 'NONE', *, *, #1809, .T. ) ;
#5904 = B_SPLINE_SURFACE_WITH_KNOTS ( 'NONE', 1, 3, ( 
 ( #447, #6657, #3579, #7288, #503, #1114, #4183, #7072, #7693, #5570, #722, #7548, #1210, #5628, #3637, #6315, #6102, #1924, #2527, #7400, #6875, #1979, #4802, #5690, #6162, #7498, #554, #5022, #6222, #6714, #1820, #1163, #2577, #3118, #4349, #3065, #3747, #2483, #3179, #6824, #1762, #1871, #6768, #4239, #7343, #1308, #7452, #3003, #4294, #11, #4972, #2433, #4854, #3790, #2385, #6266, #1259, #666, #69, #4407, #5514, #6925, #120, #8009, #618, #3694, #7953, #4918, #780, #1365, #3221, #3841, #5452, #7030, #3441, #7766, #979, #3888, #5744, #830, #407, #4455, #5232, #2675, #5908, #5852, #7820, #7144, #6422, #5123, #7658, #7596, #7089, #1519, #1036, #1565, #1621, #348, #2185, #173, #3939, #6368, #4510, #2234, #2733, #5799, #6518, #3334, #7712, #4041, #4666, #1415, #4613, #3990, #2781, #2028, #2082, #2627, #3495, #2128, #223, #5074, #886, #930, #5293, #3276, #2844, #3388, #6972, #1467, #5951, #4560, #6569, #5182 ),
 ( #7199, #6475, #288, #5407, #514, #3657, #1728, #4142, #4873, #5470, #6008, #4766, #4195, #6617, #1783, #1129, #4092, #3022, #2894, #7925, #4719, #5345, #2340, #4253, #4818, #461, #1673, #6062, #6676, #7251, #7870, #1084, #7302, #2960, #2292, #3545, #3597, #6120, #6730, #7359, #7970, #567, #1174, #2397, #5653, #6736, #742, #3030, #7976, #4259, #3193, #1328, #521, #1134, #1179, #2453, #5554, #2568, #7486, #2016, #1293, #6910, #6210, #6811, #1245, #3209, #3826, #3780, #231, #3994, #888, #3551, #4047, #295, #5804, #355, #982, #5299, #1472, #2901, #5956, #2086, #1087, #1041, #2679, #2243, #3338, #4099, #4725, #1677, #4513, #1131, #2846, #3025, #2295, #5410, #8025, #7304, #6620, #631, #5473, #7202, #2898, #2963, #4668, #3660, #6065, #2187, #4876, #4096, #3548, #1568, #4044, #6679, #571, #3601, #4721, #5348, #6011, #4200, #4819, #7972, #6123, #6066, #4669, #3027, #7823, #4097, #5953, #1624, #573, #1177, #1085, #1676 ) ),
 .UNSPECIFIED., .F., .F., .F.,
 ( 2, 2 ),
 ( 4, 2, 2, 2, 2, 2, 2, 2, 2, 2, 2, 2, 2, 2, 2, 2, 2, 2, 2, 2, 2, 2, 2, 2, 2, 2, 2, 2, 2, 2, 2, 2, 2, 2, 2, 2, 2, 2, 2, 2, 2, 2, 2, 2, 2, 2, 2, 2, 2, 2, 2, 2, 2, 2, 2, 2, 2, 2, 2, 2, 2, 2, 2, 2, 2, 2, 4 ),
 ( 0.000000000000000000, 1.000000000000000000 ),
 ( 0.003809851814737921609, 0.003843579514349121200, 0.003877307213960320357, 0.003894171063765919719, 0.003902602988668719616, 0.003911034913571519514, 0.003919466838474319412, 0.003921574819700019386, 0.003923682800925719361, 0.003924209796232144137, 0.003924736791538568914, 0.003925263786844993691, 0.003925790782151419335, 0.003927898763377119309, 0.003930006744602819284, 0.003932114725828519258, 0.003936330688279919207, 0.003944762613182719105, 0.003961626462988318900, 0.003978490312793918696, 0.004012218012405117419, 0.004079673411627515733, 0.004147128810849914915, 0.004180856510461114506, 0.004214584210072313229, 0.004248311909683511953, 0.004282039609294711544, 0.004349495008517110725, 0.004484405806961907354, 0.004551861206184306535, 0.004619316605406704850, 0.004653044305017903573, 0.004686772004629103164, 0.004754227403851502345, 0.004889138202296298974, 0.005024049000741096470, 0.005158959799185893966, 0.005226415198408292280, 0.005260142898019491003, 0.005293870597630690594, 0.005327598297241890185, 0.005361325996853089776, 0.005428781396075488090, 0.005563692194520285586, 0.005631147593742683900, 0.005698602992965082215, 0.005732330692576281805, 0.005766058392187481396, 0.005799786091798680987, 0.005816649941604280782, 0.005833513791409879710, 0.005841945716312678741, 0.005846161678764078690, 0.005848269659989778664, 0.005850377641215478638, 0.005852485622441178613, 0.005853539613054029034, 0.005854066608360453811, 0.005854593603666878587, 0.005856701584892578562, 0.005858809566118278536, 0.005867241491021078434, 0.005875673415923878332, 0.005884105340826678229, 0.005900969190632278025, 0.005934696890243477616, 0.005968424589854677206 ),
 .UNSPECIFIED. ) ;
#5905 = DIRECTION ( 'NONE',  ( 1.000000000000000000, 0.000000000000000000, 0.000000000000000000 ) ) ;
#5906 = CARTESIAN_POINT ( 'NONE',  ( 2.988201375833448470, 0.4537981154040250376, 4.500431444669887426 ) ) ;
#5907 = DIRECTION ( 'NONE',  ( 1.000000000000000000, 0.000000000000000000, -0.000000000000000000 ) ) ;
#5908 = CARTESIAN_POINT ( 'NONE',  ( 4.374138431293320473, 0.7547384322299107717, 4.099973798525307522 ) ) ;
#5909 = ORIENTED_EDGE ( 'NONE', *, *, #7543, .T. ) ;
#5910 = DIRECTION ( 'NONE',  ( -2.413283578248998765E-16, 0.9992732446016997505, 0.03811800917140872880 ) ) ;
#5911 = ORIENTED_EDGE ( 'NONE', *, *, #1912, .F. ) ;
#5912 = CARTESIAN_POINT ( 'NONE',  ( 0.9747998537747766257, 0.4690838011150056386, 4.099713330361076657 ) ) ;
#5913 = EDGE_CURVE ( 'NONE', #1701, #6823, #1873, .T. ) ;
#5914 = ORIENTED_EDGE ( 'NONE', *, *, #2098, .T. ) ;
#5915 = ORIENTED_EDGE ( 'NONE', *, *, #6365, .F. ) ;
#5916 = EDGE_CURVE ( 'NONE', #8039, #7642, #2668, .T. ) ;
#5917 = CARTESIAN_POINT ( 'NONE',  ( -0.7815732714253941227, 0.4499999999978933074, 4.599999999999999645 ) ) ;
#5918 = EDGE_LOOP ( 'NONE', ( #6896, #4861, #1591, #7354, #3917, #2438 ) ) ;
#5919 = CARTESIAN_POINT ( 'NONE',  ( -6.110000000000001208, 7.150000000000000355, 4.599999999999999645 ) ) ;
#5920 = CARTESIAN_POINT ( 'NONE',  ( -0.9728999076441079419, 0.4709998303800490005, 4.099714779968905987 ) ) ;
#5921 = CARTESIAN_POINT ( 'NONE',  ( -0.4000000000000001887, -8.331370849898473097, -3.800000000000076650 ) ) ;
#5922 = FACE_OUTER_BOUND ( 'NONE', #3685, .T. ) ;
#5923 = CARTESIAN_POINT ( 'NONE',  ( 2.510000000000000231, 0.000000000000000000, 0.000000000000000000 ) ) ;
#5924 = ORIENTED_EDGE ( 'NONE', *, *, #3693, .T. ) ;
#5925 = FACE_OUTER_BOUND ( 'NONE', #5086, .T. ) ;
#5926 = VERTEX_POINT ( 'NONE', #4110 ) ;
#5927 = DIRECTION ( 'NONE',  ( 0.000000000000000000, 0.000000000000000000, 1.000000000000000000 ) ) ;
#5928 = CARTESIAN_POINT ( 'NONE',  ( -4.593974596215574913, 5.133974596215686859, 4.599999999999999645 ) ) ;
#5929 = ORIENTED_EDGE ( 'NONE', *, *, #3535, .T. ) ;
#5930 = SURFACE_SIDE_STYLE ('',( #7623 ) ) ;
#5931 = CARTESIAN_POINT ( 'NONE',  ( -0.5665053027317846768, 0.5928336120459224423, 4.599999999999999645 ) ) ;
#5932 = FACE_OUTER_BOUND ( 'NONE', #7424, .T. ) ;
#5933 = DIRECTION ( 'NONE',  ( 0.000000000000000000, 0.000000000000000000, 1.000000000000000000 ) ) ;
#5934 = DIRECTION ( 'NONE',  ( 0.000000000000000000, -1.301042606982962990E-14, 1.000000000000000000 ) ) ;
#5935 = DIRECTION ( 'NONE',  ( -0.000000000000000000, 0.000000000000000000, -1.000000000000000000 ) ) ;
#5936 = VERTEX_POINT ( 'NONE', #529 ) ;
#5937 = DIRECTION ( 'NONE',  ( 0.000000000000000000, -9.164576854217089559E-15, 1.000000000000000000 ) ) ;
#5938 = PLANE ( 'NONE',  #4069 ) ;
#5939 = LINE ( 'NONE', #3093, #730 ) ;
#5940 = EDGE_LOOP ( 'NONE', ( #425, #852, #1141, #3839 ) ) ;
#5941 = ORIENTED_EDGE ( 'NONE', *, *, #7244, .T. ) ;
#5942 = LINE ( 'NONE', #3542, #3232 ) ;
#5943 = CONICAL_SURFACE ( 'NONE', #7112, 0.8499999999999996447, 0.3058788714048517599 ) ;
#5944 = EDGE_LOOP ( 'NONE', ( #4221, #6535, #4392, #6931, #4583, #6292 ) ) ;
#5945 = DIRECTION ( 'NONE',  ( -0.000000000000000000, -1.000000000000000000, -0.000000000000000000 ) ) ;
#5946 = DIRECTION ( 'NONE',  ( 0.000000000000000000, -1.766101716875451061E-14, 1.000000000000000000 ) ) ;
#5947 = CARTESIAN_POINT ( 'NONE',  ( 2.933507053269663434, 0.4591376561867778205, 4.360454033502608517 ) ) ;
#5948 = CARTESIAN_POINT ( 'NONE',  ( 4.111776695000000537, -8.331370849898478426, -3.098223305000076699 ) ) ;
#5949 = CARTESIAN_POINT ( 'NONE',  ( 4.209999999999999964, -3.600000000000000533, -3.625000000000033751 ) ) ;
#5950 = FACE_OUTER_BOUND ( 'NONE', #4586, .T. ) ;
#5951 = CARTESIAN_POINT ( 'NONE',  ( 4.834338470819416145, 0.4190369464358422724, 4.099945975213937999 ) ) ;
#5952 = ORIENTED_EDGE ( 'NONE', *, *, #5864, .F. ) ;
#5953 = CARTESIAN_POINT ( 'NONE',  ( 4.711600998041134858, 0.3374220045764282361, 4.599999999999191402 ) ) ;
#5954 = DIRECTION ( 'NONE',  ( 0.9404254467699950659, -0.3399999692168444998, 0.000000000000000000 ) ) ;
#5955 = EDGE_CURVE ( 'NONE', #3605, #5539, #4490, .T. ) ;
#5956 = CARTESIAN_POINT ( 'NONE',  ( 4.230645706377436532, 0.6569488153062207347, 4.599999999999997868 ) ) ;
#5957 = VERTEX_POINT ( 'NONE', #2250 ) ;
#5958 = VECTOR ( 'NONE', #2446, 1000.000000000000000 ) ;
#5959 = LINE ( 'NONE', #221, #5999 ) ;
#5960 = ADVANCED_FACE ( 'NONE', ( #1700 ), #6801, .F. ) ;
#5961 = ORIENTED_EDGE ( 'NONE', *, *, #2457, .T. ) ;
#5962 = LINE ( 'NONE', #1186, #3310 ) ;
#5963 = CARTESIAN_POINT ( 'NONE',  ( -4.785325738122108596, 0.4685524450405299524, 4.099715649274415341 ) ) ;
#5964 = ORIENTED_EDGE ( 'NONE', *, *, #5425, .F. ) ;
#5965 = DIRECTION ( 'NONE',  ( 0.000000000000000000, 1.000000000000000000, 0.000000000000000000 ) ) ;
#5966 = CARTESIAN_POINT ( 'NONE',  ( -0.9775493844598941440, 0.4663056668205112221, 4.099726033551179150 ) ) ;
#5967 = CARTESIAN_POINT ( 'NONE',  ( 1.300000000000001599, 5.600000000000019185, -4.299999999999999822 ) ) ;
#5968 = AXIS2_PLACEMENT_3D ( 'NONE', #4491, #49, #702 ) ;
#5969 = EDGE_CURVE ( 'NONE', #4134, #7389, #7149, .T. ) ;
#5970 = PLANE ( 'NONE',  #5860 ) ;
#5971 = FILL_AREA_STYLE_COLOUR ( '', #2484 ) ;
#5972 = CARTESIAN_POINT ( 'NONE',  ( -4.058436723499458942, 0.7059271718133073303, 4.599999999999998757 ) ) ;
#5973 = LINE ( 'NONE', #5584, #3320 ) ;
#5974 = CARTESIAN_POINT ( 'NONE',  ( -4.181231060036055602, -3.054258255407589662, -3.771231060036082550 ) ) ;
#5975 = CARTESIAN_POINT ( 'NONE',  ( 3.508223304999999570, -2.946891109999997482, -3.000000000000027534 ) ) ;
#5976 = ORIENTED_EDGE ( 'NONE', *, *, #8029, .T. ) ;
#5977 = EDGE_CURVE ( 'NONE', #1438, #6858, #4353, .T. ) ;
#5978 = LINE ( 'NONE', #7619, #803 ) ;
#5979 = EDGE_LOOP ( 'NONE', ( #4529, #7019, #7294, #4617 ) ) ;
#5980 = CARTESIAN_POINT ( 'NONE',  ( -2.968773744679744642, 0.3973648857287578884, 4.600000000000198597 ) ) ;
#5981 = CARTESIAN_POINT ( 'NONE',  ( -3.409999999999999698, 3.300000000000000266, 3.399999999999999911 ) ) ;
#5982 = DIRECTION ( 'NONE',  ( 0.000000000000000000, -9.164576854217089559E-15, 1.000000000000000000 ) ) ;
#5983 = ORIENTED_EDGE ( 'NONE', *, *, #7115, .T. ) ;
#5984 = CARTESIAN_POINT ( 'NONE',  ( 0.3992192744356661827, 2.600780725564334261, 2.749804817466944051 ) ) ;
#5985 = CARTESIAN_POINT ( 'NONE',  ( -0.8796905789113417251, 0.3595554223932370119, 4.600000000000004086 ) ) ;
#5986 = VECTOR ( 'NONE', #4969, 1000.000000000000114 ) ;
#5987 = DIRECTION ( 'NONE',  ( -0.000000000000000000, 1.000000000000000000, 9.147955830346445240E-15 ) ) ;
#5988 = CARTESIAN_POINT ( 'NONE',  ( 4.111776695000000537, -2.946891109999997482, -3.000000000000027534 ) ) ;
#5989 = EDGE_LOOP ( 'NONE', ( #6452, #395, #5900, #3335 ) ) ;
#5990 = CARTESIAN_POINT ( 'NONE',  ( -4.460000000000011511, 5.000000000000124345, 4.099999999999990763 ) ) ;
#5991 = EDGE_CURVE ( 'NONE', #4769, #6130, #4568, .T. ) ;
#5992 = AXIS2_PLACEMENT_3D ( 'NONE', #1031, #1616, #2232 ) ;
#5993 = AXIS2_PLACEMENT_3D ( 'NONE', #1995, #5707, #3239 ) ;
#5994 = LINE ( 'NONE', #1070, #6213 ) ;
#5995 = ADVANCED_FACE ( 'NONE', ( #7060 ), #1689, .T. ) ;
#5996 = CARTESIAN_POINT ( 'NONE',  ( -4.682646250097233676, 0.3666721132835609187, 4.599999999999930367 ) ) ;
#5997 = ORIENTED_EDGE ( 'NONE', *, *, #532, .F. ) ;
#5998 = FACE_OUTER_BOUND ( 'NONE', #3890, .T. ) ;
#5999 = VECTOR ( 'NONE', #7656, 1000.000000000000000 ) ;
#6000 = ORIENTED_EDGE ( 'NONE', *, *, #3555, .F. ) ;
#6001 = DIRECTION ( 'NONE',  ( 0.000000000000000000, 0.000000000000000000, 1.000000000000000000 ) ) ;
#6002 = CARTESIAN_POINT ( 'NONE',  ( 3.028426728574606042, 0.4499999999978933074, 4.599999999999999645 ) ) ;
#6003 = CARTESIAN_POINT ( 'NONE',  ( 2.154999999999972715, 5.000000000000124345, -2.149999999999999911 ) ) ;
#6004 = DIRECTION ( 'NONE',  ( -1.000000000000000000, 0.000000000000000000, 0.000000000000000000 ) ) ;
#6005 = VERTEX_POINT ( 'NONE', #643 ) ;
#6006 = EDGE_CURVE ( 'NONE', #6221, #4198, #7295, .T. ) ;
#6007 = LINE ( 'NONE', #7854, #839 ) ;
#6008 = CARTESIAN_POINT ( 'NONE',  ( 2.926354641220848318, 0.3555601647429434409, 4.599999999999996092 ) ) ;
#6009 = VERTEX_POINT ( 'NONE', #5361 ) ;
#6010 = CARTESIAN_POINT ( 'NONE',  ( 0.3268761102064695057, 3.400000000000000355, 2.746891109999991087 ) ) ;
#6011 = CARTESIAN_POINT ( 'NONE',  ( 4.683667936318983038, 0.3656399172020308730, 4.599999999999999645 ) ) ;
#6012 = CARTESIAN_POINT ( 'NONE',  ( 3.810000000000000497, 3.000000000000000000, -1.200000000000000178 ) ) ;
#6013 = CARTESIAN_POINT ( 'NONE',  ( -6.110000000000001208, 0.000000000000000000, -4.599999999999999645 ) ) ;
#6014 = ORIENTED_EDGE ( 'NONE', *, *, #7807, .F. ) ;
#6015 = CYLINDRICAL_SURFACE ( 'NONE', #1230, 0.09822330499999978870 ) ;
#6016 = LINE ( 'NONE', #3219, #5890 ) ;
#6017 = VERTEX_POINT ( 'NONE', #1237 ) ;
#6018 = CARTESIAN_POINT ( 'NONE',  ( -4.180710678118654045, 2.629289321881345565, 2.856200347158724284 ) ) ;
#6019 = VECTOR ( 'NONE', #269, 1000.000000000000000 ) ;
#6020 = FACE_OUTER_BOUND ( 'NONE', #7530, .T. ) ;
#6021 = DIRECTION ( 'NONE',  ( 0.000000000000000000, 1.000000000000000000, 1.089244973287757740E-14 ) ) ;
#6022 = CARTESIAN_POINT ( 'NONE',  ( 3.810000000000000053, 5.000000000000124345, 0.000000000000000000 ) ) ;
#6023 = ORIENTED_EDGE ( 'NONE', *, *, #3352, .T. ) ;
#6024 = DIRECTION ( 'NONE',  ( -1.000000000000000000, 0.000000000000000000, 0.000000000000000000 ) ) ;
#6025 = CARTESIAN_POINT ( 'NONE',  ( -0.7323252710285915734, 0.6640297464169457875, 4.099885892183420033 ) ) ;
#6026 = DIRECTION ( 'NONE',  ( -0.000000000000000000, -0.000000000000000000, 1.000000000000000000 ) ) ;
#6027 = DIRECTION ( 'NONE',  ( 1.000000000000000000, -0.000000000000000000, -0.000000000000000000 ) ) ;
#6028 = CARTESIAN_POINT ( 'NONE',  ( -3.464953988667501594, 0.6818083333160134263, 4.599999999999997868 ) ) ;
#6029 = LINE ( 'NONE', #3934, #767 ) ;
#6030 = CARTESIAN_POINT ( 'NONE',  ( -4.109999999999999432, 2.700000000000000178, -1.200000000000000178 ) ) ;
#6031 = ADVANCED_FACE ( 'NONE', ( #4584 ), #3455, .F. ) ;
#6032 = ORIENTED_EDGE ( 'NONE', *, *, #7314, .T. ) ;
#6033 = VECTOR ( 'NONE', #3318, 1000.000000000000000 ) ;
#6034 = FACE_OUTER_BOUND ( 'NONE', #7091, .T. ) ;
#6035 = ORIENTED_EDGE ( 'NONE', *, *, #3829, .F. ) ;
#6036 = CARTESIAN_POINT ( 'NONE',  ( 0.4000000000000001887, -2.946891109999995262, -3.701776695000027484 ) ) ;
#6037 = DIRECTION ( 'NONE',  ( 0.000000000000000000, 0.000000000000000000, 1.000000000000000000 ) ) ;
#6038 = ORIENTED_EDGE ( 'NONE', *, *, #7959, .T. ) ;
#6039 = CARTESIAN_POINT ( 'NONE',  ( 4.234331962642607472, -2.856082989354082446, -2.975668037357420026 ) ) ;
#6040 = CARTESIAN_POINT ( 'NONE',  ( 0.4419239175170603939, 0.6489538240145855674, 4.600000000000003197 ) ) ;
#6041 = LINE ( 'NONE', #5703, #6053 ) ;
#6042 = PLANE ( 'NONE',  #4463 ) ;
#6043 = CARTESIAN_POINT ( 'NONE',  ( -1.300000000000000044, 0.3999999999998848366, -4.299999999999994493 ) ) ;
#6044 = ORIENTED_EDGE ( 'NONE', *, *, #7616, .F. ) ;
#6045 = EDGE_CURVE ( 'NONE', #2612, #1586, #1643, .T. ) ;
#6046 = DIRECTION ( 'NONE',  ( 0.000000000000000000, 1.000000000000000000, 0.000000000000000000 ) ) ;
#6047 = PLANE ( 'NONE',  #1198 ) ;
#6048 = LINE ( 'NONE', #1732, #3117 ) ;
#6049 = LINE ( 'NONE', #6339, #3325 ) ;
#6050 = ORIENTED_EDGE ( 'NONE', *, *, #2424, .T. ) ;
#6051 = AXIS2_PLACEMENT_3D ( 'NONE', #1432, #2049, #7515 ) ;
#6052 = ORIENTED_EDGE ( 'NONE', *, *, #870, .F. ) ;
#6053 = VECTOR ( 'NONE', #5522, 1000.000000000000000 ) ;
#6054 = VERTEX_POINT ( 'NONE', #2356 ) ;
#6055 = DIRECTION ( 'NONE',  ( -0.2505628075300757596, 0.9351131262929058829, 0.2505628075300764257 ) ) ;
#6056 = DIRECTION ( 'NONE',  ( 3.336006684570782608E-16, 1.000000000000000000, -0.000000000000000000 ) ) ;
#6057 = LINE ( 'NONE', #7912, #6150 ) ;
#6058 = EDGE_CURVE ( 'NONE', #2710, #1920, #5571, .T. ) ;
#6059 = PLANE ( 'NONE',  #19 ) ;
#6060 = VERTEX_POINT ( 'NONE', #3151 ) ;
#6061 = LINE ( 'NONE', #6799, #653 ) ;
#6062 = CARTESIAN_POINT ( 'NONE',  ( 2.940694311369503211, 0.3700389308121441179, 4.600000000000024514 ) ) ;
#6063 = ORIENTED_EDGE ( 'NONE', *, *, #5150, .T. ) ;
#6064 = PLANE ( 'NONE',  #4959 ) ;
#6065 = CARTESIAN_POINT ( 'NONE',  ( 4.677671961311626880, 0.3716761764972889570, 4.599999999999999645 ) ) ;
#6066 = CARTESIAN_POINT ( 'NONE',  ( 4.693643740820736987, 0.3555617990078211998, 4.600000000000074252 ) ) ;
#6067 = CARTESIAN_POINT ( 'NONE',  ( 4.209999999999999964, 3.400000000000000355, 3.399999999999999911 ) ) ;
#6068 = VECTOR ( 'NONE', #6324, 1000.000000000000000 ) ;
#6069 = ORIENTED_EDGE ( 'NONE', *, *, #7433, .T. ) ;
#6070 =( BOUNDED_CURVE ( )  B_SPLINE_CURVE ( 3, ( #6018, #1090, #987, #5302 ),
 .UNSPECIFIED., .F., .F. ) 
 B_SPLINE_CURVE_WITH_KNOTS ( ( 4, 4 ),
 ( 5.497787143782137065, 6.283185307179586232 ),
 .UNSPECIFIED. ) 
 CURVE ( )  GEOMETRIC_REPRESENTATION_ITEM ( )  RATIONAL_B_SPLINE_CURVE ( ( 1.000000000000000000, 0.9492530216741910110, 0.9492530216741910110, 1.000000000000000000 ) ) 
 REPRESENTATION_ITEM ( '' )  );
#6071 = CARTESIAN_POINT ( 'NONE',  ( -4.210602370669725758, 0.8163456937360645815, 4.100036160833326448 ) ) ;
#6072 = VECTOR ( 'NONE', #4937, 1000.000000000000000 ) ;
#6073 = LINE ( 'NONE', #4894, #6134 ) ;
#6074 = EDGE_CURVE ( 'NONE', #6823, #5926, #4439, .T. ) ;
#6075 = PLANE ( 'NONE',  #873 ) ;
#6076 = ORIENTED_EDGE ( 'NONE', *, *, #2593, .F. ) ;
#6077 = CARTESIAN_POINT ( 'NONE',  ( 2.510000000000000231, 4.300000000000019362, -4.599999999999953459 ) ) ;
#6078 = CARTESIAN_POINT ( 'NONE',  ( -0.9499628001686645229, 0.4935671211835298000, 4.099733621916993087 ) ) ;
#6079 = DIRECTION ( 'NONE',  ( 1.000000000000000000, 0.000000000000000000, 0.000000000000000000 ) ) ;
#6080 = EDGE_CURVE ( 'NONE', #5235, #3180, #7033, .T. ) ;
#6081 = ADVANCED_FACE ( 'NONE', ( #4319 ), #2653, .F. ) ;
#6082 = DIRECTION ( 'NONE',  ( 0.000000000000000000, -1.000000000000000000, -1.067522139062614778E-14 ) ) ;
#6083 = CARTESIAN_POINT ( 'NONE',  ( -3.357510293384344813, 0.6448152459627995992, 4.599999999999990763 ) ) ;
#6084 = CARTESIAN_POINT ( 'NONE',  ( 6.110000000000000320, 6.150000000000000355, 4.599999999999999645 ) ) ;
#6085 = CARTESIAN_POINT ( 'NONE',  ( -0.4457297043092157685, 0.8046135361447609435, 4.100023953359570150 ) ) ;
#6086 = CIRCLE ( 'NONE', #3415, 0.09822330499999978870 ) ;
#6087 = ORIENTED_EDGE ( 'NONE', *, *, #7714, .T. ) ;
#6088 = AXIS2_PLACEMENT_3D ( 'NONE', #2780, #4764, #4037 ) ;
#6089 = VECTOR ( 'NONE', #4185, 1000.000000000000114 ) ;
#6090 = CIRCLE ( 'NONE', #7791, 0.2999999999999999889 ) ;
#6091 = ORIENTED_EDGE ( 'NONE', *, *, #3727, .T. ) ;
#6092 = CARTESIAN_POINT ( 'NONE',  ( -3.279285268559882560, 5.819285268560066449, 3.654821317139965497 ) ) ;
#6093 = EDGE_CURVE ( 'NONE', #4106, #568, #7269, .T. ) ;
#6094 = ORIENTED_EDGE ( 'NONE', *, *, #2743, .F. ) ;
#6095 = CARTESIAN_POINT ( 'NONE',  ( 0.6052469255210536359, 0.5724757755778849821, 4.599999999999885958 ) ) ;
#6096 = FACE_OUTER_BOUND ( 'NONE', #5417, .T. ) ;
#6097 = CARTESIAN_POINT ( 'NONE',  ( 4.209999999999999964, 2.600000000000000533, 2.746891109999991976 ) ) ;
#6098 = ORIENTED_EDGE ( 'NONE', *, *, #7367, .F. ) ;
#6099 = CARTESIAN_POINT ( 'NONE',  ( 6.110000000000000320, 3.750000000000000888, 2.100000000000000089 ) ) ;
#6100 = ADVANCED_FACE ( 'NONE', ( #1884 ), #3867, .T. ) ;
#6101 = ORIENTED_EDGE ( 'NONE', *, *, #7208, .T. ) ;
#6102 = CARTESIAN_POINT ( 'NONE',  ( 2.833936768761264435, 0.4678072943593762911, 4.099719286839895283 ) ) ;
#6103 = VECTOR ( 'NONE', #432, 1000.000000000000000 ) ;
#6104 = CARTESIAN_POINT ( 'NONE',  ( 2.510000000000000231, 0.3999999999998605227, -1.649999999999993472 ) ) ;
#6105 = EDGE_CURVE ( 'NONE', #1642, #4414, #7279, .T. ) ;
#6106 = CARTESIAN_POINT ( 'NONE',  ( 3.420102308273651914, -2.984593437674524896, -3.752564428345788183 ) ) ;
#6107 = VECTOR ( 'NONE', #3477, 1000.000000000000000 ) ;
#6108 = VERTEX_POINT ( 'NONE', #754 ) ;
#6109 = CARTESIAN_POINT ( 'NONE',  ( -2.817574209495247395, 0.4512753043414277077, 4.099795667318543835 ) ) ;
#6110 = VERTEX_POINT ( 'NONE', #5662 ) ;
#6111 = LINE ( 'NONE', #3437, #5888 ) ;
#6112 = EDGE_CURVE ( 'NONE', #4704, #3863, #7190, .T. ) ;
#6113 = ORIENTED_EDGE ( 'NONE', *, *, #919, .T. ) ;
#6114 = ORIENTED_EDGE ( 'NONE', *, *, #5844, .F. ) ;
#6115 =( BOUNDED_CURVE ( )  B_SPLINE_CURVE ( 3, ( #5974, #4167, #312, #3563 ),
 .UNSPECIFIED., .F., .F. ) 
 B_SPLINE_CURVE_WITH_KNOTS ( ( 4, 4 ),
 ( 5.497787143782128183, 6.283185307179586232 ),
 .UNSPECIFIED. ) 
 CURVE ( )  GEOMETRIC_REPRESENTATION_ITEM ( )  RATIONAL_B_SPLINE_CURVE ( ( 1.000000000000000000, 0.9492530216741897897, 0.9492530216741897897, 1.000000000000000000 ) ) 
 REPRESENTATION_ITEM ( '' )  );
#6116 = CARTESIAN_POINT ( 'NONE',  ( 4.209999999999999964, 3.300000000000000266, 2.746891109999991976 ) ) ;
#6117 = LINE ( 'NONE', #3529, #516 ) ;
#6118 = DIRECTION ( 'NONE',  ( 0.000000000000000000, 0.000000000000000000, 1.000000000000000000 ) ) ;
#6119 = VECTOR ( 'NONE', #5272, 1000.000000000000000 ) ;
#6120 = CARTESIAN_POINT ( 'NONE',  ( 2.968357824128494027, 0.3969725408108523146, 4.600000000000011191 ) ) ;
#6121 = ORIENTED_EDGE ( 'NONE', *, *, #7009, .F. ) ;
#6122 = CARTESIAN_POINT ( 'NONE',  ( -2.510000000000000231, -2.949029909160572061E-14, -1.649999999999998579 ) ) ;
#6123 = CARTESIAN_POINT ( 'NONE',  ( 4.689653377761936248, 0.3595930045582232393, 4.599999999999901057 ) ) ;
#6124 = CARTESIAN_POINT ( 'NONE',  ( -2.851618772365825727, 0.4673873799459403733, 4.144185440071736615 ) ) ;
#6125 = DIRECTION ( 'NONE',  ( 0.000000000000000000, -1.766101716875451061E-14, 1.000000000000000000 ) ) ;
#6126 = CARTESIAN_POINT ( 'NONE',  ( 0.4000000000000001887, 3.400000000000000355, -1.200000000000000178 ) ) ;
#6127 = CARTESIAN_POINT ( 'NONE',  ( -4.684747177434075205, 0.3645495769964307020, 4.599999999999917044 ) ) ;
#6128 = AXIS2_PLACEMENT_3D ( 'NONE', #3216, #61, #3880 ) ;
#6129 = LINE ( 'NONE', #7509, #5958 ) ;
#6130 = VERTEX_POINT ( 'NONE', #7685 ) ;
#6131 = CARTESIAN_POINT ( 'NONE',  ( -4.062758143837157832, 0.8525014346910222418, 4.100073726424639631 ) ) ;
#6132 = CARTESIAN_POINT ( 'NONE',  ( -6.410000000000001030, 6.150000000000000355, 4.599999999999999645 ) ) ;
#6133 = LINE ( 'NONE', #6842, #718 ) ;
#6134 = VECTOR ( 'NONE', #1950, 1000.000000000000000 ) ;
#6135 = CARTESIAN_POINT ( 'NONE',  ( -4.782899907644104331, 0.4709998303800501107, 4.099714779968911316 ) ) ;
#6136 = CARTESIAN_POINT ( 'NONE',  ( 4.791593298565113734, 0.4499999999978936960, 4.599999999999999645 ) ) ;
#6137 = DIRECTION ( 'NONE',  ( 0.000000000000000000, 1.000000000000000000, 0.000000000000000000 ) ) ;
#6138 = ORIENTED_EDGE ( 'NONE', *, *, #1388, .T. ) ;
#6139 = CARTESIAN_POINT ( 'NONE',  ( -1.655000000000027116, 5.000000000000124345, -2.149999999999999911 ) ) ;
#6140 = CARTESIAN_POINT ( 'NONE',  ( 0.4940521860922756359, 0.7838818512571701369, 4.100003056070342211 ) ) ;
#6141 = PLANE ( 'NONE',  #6174 ) ;
#6142 = ORIENTED_EDGE ( 'NONE', *, *, #7675, .T. ) ;
#6143 = PLANE ( 'NONE',  #2136 ) ;
#6144 = DIRECTION ( 'NONE',  ( 0.000000000000000000, -0.9659258262890687563, 0.2588190451025190741 ) ) ;
#6145 = LINE ( 'NONE', #7462, #3439 ) ;
#6146 = CARTESIAN_POINT ( 'NONE',  ( 4.593974596215574024, 5.133974596215686859, 4.599999999999999645 ) ) ;
#6147 = EDGE_LOOP ( 'NONE', ( #2548, #2018, #3358, #4860 ) ) ;
#6148 = AXIS2_PLACEMENT_3D ( 'NONE', #2280, #5455, #155 ) ;
#6149 = EDGE_LOOP ( 'NONE', ( #3486, #6549, #5660, #3303 ) ) ;
#6150 = VECTOR ( 'NONE', #4803, 1000.000000000000000 ) ;
#6151 = LINE ( 'NONE', #3306, #763 ) ;
#6152 = VERTEX_POINT ( 'NONE', #4946 ) ;
#6153 = EDGE_CURVE ( 'NONE', #7439, #7952, #1897, .T. ) ;
#6154 = CARTESIAN_POINT ( 'NONE',  ( 6.110000000000000320, 6.649999999999999467, -4.599999999999999645 ) ) ;
#6155 = CARTESIAN_POINT ( 'NONE',  ( -3.483123889793531269, 2.600000000000000533, 2.746891109999991087 ) ) ;
#6156 = CARTESIAN_POINT ( 'NONE',  ( 0.2246105610890793969, 0.7113989734981008839, 4.599999999999999645 ) ) ;
#6157 = LINE ( 'NONE', #2842, #798 ) ;
#6158 = CARTESIAN_POINT ( 'NONE',  ( 4.110000000000001208, 2.600000000000000533, 3.399999999999999911 ) ) ;
#6159 = ORIENTED_EDGE ( 'NONE', *, *, #3635, .T. ) ;
#6160 = CARTESIAN_POINT ( 'NONE',  ( -3.385668037357393523, -2.856082989354082446, -2.975668037357420026 ) ) ;
#6161 = EDGE_LOOP ( 'NONE', ( #971, #1152, #5879, #805 ) ) ;
#6162 = CARTESIAN_POINT ( 'NONE',  ( 2.835854545115229719, 0.4697445059703512782, 4.099713696232528015 ) ) ;
#6163 = EDGE_CURVE ( 'NONE', #3120, #4792, #4387, .T. ) ;
#6164 = DIRECTION ( 'NONE',  ( -1.000000000000000000, 0.000000000000000000, 0.000000000000000000 ) ) ;
#6165 = DIRECTION ( 'NONE',  ( -1.000000000000000000, 0.000000000000000000, 0.000000000000000000 ) ) ;
#6166 = LINE ( 'NONE', #4703, #817 ) ;
#6167 = CARTESIAN_POINT ( 'NONE',  ( -4.681410242069136807, 0.3679204745402805399, 4.599999999999981881 ) ) ;
#6168 = ORIENTED_EDGE ( 'NONE', *, *, #6442, .F. ) ;
#6169 = AXIS2_PLACEMENT_3D ( 'NONE', #5190, #297, #7207 ) ;
#6170 = CARTESIAN_POINT ( 'NONE',  ( 2.583715511978000606E-15, 6.000000000000019540, -4.599999999999999645 ) ) ;
#6171 = EDGE_CURVE ( 'NONE', #2263, #6960, #5854, .T. ) ;
#6172 = VERTEX_POINT ( 'NONE', #3818 ) ;
#6174 = AXIS2_PLACEMENT_3D ( 'NONE', #101, #6249, #4783 ) ;
#6173 = VECTOR ( 'NONE', #4779, 1000.000000000000000 ) ;
#6175 = ORIENTED_EDGE ( 'NONE', *, *, #1570, .F. ) ;
#6176 = ADVANCED_FACE ( 'NONE', ( #4401 ), #1285, .T. ) ;
#6177 = ORIENTED_EDGE ( 'NONE', *, *, #3836, .F. ) ;
#6178 = CARTESIAN_POINT ( 'NONE',  ( 1.944400657005211475, 7.620682668312457331, -3.068085303358467630 ) ) ;
#6179 = CARTESIAN_POINT ( 'NONE',  ( -2.324999999999999734, 6.350000000000171063, 4.099999999999992539 ) ) ;
#6180 = CARTESIAN_POINT ( 'NONE',  ( -2.154999999999973603, 5.133974596215686859, 4.599999999999999645 ) ) ;
#6181 = CARTESIAN_POINT ( 'NONE',  ( 0.9583812276347087877, 0.4673873799459933309, 4.144185440070345727 ) ) ;
#6182 = AXIS2_PLACEMENT_3D ( 'NONE', #881, #4451, #4403 ) ;
#6183 = ORIENTED_EDGE ( 'NONE', *, *, #3042, .F. ) ;
#6184 = CARTESIAN_POINT ( 'NONE',  ( 3.810000000000000497, 3.000000000000000000, -1.200000000000000178 ) ) ;
#6185 = CARTESIAN_POINT ( 'NONE',  ( 2.559999999999999609, 5.700000000000171596, -3.650000000000000355 ) ) ;
#6186 = CARTESIAN_POINT ( 'NONE',  ( 3.399445513659423046, 1.040029338209724097, 4.599999999999999645 ) ) ;
#6187 = VECTOR ( 'NONE', #2461, 1000.000000000000000 ) ;
#6188 = EDGE_CURVE ( 'NONE', #5633, #1592, #4921, .T. ) ;
#6189 = ORIENTED_EDGE ( 'NONE', *, *, #1809, .F. ) ;
#6190 = CARTESIAN_POINT ( 'NONE',  ( -4.087745142525774256, 0.8475731793858188867, 4.100068565933132625 ) ) ;
#6191 = CARTESIAN_POINT ( 'NONE',  ( -2.154999999999973159, 0.7074836895662703906, -2.149999999999999911 ) ) ;
#6192 = EDGE_CURVE ( 'NONE', #1355, #7316, #7568, .T. ) ;
#6193 =( GEOMETRIC_REPRESENTATION_CONTEXT ( 3 ) GLOBAL_UNCERTAINTY_ASSIGNED_CONTEXT ( ( #3230 ) ) GLOBAL_UNIT_ASSIGNED_CONTEXT ( ( #6953, #5827, #5053 ) ) REPRESENTATION_CONTEXT ( 'NONE', 'WORKASPACE' ) );
#6194 = AXIS2_PLACEMENT_3D ( 'NONE', #1849, #7429, #591 ) ;
#6195 = VECTOR ( 'NONE', #1761, 1000.000000000000000 ) ;
#6196 = CARTESIAN_POINT ( 'NONE',  ( -4.777906313036763386, 0.4760001332187493994, 4.099718928728822043 ) ) ;
#6197 = CARTESIAN_POINT ( 'NONE',  ( -4.035000000000006359, -3.600000000000000533, 0.000000000000000000 ) ) ;
#6198 = CARTESIAN_POINT ( 'NONE',  ( 5.110000000000000320, 0.000000000000000000, -4.599999999999999645 ) ) ;
#6199 = ORIENTED_EDGE ( 'NONE', *, *, #7588, .F. ) ;
#6200 = DIRECTION ( 'NONE',  ( 1.000000000000000000, -0.000000000000000000, -0.000000000000000000 ) ) ;
#6201 = CARTESIAN_POINT ( 'NONE',  ( 0.9716455469202784911, 0.4722604870782135533, 4.099715824551152465 ) ) ;
#6202 = VERTEX_POINT ( 'NONE', #6342 ) ;
#6203 = CARTESIAN_POINT ( 'NONE',  ( -0.3999999999999993006, 2.700000000000000178, -1.200000000000000178 ) ) ;
#6204 = FACE_BOUND ( 'NONE', #509, .T. ) ;
#6205 = CARTESIAN_POINT ( 'NONE',  ( -0.3999999999999993006, 3.300000000000000266, -1.200000000000000178 ) ) ;
#6206 = CARTESIAN_POINT ( 'NONE',  ( -4.669839530867160526, 0.3794449045231675921, 4.599999999999905498 ) ) ;
#6207 = VERTEX_POINT ( 'NONE', #6954 ) ;
#6208 = AXIS2_PLACEMENT_3D ( 'NONE', #862, #4326, #202 ) ;
#6209 = ORIENTED_EDGE ( 'NONE', *, *, #5896, .T. ) ;
#6210 = CARTESIAN_POINT ( 'NONE',  ( 3.561563276500538944, 0.7059271718133085516, 4.599999999999998757 ) ) ;
#6211 = EDGE_CURVE ( 'NONE', #2851, #694, #1948, .T. ) ;
#6212 = PRODUCT_RELATED_PRODUCT_CATEGORY ( 'part', '', ( #1335 ) ) ;
#6213 = VECTOR ( 'NONE', #4076, 1000.000000000000000 ) ;
#6214 = ORIENTED_EDGE ( 'NONE', *, *, #3141, .F. ) ;
#6215 = CARTESIAN_POINT ( 'NONE',  ( -0.2999999999999990452, 3.400000000000000355, 3.399999999999999911 ) ) ;
#6216 = EDGE_CURVE ( 'NONE', #3589, #6971, #7334, .T. ) ;
#6217 = CARTESIAN_POINT ( 'NONE',  ( 0.8676719613116234964, 0.3716761764972890680, 4.600000000000001421 ) ) ;
#6218 = LINE ( 'NONE', #860, #857 ) ;
#6219 = DIRECTION ( 'NONE',  ( 0.000000000000000000, -1.766101716875451061E-14, 1.000000000000000000 ) ) ;
#6220 = CARTESIAN_POINT ( 'NONE',  ( -4.209999999999999076, 3.400000000000000355, -1.200000000000000178 ) ) ;
#6221 = VERTEX_POINT ( 'NONE', #6500 ) ;
#6222 = CARTESIAN_POINT ( 'NONE',  ( 2.838762083242214906, 0.4726694534186872687, 4.099716163635091171 ) ) ;
#6223 = CYLINDRICAL_SURFACE ( 'NONE', #5735, 0.09822330499999978870 ) ;
#6224 = ORIENTED_EDGE ( 'NONE', *, *, #2626, .T. ) ;
#6225 = ORIENTED_EDGE ( 'NONE', *, *, #7426, .T. ) ;
#6226 = LINE ( 'NONE', #1529, #3610 ) ;
#6227 = ORIENTED_EDGE ( 'NONE', *, *, #7031, .T. ) ;
#6228 = DIRECTION ( 'NONE',  ( -0.000000000000000000, -0.000000000000000000, 1.000000000000000000 ) ) ;
#6229 = ADVANCED_FACE ( 'NONE', ( #2200 ), #7947, .T. ) ;
#6230 = CARTESIAN_POINT ( 'NONE',  ( 0.3017766950000003723, 0.3999999999998729017, -2.999999999999996447 ) ) ;
#6231 = CARTESIAN_POINT ( 'NONE',  ( 2.602085213965210642E-15, 6.000000000000019540, -4.299999999999999822 ) ) ;
#6232 = CARTESIAN_POINT ( 'NONE',  ( 3.438768939963946281, -3.054258255407597211, -3.028768939963972784 ) ) ;
#6233 = VECTOR ( 'NONE', #4870, 1000.000000000000000 ) ;
#6234 = MANIFOLD_SOLID_BREP ( 'LPattern3[3]', #1338 ) ;
#6235 = VERTEX_POINT ( 'NONE', #7233 ) ;
#6236 = CARTESIAN_POINT ( 'NONE',  ( 4.092020413184408234, 0.7310313820742618818, 4.599999999999998757 ) ) ;
#6237 = CARTESIAN_POINT ( 'NONE',  ( -5.110000000000000320, 0.3999999999998848366, -4.299999999999994493 ) ) ;
#6238 = CARTESIAN_POINT ( 'NONE',  ( 1.300000000000000044, 4.300000000000019362, -4.599999999999953459 ) ) ;
#6239 = DIRECTION ( 'NONE',  ( 1.000000000000000000, 2.415038720676354674E-16, 0.000000000000000000 ) ) ;
#6240 = ADVANCED_FACE ( 'NONE', ( #4857 ), #1650, .F. ) ;
#6241 = VERTEX_POINT ( 'NONE', #5446 ) ;
#6242 = CARTESIAN_POINT ( 'NONE',  ( -4.615740202322722752, 0.6144775295636004664, 4.099839804666353338 ) ) ;
#6243 = EDGE_CURVE ( 'NONE', #7962, #4704, #7678, .T. ) ;
#6244 = PLANE ( 'NONE',  #931 ) ;
#6245 = CARTESIAN_POINT ( 'NONE',  ( -6.110000000000001208, 7.150000000000000355, 4.599999999999999645 ) ) ;
#6246 = VERTEX_POINT ( 'NONE', #2321 ) ;
#6247 = CARTESIAN_POINT ( 'NONE',  ( -0.2999999999999990452, 2.600000000000000533, 2.746891109999991976 ) ) ;
#6248 = CARTESIAN_POINT ( 'NONE',  ( 0.9759690465818684491, 0.4679024512660214241, 4.099718805503261621 ) ) ;
#6249 = DIRECTION ( 'NONE',  ( -1.000000000000000000, 0.000000000000000000, 0.000000000000000000 ) ) ;
#6250 = CARTESIAN_POINT ( 'NONE',  ( -6.110000000000001208, 6.649999999999999467, -4.099999999999999645 ) ) ;
#6251 = CARTESIAN_POINT ( 'NONE',  ( -4.635196905588333749, 0.4122490395147411779, 4.600000000000681766 ) ) ;
#6252 = ORIENTED_EDGE ( 'NONE', *, *, #6400, .F. ) ;
#6253 = ORIENTED_EDGE ( 'NONE', *, *, #6685, .F. ) ;
#6254 = EDGE_CURVE ( 'NONE', #7877, #7198, #1981, .T. ) ;
#6255 = VECTOR ( 'NONE', #4965, 1000.000000000000227 ) ;
#6256 = ORIENTED_EDGE ( 'NONE', *, *, #7725, .T. ) ;
#6257 = CARTESIAN_POINT ( 'NONE',  ( -2.926356259179262231, 0.3555617990078199786, 4.600000000000074252 ) ) ;
#6258 = EDGE_CURVE ( 'NONE', #5647, #4826, #4674, .T. ) ;
#6259 = CARTESIAN_POINT ( 'NONE',  ( 4.161706398339743984, 3.389714957897566716, 2.785275409606414065 ) ) ;
#6260 = ORIENTED_EDGE ( 'NONE', *, *, #3986, .T. ) ;
#6261 = DIRECTION ( 'NONE',  ( 1.000000000000000000, -0.000000000000000000, -0.000000000000000000 ) ) ;
#6262 = CIRCLE ( 'NONE', #6755, 0.09822330499999978870 ) ;
#6263 = DIRECTION ( 'NONE',  ( -1.000000000000000000, -0.000000000000000000, -0.000000000000000000 ) ) ;
#6264 = VERTEX_POINT ( 'NONE', #7745 ) ;
#6265 = ORIENTED_EDGE ( 'NONE', *, *, #5896, .F. ) ;
#6266 = CARTESIAN_POINT ( 'NONE',  ( 3.267468096258706822, 0.7650239085019400198, 4.099983962874444110 ) ) ;
#6267 = CARTESIAN_POINT ( 'NONE',  ( -5.060000000000000497, 5.700000000000171596, -3.650000000000000355 ) ) ;
#6268 = VECTOR ( 'NONE', #610, 1000.000000000000000 ) ;
#6269 = EDGE_CURVE ( 'NONE', #2116, #3914, #2209, .T. ) ;
#6270 = AXIS2_PLACEMENT_3D ( 'NONE', #7005, #7633, #6344 ) ;
#6271 = ORIENTED_EDGE ( 'NONE', *, *, #230, .F. ) ;
#6272 = EDGE_CURVE ( 'NONE', #604, #7206, #2174, .T. ) ;
#6273 = EDGE_CURVE ( 'NONE', #7172, #7687, #1935, .T. ) ;
#6274 = LINE ( 'NONE', #3508, #3567 ) ;
#6275 = CARTESIAN_POINT ( 'NONE',  ( -2.835560183282140212, 0.4694475052452629638, 4.099713408451480134 ) ) ;
#6276 = ORIENTED_EDGE ( 'NONE', *, *, #438, .T. ) ;
#6277 = CARTESIAN_POINT ( 'NONE',  ( 1.250000000000000222, 5.700000000000171596, 4.099999999999992539 ) ) ;
#6278 = CARTESIAN_POINT ( 'NONE',  ( 3.810000000000000053, 2.774999999999999911, 3.399999999999999911 ) ) ;
#6279 = CARTESIAN_POINT ( 'NONE',  ( 0.000000000000000000, 7.150000000000000355, 0.000000000000000000 ) ) ;
#6280 = VECTOR ( 'NONE', #7651, 1000.000000000000000 ) ;
#6281 = ORIENTED_EDGE ( 'NONE', *, *, #4970, .F. ) ;
#6282 = EDGE_CURVE ( 'NONE', #8023, #2039, #2224, .T. ) ;
#6283 = DIRECTION ( 'NONE',  ( 0.01356798642016740150, -0.03811450043289633938, 0.9991812621347804235 ) ) ;
#6284 = DIRECTION ( 'NONE',  ( 1.000000000000000000, 0.000000000000000000, 0.000000000000000000 ) ) ;
#6285 = DIRECTION ( 'NONE',  ( 0.000000000000000000, -1.067522139062614778E-14, 1.000000000000000000 ) ) ;
#6286 = EDGE_CURVE ( 'NONE', #5353, #6207, #3224, .T. ) ;
#6287 = AXIS2_PLACEMENT_3D ( 'NONE', #6453, #7067, #6900 ) ;
#6288 = LINE ( 'NONE', #7374, #6173 ) ;
#6289 = ORIENTED_EDGE ( 'NONE', *, *, #4940, .T. ) ;
#6290 = CARTESIAN_POINT ( 'NONE',  ( -3.759142030651822619, 0.8759531298702368796, 4.100098463522911629 ) ) ;
#6291 = ADVANCED_FACE ( 'NONE', ( #7350 ), #6708, .T. ) ;
#6292 = ORIENTED_EDGE ( 'NONE', *, *, #4055, .F. ) ;
#6293 = FACE_OUTER_BOUND ( 'NONE', #7561, .T. ) ;
#6294 = DIRECTION ( 'NONE',  ( 0.01356798642016740150, -0.03811450043289633938, 0.9991812621347804235 ) ) ;
#6295 = DIRECTION ( 'NONE',  ( 8.672898728578286488E-17, -0.2588190451025190741, -0.9659258262890687563 ) ) ;
#6296 = CARTESIAN_POINT ( 'NONE',  ( -3.509999999999999787, 2.600000000000000533, 2.746891109999991976 ) ) ;
#6297 = ORIENTED_EDGE ( 'NONE', *, *, #4515, .F. ) ;
#6298 = CARTESIAN_POINT ( 'NONE',  ( 0.5410317005975423532, 0.7649163315111779937, 4.099983960503090330 ) ) ;
#6299 = LINE ( 'NONE', #7986, #969 ) ;
#6300 = CARTESIAN_POINT ( 'NONE',  ( 6.110000000000000320, 0.000000000000000000, 4.599999999999999645 ) ) ;
#6301 = CARTESIAN_POINT ( 'NONE',  ( -4.435907400775076503, 0.5595973432406083914, 4.600000000000000533 ) ) ;
#6302 = EDGE_CURVE ( 'NONE', #4882, #6823, #4930, .T. ) ;
#6303 = VERTEX_POINT ( 'NONE', #441 ) ;
#6304 = ORIENTED_EDGE ( 'NONE', *, *, #2757, .T. ) ;
#6305 = LINE ( 'NONE', #6866, #6437 ) ;
#6306 = EDGE_CURVE ( 'NONE', #6738, #1456, #4871, .T. ) ;
#6307 = EDGE_LOOP ( 'NONE', ( #1913, #1883, #753, #970 ) ) ;
#6308 = DIRECTION ( 'NONE',  ( -1.000000000000000000, -0.000000000000000000, -0.000000000000000000 ) ) ;
#6309 = PLANE ( 'NONE',  #6182 ) ;
#6310 = LINE ( 'NONE', #4895, #3556 ) ;
#6311 = CARTESIAN_POINT ( 'NONE',  ( 3.810000000000000053, 0.000000000000000000, -1.200000000000000178 ) ) ;
#6312 = VERTEX_POINT ( 'NONE', #7591 ) ;
#6313 = DIRECTION ( 'NONE',  ( -0.000000000000000000, 0.000000000000000000, 1.000000000000000000 ) ) ;
#6314 = ORIENTED_EDGE ( 'NONE', *, *, #438, .F. ) ;
#6315 = CARTESIAN_POINT ( 'NONE',  ( 2.833438904664819624, 0.4673042326236362953, 4.099721417460391315 ) ) ;
#6316 = PLANE ( 'NONE',  #5676 ) ;
#6317 = DIRECTION ( 'NONE',  ( -0.000000000000000000, 1.000000000000000000, 9.164576854217089559E-15 ) ) ;
#6318 = SURFACE_STYLE_FILL_AREA ( #3630 ) ;
#6319 = ORIENTED_EDGE ( 'NONE', *, *, #4842, .T. ) ;
#6320 = CIRCLE ( 'NONE', #4105, 0.09999999999999982514 ) ;
#6321 = EDGE_LOOP ( 'NONE', ( #5456, #5952, #5423, #1219 ) ) ;
#6322 = ORIENTED_EDGE ( 'NONE', *, *, #1244, .F. ) ;
#6323 = CARTESIAN_POINT ( 'NONE',  ( 0.4000000000000001887, 3.300000000000000266, 3.399999999999999911 ) ) ;
#6324 = DIRECTION ( 'NONE',  ( 0.000000000000000000, -1.000000000000000000, 0.000000000000000000 ) ) ;
#6325 = CARTESIAN_POINT ( 'NONE',  ( -1.300000000000000044, 0.3999999999998848366, -4.299999999999994493 ) ) ;
#6326 = CARTESIAN_POINT ( 'NONE',  ( 3.409999999999999254, -2.946891109999994818, -3.071824701299790128 ) ) ;
#6327 = DIRECTION ( 'NONE',  ( 1.000000000000000000, 0.000000000000000000, -0.000000000000000000 ) ) ;
#6328 = CIRCLE ( 'NONE', #5303, 0.8499999999999997558 ) ;
#6329 = ORIENTED_EDGE ( 'NONE', *, *, #1343, .T. ) ;
#6330 = DIRECTION ( 'NONE',  ( 0.000000000000000000, 0.000000000000000000, -1.000000000000000000 ) ) ;
#6331 = EDGE_CURVE ( 'NONE', #4882, #3997, #2177, .T. ) ;
#6332 = APPLICATION_PROTOCOL_DEFINITION ( 'draft international standard', 'automotive_design', 1998, #3296 ) ;
#6333 = ORIENTED_EDGE ( 'NONE', *, *, #6748, .T. ) ;
#6334 = VECTOR ( 'NONE', #696, 1000.000000000000000 ) ;
#6335 = ORIENTED_EDGE ( 'NONE', *, *, #5587, .F. ) ;
#6336 = ORIENTED_EDGE ( 'NONE', *, *, #4007, .T. ) ;
#6337 = AXIS2_PLACEMENT_3D ( 'NONE', #6589, #2804, #1059 ) ;
#6338 = VECTOR ( 'NONE', #3170, 1000.000000000000000 ) ;
#6339 = CARTESIAN_POINT ( 'NONE',  ( 3.409999999999999698, -2.946891109999995262, -3.000000000000033307 ) ) ;
#6340 = DIRECTION ( 'NONE',  ( 0.000000000000000000, 0.000000000000000000, -1.000000000000000000 ) ) ;
#6341 = ORIENTED_EDGE ( 'NONE', *, *, #4390, .F. ) ;
#6342 = CARTESIAN_POINT ( 'NONE',  ( -0.3712310600360556601, -3.054258255407589662, -3.771231060036082550 ) ) ;
#6343 = CARTESIAN_POINT ( 'NONE',  ( 0.9774677415239659828, 0.4663881584689215654, 4.099725652163933809 ) ) ;
#6344 = DIRECTION ( 'NONE',  ( 0.000000000000000000, -0.000000000000000000, -1.000000000000000000 ) ) ;
#6345 = AXIS2_PLACEMENT_3D ( 'NONE', #3864, #4481, #5487 ) ;
#6346 = ADVANCED_FACE ( 'NONE', ( #2269 ), #5740, .T. ) ;
#6347 = EDGE_CURVE ( 'NONE', #8034, #1646, #6880, .T. ) ;
#6348 = DIRECTION ( 'NONE',  ( -0.000000000000000000, 0.9659258261578430593, 0.2588190455922599331 ) ) ;
#6349 = LINE ( 'NONE', #2555, #1054 ) ;
#6350 = DIRECTION ( 'NONE',  ( 0.000000000000000000, -1.000000000000000000, 0.000000000000000000 ) ) ;
#6351 = CARTESIAN_POINT ( 'NONE',  ( -4.209999999999999964, -8.331370849898480202, -3.000000000000076827 ) ) ;
#6352 = ORIENTED_EDGE ( 'NONE', *, *, #4397, .T. ) ;
#6353 = ORIENTED_EDGE ( 'NONE', *, *, #2652, .F. ) ;
#6354 = ADVANCED_FACE ( 'NONE', ( #1965 ), #5564, .T. ) ;
#6355 = AXIS2_PLACEMENT_3D ( 'NONE', #6839, #2897, #685 ) ;
#6356 = CARTESIAN_POINT ( 'NONE',  ( 2.510000000000000231, 4.300000000000015810, -4.299999999999952749 ) ) ;
#6357 = ORIENTED_EDGE ( 'NONE', *, *, #2708, .T. ) ;
#6358 = CARTESIAN_POINT ( 'NONE',  ( -2.935334497175070556, 0.3646320912798093894, 4.599999999999996980 ) ) ;
#6359 = CARTESIAN_POINT ( 'NONE',  ( -4.720442544138025553, 0.4624992399632970042, 4.272329265174406032 ) ) ;
#6360 = CARTESIAN_POINT ( 'NONE',  ( -1.655000000000027116, 5.000000000000124345, 4.099999999999992539 ) ) ;
#6361 = CARTESIAN_POINT ( 'NONE',  ( 0.8976104009989336330, 0.3414529734827136398, 4.599999999999920597 ) ) ;
#6362 = FACE_OUTER_BOUND ( 'NONE', #1987, .T. ) ;
#6363 = CARTESIAN_POINT ( 'NONE',  ( 0.3712310600360560486, -3.054258255407590550, -3.771231060036082550 ) ) ;
#6364 = EDGE_LOOP ( 'NONE', ( #7758, #4907, #1967, #8008 ) ) ;
#6365 = EDGE_CURVE ( 'NONE', #4656, #1793, #4691, .T. ) ;
#6366 = DIRECTION ( 'NONE',  ( -0.000000000000000000, -0.000000000000000000, -1.000000000000000000 ) ) ;
#6367 = ORIENTED_EDGE ( 'NONE', *, *, #3246, .T. ) ;
#6368 = CARTESIAN_POINT ( 'NONE',  ( 4.770963045631239297, 0.4828706066171971067, 4.099724653600904212 ) ) ;
#6369 = EDGE_CURVE ( 'NONE', #6202, #2089, #4647, .T. ) ;
#6370 = CARTESIAN_POINT ( 'NONE',  ( 4.656350225037865442, 0.4561530169346432739, 4.438697105852864588 ) ) ;
#6371 = VERTEX_POINT ( 'NONE', #6966 ) ;
#6372 = DIRECTION ( 'NONE',  ( -0.000000000000000000, 1.000000000000000000, -0.000000000000000000 ) ) ;
#6373 = FACE_BOUND ( 'NONE', #1555, .T. ) ;
#6374 = ORIENTED_EDGE ( 'NONE', *, *, #748, .F. ) ;
#6375 = ORIENTED_EDGE ( 'NONE', *, *, #821, .T. ) ;
#6376 = VECTOR ( 'NONE', #7099, 1000.000000000000000 ) ;
#6377 = ORIENTED_EDGE ( 'NONE', *, *, #7490, .F. ) ;
#6378 = CARTESIAN_POINT ( 'NONE',  ( -2.835144832280914073, 0.4690279295270304294, 4.099713191446082483 ) ) ;
#6379 = ORIENTED_EDGE ( 'NONE', *, *, #6369, .T. ) ;
#6380 = CARTESIAN_POINT ( 'NONE',  ( -3.026025403784426082, 5.133974596215686859, 4.599999999999999645 ) ) ;
#6381 = DIRECTION ( 'NONE',  ( 0.000000000000000000, -0.9659258262890687563, 0.2588190451025190741 ) ) ;
#6382 = CARTESIAN_POINT ( 'NONE',  ( -0.3707106781186538802, 2.629289321881345565, 2.856200347158724284 ) ) ;
#6383 = DIRECTION ( 'NONE',  ( 0.000000000000000000, -0.000000000000000000, -1.000000000000000000 ) ) ;
#6384 = EDGE_CURVE ( 'NONE', #2612, #6152, #2017, .T. ) ;
#6385 = PRODUCT_DEFINITION ( 'UNKNOWN', '', #578, #1006 ) ;
#6386 = AXIS2_PLACEMENT_3D ( 'NONE', #2634, #4520, #3949 ) ;
#6387 = AXIS2_PLACEMENT_3D ( 'NONE', #4555, #1029, #5288 ) ;
#6388 = ORIENTED_EDGE ( 'NONE', *, *, #3469, .T. ) ;
#6389 = DIRECTION ( 'NONE',  ( -1.000000000000000000, 0.000000000000000000, 0.000000000000000000 ) ) ;
#6390 = CARTESIAN_POINT ( 'NONE',  ( 6.410000000000000142, 6.150000000000000355, 4.599999999999999645 ) ) ;
#6391 = CARTESIAN_POINT ( 'NONE',  ( -6.110000000000001208, 5.566025403784609971, 4.599999999999999645 ) ) ;
#6392 = EDGE_CURVE ( 'NONE', #5359, #5395, #7695, .T. ) ;
#6393 = VECTOR ( 'NONE', #4381, 1000.000000000000000 ) ;
#6394 = VERTEX_POINT ( 'NONE', #3835 ) ;
#6395 = ORIENTED_EDGE ( 'NONE', *, *, #3836, .T. ) ;
#6396 = COLOUR_RGB ( '',0.7921568627450980005, 0.8196078431372548767, 0.9333333333333333481 ) ;
#6397 = PLANE ( 'NONE',  #7902 ) ;
#6398 = FILL_AREA_STYLE ('',( #201 ) ) ;
#6399 = ORIENTED_EDGE ( 'NONE', *, *, #978, .T. ) ;
#6400 = EDGE_CURVE ( 'NONE', #6971, #533, #7608, .T. ) ;
#6401 = CARTESIAN_POINT ( 'NONE',  ( -0.7915403914550721565, 0.4419401793627300012, 4.600000000000062705 ) ) ;
#6402 = CARTESIAN_POINT ( 'NONE',  ( -4.209999999999999964, -2.946891109999995262, -3.701776695000027484 ) ) ;
#6403 = CARTESIAN_POINT ( 'NONE',  ( 4.035000000000006359, -3.600000000000000533, 0.000000000000000000 ) ) ;
#6404 = VERTEX_POINT ( 'NONE', #2479 ) ;
#6405 = CARTESIAN_POINT ( 'NONE',  ( 0.3525644283457625150, -2.984593437674523564, -3.789897691726375140 ) ) ;
#6406 = CARTESIAN_POINT ( 'NONE',  ( -2.324999999999999734, 6.350000000000171063, -3.650000000000000355 ) ) ;
#6407 = FACE_OUTER_BOUND ( 'NONE', #7349, .T. ) ;
#6408 = PLANE ( 'NONE',  #4658 ) ;
#6409 = VERTEX_POINT ( 'NONE', #5070 ) ;
#6410 = VERTEX_POINT ( 'NONE', #2428 ) ;
#6411 = LINE ( 'NONE', #165, #3536 ) ;
#6412 = ORIENTED_EDGE ( 'NONE', *, *, #7744, .F. ) ;
#6413 = DIRECTION ( 'NONE',  ( 0.000000000000000000, -1.156482317317871922E-14, 1.000000000000000000 ) ) ;
#6414 = ORIENTED_EDGE ( 'NONE', *, *, #5790, .F. ) ;
#6415 = CARTESIAN_POINT ( 'NONE',  ( 4.138175298700237370, -2.946891109999991265, -3.800000000000027800 ) ) ;
#6416 = CARTESIAN_POINT ( 'NONE',  ( 0.000000000000000000, 0.3999999999998454792, 3.659182332137164615E-15 ) ) ;
#6417 = VECTOR ( 'NONE', #7726, 1000.000000000000000 ) ;
#6418 = PLANE ( 'NONE',  #3709 ) ;
#6419 = VERTEX_POINT ( 'NONE', #166 ) ;
#6420 = CARTESIAN_POINT ( 'NONE',  ( -0.3999999999999993006, 3.225000000000000533, 3.399999999999999911 ) ) ;
#6421 = ORIENTED_EDGE ( 'NONE', *, *, #6558, .F. ) ;
#6422 = CARTESIAN_POINT ( 'NONE',  ( 4.571990903911539839, 0.6449592113650091108, 4.099867957028483723 ) ) ;
#6423 = ADVANCED_FACE ( 'NONE', ( #4595 ), #4906, .T. ) ;
#6424 = DIRECTION ( 'NONE',  ( 8.672898728578286488E-17, -0.2588190451025190741, -0.9659258262890687563 ) ) ;
#6425 = FACE_OUTER_BOUND ( 'NONE', #7080, .T. ) ;
#6426 = CARTESIAN_POINT ( 'NONE',  ( -4.754950569420013373, 0.2936405602868302767, 4.600000000000012079 ) ) ;
#6427 = ORIENTED_EDGE ( 'NONE', *, *, #4187, .T. ) ;
#6428 = LINE ( 'NONE', #5248, #6417 ) ;
#6429 = CARTESIAN_POINT ( 'NONE',  ( -2.874219110216768236, 0.5069931359745897259, 4.099744983403851073 ) ) ;
#6430 = EDGE_LOOP ( 'NONE', ( #2761, #4338, #1069, #5438, #5376, #1817 ) ) ;
#6431 = DIRECTION ( 'NONE',  ( -0.000000000000000000, -0.000000000000000000, -1.000000000000000000 ) ) ;
#6432 = UNCERTAINTY_MEASURE_WITH_UNIT (LENGTH_MEASURE( 1.000000000000000082E-05 ), #4700, 'distance_accuracy_value', 'NONE');
#6433 = EDGE_CURVE ( 'NONE', #7336, #3470, #2030, .T. ) ;
#6434 = CARTESIAN_POINT ( 'NONE',  ( 0.7815732147091027926, 0.4500000001183834808, 4.599999999999999645 ) ) ;
#6435 = DIRECTION ( 'NONE',  ( -0.000000000000000000, -0.000000000000000000, 1.000000000000000000 ) ) ;
#6436 = CARTESIAN_POINT ( 'NONE',  ( 2.510000000000000231, 0.3999999999998605227, -1.649999999999993472 ) ) ;
#6437 = VECTOR ( 'NONE', #5116, 1000.000000000000000 ) ;
#6438 = ORIENTED_EDGE ( 'NONE', *, *, #3638, .F. ) ;
#6439 = DIRECTION ( 'NONE',  ( 0.000000000000000000, -0.000000000000000000, -1.000000000000000000 ) ) ;
#6440 = CARTESIAN_POINT ( 'NONE',  ( 0.4000000000000001887, 2.700000000000000178, 2.746891109999991976 ) ) ;
#6441 = CARTESIAN_POINT ( 'NONE',  ( 4.336808689942017736E-16, 3.000000000000000000, -2.149999999999999911 ) ) ;
#6442 = EDGE_CURVE ( 'NONE', #6744, #5539, #7534, .T. ) ;
#6443 = CARTESIAN_POINT ( 'NONE',  ( 4.180710678118654933, 2.629289321881345565, 2.856200347158724284 ) ) ;
#6444 = VECTOR ( 'NONE', #1739, 1000.000000000000000 ) ;
#6445 = VERTEX_POINT ( 'NONE', #4231 ) ;
#6446 = ADVANCED_FACE ( 'NONE', ( #4827 ), #7393, .T. ) ;
#6447 = AXIS2_PLACEMENT_3D ( 'NONE', #2505, #3770, #641 ) ;
#6448 = CARTESIAN_POINT ( 'NONE',  ( -3.460746304845299104, 0.8309477332913096648, 4.100051242530053486 ) ) ;
#6449 = EDGE_CURVE ( 'NONE', #3534, #4958, #4843, .T. ) ;
#6450 = CARTESIAN_POINT ( 'NONE',  ( 0.4000000000000001887, -2.946891109999997482, -3.000000000000027534 ) ) ;
#6451 = CARTESIAN_POINT ( 'NONE',  ( 5.060000000000000497, 5.700000000000171596, 4.599999999999999645 ) ) ;
#6452 = ORIENTED_EDGE ( 'NONE', *, *, #2829, .T. ) ;
#6453 = CARTESIAN_POINT ( 'NONE',  ( 4.110000000000001208, 3.300000000000000266, -1.200000000000000178 ) ) ;
#6454 = CARTESIAN_POINT ( 'NONE',  ( -0.7388566327663076416, 0.4840026340542524230, 4.600000000000330047 ) ) ;
#6455 = CARTESIAN_POINT ( 'NONE',  ( -2.509999999999998455, 6.400000000000018119, -4.299999999999999822 ) ) ;
#6456 = PLANE ( 'NONE',  #5246 ) ;
#6457 = ORIENTED_EDGE ( 'NONE', *, *, #3739, .T. ) ;
#6458 = DIRECTION ( 'NONE',  ( 0.000000000000000000, -1.000000000000000000, -9.164576854217089559E-15 ) ) ;
#6459 = DIRECTION ( 'NONE',  ( 1.000000000000000000, 0.000000000000000000, 0.000000000000000000 ) ) ;
#6460 = AXIS2_PLACEMENT_3D ( 'NONE', #6416, #775, #1360 ) ;
#6461 = CARTESIAN_POINT ( 'NONE',  ( -6.410000000000001030, 0.8500000000000007550, 4.000000000000000000 ) ) ;
#6462 = VERTEX_POINT ( 'NONE', #880 ) ;
#6463 = PLANE ( 'NONE',  #190 ) ;
#6464 = VECTOR ( 'NONE', #6037, 1000.000000000000000 ) ;
#6465 = ORIENTED_EDGE ( 'NONE', *, *, #1605, .T. ) ;
#6466 = EDGE_CURVE ( 'NONE', #6207, #1925, #673, .T. ) ;
#6467 = CARTESIAN_POINT ( 'NONE',  ( 0.8845048920256303182, 0.4599309742376677113, 4.339657000290593203 ) ) ;
#6468 = EDGE_CURVE ( 'NONE', #490, #1299, #2362, .T. ) ;
#6469 = ORIENTED_EDGE ( 'NONE', *, *, #2504, .F. ) ;
#6470 = CARTESIAN_POINT ( 'NONE',  ( 4.162564428345763012, -2.984593437674523564, -3.789897691726375584 ) ) ;
#6471 = CARTESIAN_POINT ( 'NONE',  ( 0.9455009530139604212, 0.2930847726377625584, 4.599999999993252153 ) ) ;
#6472 = CYLINDRICAL_SURFACE ( 'NONE', #3541, 0.1000000000000002554 ) ;
#6473 = CARTESIAN_POINT ( 'NONE',  ( 0.8500000000000000888, 3.000000000000000000, -1.200000000000000178 ) ) ;
#6474 = ORIENTED_EDGE ( 'NONE', *, *, #5844, .T. ) ;
#6475 = CARTESIAN_POINT ( 'NONE',  ( 2.865049430579988510, 0.2936405602868312203, 4.600000000000012079 ) ) ;
#6476 = PLANE ( 'NONE',  #2615 ) ;
#6477 = DIRECTION ( 'NONE',  ( -0.000000000000000000, 1.000000000000000000, -0.000000000000000000 ) ) ;
#6478 = ORIENTED_EDGE ( 'NONE', *, *, #4101, .T. ) ;
#6479 = ADVANCED_FACE ( 'NONE', ( #5128 ), #5047, .T. ) ;
#6480 = EDGE_CURVE ( 'NONE', #7799, #604, #7761, .T. ) ;
#6481 = CARTESIAN_POINT ( 'NONE',  ( -3.133370377940972062, 0.6983894998637483198, 4.099918461251037982 ) ) ;
#6482 = ORIENTED_EDGE ( 'NONE', *, *, #278, .T. ) ;
#6483 = ADVANCED_FACE ( 'NONE', ( #2454 ), #1514, .T. ) ;
#6484 = DIRECTION ( 'NONE',  ( 1.000000000000000000, -1.417136119250013615E-16, 0.000000000000000000 ) ) ;
#6485 = CARTESIAN_POINT ( 'NONE',  ( -0.5467867383289586325, 0.6114920910899502848, 4.600000000000000533 ) ) ;
#6486 = CARTESIAN_POINT ( 'NONE',  ( -0.9749582345897961355, 0.4689237747663769218, 4.099713771945038943 ) ) ;
#6487 = CARTESIAN_POINT ( 'NONE',  ( -5.465000000000027391, 0.4499999999978930854, 4.600000000000000533 ) ) ;
#6488 = VECTOR ( 'NONE', #4522, 1000.000000000000000 ) ;
#6489 = EDGE_CURVE ( 'NONE', #7250, #7479, #7827, .T. ) ;
#6490 = ORIENTED_EDGE ( 'NONE', *, *, #768, .T. ) ;
#6491 = CARTESIAN_POINT ( 'NONE',  ( 4.181231060036054714, -3.054258255407597211, -3.028768939963972784 ) ) ;
#6492 = CARTESIAN_POINT ( 'NONE',  ( 0.2999999999999999334, 2.600000000000000533, -1.200000000000000178 ) ) ;
#6493 = ORIENTED_EDGE ( 'NONE', *, *, #4970, .T. ) ;
#6494 = CARTESIAN_POINT ( 'NONE',  ( 0.000000000000000000, 3.225000000000000533, 3.399999999999999911 ) ) ;
#6495 = PLANE ( 'NONE',  #204 ) ;
#6496 = ORIENTED_EDGE ( 'NONE', *, *, #3618, .T. ) ;
#6497 = FACE_OUTER_BOUND ( 'NONE', #6668, .T. ) ;
#6498 = CARTESIAN_POINT ( 'NONE',  ( 3.508223304999999570, -8.331370849898480202, -3.098223305000076699 ) ) ;
#6499 = EDGE_LOOP ( 'NONE', ( #2903, #2188, #7862, #3423 ) ) ;
#6500 = CARTESIAN_POINT ( 'NONE',  ( -4.460000000000010623, 5.700000000000171596, -2.149999999999999911 ) ) ;
#6501 = CARTESIAN_POINT ( 'NONE',  ( -0.8717811526497243335, 0.3675460878752610516, 4.599999999999951683 ) ) ;
#6502 = CARTESIAN_POINT ( 'NONE',  ( -4.111776695000000537, -2.946891109999993041, -3.800000000000027356 ) ) ;
#6503 = DIRECTION ( 'NONE',  ( 1.000000000000000000, -0.000000000000000000, -0.000000000000000000 ) ) ;
#6504 = DIRECTION ( 'NONE',  ( 0.000000000000000000, 0.000000000000000000, -1.000000000000000000 ) ) ;
#6505 = CARTESIAN_POINT ( 'NONE',  ( -5.110000000000000320, 0.3999999999998605227, -1.649999999999993472 ) ) ;
#6506 = DIRECTION ( 'NONE',  ( -0.000000000000000000, -0.000000000000000000, -1.000000000000000000 ) ) ;
#6507 = AXIS2_PLACEMENT_3D ( 'NONE', #1182, #6524, #7771 ) ;
#6508 = ORIENTED_EDGE ( 'NONE', *, *, #7015, .T. ) ;
#6509 = ADVANCED_FACE ( 'NONE', ( #5141 ), #2180, .F. ) ;
#6510 = LINE ( 'NONE', #4252, #3799 ) ;
#6511 = ORIENTED_EDGE ( 'NONE', *, *, #4210, .T. ) ;
#6512 = EDGE_CURVE ( 'NONE', #2924, #6130, #4985, .T. ) ;
#6513 = CARTESIAN_POINT ( 'NONE',  ( 0.8878326155180092938, 0.4602615798222002841, 4.330990091332845182 ) ) ;
#6514 = SURFACE_STYLE_FILL_AREA ( #6398 ) ;
#6515 = CARTESIAN_POINT ( 'NONE',  ( 6.410000000000000142, 3.750000000000000888, 2.100000000000000089 ) ) ;
#6516 = CARTESIAN_POINT ( 'NONE',  ( -0.3017766950000003723, 0.3999999999998726796, -3.098223304999996319 ) ) ;
#6517 = ORIENTED_EDGE ( 'NONE', *, *, #6211, .T. ) ;
#6518 = CARTESIAN_POINT ( 'NONE',  ( 4.779966174367230813, 0.4739431823188537951, 4.099717220368702009 ) ) ;
#6519 = DIRECTION ( 'NONE',  ( -1.000000000000000000, 0.000000000000000000, 0.000000000000000000 ) ) ;
#6520 = DIRECTION ( 'NONE',  ( -1.000000000000000000, 0.000000000000000000, 0.000000000000000000 ) ) ;
#6521 = VERTEX_POINT ( 'NONE', #1079 ) ;
#6522 = CARTESIAN_POINT ( 'NONE',  ( -0.4000000000000004108, -2.946891109999993930, -3.728175298700263429 ) ) ;
#6523 = EDGE_LOOP ( 'NONE', ( #1921, #2849, #6674, #4603, #1303 ) ) ;
#6524 = DIRECTION ( 'NONE',  ( -0.000000000000000000, -0.000000000000000000, -1.000000000000000000 ) ) ;
#6525 = EDGE_CURVE ( 'NONE', #4619, #1701, #2500, .T. ) ;
#6526 = SHAPE_REPRESENTATION_RELATIONSHIP ( 'NONE' , 'NONE' ,  #2332, #7189 ) ;
#6527 = ORIENTED_EDGE ( 'NONE', *, *, #5283, .T. ) ;
#6528 = CARTESIAN_POINT ( 'NONE',  ( 0.6500000000000116795, 5.000000000000124345, -2.149999999999999911 ) ) ;
#6529 = CARTESIAN_POINT ( 'NONE',  ( 3.810000000000002718, 6.000000000000019540, -4.299999999999999822 ) ) ;
#6530 = CARTESIAN_POINT ( 'NONE',  ( -0.9754502038238133110, 0.4684266792095791998, 4.099716181781215774 ) ) ;
#6531 = EDGE_CURVE ( 'NONE', #4328, #2083, #7650, .T. ) ;
#6532 = VECTOR ( 'NONE', #6435, 1000.000000000000000 ) ;
#6533 = ORIENTED_EDGE ( 'NONE', *, *, #4223, .F. ) ;
#6534 =( NAMED_UNIT ( * ) PLANE_ANGLE_UNIT ( ) SI_UNIT ( $, .RADIAN. ) );
#6535 = ORIENTED_EDGE ( 'NONE', *, *, #5587, .T. ) ;
#6536 = DIRECTION ( 'NONE',  ( 0.000000000000000000, -1.000000000000000000, 0.000000000000000000 ) ) ;
#6537 = DIRECTION ( 'NONE',  ( -6.424901762877063495E-17, 0.000000000000000000, 1.000000000000000000 ) ) ;
#6538 = ADVANCED_FACE ( 'NONE', ( #7865 ), #3370, .F. ) ;
#6539 = B_SPLINE_CURVE_WITH_KNOTS ( 'NONE', 3,
 ( #7082, #6181, #3489, #925, #2837, #6513, #6467, #7139, #1780, #2396 ),
 .UNSPECIFIED., .F., .F.,
 ( 4, 1, 1, 2, 2, 4 ),
 ( 0.000000000000000000, 0.2500000000000022204, 0.3750000000000011657, 0.4375000000000006106, 0.5000000000000000000, 1.000000000000000000 ),
 .UNSPECIFIED. ) ;
#6540 = VERTEX_POINT ( 'NONE', #7653 ) ;
#6541 = COLOUR_RGB ( '',0.7921568627450980005, 0.8196078431372548767, 0.9333333333333333481 ) ;
#6542 = EDGE_CURVE ( 'NONE', #3874, #5408, #5154, .T. ) ;
#6543 = EDGE_LOOP ( 'NONE', ( #7305, #1844, #1593, #6897 ) ) ;
#6544 = ADVANCED_FACE ( 'NONE', ( #7933, #2560, #5251, #2334 ), #6940, .F. ) ;
#6545 = LINE ( 'NONE', #7084, #1352 ) ;
#6546 = CARTESIAN_POINT ( 'NONE',  ( -0.3360913985266003601, 4.686091398526713192, 2.928477150368324455 ) ) ;
#6547 = AXIS2_PLACEMENT_3D ( 'NONE', #2084, #3278, #2131 ) ;
#6548 = CARTESIAN_POINT ( 'NONE',  ( -2.509999999999998455, 6.400000000000018119, -4.299999999999999822 ) ) ;
#6549 = ORIENTED_EDGE ( 'NONE', *, *, #3295, .F. ) ;
#6550 = CARTESIAN_POINT ( 'NONE',  ( 4.110000000000001208, 3.400000000000000355, 3.399999999999999911 ) ) ;
#6551 = EDGE_LOOP ( 'NONE', ( #6650, #7600, #2304, #4245 ) ) ;
#6552 = CARTESIAN_POINT ( 'NONE',  ( -0.8836453587791542885, 0.3555601647429417755, 4.599999999999995204 ) ) ;
#6553 = DIRECTION ( 'NONE',  ( -1.284980352575412699E-16, 0.000000000000000000, 1.000000000000000000 ) ) ;
#6554 = DIRECTION ( 'NONE',  ( 0.000000000000000000, 0.000000000000000000, -1.000000000000000000 ) ) ;
#6555 = CARTESIAN_POINT ( 'NONE',  ( -0.2999999999999990452, 2.600000000000000533, -1.200000000000000178 ) ) ;
#6556 = CARTESIAN_POINT ( 'NONE',  ( -4.591573271425394509, 0.4499999999978933074, 4.599999999999999645 ) ) ;
#6557 = VERTEX_POINT ( 'NONE', #5464 ) ;
#6558 = EDGE_CURVE ( 'NONE', #3656, #6241, #5013, .T. ) ;
#6559 = EDGE_CURVE ( 'NONE', #2934, #144, #2441, .T. ) ;
#6560 = VECTOR ( 'NONE', #7706, 1000.000000000000000 ) ;
#6561 = DIRECTION ( 'NONE',  ( 0.000000000000000000, 0.000000000000000000, -1.000000000000000000 ) ) ;
#6562 = ORIENTED_EDGE ( 'NONE', *, *, #1494, .F. ) ;
#6563 = CARTESIAN_POINT ( 'NONE',  ( -6.110000000000001208, 2.550000000000001155, 2.100000000000000089 ) ) ;
#6564 = CARTESIAN_POINT ( 'NONE',  ( -2.510000000000000231, 0.000000000000000000, 0.000000000000000000 ) ) ;
#6565 = PLANE ( 'NONE',  #6837 ) ;
#6566 = PRESENTATION_STYLE_ASSIGNMENT (( #151 ) ) ;
#6567 = CARTESIAN_POINT ( 'NONE',  ( -3.359927531945280155, -2.760018115538397598, -3.850072468054746011 ) ) ;
#6568 = ORIENTED_EDGE ( 'NONE', *, *, #1458, .F. ) ;
#6569 = CARTESIAN_POINT ( 'NONE',  ( 4.858275081956292318, 0.3948604934881043138, 4.100059614940190222 ) ) ;
#6570 = PRESENTATION_LAYER_ASSIGNMENT (  '', '', ( #4307 ) ) ;
#6571 = CARTESIAN_POINT ( 'NONE',  ( -6.110000000000001208, 7.150000000000000355, 1.399999999999999689 ) ) ;
#6572 = CARTESIAN_POINT ( 'NONE',  ( -3.720153611331306287, 0.8759518549293533463, 4.100098683320267945 ) ) ;
#6573 = FACE_OUTER_BOUND ( 'NONE', #1102, .T. ) ;
#6574 = VERTEX_POINT ( 'NONE', #2544 ) ;
#6575 = EDGE_CURVE ( 'NONE', #7606, #1108, #7894, .T. ) ;
#6576 = VERTEX_POINT ( 'NONE', #1378 ) ;
#6577 =( BOUNDED_CURVE ( )  B_SPLINE_CURVE ( 3, ( #3444, #762, #2471, #2566 ),
 .UNSPECIFIED., .F., .F. ) 
 B_SPLINE_CURVE_WITH_KNOTS ( ( 4, 4 ),
 ( 5.497787143782146835, 6.283185307179586232 ),
 .UNSPECIFIED. ) 
 CURVE ( )  GEOMETRIC_REPRESENTATION_ITEM ( )  RATIONAL_B_SPLINE_CURVE ( ( 1.000000000000000000, 0.9492530216741923432, 0.9492530216741923432, 1.000000000000000000 ) ) 
 REPRESENTATION_ITEM ( '' )  );
#6578 = VERTEX_POINT ( 'NONE', #138 ) ;
#6579 = EDGE_CURVE ( 'NONE', #7621, #2918, #7911, .T. ) ;
#6580 = ORIENTED_EDGE ( 'NONE', *, *, #489, .F. ) ;
#6581 = CARTESIAN_POINT ( 'NONE',  ( -4.785078667130841623, 0.4688020880797144629, 4.099714495844827944 ) ) ;
#6582 = DIRECTION ( 'NONE',  ( 0.000000000000000000, 0.000000000000000000, -1.000000000000000000 ) ) ;
#6583 = CARTESIAN_POINT ( 'NONE',  ( -0.9408720947703508308, 0.5022169268285354704, 4.099740928956542518 ) ) ;
#6584 = ORIENTED_EDGE ( 'NONE', *, *, #4791, .T. ) ;
#6585 = DIRECTION ( 'NONE',  ( -0.000000000000000000, -0.000000000000000000, -1.000000000000000000 ) ) ;
#6586 = DIRECTION ( 'NONE',  ( 0.000000000000000000, 0.000000000000000000, -1.000000000000000000 ) ) ;
#6587 = CARTESIAN_POINT ( 'NONE',  ( -3.585389438910923321, 0.7113989734981016611, 4.600000000000010303 ) ) ;
#6588 = DIRECTION ( 'NONE',  ( -1.000000000000000000, 0.000000000000000000, 0.000000000000000000 ) ) ;
#6589 = CARTESIAN_POINT ( 'NONE',  ( 5.110000000000000320, 0.000000000000000000, 0.000000000000000000 ) ) ;
#6590 = EDGE_LOOP ( 'NONE', ( #3361, #1214, #6314, #453 ) ) ;
#6591 = ORIENTED_EDGE ( 'NONE', *, *, #5278, .T. ) ;
#6592 = ORIENTED_EDGE ( 'NONE', *, *, #4155, .F. ) ;
#6593 = CARTESIAN_POINT ( 'NONE',  ( -2.510000000000000231, 4.300000000000019362, -4.599999999999953459 ) ) ;
#6594 = DIRECTION ( 'NONE',  ( -0.000000000000000000, 1.000000000000000000, 9.147955830346445240E-15 ) ) ;
#6595 = ORIENTED_EDGE ( 'NONE', *, *, #2326, .F. ) ;
#6596 = DIRECTION ( 'NONE',  ( -0.2505628075300823654, 0.2505628075300823654, 0.9351131262929025523 ) ) ;
#6597 = CARTESIAN_POINT ( 'NONE',  ( 0.8856389417862999824, 0.3535462158898055596, 4.599999999999999645 ) ) ;
#6598 = AXIS2_PLACEMENT_3D ( 'NONE', #4098, #4615, #7768 ) ;
#6599 = ORIENTED_EDGE ( 'NONE', *, *, #394, .T. ) ;
#6600 = CARTESIAN_POINT ( 'NONE',  ( 1.300000000000000044, 0.000000000000000000, 0.000000000000000000 ) ) ;
#6601 = CARTESIAN_POINT ( 'NONE',  ( -2.509999999999998455, 5.600000000000019185, -4.599999999999999645 ) ) ;
#6602 = ADVANCED_FACE ( 'NONE', ( #2510 ), #5090, .T. ) ;
#6603 = CARTESIAN_POINT ( 'NONE',  ( -0.3999999999999990230, 3.326876110206469672, 2.746891109999992864 ) ) ;
#6604 = CARTESIAN_POINT ( 'NONE',  ( -4.482274904250394876, 0.5403473406814413016, 4.599999999999998757 ) ) ;
#6605 = VERTEX_POINT ( 'NONE', #1775 ) ;
#6606 = ORIENTED_EDGE ( 'NONE', *, *, #6306, .F. ) ;
#6607 = EDGE_CURVE ( 'NONE', #5558, #1931, #2425, .T. ) ;
#6608 = VERTEX_POINT ( 'NONE', #3649 ) ;
#6609 = ORIENTED_EDGE ( 'NONE', *, *, #1121, .T. ) ;
#6610 = CARTESIAN_POINT ( 'NONE',  ( 6.410000000000000142, 6.150000000000000355, 4.000000000000000000 ) ) ;
#6611 = ORIENTED_EDGE ( 'NONE', *, *, #7467, .F. ) ;
#6612 = DIRECTION ( 'NONE',  ( 0.000000000000000000, -1.000000000000000000, -1.067522139062614778E-14 ) ) ;
#6613 = CARTESIAN_POINT ( 'NONE',  ( 6.110000000000000320, 7.150000000000000355, 1.399999999999999689 ) ) ;
#6614 = DIRECTION ( 'NONE',  ( 0.000000000000000000, 1.000000000000000000, 9.164576854217089559E-15 ) ) ;
#6615 = DIRECTION ( 'NONE',  ( 0.000000000000000000, 4.565061778886335030E-16, -1.000000000000000000 ) ) ;
#6616 = ORIENTED_EDGE ( 'NONE', *, *, #5913, .F. ) ;
#6617 = CARTESIAN_POINT ( 'NONE',  ( 2.934758533963907734, 0.3640501035537011543, 4.599999999999982769 ) ) ;
#6618 = ORIENTED_EDGE ( 'NONE', *, *, #5723, .F. ) ;
#6619 = CARTESIAN_POINT ( 'NONE',  ( 3.137725095748516324, 0.5403473406805384682, 4.599999999999999645 ) ) ;
#6620 = CARTESIAN_POINT ( 'NONE',  ( 4.651226255320256797, 0.3973648857287570002, 4.600000000000195932 ) ) ;
#6621 = CARTESIAN_POINT ( 'NONE',  ( 3.420285042102435558, 3.351706398339743931, 2.785275409606415398 ) ) ;
#6622 = CARTESIAN_POINT ( 'NONE',  ( 3.410000000000000586, 3.400000000000000355, 3.399999999999999911 ) ) ;
#6623 = LINE ( 'NONE', #3434, #6638 ) ;
#6624 = EDGE_CURVE ( 'NONE', #3627, #6718, #7964, .T. ) ;
#6625 = ORIENTED_EDGE ( 'NONE', *, *, #2652, .T. ) ;
#6626 = CARTESIAN_POINT ( 'NONE',  ( -0.3898976917263486386, -2.984593437674524896, -3.752564428345788183 ) ) ;
#6627 = ORIENTED_EDGE ( 'NONE', *, *, #6153, .F. ) ;
#6628 = CARTESIAN_POINT ( 'NONE',  ( -4.305983950501783397, 0.7840613880603861663, 4.100003168651743302 ) ) ;
#6629 = CARTESIAN_POINT ( 'NONE',  ( -1.250000000000000222, 5.700000000000171596, -3.650000000000000355 ) ) ;
#6630 = EDGE_LOOP ( 'NONE', ( #4217, #4012, #5011, #4203 ) ) ;
#6631 = EDGE_CURVE ( 'NONE', #5294, #4017, #7788, .T. ) ;
#6632 = ORIENTED_EDGE ( 'NONE', *, *, #6675, .T. ) ;
#6633 = ADVANCED_FACE ( 'NONE', ( #2572 ), #3854, .F. ) ;
#6634 = ORIENTED_EDGE ( 'NONE', *, *, #562, .F. ) ;
#6635 = CARTESIAN_POINT ( 'NONE',  ( -0.4000000000000001887, -8.331370849898474873, -3.701776695000076778 ) ) ;
#6636 = CARTESIAN_POINT ( 'NONE',  ( 0.4000000000000001887, 2.774999999999999911, 3.399999999999999911 ) ) ;
#6637 = CARTESIAN_POINT ( 'NONE',  ( -0.6108114729157160250, 0.7326034171788111671, 4.099951913431916672 ) ) ;
#6638 = VECTOR ( 'NONE', #795, 1000.000000000000000 ) ;
#6639 = ORIENTED_EDGE ( 'NONE', *, *, #3666, .F. ) ;
#6640 = EDGE_CURVE ( 'NONE', #2089, #7952, #7751, .T. ) ;
#6641 = PLANE ( 'NONE',  #7303 ) ;
#6642 = PLANE ( 'NONE',  #1665 ) ;
#6643 = DIRECTION ( 'NONE',  ( 0.000000000000000000, -0.000000000000000000, -1.000000000000000000 ) ) ;
#6644 = EDGE_CURVE ( 'NONE', #3607, #7621, #2476, .T. ) ;
#6645 = VERTEX_POINT ( 'NONE', #189 ) ;
#6646 = ORIENTED_EDGE ( 'NONE', *, *, #543, .F. ) ;
#6647 = LINE ( 'NONE', #6886, #6759 ) ;
#6648 = CARTESIAN_POINT ( 'NONE',  ( 2.154999999999974492, 0.7074836895662699465, -2.149999999999999911 ) ) ;
#6649 = CARTESIAN_POINT ( 'NONE',  ( -4.146091398526601246, 4.686091398526713192, 2.928477150368324011 ) ) ;
#6650 = ORIENTED_EDGE ( 'NONE', *, *, #2931, .T. ) ;
#6651 = VERTEX_POINT ( 'NONE', #3539 ) ;
#6652 = CARTESIAN_POINT ( 'NONE',  ( 0.8161432428953998564, 0.4203983117852183593, 4.599999999999995204 ) ) ;
#6653 = DIRECTION ( 'NONE',  ( -1.000000000000000000, 0.000000000000000000, 0.000000000000000000 ) ) ;
#6654 = EDGE_CURVE ( 'NONE', #2366, #4547, #2954, .T. ) ;
#6655 = CARTESIAN_POINT ( 'NONE',  ( 1.300000000000001599, 5.600000000000019185, -4.599999999999999645 ) ) ;
#6656 = VERTEX_POINT ( 'NONE', #6670 ) ;
#6657 = CARTESIAN_POINT ( 'NONE',  ( 2.762275078235415737, 0.3954161282703360647, 4.100056995364639079 ) ) ;
#6658 = CARTESIAN_POINT ( 'NONE',  ( 1.300000000000001599, 6.400000000000018119, -4.599999999999999645 ) ) ;
#6659 = DIRECTION ( 'NONE',  ( 1.000000000000000000, 0.000000000000000000, 0.000000000000000000 ) ) ;
#6660 = ADVANCED_FACE ( 'NONE', ( #5078 ), #2393, .T. ) ;
#6661 = EDGE_CURVE ( 'NONE', #1231, #1495, #5211, .T. ) ;
#6662 = AXIS2_PLACEMENT_3D ( 'NONE', #1180, #3297, #3245 ) ;
#6663 = AXIS2_PLACEMENT_3D ( 'NONE', #2064, #2556, #3920 ) ;
#6664 = ORIENTED_EDGE ( 'NONE', *, *, #6531, .T. ) ;
#6665 = DIRECTION ( 'NONE',  ( 1.000000000000000000, -0.000000000000000000, -0.000000000000000000 ) ) ;
#6666 = ORIENTED_EDGE ( 'NONE', *, *, #1322, .T. ) ;
#6667 = FACE_OUTER_BOUND ( 'NONE', #7614, .T. ) ;
#6668 = EDGE_LOOP ( 'NONE', ( #864, #7085, #3379, #3679, #3758 ) ) ;
#6669 = ORIENTED_EDGE ( 'NONE', *, *, #270, .F. ) ;
#6670 = CARTESIAN_POINT ( 'NONE',  ( 3.410000000000000586, 2.700000000000000178, -1.200000000000000178 ) ) ;
#6671 = CARTESIAN_POINT ( 'NONE',  ( 4.136876110206469725, 2.600000000000000533, 2.746891109999991087 ) ) ;
#6672 = PLANE ( 'NONE',  #5992 ) ;
#6673 = CARTESIAN_POINT ( 'NONE',  ( 2.559999999999999609, 5.700000000000171596, -3.650000000000000355 ) ) ;
#6674 = ORIENTED_EDGE ( 'NONE', *, *, #7646, .F. ) ;
#6675 = EDGE_CURVE ( 'NONE', #2012, #4656, #2465, .T. ) ;
#6676 = CARTESIAN_POINT ( 'NONE',  ( 2.941190231276213041, 0.3705365687609605274, 4.599999999999991651 ) ) ;
#6677 = ORIENTED_EDGE ( 'NONE', *, *, #4653, .F. ) ;
#6678 = DIRECTION ( 'NONE',  ( 0.000000000000000000, -0.000000000000000000, -1.000000000000000000 ) ) ;
#6679 = CARTESIAN_POINT ( 'NONE',  ( 4.682046901847541243, 0.3672776455525272876, 4.600000000000065370 ) ) ;
#6680 = CARTESIAN_POINT ( 'NONE',  ( -4.111776695000000537, -8.331370849898473097, -3.800000000000076650 ) ) ;
#6681 = CARTESIAN_POINT ( 'NONE',  ( 5.110000000000002096, 6.400000000000018119, -4.599999999999999645 ) ) ;
#6682 = FACE_OUTER_BOUND ( 'NONE', #7242, .T. ) ;
#6683 = DIRECTION ( 'NONE',  ( 0.000000000000000000, 0.000000000000000000, 1.000000000000000000 ) ) ;
#6684 = ORIENTED_EDGE ( 'NONE', *, *, #4752, .T. ) ;
#6685 = EDGE_CURVE ( 'NONE', #5697, #5618, #7736, .T. ) ;
#6686 = ORIENTED_EDGE ( 'NONE', *, *, #3068, .T. ) ;
#6687 = CARTESIAN_POINT ( 'NONE',  ( -4.542325271028591516, 0.6640297464169460095, 4.099885892183426250 ) ) ;
#6688 = ORIENTED_EDGE ( 'NONE', *, *, #5613, .F. ) ;
#6689 = ORIENTED_EDGE ( 'NONE', *, *, #7794, .T. ) ;
#6690 = CARTESIAN_POINT ( 'NONE',  ( -4.802374047119199574, 0.4513275809714303310, 4.099795424660699794 ) ) ;
#6691 = EDGE_LOOP ( 'NONE', ( #3203, #3175, #977, #5961, #494, #2655, #1074, #869 ) ) ;
#6692 = CARTESIAN_POINT ( 'NONE',  ( 4.146091398526600358, 4.686091398526713192, 2.928477150368321347 ) ) ;
#6693 = DIRECTION ( 'NONE',  ( 1.000000000000000000, 0.000000000000000000, 0.000000000000000000 ) ) ;
#6694 = CARTESIAN_POINT ( 'NONE',  ( -0.9712379167577868122, 0.4726694534186862695, 4.099716163635084953 ) ) ;
#6695 = CARTESIAN_POINT ( 'NONE',  ( -3.409999999999999698, 2.600000000000000533, 2.746891109999991976 ) ) ;
#6696 = FACE_OUTER_BOUND ( 'NONE', #2508, .T. ) ;
#6697 = CARTESIAN_POINT ( 'NONE',  ( -6.410000000000001030, 2.550000000000001155, 4.000000000000000000 ) ) ;
#6698 = CARTESIAN_POINT ( 'NONE',  ( -3.326051726839663658, 0.6319883379505910614, 4.600000000000019185 ) ) ;
#6699 = ORIENTED_EDGE ( 'NONE', *, *, #851, .T. ) ;
#6700 = DIRECTION ( 'NONE',  ( -0.000000000000000000, -0.000000000000000000, 1.000000000000000000 ) ) ;
#6701 = DIRECTION ( 'NONE',  ( 1.000000000000000000, 0.000000000000000000, -0.000000000000000000 ) ) ;
#6702 = VERTEX_POINT ( 'NONE', #947 ) ;
#6703 = ADVANCED_FACE ( 'NONE', ( #2348 ), #3952, .F. ) ;
#6704 = AXIS2_PLACEMENT_3D ( 'NONE', #4121, #4744, #4285 ) ;
#6705 = ORIENTED_EDGE ( 'NONE', *, *, #4258, .T. ) ;
#6706 = LINE ( 'NONE', #2524, #3999 ) ;
#6707 = DIRECTION ( 'NONE',  ( 1.000000000000000000, -0.000000000000000000, 0.000000000000000000 ) ) ;
#6708 = PLANE ( 'NONE',  #3060 ) ;
#6709 = VERTEX_POINT ( 'NONE', #7782 ) ;
#6710 = CARTESIAN_POINT ( 'NONE',  ( 0.8720469018475425216, 0.3672776455525257333, 4.600000000000065370 ) ) ;
#6711 = DIRECTION ( 'NONE',  ( 0.000000000000000000, -1.000000000000000000, 0.000000000000000000 ) ) ;
#6712 = CARTESIAN_POINT ( 'NONE',  ( 4.162564428345761236, -2.984593437674529337, -3.010102308273679306 ) ) ;
#6713 = EDGE_CURVE ( 'NONE', #953, #766, #2415, .T. ) ;
#6714 = CARTESIAN_POINT ( 'NONE',  ( 2.839871571817223828, 0.4737808556129170512, 4.099717085642100578 ) ) ;
#6715 = DIRECTION ( 'NONE',  ( -0.000000000000000000, -0.000000000000000000, -1.000000000000000000 ) ) ;
#6716 = SHAPE_DEFINITION_REPRESENTATION ( #3820, #2332 ) ;
#6717 = CARTESIAN_POINT ( 'NONE',  ( -3.509999999999999787, 2.700000000000000178, -1.200000000000000178 ) ) ;
#6718 = VERTEX_POINT ( 'NONE', #5310 ) ;
#6719 = EDGE_LOOP ( 'NONE', ( #3935, #1035, #4197, #1610 ) ) ;
#6720 = STYLED_ITEM ( 'NONE', ( #5056 ), #131 ) ;
#6721 = LINE ( 'NONE', #6920, #6560 ) ;
#6722 = ADVANCED_FACE ( 'NONE', ( #5026 ), #4576, .F. ) ;
#6723 = CARTESIAN_POINT ( 'NONE',  ( -2.872481346103579636, 0.3011455928514393809, 4.600000000000465938 ) ) ;
#6724 = VERTEX_POINT ( 'NONE', #7836 ) ;
#6725 = ORIENTED_EDGE ( 'NONE', *, *, #6640, .T. ) ;
#6726 = AXIS2_PLACEMENT_3D ( 'NONE', #2102, #7051, #29 ) ;
#6727 = ADVANCED_FACE ( 'NONE', ( #5098 ), #3351, .T. ) ;
#6728 = EDGE_CURVE ( 'NONE', #6005, #7636, #2535, .T. ) ;
#6729 = ORIENTED_EDGE ( 'NONE', *, *, #600, .F. ) ;
#6730 = CARTESIAN_POINT ( 'NONE',  ( 2.972449986903090036, 0.4008132180656738264, 4.600000000000035172 ) ) ;
#6731 = ORIENTED_EDGE ( 'NONE', *, *, #247, .F. ) ;
#6732 = CARTESIAN_POINT ( 'NONE',  ( -6.110000000000001208, 7.150000000000000355, 4.599999999999999645 ) ) ;
#6733 = DIRECTION ( 'NONE',  ( 1.000000000000000000, 0.000000000000000000, 0.000000000000000000 ) ) ;
#6734 = CARTESIAN_POINT ( 'NONE',  ( 3.410000000000000586, 2.700000000000000178, 2.746891109999991976 ) ) ;
#6735 = VECTOR ( 'NONE', #2178, 1000.000000000000000 ) ;
#6736 = CARTESIAN_POINT ( 'NONE',  ( 3.117040518498013224, 0.5168110508105112633, 4.600000000000036948 ) ) ;
#6737 = AXIS2_PLACEMENT_3D ( 'NONE', #6732, #8024, #1675 ) ;
#6738 = VERTEX_POINT ( 'NONE', #4058 ) ;
#6739 = ORIENTED_EDGE ( 'NONE', *, *, #3783, .T. ) ;
#6740 = ADVANCED_FACE ( 'NONE', ( #7844 ), #5364, .F. ) ;
#6741 = AXIS2_PLACEMENT_3D ( 'NONE', #4440, #5057, #5007 ) ;
#6742 = VERTEX_POINT ( 'NONE', #3511 ) ;
#6743 = EDGE_CURVE ( 'NONE', #3796, #4726, #2550, .T. ) ;
#6744 = VERTEX_POINT ( 'NONE', #4627 ) ;
#6745 = DIRECTION ( 'NONE',  ( -0.000000000000000000, -1.000000000000000000, -0.000000000000000000 ) ) ;
#6746 = CARTESIAN_POINT ( 'NONE',  ( 0.8238888089590743480, 0.6010772291736944384, 4.099827589342799783 ) ) ;
#6747 = CARTESIAN_POINT ( 'NONE',  ( 3.159999999999987264, 5.133974596215686859, 4.599999999999999645 ) ) ;
#6748 = EDGE_CURVE ( 'NONE', #1510, #2389, #5579, .T. ) ;
#6749 = FACE_BOUND ( 'NONE', #3812, .T. ) ;
#6750 = CARTESIAN_POINT ( 'NONE',  ( 4.209999999999999964, -8.331370849898474873, -3.701776695000076778 ) ) ;
#6751 = ORIENTED_EDGE ( 'NONE', *, *, #4903, .F. ) ;
#6752 = ORIENTED_EDGE ( 'NONE', *, *, #7523, .F. ) ;
#6753 = CARTESIAN_POINT ( 'NONE',  ( -3.584999999999999520, 0.000000000000000000, 3.399999999999999911 ) ) ;
#6754 = CARTESIAN_POINT ( 'NONE',  ( 6.110000000000000320, 6.150000000000000355, 4.599999999999999645 ) ) ;
#6755 = AXIS2_PLACEMENT_3D ( 'NONE', #2746, #7159, #2355 ) ;
#6756 = ORIENTED_EDGE ( 'NONE', *, *, #5757, .T. ) ;
#6757 = ORIENTED_EDGE ( 'NONE', *, *, #2749, .F. ) ;
#6758 = CARTESIAN_POINT ( 'NONE',  ( -2.939325626322892404, 0.3686625220303967887, 4.600000000000005862 ) ) ;
#6759 = VECTOR ( 'NONE', #7511, 1000.000000000000227 ) ;
#6760 = PLANE ( 'NONE',  #3684 ) ;
#6761 = DIRECTION ( 'NONE',  ( 0.000000000000000000, -9.382415370900834154E-15, 1.000000000000000000 ) ) ;
#6762 = EDGE_LOOP ( 'NONE', ( #6934, #6527, #1340, #6599 ) ) ;
#6763 = CARTESIAN_POINT ( 'NONE',  ( 0.6816096643971297775, 0.5246769776161572807, 4.599999999999997868 ) ) ;
#6764 = AXIS2_PLACEMENT_3D ( 'NONE', #3650, #4250, #7412 ) ;
#6765 = ORIENTED_EDGE ( 'NONE', *, *, #600, .T. ) ;
#6766 = PLANE ( 'NONE',  #3317 ) ;
#6767 = CARTESIAN_POINT ( 'NONE',  ( -0.2999999999999990452, 3.400000000000000355, 2.746891109999991976 ) ) ;
#6768 = CARTESIAN_POINT ( 'NONE',  ( 2.944452444908538524, 0.5684943546346324927, 4.099798359492978328 ) ) ;
#6769 = DIRECTION ( 'NONE',  ( -9.531447670197564664E-17, 1.000000000000000000, 0.000000000000000000 ) ) ;
#6770 = EDGE_CURVE ( 'NONE', #5126, #490, #5578, .T. ) ;
#6771 = VERTEX_POINT ( 'NONE', #6487 ) ;
#6772 = DIRECTION ( 'NONE',  ( -1.000000000000000000, 0.000000000000000000, 0.000000000000000000 ) ) ;
#6773 = ORIENTED_EDGE ( 'NONE', *, *, #4578, .T. ) ;
#6774 = FACE_OUTER_BOUND ( 'NONE', #7590, .T. ) ;
#6775 = CARTESIAN_POINT ( 'NONE',  ( 0.3017766950000003723, 0.3999999999998802291, -3.799999999999996714 ) ) ;
#6776 = VERTEX_POINT ( 'NONE', #2797 ) ;
#6777 = EDGE_LOOP ( 'NONE', ( #2986, #3734, #5518, #6142 ) ) ;
#6778 = EDGE_CURVE ( 'NONE', #2371, #7606, #2644, .T. ) ;
#6779 = EDGE_LOOP ( 'NONE', ( #7147, #4191, #6705, #3669 ) ) ;
#6780 = DIRECTION ( 'NONE',  ( -1.000000000000000000, 0.000000000000000000, 0.000000000000000000 ) ) ;
#6781 = CARTESIAN_POINT ( 'NONE',  ( -3.438768939963945837, -3.054258255407597211, -3.028768939963972784 ) ) ;
#6782 = CARTESIAN_POINT ( 'NONE',  ( -1.485000000000000320, 6.350000000000171063, -3.650000000000000355 ) ) ;
#6783 = CARTESIAN_POINT ( 'NONE',  ( -4.111776695000000537, -8.331370849898474873, -3.701776695000076778 ) ) ;
#6784 = ORIENTED_EDGE ( 'NONE', *, *, #4993, .F. ) ;
#6785 = DIRECTION ( 'NONE',  ( 1.000000000000000000, -0.000000000000000000, -0.000000000000000000 ) ) ;
#6786 = DIRECTION ( 'NONE',  ( 1.000000000000000000, 0.000000000000000000, 0.000000000000000000 ) ) ;
#6787 = CARTESIAN_POINT ( 'NONE',  ( -2.963649774962310079, 0.4561530169346267316, 4.438697105853298908 ) ) ;
#6788 = PLANE ( 'NONE',  #2214 ) ;
#6789 = LINE ( 'NONE', #3149, #6964 ) ;
#6790 = CARTESIAN_POINT ( 'NONE',  ( 4.150973854718531086, 1.112076148575014356, -2.149999999999999911 ) ) ;
#6791 = ADVANCED_FACE ( 'NONE', ( #2582 ), #55, .T. ) ;
#6792 = VERTEX_POINT ( 'NONE', #2046 ) ;
#6793 = AXIS2_PLACEMENT_3D ( 'NONE', #3384, #3932, #5847 ) ;
#6794 = VERTEX_POINT ( 'NONE', #7045 ) ;
#6795 = ORIENTED_EDGE ( 'NONE', *, *, #7523, .T. ) ;
#6796 = VERTEX_POINT ( 'NONE', #1533 ) ;
#6797 = ADVANCED_FACE ( 'NONE', ( #5281 ), #4006, .F. ) ;
#6798 = EDGE_LOOP ( 'NONE', ( #177, #927, #1726, #4405 ) ) ;
#6799 = CARTESIAN_POINT ( 'NONE',  ( -0.4000000000000001887, 0.3999999999998802291, -3.799999999999996714 ) ) ;
#6800 = DIRECTION ( 'NONE',  ( 0.000000000000000000, -0.000000000000000000, 1.000000000000000000 ) ) ;
#6801 = PLANE ( 'NONE',  #3247 ) ;
#6802 = CARTESIAN_POINT ( 'NONE',  ( 0.9741607504468390299, 0.4697291472340905938, 4.099713649662092507 ) ) ;
#6803 = CARTESIAN_POINT ( 'NONE',  ( 3.510000000000001119, 2.600000000000000533, 3.399999999999999911 ) ) ;
#6804 = CONICAL_SURFACE ( 'NONE', #547, 0.8499999999999996447, 0.3058788714048517599 ) ;
#6805 = CARTESIAN_POINT ( 'NONE',  ( 7.620000000000000107, 5.000000000000124345, 4.099999999999992539 ) ) ;
#6806 = B_SPLINE_CURVE_WITH_KNOTS ( 'NONE', 3,
 ( #6002, #5404, #5906, #3540, #5289, #2891, #5947, #4139, #2230, #343 ),
 .UNSPECIFIED., .F., .F.,
 ( 4, 1, 1, 2, 2, 4 ),
 ( 0.000000000000000000, 0.2500000000000007216, 0.3750000000000006106, 0.4375000000000010547, 0.5000000000000014433, 1.000000000000000000 ),
 .UNSPECIFIED. ) ;
#6807 = ORIENTED_EDGE ( 'NONE', *, *, #7414, .F. ) ;
#6808 = CARTESIAN_POINT ( 'NONE',  ( -4.651642175871503859, 0.3969725408108524811, 4.600000000000006750 ) ) ;
#6809 = ADVANCED_FACE ( 'NONE', ( #8032 ), #3726, .T. ) ;
#6810 = EDGE_LOOP ( 'NONE', ( #6562, #1008, #639, #1812 ) ) ;
#6811 = CARTESIAN_POINT ( 'NONE',  ( 3.583913798117377869, 0.7103355199007314047, 4.600000000000000533 ) ) ;
#6812 = VERTEX_POINT ( 'NONE', #5605 ) ;
#6813 = ORIENTED_EDGE ( 'NONE', *, *, #7778, .T. ) ;
#6814 = VECTOR ( 'NONE', #1499, 1000.000000000000000 ) ;
#6815 = EDGE_CURVE ( 'NONE', #7206, #6608, #5349, .T. ) ;
#6816 = DIRECTION ( 'NONE',  ( 0.000000000000000000, -1.000000000000000000, -1.067522139062614778E-14 ) ) ;
#6817 = PLANE ( 'NONE',  #4233 ) ;
#6818 = CARTESIAN_POINT ( 'NONE',  ( 2.960000000000000853, 3.000000000000000000, -1.200000000000000178 ) ) ;
#6819 = CARTESIAN_POINT ( 'NONE',  ( -0.1812675571212414294, 0.7180462793670532307, 4.600000000000004086 ) ) ;
#6820 = ORIENTED_EDGE ( 'NONE', *, *, #6531, .F. ) ;
#6821 = CARTESIAN_POINT ( 'NONE',  ( -4.111776695000000537, -8.331370849898480202, -3.098223305000076699 ) ) ;
#6822 = SURFACE_STYLE_USAGE ( .BOTH. , #778 ) ;
#6823 = VERTEX_POINT ( 'NONE', #4948 ) ;
#6824 = CARTESIAN_POINT ( 'NONE',  ( 2.887509381546518039, 0.5192916790487793754, 4.099755470830775295 ) ) ;
#6825 = EDGE_CURVE ( 'NONE', #4274, #1264, #5379, .T. ) ;
#6826 = CARTESIAN_POINT ( 'NONE',  ( 3.510000000000002895, 6.000000000000019540, -4.299999999999999822 ) ) ;
#6827 = ORIENTED_EDGE ( 'NONE', *, *, #5224, .F. ) ;
#6828 = PLANE ( 'NONE',  #5124 ) ;
#6829 = AXIS2_PLACEMENT_3D ( 'NONE', #3464, #6536, #4064 ) ;
#6830 = LINE ( 'NONE', #2341, #6881 ) ;
#6831 = EDGE_CURVE ( 'NONE', #1525, #4032, #5530, .T. ) ;
#6832 = EDGE_LOOP ( 'NONE', ( #6044, #607, #6260, #4093, #1420 ) ) ;
#6833 = ORIENTED_EDGE ( 'NONE', *, *, #7414, .T. ) ;
#6834 = CARTESIAN_POINT ( 'NONE',  ( -4.209999999999999076, 3.400000000000000355, -1.200000000000000178 ) ) ;
#6835 = CARTESIAN_POINT ( 'NONE',  ( -6.410000000000001030, 6.150000000000000355, 4.599999999999999645 ) ) ;
#6836 = CARTESIAN_POINT ( 'NONE',  ( 3.810000000000000053, 0.000000000000000000, -4.299999999999999822 ) ) ;
#6837 = AXIS2_PLACEMENT_3D ( 'NONE', #2841, #4036, #1614 ) ;
#6838 = ORIENTED_EDGE ( 'NONE', *, *, #1815, .T. ) ;
#6839 = CARTESIAN_POINT ( 'NONE',  ( -3.809999999999997389, 6.000000000000019540, -4.299999999999999822 ) ) ;
#6840 = DIRECTION ( 'NONE',  ( 0.000000000000000000, 0.000000000000000000, 1.000000000000000000 ) ) ;
#6841 = VECTOR ( 'NONE', #5000, 1000.000000000000000 ) ;
#6842 = CARTESIAN_POINT ( 'NONE',  ( 3.473908601473396640, 4.686091398526713192, 2.928477150368322679 ) ) ;
#6843 = ORIENTED_EDGE ( 'NONE', *, *, #6895, .F. ) ;
#6844 = EDGE_CURVE ( 'NONE', #7422, #1280, #7981, .T. ) ;
#6845 = ORIENTED_EDGE ( 'NONE', *, *, #6254, .F. ) ;
#6846 = CARTESIAN_POINT ( 'NONE',  ( -4.137463649353625428, 0.8365000488423308678, 4.100057011921340866 ) ) ;
#6847 = ORIENTED_EDGE ( 'NONE', *, *, #5366, .T. ) ;
#6848 = ORIENTED_EDGE ( 'NONE', *, *, #6624, .F. ) ;
#6849 = CARTESIAN_POINT ( 'NONE',  ( 3.810000000000000053, -3.600000000000000533, -3.175000000000021139 ) ) ;
#6850 = ORIENTED_EDGE ( 'NONE', *, *, #2959, .T. ) ;
#6851 = CARTESIAN_POINT ( 'NONE',  ( 0.9665992276878653255, 0.4773002873813852465, 4.099720010068698350 ) ) ;
#6852 = CARTESIAN_POINT ( 'NONE',  ( -0.6500000000000116795, 5.000000000000124345, -2.149999999999999911 ) ) ;
#6853 = VECTOR ( 'NONE', #2766, 1000.000000000000000 ) ;
#6854 = CARTESIAN_POINT ( 'NONE',  ( 0.3712310600360560486, -3.054258255407590550, -3.771231060036082550 ) ) ;
#6855 = DIRECTION ( 'NONE',  ( 0.000000000000000000, -1.000000000000000000, 0.000000000000000000 ) ) ;
#6856 = CARTESIAN_POINT ( 'NONE',  ( -4.671840839762868569, 0.3774741888210993990, 4.599999999999660361 ) ) ;
#6857 = VERTEX_POINT ( 'NONE', #2915 ) ;
#6858 = VERTEX_POINT ( 'NONE', #7378 ) ;
#6859 = ADVANCED_FACE ( 'NONE', ( #2740 ), #6141, .F. ) ;
#6860 = ORIENTED_EDGE ( 'NONE', *, *, #7309, .T. ) ;
#6861 = EDGE_CURVE ( 'NONE', #6771, #2402, #133, .T. ) ;
#6862 = MECHANICAL_DESIGN_GEOMETRIC_PRESENTATION_REPRESENTATION (  '', ( #4480 ), #3552 ) ;
#6863 = ORIENTED_EDGE ( 'NONE', *, *, #7897, .F. ) ;
#6864 = LINE ( 'NONE', #5101, #1426 ) ;
#6865 = CARTESIAN_POINT ( 'NONE',  ( 6.410000000000000142, 6.150000000000000355, 4.000000000000000000 ) ) ;
#6866 = CARTESIAN_POINT ( 'NONE',  ( 0.4243319626426066971, -2.856082989354082446, -2.975668037357420026 ) ) ;
#6867 = DIRECTION ( 'NONE',  ( 0.2505628075300758151, -0.9351131262929061050, 0.2505628075300751489 ) ) ;
#6868 = EDGE_CURVE ( 'NONE', #804, #6605, #5504, .T. ) ;
#6869 = CARTESIAN_POINT ( 'NONE',  ( -4.591573271425394509, 0.4499999999978933074, 4.599999999999999645 ) ) ;
#6870 = ORIENTED_EDGE ( 'NONE', *, *, #5328, .T. ) ;
#6871 = DIRECTION ( 'NONE',  ( -0.000000000000000000, 0.000000000000000000, 1.000000000000000000 ) ) ;
#6872 = CARTESIAN_POINT ( 'NONE',  ( -4.209999999999999076, 2.600000000000000533, 2.746891109999991976 ) ) ;
#6873 = ADVANCED_FACE ( 'NONE', ( #185, #5545 ), #3615, .T. ) ;
#6874 = VERTEX_POINT ( 'NONE', #2980 ) ;
#6875 = CARTESIAN_POINT ( 'NONE',  ( 2.835041765410204473, 0.4689237747663776434, 4.099713771945043383 ) ) ;
#6876 = DIRECTION ( 'NONE',  ( 1.000000000000000000, -3.336006684570783101E-16, -0.000000000000000000 ) ) ;
#6877 = ORIENTED_EDGE ( 'NONE', *, *, #7100, .T. ) ;
#6878 = CARTESIAN_POINT ( 'NONE',  ( 0.000000000000000000, 5.000000000000124345, 4.099999999999992539 ) ) ;
#6879 = ORIENTED_EDGE ( 'NONE', *, *, #1136, .F. ) ;
#6880 =( BOUNDED_CURVE ( )  B_SPLINE_CURVE ( 3, ( #4967, #6155, #63, #4912 ),
 .UNSPECIFIED., .F., .F. ) 
 B_SPLINE_CURVE_WITH_KNOTS ( ( 4, 4 ),
 ( 0.000000000000000000, 0.7853981633974457255 ),
 .UNSPECIFIED. ) 
 CURVE ( )  GEOMETRIC_REPRESENTATION_ITEM ( )  RATIONAL_B_SPLINE_CURVE ( ( 1.000000000000000000, 0.9492530216741915661, 0.9492530216741915661, 1.000000000000000000 ) ) 
 REPRESENTATION_ITEM ( '' )  );
#6881 = VECTOR ( 'NONE', #2238, 1000.000000000000000 ) ;
#6882 = CARTESIAN_POINT ( 'NONE',  ( -2.827546320438456995, 0.4613504541675825799, 4.099748956626925178 ) ) ;
#6883 = ORIENTED_EDGE ( 'NONE', *, *, #2910, .T. ) ;
#6884 = ORIENTED_EDGE ( 'NONE', *, *, #2098, .F. ) ;
#6885 = DIRECTION ( 'NONE',  ( 1.000000000000000000, 0.000000000000000000, 0.000000000000000000 ) ) ;
#6886 = CARTESIAN_POINT ( 'NONE',  ( 5.060000000000000497, 5.700000000000171596, -3.650000000000000355 ) ) ;
#6887 = ORIENTED_EDGE ( 'NONE', *, *, #4125, .T. ) ;
#6888 =( BOUNDED_CURVE ( )  B_SPLINE_CURVE ( 3, ( #439, #5883, #2815, #6036 ),
 .UNSPECIFIED., .F., .F. ) 
 B_SPLINE_CURVE_WITH_KNOTS ( ( 4, 4 ),
 ( 5.497787143782147723, 6.283185307179584456 ),
 .UNSPECIFIED. ) 
 CURVE ( )  GEOMETRIC_REPRESENTATION_ITEM ( )  RATIONAL_B_SPLINE_CURVE ( ( 1.000000000000000000, 0.9492530216741924542, 0.9492530216741924542, 1.000000000000000000 ) ) 
 REPRESENTATION_ITEM ( '' )  );
#6889 =( NAMED_UNIT ( * ) PLANE_ANGLE_UNIT ( ) SI_UNIT ( $, .RADIAN. ) );
#6890 = CARTESIAN_POINT ( 'NONE',  ( -4.034999999999999254, 3.225000000000000533, 3.399999999999999911 ) ) ;
#6891 = CARTESIAN_POINT ( 'NONE',  ( 6.110000000000000320, 7.400000000000000355, 1.399999999999999689 ) ) ;
#6892 = FACE_OUTER_BOUND ( 'NONE', #3585, .T. ) ;
#6893 = ORIENTED_EDGE ( 'NONE', *, *, #1109, .T. ) ;
#6894 = CARTESIAN_POINT ( 'NONE',  ( -3.375831236474454045, 0.8054339833092645229, 4.100024975073301547 ) ) ;
#6895 = EDGE_CURVE ( 'NONE', #5234, #3887, #35, .T. ) ;
#6896 = ORIENTED_EDGE ( 'NONE', *, *, #3195, .F. ) ;
#6897 = ORIENTED_EDGE ( 'NONE', *, *, #6392, .F. ) ;
#6898 = CARTESIAN_POINT ( 'NONE',  ( -4.111776695000000537, -2.946891109999997482, -3.000000000000027534 ) ) ;
#6899 = DIRECTION ( 'NONE',  ( -0.000000000000000000, 0.000000000000000000, -1.000000000000000000 ) ) ;
#6900 = DIRECTION ( 'NONE',  ( 1.000000000000000000, 0.000000000000000000, 0.000000000000000000 ) ) ;
#6901 = CARTESIAN_POINT ( 'NONE',  ( 0.6324385269481339611, 0.7223850753149800852, 4.099941805475699752 ) ) ;
#6902 = AXIS2_PLACEMENT_3D ( 'NONE', #1289, #5610, #4331 ) ;
#6903 = DIRECTION ( 'NONE',  ( 0.000000000000000000, -1.000000000000000000, 0.000000000000000000 ) ) ;
#6904 = VECTOR ( 'NONE', #1560, 1000.000000000000000 ) ;
#6905 = CARTESIAN_POINT ( 'NONE',  ( 6.110000000000000320, 2.550000000000001155, 4.000000000000000000 ) ) ;
#6906 = PLANE ( 'NONE',  #7893 ) ;
#6907 = CARTESIAN_POINT ( 'NONE',  ( -4.189832876315001009, 0.6712061311120166573, 4.599999999999949907 ) ) ;
#6908 = ORIENTED_EDGE ( 'NONE', *, *, #2796, .T. ) ;
#6909 = AXIS2_PLACEMENT_3D ( 'NONE', #4836, #2417, #5497 ) ;
#6910 = CARTESIAN_POINT ( 'NONE',  ( 3.550394000717514320, 0.7035618199463608002, 4.599999999999999645 ) ) ;
#6911 = B_SPLINE_SURFACE_WITH_KNOTS ( 'NONE', 1, 3, ( 
 ( #843, #2044, #2636, #2448, #4160, #4732, #4781, #2251, #4111, #2693, #5250, #4680, #1532, #2198, #5966, #7728, #1635, #6530, #7161, #7267, #6486, #5427, #7834, #7211, #424, #3349, #5920, #3951, #6694, #5308, #3403, #246, #7102, #4057, #1051, #4575, #6078, #6583, #899, #7669, #2859, #5198, #3510, #307, #2795, #5362, #2143, #946, #6025, #2747, #480, #7780, #3456, #1484, #6637, #4626, #2095, #7885, #5869, #366, #1096, #4005, #1690, #2308, #993, #2914, #1580, #3560, #7321, #4436, #4831, #5663, #4271, #7529, #3614, #7375, #7988, #3819, #5003, #4383, #593, #6140, #3773, #6298, #7937, #6901, #1238, #1798, #100, #2412, #6746, #5055, #2507, #1189, #1904, #4897, #5491, #5544, #755, #1344, #4327, #3040, #3675, #6851, #3725, #3095, #45, #698, #6201, #4947, #5603, #6802, #3201, #2357, #4214, #3152, #2557, #6248, #5725, #6343, #7478, #7430, #531, #1145, #1742, #1955, #8036, #644, #2979, #1850, #2462, #1286, #4537, #5161 ),
 ( #3422, #3368, #812, #2112, #2820, #2712, #3969, #3474, #7068, #203, #6552, #5985, #1501, #7180, #1013, #4643, #2763, #2654, #1446, #4074, #4701, #2603, #6501, #7004, #7631, #5830, #1395, #7120, #325, #911, #1544, #4591, #3256, #384, #863, #5215, #7796, #1598, #3868, #7686, #5324, #6401, #152, #6454, #5887, #7746, #959, #263, #4022, #2213, #2162, #5270, #4485, #5931, #2009, #6955, #7576, #2065, #5103, #5777, #3311, #3921, #7905, #612, #2274, #6819, #7338, #442, #3574, #2876, #4343, #4851, #6156, #4798, #5511, #4232, #4288, #550, #3524, #3633, #500, #6040, #7852, #3059, #1159, #4748, #6095, #1758, #6763, #4179, #5388, #3690, #4126, #2482, #1651, #6652, #2429, #1867, #2380, #4968, #3114, #2997, #5447, #3742, #1067, #7285, #6217, #1112, #1708, #2323, #2937, #4913, #5565, #6710, #7948, #7394, #8004, #1206, #1816, #7448, #6, #660, #1253, #5624, #6597, #7234, #2125, #6361, #7544, #5849, #5230, #825, #6471, #283 ) ),
 .UNSPECIFIED., .F., .F., .F.,
 ( 2, 2 ),
 ( 4, 2, 2, 2, 2, 2, 2, 2, 2, 2, 2, 2, 2, 2, 2, 2, 2, 2, 2, 2, 2, 2, 2, 2, 2, 2, 2, 2, 2, 2, 2, 2, 2, 2, 2, 2, 2, 2, 2, 2, 2, 2, 2, 2, 2, 2, 2, 2, 2, 2, 2, 2, 2, 2, 2, 2, 2, 2, 2, 2, 2, 2, 2, 2, 2, 2, 4 ),
 ( 0.000000000000000000, 1.000000000000000000 ),
 ( 0.003809851814737920742, 0.003843579514349119899, 0.003877307213960319056, 0.003894171063765918418, 0.003902602988668717882, 0.003911034913571517779, 0.003919466838474317677, 0.003921574819700017651, 0.003923682800925717626, 0.003924209796232142403, 0.003924736791538567179, 0.003925263786844991956, 0.003925790782151417600, 0.003927898763377117575, 0.003930006744602817549, 0.003932114725828517524, 0.003936330688279917472, 0.003944762613182717370, 0.003961626462988317166, 0.003978490312793916961, 0.004012218012405116552, 0.004079673411627514866, 0.004147128810849913180, 0.004180856510461112771, 0.004214584210072312362, 0.004248311909683511953, 0.004282039609294710676, 0.004349495008517108990, 0.004484405806961905619, 0.004551861206184304801, 0.004619316605406703115, 0.004653044305017901838, 0.004686772004629101429, 0.004754227403851500611, 0.004889138202296297239, 0.005024049000741093868, 0.005158959799185891364, 0.005226415198408289678, 0.005260142898019489269, 0.005293870597630688860, 0.005327598297241888450, 0.005361325996853087174, 0.005428781396075485488, 0.005563692194520282117, 0.005631147593742681298, 0.005698602992965079612, 0.005732330692576278336, 0.005766058392187477927, 0.005799786091798677518, 0.005816649941604277313, 0.005833513791409877108, 0.005841945716312677006, 0.005846161678764076955, 0.005848269659989776929, 0.005850377641215476904, 0.005852485622441176878, 0.005853539613054027299, 0.005854066608360452076, 0.005854593603666876853, 0.005856701584892576827, 0.005858809566118276801, 0.005867241491021076699, 0.005875673415923876597, 0.005884105340826676495, 0.005900969190632275423, 0.005934696890243474146, 0.005968424589854673737 ),
 .UNSPECIFIED. ) ;
#6912 = EDGE_CURVE ( 'NONE', #5136, #4008, #5441, .T. ) ;
#6913 = ORIENTED_EDGE ( 'NONE', *, *, #5510, .T. ) ;
#6914 = ORIENTED_EDGE ( 'NONE', *, *, #4883, .F. ) ;
#6915 = FACE_OUTER_BOUND ( 'NONE', #4000, .T. ) ;
#6916 = CARTESIAN_POINT ( 'NONE',  ( 5.294999999999999929, 6.350000000000171063, -3.650000000000000355 ) ) ;
#6917 = EDGE_CURVE ( 'NONE', #5465, #2195, #5457, .T. ) ;
#6918 = ADVANCED_FACE ( 'NONE', ( #2619 ), #7996, .T. ) ;
#6919 = CARTESIAN_POINT ( 'NONE',  ( 4.136876110206469725, 3.400000000000000355, 2.746891109999991087 ) ) ;
#6920 = CARTESIAN_POINT ( 'NONE',  ( 5.110000000000000320, 0.3999999999998848366, -4.299999999999994493 ) ) ;
#6921 = CARTESIAN_POINT ( 'NONE',  ( -3.809999999999997389, 6.000000000000019540, -4.299999999999999822 ) ) ;
#6922 = AXIS2_PLACEMENT_3D ( 'NONE', #7164, #308, #482 ) ;
#6923 = ORIENTED_EDGE ( 'NONE', *, *, #4676, .T. ) ;
#6924 = ORIENTED_EDGE ( 'NONE', *, *, #4275, .F. ) ;
#6925 = CARTESIAN_POINT ( 'NONE',  ( 3.519768076611475394, 0.8449288704551418672, 4.100065801923625131 ) ) ;
#6926 = ADVANCED_FACE ( 'NONE', ( #174 ), #534, .F. ) ;
#6927 = PLANE ( 'NONE',  #2246 ) ;
#6928 = ORIENTED_EDGE ( 'NONE', *, *, #3365, .F. ) ;
#6929 = CARTESIAN_POINT ( 'NONE',  ( -4.659999999999999254, 3.000000000000000000, -1.200000000000000178 ) ) ;
#6930 = EDGE_CURVE ( 'NONE', #6742, #4769, #2683, .T. ) ;
#6931 = ORIENTED_EDGE ( 'NONE', *, *, #2530, .T. ) ;
#6932 = FACE_OUTER_BOUND ( 'NONE', #3953, .T. ) ;
#6933 = VERTEX_POINT ( 'NONE', #2360 ) ;
#6934 = ORIENTED_EDGE ( 'NONE', *, *, #4797, .T. ) ;
#6935 = VERTEX_POINT ( 'NONE', #1743 ) ;
#6936 = DIRECTION ( 'NONE',  ( 0.000000000000000000, -0.9659258262890687563, -0.2588190451025190741 ) ) ;
#6937 = CARTESIAN_POINT ( 'NONE',  ( -0.7815732714253941227, 0.4499999999978933074, 4.599999999999999645 ) ) ;
#6938 = DIRECTION ( 'NONE',  ( 1.000000000000000000, 4.251408357750040599E-16, -0.000000000000000000 ) ) ;
#6939 = ORIENTED_EDGE ( 'NONE', *, *, #6347, .T. ) ;
#6940 = PLANE ( 'NONE',  #580 ) ;
#6941 = ORIENTED_EDGE ( 'NONE', *, *, #743, .F. ) ;
#6942 = EDGE_CURVE ( 'NONE', #1881, #3128, #5428, .T. ) ;
#6943 =( LENGTH_UNIT ( ) NAMED_UNIT ( * ) SI_UNIT ( .MILLI., .METRE. ) );
#6944 = PLANE ( 'NONE',  #2700 ) ;
#6945 = DIRECTION ( 'NONE',  ( -1.000000000000000000, 0.000000000000000000, 0.000000000000000000 ) ) ;
#6946 = VECTOR ( 'NONE', #3308, 1000.000000000000000 ) ;
#6947 = APPLICATION_PROTOCOL_DEFINITION ( 'draft international standard', 'automotive_design', 1998, #4528 ) ;
#6948 = EDGE_CURVE ( 'NONE', #5353, #5503, #2595, .T. ) ;
#6949 = ORIENTED_EDGE ( 'NONE', *, *, #4731, .F. ) ;
#6950 = EDGE_LOOP ( 'NONE', ( #1705, #3319, #672, #6427 ) ) ;
#6951 = DIRECTION ( 'NONE',  ( -0.000000000000000000, 9.147955830346445240E-15, -1.000000000000000000 ) ) ;
#6952 = ORIENTED_EDGE ( 'NONE', *, *, #7399, .T. ) ;
#6953 =( LENGTH_UNIT ( ) NAMED_UNIT ( * ) SI_UNIT ( .MILLI., .METRE. ) );
#6954 = CARTESIAN_POINT ( 'NONE',  ( -3.439289321881344730, 3.370710678118655768, 2.856200347158724284 ) ) ;
#6955 = CARTESIAN_POINT ( 'NONE',  ( -0.4852900603674902280, 0.6320846699687043824, 4.599999999999923261 ) ) ;
#6956 = LINE ( 'NONE', #866, #4264 ) ;
#6957 = DIRECTION ( 'NONE',  ( 0.000000000000000000, 0.000000000000000000, -1.000000000000000000 ) ) ;
#6958 = CARTESIAN_POINT ( 'NONE',  ( -4.675829038122000014, 0.3735165329610000140, 4.599999999999922373 ) ) ;
#6959 = ORIENTED_EDGE ( 'NONE', *, *, #1684, .F. ) ;
#6960 = VERTEX_POINT ( 'NONE', #1799 ) ;
#6961 = EDGE_CURVE ( 'NONE', #4274, #7250, #8010, .T. ) ;
#6962 = ORIENTED_EDGE ( 'NONE', *, *, #6512, .T. ) ;
#6963 = VERTEX_POINT ( 'NONE', #264 ) ;
#6964 = VECTOR ( 'NONE', #859, 1000.000000000000000 ) ;
#6965 = CARTESIAN_POINT ( 'NONE',  ( -3.409999999999999698, 2.774999999999999911, 3.399999999999999911 ) ) ;
#6966 = CARTESIAN_POINT ( 'NONE',  ( 6.110000000000000320, 7.150000000000000355, 4.599999999999999645 ) ) ;
#6967 = CARTESIAN_POINT ( 'NONE',  ( 4.209999999999999964, 3.300000000000000266, 2.746891109999991976 ) ) ;
#6968 = EDGE_LOOP ( 'NONE', ( #3683, #4084, #1980, #6813, #6159, #7049, #4738, #7106, #997, #3398 ) ) ;
#6969 = CARTESIAN_POINT ( 'NONE',  ( -5.110000000000000320, 0.3999999999998848366, -4.299999999999994493 ) ) ;
#6970 = DIRECTION ( 'NONE',  ( -1.000000000000000000, 0.000000000000000000, 0.000000000000000000 ) ) ;
#6971 = VERTEX_POINT ( 'NONE', #4437 ) ;
#6972 = CARTESIAN_POINT ( 'NONE',  ( 4.814392700632642352, 0.4391855399516266245, 4.099851883436174127 ) ) ;
#6973 =( LENGTH_UNIT ( ) NAMED_UNIT ( * ) SI_UNIT ( .MILLI., .METRE. ) );
#6974 = ORIENTED_EDGE ( 'NONE', *, *, #7046, .F. ) ;
#6975 = DIRECTION ( 'NONE',  ( 0.000000000000000000, 0.000000000000000000, 1.000000000000000000 ) ) ;
#6976 = VERTEX_POINT ( 'NONE', #865 ) ;
#6977 = EDGE_LOOP ( 'NONE', ( #33, #349, #3208, #210, #897, #2969 ) ) ;
#6978 = FACE_OUTER_BOUND ( 'NONE', #2665, .T. ) ;
#6979 = ADVANCED_FACE ( 'NONE', ( #1 ), #107, .T. ) ;
#6980 = ORIENTED_EDGE ( 'NONE', *, *, #5278, .F. ) ;
#6981 = CARTESIAN_POINT ( 'NONE',  ( -2.835839249553159913, 0.4697291472340900387, 4.099713649662095172 ) ) ;
#6982 = AXIS2_PLACEMENT_3D ( 'NONE', #2649, #7795, #1498 ) ;
#6983 = ORIENTED_EDGE ( 'NONE', *, *, #1200, .F. ) ;
#6984 = ADVANCED_FACE ( 'NONE', ( #5262 ), #2559, .T. ) ;
#6985 = DIRECTION ( 'NONE',  ( 0.000000000000000000, -1.000000000000000000, 0.000000000000000000 ) ) ;
#6986 = CARTESIAN_POINT ( 'NONE',  ( 2.920065654426518442, 0.7074836895662702796, -2.149999999999999911 ) ) ;
#6987 = EDGE_LOOP ( 'NONE', ( #7290, #6838, #6632, #1333 ) ) ;
#6988 = DIRECTION ( 'NONE',  ( 1.000000000000000000, 0.000000000000000000, -0.000000000000000000 ) ) ;
#6989 = ORIENTED_EDGE ( 'NONE', *, *, #448, .F. ) ;
#6990 = VERTEX_POINT ( 'NONE', #1396 ) ;
#6991 = CARTESIAN_POINT ( 'NONE',  ( -0.2250000000000064448, -3.600000000000000533, -3.175000000000021139 ) ) ;
#6992 = CARTESIAN_POINT ( 'NONE',  ( 0.6500000000000116795, 5.700000000000171596, -2.149999999999999911 ) ) ;
#6993 = LINE ( 'NONE', #6451, #4322 ) ;
#6994 = EDGE_CURVE ( 'NONE', #533, #6054, #262, .T. ) ;
#6995 = CARTESIAN_POINT ( 'NONE',  ( 3.028426728574606042, 0.4499999999978933074, 4.599999999999999645 ) ) ;
#6996 = ORIENTED_EDGE ( 'NONE', *, *, #1509, .F. ) ;
#6997 = VERTEX_POINT ( 'NONE', #3970 ) ;
#6998 = EDGE_LOOP ( 'NONE', ( #6076, #2413, #2630, #3340 ) ) ;
#6999 = EDGE_LOOP ( 'NONE', ( #1297, #1734, #6725, #4226 ) ) ;
#7000 = EDGE_LOOP ( 'NONE', ( #3507, #7128, #4120, #740 ) ) ;
#7001 = PLANE ( 'NONE',  #5468 ) ;
#7002 = CARTESIAN_POINT ( 'NONE',  ( 0.000000000000000000, 0.000000000000000000, 0.000000000000000000 ) ) ;
#7003 = DIRECTION ( 'NONE',  ( 1.000000000000000000, 0.000000000000000000, 0.000000000000000000 ) ) ;
#7004 = CARTESIAN_POINT ( 'NONE',  ( -0.8715338942265167255, 0.3677956961980909933, 4.600000000000053824 ) ) ;
#7005 = CARTESIAN_POINT ( 'NONE',  ( 2.559999999999999609, 5.700000000000171596, -3.650000000000000355 ) ) ;
#7006 = AXIS2_PLACEMENT_3D ( 'NONE', #2184, #4508, #3543 ) ;
#7007 = FACE_OUTER_BOUND ( 'NONE', #4728, .T. ) ;
#7008 = DIRECTION ( 'NONE',  ( -1.000000000000000000, 0.000000000000000000, 0.000000000000000000 ) ) ;
#7009 = EDGE_CURVE ( 'NONE', #6578, #8031, #5474, .T. ) ;
#7010 = CARTESIAN_POINT ( 'NONE',  ( -6.110000000000001208, 6.649999999999999467, -4.599999999999999645 ) ) ;
#7011 = CARTESIAN_POINT ( 'NONE',  ( -4.209999999999999964, -2.946891109999995262, -3.701776695000027484 ) ) ;
#7012 = CARTESIAN_POINT ( 'NONE',  ( -1.299999999999998268, 6.400000000000019007, -4.299999999999999822 ) ) ;
#7013 = EDGE_LOOP ( 'NONE', ( #2878, #5837, #6297, #3537 ) ) ;
#7014 = ORIENTED_EDGE ( 'NONE', *, *, #3893, .F. ) ;
#7015 = EDGE_CURVE ( 'NONE', #300, #6963, #5363, .T. ) ;
#7016 = VERTEX_POINT ( 'NONE', #6502 ) ;
#7017 = LINE ( 'NONE', #4679, #4517 ) ;
#7018 = VERTEX_POINT ( 'NONE', #5217 ) ;
#7019 = ORIENTED_EDGE ( 'NONE', *, *, #5021, .T. ) ;
#7020 = FACE_OUTER_BOUND ( 'NONE', #1603, .T. ) ;
#7021 = CARTESIAN_POINT ( 'NONE',  ( -4.660807800512485777, 0.4566134230442194242, 4.426627443324539612 ) ) ;
#7022 = DIRECTION ( 'NONE',  ( 0.000000000000000000, -1.000000000000000000, -1.067522139062614778E-14 ) ) ;
#7023 = CARTESIAN_POINT ( 'NONE',  ( -3.399445513659423490, 1.040029338209724541, 4.599999999999999645 ) ) ;
#7024 = CARTESIAN_POINT ( 'NONE',  ( -3.159999999999988152, 5.700000000000171596, -2.149999999999999911 ) ) ;
#7025 = ORIENTED_EDGE ( 'NONE', *, *, #3533, .F. ) ;
#7026 = CARTESIAN_POINT ( 'NONE',  ( -1.655000000000027116, 5.000000000000124345, 4.099999999999992539 ) ) ;
#7027 = EDGE_CURVE ( 'NONE', #3781, #526, #2607, .T. ) ;
#7028 = CARTESIAN_POINT ( 'NONE',  ( -6.110000000000001208, 7.400000000000000355, 1.399999999999999689 ) ) ;
#7029 = ORIENTED_EDGE ( 'NONE', *, *, #7224, .T. ) ;
#7030 = CARTESIAN_POINT ( 'NONE',  ( 4.134804895604177410, 0.8371463314978463410, 4.100057684439431860 ) ) ;
#7031 = EDGE_CURVE ( 'NONE', #6724, #4792, #5398, .T. ) ;
#7032 = ORIENTED_EDGE ( 'NONE', *, *, #4889, .F. ) ;
#7033 = LINE ( 'NONE', #5102, #4461 ) ;
#7034 = CARTESIAN_POINT ( 'NONE',  ( -3.363790235812063933, 0.8043217536110338628, 4.100023326957414227 ) ) ;
#7035 = ORIENTED_EDGE ( 'NONE', *, *, #5708, .F. ) ;
#7036 = EDGE_LOOP ( 'NONE', ( #5616, #1000, #75, #1505, #6784 ) ) ;
#7037 = CARTESIAN_POINT ( 'NONE',  ( -4.707487450480911662, 0.3415771704667943109, 4.600000000000003197 ) ) ;
#7038 = VERTEX_POINT ( 'NONE', #5104 ) ;
#7039 = CARTESIAN_POINT ( 'NONE',  ( -2.926442738675311794, 0.5533635898939377462, 4.099785051959141668 ) ) ;
#7040 = ORIENTED_EDGE ( 'NONE', *, *, #3535, .F. ) ;
#7041 = EDGE_CURVE ( 'NONE', #1225, #7799, #2726, .T. ) ;
#7042 = DIRECTION ( 'NONE',  ( 0.000000000000000000, -0.2588190455922532718, 0.9659258261578448357 ) ) ;
#7043 = ORIENTED_EDGE ( 'NONE', *, *, #7520, .F. ) ;
#7044 = VECTOR ( 'NONE', #5139, 1000.000000000000000 ) ;
#7045 = CARTESIAN_POINT ( 'NONE',  ( 6.110000000000000320, 2.550000000000001155, 2.100000000000000089 ) ) ;
#7046 = EDGE_CURVE ( 'NONE', #3257, #4506, #121, .T. ) ;
#7047 = AXIS2_PLACEMENT_3D ( 'NONE', #2196, #7832, #1481 ) ;
#7048 = ORIENTED_EDGE ( 'NONE', *, *, #648, .F. ) ;
#7049 = ORIENTED_EDGE ( 'NONE', *, *, #6559, .T. ) ;
#7050 = DIRECTION ( 'NONE',  ( 1.000000000000000000, 0.000000000000000000, 0.000000000000000000 ) ) ;
#7051 = DIRECTION ( 'NONE',  ( 0.000000000000000000, -1.000000000000000000, 0.000000000000000000 ) ) ;
#7052 = CARTESIAN_POINT ( 'NONE',  ( -0.8899343455734815000, 0.7074836895662707237, -2.149999999999999911 ) ) ;
#7053 = CIRCLE ( 'NONE', #7230, 0.8499999999999996447 ) ;
#7054 = ADVANCED_FACE ( 'NONE', ( #5309 ), #5842, .T. ) ;
#7055 =( NAMED_UNIT ( * ) PLANE_ANGLE_UNIT ( ) SI_UNIT ( $, .RADIAN. ) );
#7056 = ORIENTED_EDGE ( 'NONE', *, *, #5169, .F. ) ;
#7057 = ADVANCED_FACE ( 'NONE', ( #2926 ), #4024, .F. ) ;
#7058 = ORIENTED_EDGE ( 'NONE', *, *, #4564, .F. ) ;
#7059 = CARTESIAN_POINT ( 'NONE',  ( -3.911884302028125759, 0.8730957953454800968, 4.100095425472312094 ) ) ;
#7060 = FACE_OUTER_BOUND ( 'NONE', #4227, .T. ) ;
#7061 = CARTESIAN_POINT ( 'NONE',  ( -3.037186851106451702, 0.4572415375654495517, 4.600000000000001421 ) ) ;
#7062 = DIRECTION ( 'NONE',  ( 1.000000000000000000, 0.000000000000000000, 0.000000000000000000 ) ) ;
#7063 = ORIENTED_EDGE ( 'NONE', *, *, #4070, .F. ) ;
#7064 = VERTEX_POINT ( 'NONE', #4644 ) ;
#7065 = CARTESIAN_POINT ( 'NONE',  ( 3.410000000000000586, 2.600000000000000533, 2.746891109999991976 ) ) ;
#7066 = EDGE_CURVE ( 'NONE', #144, #7466, #5711, .T. ) ;
#7067 = DIRECTION ( 'NONE',  ( 0.000000000000000000, -0.000000000000000000, -1.000000000000000000 ) ) ;
#7068 = CARTESIAN_POINT ( 'NONE',  ( -0.8895776190357402857, 0.3495673800454416336, 4.599999999999998757 ) ) ;
#7069 = DIRECTION ( 'NONE',  ( 0.000000000000000000, -1.766101716875451061E-14, 1.000000000000000000 ) ) ;
#7070 = LINE ( 'NONE', #1261, #7137 ) ;
#7071 = CARTESIAN_POINT ( 'NONE',  ( 3.409999999999999698, -3.600000000000000533, -3.175000000000021139 ) ) ;
#7072 = CARTESIAN_POINT ( 'NONE',  ( 2.815649283515738510, 0.4493305615743255488, 4.099804698717933071 ) ) ;
#7073 = CARTESIAN_POINT ( 'NONE',  ( 1.250000000000000222, 5.700000000000171596, 4.599999999999999645 ) ) ;
#7074 = EDGE_CURVE ( 'NONE', #4106, #1828, #3075, .T. ) ;
#7075 = EDGE_LOOP ( 'NONE', ( #4452, #243, #1618, #7677 ) ) ;
#7076 = ORIENTED_EDGE ( 'NONE', *, *, #1127, .T. ) ;
#7077 = VECTOR ( 'NONE', #5543, 1000.000000000000000 ) ;
#7078 = AXIS2_PLACEMENT_3D ( 'NONE', #4341, #659, #7022 ) ;
#7079 = ORIENTED_EDGE ( 'NONE', *, *, #167, .T. ) ;
#7080 = EDGE_LOOP ( 'NONE', ( #7025, #7040, #4188, #6807, #4030 ) ) ;
#7081 = LINE ( 'NONE', #7071, #7287 ) ;
#7082 = CARTESIAN_POINT ( 'NONE',  ( 0.9747998537747766257, 0.4690838011150056386, 4.099713330361076657 ) ) ;
#7083 = CARTESIAN_POINT ( 'NONE',  ( -4.699934345573481664, 0.7074836895662707237, -2.149999999999999911 ) ) ;
#7084 = CARTESIAN_POINT ( 'NONE',  ( 0.02832424228753609857, 2.971675757712464616, 4.345418941088604825 ) ) ;
#7085 = ORIENTED_EDGE ( 'NONE', *, *, #1053, .F. ) ;
#7086 = PLANE ( 'NONE',  #3419 ) ;
#7087 = DIRECTION ( 'NONE',  ( -0.000000000000000000, 1.000000000000000000, 9.147955830346445240E-15 ) ) ;
#7088 = ORIENTED_EDGE ( 'NONE', *, *, #5084, .F. ) ;
#7089 = CARTESIAN_POINT ( 'NONE',  ( 4.673938178249359865, 0.5695814399418392959, 4.099799376298421727 ) ) ;
#7090 = CARTESIAN_POINT ( 'NONE',  ( 7.620000000000000107, 0.6245615686488276141, 0.02382435808271308325 ) ) ;
#7091 = EDGE_LOOP ( 'NONE', ( #4981, #3988, #4306, #1619 ) ) ;
#7092 = VECTOR ( 'NONE', #2588, 1000.000000000000000 ) ;
#7093 = ORIENTED_EDGE ( 'NONE', *, *, #7399, .F. ) ;
#7094 = ORIENTED_EDGE ( 'NONE', *, *, #5598, .T. ) ;
#7095 = VECTOR ( 'NONE', #3843, 1000.000000000000000 ) ;
#7096 = CARTESIAN_POINT ( 'NONE',  ( -3.006512493892943727, 0.6161097408248940033, 4.099841298696810910 ) ) ;
#7097 = VERTEX_POINT ( 'NONE', #1448 ) ;
#7098 =( BOUNDED_CURVE ( )  B_SPLINE_CURVE ( 3, ( #3688, #6259, #6919, #2477 ),
 .UNSPECIFIED., .F., .F. ) 
 B_SPLINE_CURVE_WITH_KNOTS ( ( 4, 4 ),
 ( 5.497787143782137953, 6.283185307179586232 ),
 .UNSPECIFIED. ) 
 CURVE ( )  GEOMETRIC_REPRESENTATION_ITEM ( )  RATIONAL_B_SPLINE_CURVE ( ( 1.000000000000000000, 0.9492530216741911220, 0.9492530216741911220, 1.000000000000000000 ) ) 
 REPRESENTATION_ITEM ( '' )  );
#7099 = DIRECTION ( 'NONE',  ( 4.041274046554466541E-16, -1.000000000000000000, -0.000000000000000000 ) ) ;
#7100 = EDGE_CURVE ( 'NONE', #1920, #7336, #5763, .T. ) ;
#7101 = CARTESIAN_POINT ( 'NONE',  ( 6.410000000000000142, 2.550000000000001155, 4.000000000000000000 ) ) ;
#7102 = CARTESIAN_POINT ( 'NONE',  ( -0.9667932385214900171, 0.4771075051847396553, 4.099719849671923377 ) ) ;
#7103 = ORIENTED_EDGE ( 'NONE', *, *, #4296, .T. ) ;
#7104 = VECTOR ( 'NONE', #261, 1000.000000000000000 ) ;
#7105 = ORIENTED_EDGE ( 'NONE', *, *, #4020, .F. ) ;
#7106 = ORIENTED_EDGE ( 'NONE', *, *, #4172, .T. ) ;
#7107 = CARTESIAN_POINT ( 'NONE',  ( -6.110000000000001208, 7.400000000000000355, 1.200000000000000178 ) ) ;
#7108 = COLOUR_RGB ( '',0.3529411764705882026, 0.7450980392156862919, 0.3529411764705882026 ) ;
#7109 = EDGE_CURVE ( 'NONE', #2581, #7376, #450, .T. ) ;
#7110 = ORIENTED_EDGE ( 'NONE', *, *, #3417, .T. ) ;
#7111 = EDGE_LOOP ( 'NONE', ( #1712, #3904, #4821 ) ) ;
#7112 = AXIS2_PLACEMENT_3D ( 'NONE', #3176, #6366, #6970 ) ;
#7113 = ORIENTED_EDGE ( 'NONE', *, *, #4564, .T. ) ;
#7114 = LINE ( 'NONE', #2197, #1830 ) ;
#7115 = EDGE_CURVE ( 'NONE', #6976, #6221, #434, .T. ) ;
#7116 = CARTESIAN_POINT ( 'NONE',  ( 0.4000000000000001887, 2.600000000000000533, 2.746891109999991976 ) ) ;
#7117 = VERTEX_POINT ( 'NONE', #2066 ) ;
#7118 = CARTESIAN_POINT ( 'NONE',  ( -2.154999999999973603, 5.000000000000124345, 4.099999999999992539 ) ) ;
#7119 = DIRECTION ( 'NONE',  ( -0.000000000000000000, -1.000000000000000000, -9.164576854217089559E-15 ) ) ;
#7120 = CARTESIAN_POINT ( 'NONE',  ( -0.8693056886304969533, 0.3700389308121427856, 4.600000000000017408 ) ) ;
#7121 = CARTESIAN_POINT ( 'NONE',  ( -5.465000000000025615, 0.7074836895662699465, -2.149999999999999911 ) ) ;
#7122 = LINE ( 'NONE', #1874, #1702 ) ;
#7123 = ADVANCED_FACE ( 'NONE', ( #3103 ), #4538, .F. ) ;
#7124 = CARTESIAN_POINT ( 'NONE',  ( 3.810000000000002718, 6.000000000000019540, -4.599999999999999645 ) ) ;
#7125 = CARTESIAN_POINT ( 'NONE',  ( -5.110000000000000320, 0.3999999999998848366, -4.299999999999994493 ) ) ;
#7126 = DIRECTION ( 'NONE',  ( 1.000000000000000000, -1.417136119250013615E-16, 0.000000000000000000 ) ) ;
#7127 = AXIS2_PLACEMENT_3D ( 'NONE', #1431, #3292, #2750 ) ;
#7128 = ORIENTED_EDGE ( 'NONE', *, *, #4550, .T. ) ;
#7129 = CARTESIAN_POINT ( 'NONE',  ( -3.245979082384695236, 0.6298341395741202664, 4.599999999999999645 ) ) ;
#7130 = ORIENTED_EDGE ( 'NONE', *, *, #1095, .F. ) ;
#7131 = ADVANCED_FACE ( 'NONE', ( #3129 ), #5778, .T. ) ;
#7132 = VERTEX_POINT ( 'NONE', #5566 ) ;
#7133 =( BOUNDED_CURVE ( )  B_SPLINE_CURVE ( 3, ( #2147, #5256, #2861, #1583 ),
 .UNSPECIFIED., .F., .F. ) 
 B_SPLINE_CURVE_WITH_KNOTS ( ( 4, 4 ),
 ( 5.497787143782127295, 6.283185307179586232 ),
 .UNSPECIFIED. ) 
 CURVE ( )  GEOMETRIC_REPRESENTATION_ITEM ( )  RATIONAL_B_SPLINE_CURVE ( ( 1.000000000000000000, 0.9492530216741897897, 0.9492530216741897897, 1.000000000000000000 ) ) 
 REPRESENTATION_ITEM ( '' )  );
#7134 = LINE ( 'NONE', #6325, #7092 ) ;
#7135 = VERTEX_POINT ( 'NONE', #7853 ) ;
#7136 = EDGE_CURVE ( 'NONE', #6724, #5697, #350, .T. ) ;
#7137 = VECTOR ( 'NONE', #4408, 1000.000000000000000 ) ;
#7138 =( BOUNDED_CURVE ( )  B_SPLINE_CURVE ( 3, ( #6767, #1257, #3745, #3840 ),
 .UNSPECIFIED., .F., .F. ) 
 B_SPLINE_CURVE_WITH_KNOTS ( ( 4, 4 ),
 ( 0.000000000000000000, 0.7853981633974510546 ),
 .UNSPECIFIED. ) 
 CURVE ( )  GEOMETRIC_REPRESENTATION_ITEM ( )  RATIONAL_B_SPLINE_CURVE ( ( 1.000000000000000000, 0.9492530216741906779, 0.9492530216741906779, 1.000000000000000000 ) ) 
 REPRESENTATION_ITEM ( '' )  );
#7139 = CARTESIAN_POINT ( 'NONE',  ( 0.8463502250377368252, 0.4561530169346312280, 4.438697105853183444 ) ) ;
#7140 = EDGE_CURVE ( 'NONE', #6445, #1267, #3116, .T. ) ;
#7141 = CARTESIAN_POINT ( 'NONE',  ( -3.439289321881344730, 3.370710678118655768, 2.856200347158724284 ) ) ;
#7142 = CARTESIAN_POINT ( 'NONE',  ( -3.409999999999999698, 3.300000000000000266, 2.746891109999991976 ) ) ;
#7143 = ORIENTED_EDGE ( 'NONE', *, *, #543, .T. ) ;
#7144 = CARTESIAN_POINT ( 'NONE',  ( 4.550902527785322782, 0.6587709532966404824, 4.099880901472506167 ) ) ;
#7145 =( BOUNDED_CURVE ( )  B_SPLINE_CURVE ( 3, ( #1016, #6712, #7237, #5988 ),
 .UNSPECIFIED., .F., .F. ) 
 B_SPLINE_CURVE_WITH_KNOTS ( ( 4, 4 ),
 ( 5.497787143782144170, 6.283185307179586232 ),
 .UNSPECIFIED. ) 
 CURVE ( )  GEOMETRIC_REPRESENTATION_ITEM ( )  RATIONAL_B_SPLINE_CURVE ( ( 1.000000000000000000, 0.9492530216741918991, 0.9492530216741918991, 1.000000000000000000 ) ) 
 REPRESENTATION_ITEM ( '' )  );
#7146 = DIRECTION ( 'NONE',  ( 0.000000000000000000, -0.03811800917140872880, 0.9992732446016997505 ) ) ;
#7147 = ORIENTED_EDGE ( 'NONE', *, *, #951, .T. ) ;
#7148 = AXIS2_PLACEMENT_3D ( 'NONE', #1268, #3852, #1885 ) ;
#7149 = LINE ( 'NONE', #6139, #4342 ) ;
#7150 = CARTESIAN_POINT ( 'NONE',  ( 2.602085213965210642E-15, 6.000000000000019540, -4.299999999999999822 ) ) ;
#7151 = ORIENTED_EDGE ( 'NONE', *, *, #5687, .F. ) ;
#7152 = CARTESIAN_POINT ( 'NONE',  ( -2.785661529180585738, 0.4190369464358422169, 4.099945975213936222 ) ) ;
#7153 = FACE_OUTER_BOUND ( 'NONE', #7000, .T. ) ;
#7154 = EDGE_CURVE ( 'NONE', #227, #8039, #5751, .T. ) ;
#7155 = AXIS2_PLACEMENT_3D ( 'NONE', #793, #3757, #3132 ) ;
#7156 = VERTEX_POINT ( 'NONE', #3475 ) ;
#7157 = CARTESIAN_POINT ( 'NONE',  ( -4.865633012056471252, 0.3874297912861717208, 4.100094739795642873 ) ) ;
#7158 = ADVANCED_FACE ( 'NONE', ( #3014 ), #4236, .F. ) ;
#7159 = DIRECTION ( 'NONE',  ( -0.000000000000000000, 1.000000000000000000, 9.147955830346445240E-15 ) ) ;
#7160 = CARTESIAN_POINT ( 'NONE',  ( -5.109999999999998543, 5.600000000000019185, -4.299999999999999822 ) ) ;
#7161 = CARTESIAN_POINT ( 'NONE',  ( -0.9753257381221106526, 0.4685524450405291197, 4.099715649274413565 ) ) ;
#7162 = ORIENTED_EDGE ( 'NONE', *, *, #346, .F. ) ;
#7163 = LINE ( 'NONE', #5813, #4329 ) ;
#7164 = CARTESIAN_POINT ( 'NONE',  ( 2.129365968874967635E-17, 7.200000000000001066, 1.200000000000000178 ) ) ;
#7165 = EDGE_CURVE ( 'NONE', #7371, #1964, #5791, .T. ) ;
#7166 = ORIENTED_EDGE ( 'NONE', *, *, #773, .T. ) ;
#7167 = CARTESIAN_POINT ( 'NONE',  ( -0.2250000000000064448, -3.600000000000000533, -3.800000000000033573 ) ) ;
#7168 = CARTESIAN_POINT ( 'NONE',  ( 3.159999999999988152, 5.000000000000124345, -2.149999999999999911 ) ) ;
#7169 = CARTESIAN_POINT ( 'NONE',  ( 1.655000000000026672, 5.000000000000124345, -2.149999999999999911 ) ) ;
#7170 = CARTESIAN_POINT ( 'NONE',  ( -3.509999999999999787, 3.400000000000000355, 3.399999999999999911 ) ) ;
#7171 = EDGE_LOOP ( 'NONE', ( #3581, #3927, #4375, #901, #3945 ) ) ;
#7172 = VERTEX_POINT ( 'NONE', #4075 ) ;
#7173 = EDGE_CURVE ( 'NONE', #7662, #4094, #3088, .T. ) ;
#7174 = ORIENTED_EDGE ( 'NONE', *, *, #4599, .F. ) ;
#7175 = VECTOR ( 'NONE', #4270, 1000.000000000000227 ) ;
#7176 = DIRECTION ( 'NONE',  ( -1.000000000000000000, 0.000000000000000000, 0.000000000000000000 ) ) ;
#7177 = ORIENTED_EDGE ( 'NONE', *, *, #2829, .F. ) ;
#7178 = CARTESIAN_POINT ( 'NONE',  ( 1.300000000000001599, 6.400000000000018119, -4.599999999999999645 ) ) ;
#7179 = DIRECTION ( 'NONE',  ( -2.482391417653248393E-16, 0.2588190451025190741, 0.9659258262890687563 ) ) ;
#7180 = CARTESIAN_POINT ( 'NONE',  ( -0.8752414660360910981, 0.3640501035536992114, 4.599999999999984546 ) ) ;
#7181 = CARTESIAN_POINT ( 'NONE',  ( -0.3999999999999993006, 2.700000000000000178, 3.399999999999999911 ) ) ;
#7182 = CARTESIAN_POINT ( 'NONE',  ( 3.810000000000002718, 6.000000000000019540, -4.299999999999999822 ) ) ;
#7183 = CARTESIAN_POINT ( 'NONE',  ( 5.294999999999999929, 6.350000000000171063, 4.099999999999992539 ) ) ;
#7184 = DIRECTION ( 'NONE',  ( 1.000000000000000000, -0.000000000000000000, 2.569960705150825398E-16 ) ) ;
#7185 = VERTEX_POINT ( 'NONE', #4702 ) ;
#7186 = AXIS2_PLACEMENT_3D ( 'NONE', #957, #5982, #4400 ) ;
#7187 = VERTEX_POINT ( 'NONE', #4852 ) ;
#7188 = ORIENTED_EDGE ( 'NONE', *, *, #5114, .T. ) ;
#7189 = ADVANCED_BREP_SHAPE_REPRESENTATION ( '', ( #5257, #1805, #3008, #131, #3299, #6234, #5638, #7814 ), #6193 ) ;
#7190 = CIRCLE ( 'NONE', #6287, 0.1000000000000002554 ) ;
#7191 = ORIENTED_EDGE ( 'NONE', *, *, #3800, .F. ) ;
#7192 = ADVANCED_FACE ( 'NONE', ( #5831 ), #5817, .T. ) ;
#7193 = CARTESIAN_POINT ( 'NONE',  ( -1.655000000000027116, 5.133974596215686859, 4.599999999999999645 ) ) ;
#7194 = DIRECTION ( 'NONE',  ( -1.000000000000000000, 0.000000000000000000, 0.000000000000000000 ) ) ;
#7195 = CARTESIAN_POINT ( 'NONE',  ( -6.410000000000001030, 3.750000000000000000, 4.000000000000000000 ) ) ;
#7196 = ORIENTED_EDGE ( 'NONE', *, *, #4859, .F. ) ;
#7197 = DIRECTION ( 'NONE',  ( -0.2505628075300758151, -0.9351131262929061050, 0.2505628075300751489 ) ) ;
#7198 = VERTEX_POINT ( 'NONE', #4128 ) ;
#7199 = CARTESIAN_POINT ( 'NONE',  ( 2.857138110701082478, 0.2856520254629312250, 4.599999999999987210 ) ) ;
#7200 =( GEOMETRIC_REPRESENTATION_CONTEXT ( 3 ) GLOBAL_UNCERTAINTY_ASSIGNED_CONTEXT ( ( #1248 ) ) GLOBAL_UNIT_ASSIGNED_CONTEXT ( ( #3407, #6534, #4685 ) ) REPRESENTATION_CONTEXT ( 'NONE', 'WORKASPACE' ) );
#7201 = DIRECTION ( 'NONE',  ( 1.000000000000000000, 0.000000000000000000, 0.000000000000000000 ) ) ;
#7202 = CARTESIAN_POINT ( 'NONE',  ( 4.669617029674073549, 0.3796635382382378965, 4.599999999999954348 ) ) ;
#7203 = ORIENTED_EDGE ( 'NONE', *, *, #6468, .F. ) ;
#7204 = FACE_OUTER_BOUND ( 'NONE', #2151, .T. ) ;
#7205 = CARTESIAN_POINT ( 'NONE',  ( -5.110000000000000320, 0.000000000000000000, -4.599999999999999645 ) ) ;
#7206 = VERTEX_POINT ( 'NONE', #5389 ) ;
#7207 = DIRECTION ( 'NONE',  ( 0.000000000000000000, -0.000000000000000000, -1.000000000000000000 ) ) ;
#7208 = EDGE_CURVE ( 'NONE', #1573, #7322, #334, .T. ) ;
#7209 = ORIENTED_EDGE ( 'NONE', *, *, #6258, .F. ) ;
#7210 = CARTESIAN_POINT ( 'NONE',  ( -4.181231060036053826, -3.054258255407597211, -3.028768939963972784 ) ) ;
#7211 = CARTESIAN_POINT ( 'NONE',  ( -0.9742838196176629717, 0.4696048838692797878, 4.099713573377225195 ) ) ;
#7212 = EDGE_CURVE ( 'NONE', #1518, #3257, #475, .T. ) ;
#7213 = VERTEX_POINT ( 'NONE', #1600 ) ;
#7214 = CYLINDRICAL_SURFACE ( 'NONE', #472, 0.1000000000000002554 ) ;
#7215 = CARTESIAN_POINT ( 'NONE',  ( 3.838324242287517229, -4.545418941088585463, -3.371675757712511157 ) ) ;
#7216 = ORIENTED_EDGE ( 'NONE', *, *, #6743, .T. ) ;
#7217 = PLANE ( 'NONE',  #2515 ) ;
#7218 = SURFACE_SIDE_STYLE ('',( #7781 ) ) ;
#7219 = CARTESIAN_POINT ( 'NONE',  ( -3.497599508027018800, 0.6910555467458097123, 4.600000000000002309 ) ) ;
#7220 = DIRECTION ( 'NONE',  ( -0.000000000000000000, -0.000000000000000000, 1.000000000000000000 ) ) ;
#7221 = CARTESIAN_POINT ( 'NONE',  ( 2.154999999999974492, 0.7074836895662699465, -2.149999999999999911 ) ) ;
#7222 = LINE ( 'NONE', #914, #1674 ) ;
#7223 = AXIS2_PLACEMENT_3D ( 'NONE', #2547, #3909, #7566 ) ;
#7224 = EDGE_CURVE ( 'NONE', #2366, #2116, #2943, .T. ) ;
#7225 = ORIENTED_EDGE ( 'NONE', *, *, #1522, .T. ) ;
#7226 = ADVANCED_FACE ( 'NONE', ( #239 ), #5737, .T. ) ;
#7227 = EDGE_LOOP ( 'NONE', ( #7076, #6113, #1776, #1011 ) ) ;
#7228 = LINE ( 'NONE', #7559, #7044 ) ;
#7229 = DIRECTION ( 'NONE',  ( 0.000000000000000000, -1.000000000000000000, 0.000000000000000000 ) ) ;
#7230 = AXIS2_PLACEMENT_3D ( 'NONE', #3497, #3992, #4562 ) ;
#7231 = ORIENTED_EDGE ( 'NONE', *, *, #6930, .T. ) ;
#7232 = PLANE ( 'NONE',  #3189 ) ;
#7233 = CARTESIAN_POINT ( 'NONE',  ( -1.250000000000000222, 5.700000000000171596, 4.099999999999992539 ) ) ;
#7234 = CARTESIAN_POINT ( 'NONE',  ( 0.8896293826833490126, 0.3495150890627832796, 4.599999999999963229 ) ) ;
#7235 = DIRECTION ( 'NONE',  ( 0.000000000000000000, 1.000000000000000000, 9.164576854217089559E-15 ) ) ;
#7236 = FACE_OUTER_BOUND ( 'NONE', #4396, .T. ) ;
#7237 = CARTESIAN_POINT ( 'NONE',  ( 4.138175298700236482, -2.946891109999997038, -3.000000000000027534 ) ) ;
#7238 = DIRECTION ( 'NONE',  ( -1.000000000000000000, 0.000000000000000000, 0.000000000000000000 ) ) ;
#7239 = PLANE ( 'NONE',  #7473 ) ;
#7240 = ORIENTED_EDGE ( 'NONE', *, *, #1509, .T. ) ;
#7241 = EDGE_CURVE ( 'NONE', #7652, #6933, #2970, .T. ) ;
#7242 = EDGE_LOOP ( 'NONE', ( #6677, #1055, #7203, #2015, #1307, #937, #4539, #1564 ) ) ;
#7243 = VECTOR ( 'NONE', #6693, 1000.000000000000000 ) ;
#7244 = EDGE_CURVE ( 'NONE', #7417, #6776, #506, .T. ) ;
#7245 = ORIENTED_EDGE ( 'NONE', *, *, #2472, .F. ) ;
#7246 = LINE ( 'NONE', #4297, #7260 ) ;
#7247 = DIRECTION ( 'NONE',  ( 1.000000000000000000, -0.000000000000000000, 0.000000000000000000 ) ) ;
#7248 = DIRECTION ( 'NONE',  ( 0.000000000000000000, -1.766101716875451061E-14, 1.000000000000000000 ) ) ;
#7249 = CARTESIAN_POINT ( 'NONE',  ( 2.960000000000000853, 3.000000000000000000, -1.200000000000000178 ) ) ;
#7250 = VERTEX_POINT ( 'NONE', #7950 ) ;
#7251 = CARTESIAN_POINT ( 'NONE',  ( 2.942182872860739984, 0.3715309425213068062, 4.599999999999988098 ) ) ;
#7252 = DIRECTION ( 'NONE',  ( -0.000000000000000000, 1.000000000000000000, 9.147955830346445240E-15 ) ) ;
#7253 = EDGE_LOOP ( 'NONE', ( #4122, #1412, #4878, #4966 ) ) ;
#7254 = CARTESIAN_POINT ( 'NONE',  ( 3.410000000000000586, 3.300000000000000266, 2.746891109999991976 ) ) ;
#7255 = VECTOR ( 'NONE', #1579, 1000.000000000000000 ) ;
#7256 = CARTESIAN_POINT ( 'NONE',  ( -0.8718007302291518323, 0.4586744067795262003, 4.372598233798138168 ) ) ;
#7257 = ORIENTED_EDGE ( 'NONE', *, *, #4002, .F. ) ;
#7258 = EDGE_CURVE ( 'NONE', #4283, #1299, #5875, .T. ) ;
#7259 = AXIS2_PLACEMENT_3D ( 'NONE', #3882, #1559, #5946 ) ;
#7260 = VECTOR ( 'NONE', #6769, 1000.000000000000000 ) ;
#7261 = ADVANCED_FACE ( 'NONE', ( #2987 ), #6042, .F. ) ;
#7262 = CARTESIAN_POINT ( 'NONE',  ( -4.050240153892809225, 0.8547898044846470311, 4.100076127504518553 ) ) ;
#7263 = EDGE_CURVE ( 'NONE', #6419, #6742, #515, .T. ) ;
#7264 = ORIENTED_EDGE ( 'NONE', *, *, #5723, .T. ) ;
#7265 = CARTESIAN_POINT ( 'NONE',  ( -4.804350716484258932, 0.4493305615743262704, 4.099804698717932183 ) ) ;
#7266 = DIRECTION ( 'NONE',  ( 0.000000000000000000, -0.000000000000000000, -1.000000000000000000 ) ) ;
#7267 = CARTESIAN_POINT ( 'NONE',  ( -0.9750786671308419029, 0.4688020880797137413, 4.099714495844823503 ) ) ;
#7268 = ORIENTED_EDGE ( 'NONE', *, *, #2662, .T. ) ;
#7269 = LINE ( 'NONE', #1394, #1737 ) ;
#7270 = CARTESIAN_POINT ( 'NONE',  ( -3.409999999999999698, -8.331370849898474873, -3.701776695000076778 ) ) ;
#7271 = EDGE_LOOP ( 'NONE', ( #1473, #856, #6336, #6101 ) ) ;
#7272 = CARTESIAN_POINT ( 'NONE',  ( 3.810000000000002718, 6.000000000000019540, -4.299999999999999822 ) ) ;
#7273 = CARTESIAN_POINT ( 'NONE',  ( -3.855764307808304370, 0.7313028990377984373, 4.600000000000103562 ) ) ;
#7274 = CARTESIAN_POINT ( 'NONE',  ( -2.154999999999973159, 5.000000000000124345, -2.149999999999999911 ) ) ;
#7275 = VECTOR ( 'NONE', #6519, 1000.000000000000000 ) ;
#7276 = CARTESIAN_POINT ( 'NONE',  ( 4.460000000000011511, 5.000000000000124345, -2.149999999999999911 ) ) ;
#7277 = ORIENTED_EDGE ( 'NONE', *, *, #5870, .F. ) ;
#7278 = EDGE_LOOP ( 'NONE', ( #733, #5997, #5192, #5911 ) ) ;
#7279 = CIRCLE ( 'NONE', #3353, 0.09822330499999978870 ) ;
#7280 = CARTESIAN_POINT ( 'NONE',  ( -2.950382970325925669, 0.3796635382382368418, 4.599999999999952571 ) ) ;
#7281 = DIRECTION ( 'NONE',  ( 0.000000000000000000, -1.766101716875451061E-14, 1.000000000000000000 ) ) ;
#7282 = ORIENTED_EDGE ( 'NONE', *, *, #5484, .F. ) ;
#7283 = DIRECTION ( 'NONE',  ( 0.000000000000000000, -1.000000000000000000, 0.000000000000000000 ) ) ;
#7284 = CARTESIAN_POINT ( 'NONE',  ( 0.2250000000000064448, -3.600000000000000533, 0.000000000000000000 ) ) ;
#7285 = CARTESIAN_POINT ( 'NONE',  ( 0.8671705502070347071, 0.3721774317239261998, 4.600000000000017408 ) ) ;
#7286 = DIRECTION ( 'NONE',  ( -0.000000000000000000, 1.000000000000000000, 9.164576854217089559E-15 ) ) ;
#7287 = VECTOR ( 'NONE', #2823, 1000.000000000000000 ) ;
#7288 = CARTESIAN_POINT ( 'NONE',  ( 2.785997992435909065, 0.4193768110050513642, 4.099944383918991520 ) ) ;
#7289 = ORIENTED_EDGE ( 'NONE', *, *, #24, .F. ) ;
#7290 = ORIENTED_EDGE ( 'NONE', *, *, #5556, .T. ) ;
#7291 = CARTESIAN_POINT ( 'NONE',  ( 4.035000000000000142, 0.000000000000000000, 3.399999999999999911 ) ) ;
#7292 = ADVANCED_FACE ( 'NONE', ( #3034 ), #6766, .T. ) ;
#7293 = EDGE_CURVE ( 'NONE', #3874, #7652, #319, .T. ) ;
#7294 = ORIENTED_EDGE ( 'NONE', *, *, #7041, .F. ) ;
#7295 = LINE ( 'NONE', #5307, #1680 ) ;
#7296 = ORIENTED_EDGE ( 'NONE', *, *, #4497, .F. ) ;
#7297 = VECTOR ( 'NONE', #3121, 1000.000000000000000 ) ;
#7299 = ORIENTED_EDGE ( 'NONE', *, *, #3227, .T. ) ;
#7298 = CARTESIAN_POINT ( 'NONE',  ( 0.4000000000000001887, -2.946891109999995262, -3.098223305000026961 ) ) ;
#7300 = CARTESIAN_POINT ( 'NONE',  ( -1.299999999999998268, 6.400000000000019007, -4.299999999999999822 ) ) ;
#7301 = ORIENTED_EDGE ( 'NONE', *, *, #3737, .F. ) ;
#7302 = CARTESIAN_POINT ( 'NONE',  ( 2.945166809840156219, 0.3745072989723454704, 4.599999999999853095 ) ) ;
#7303 = AXIS2_PLACEMENT_3D ( 'NONE', #3460, #5368, #4060 ) ;
#7304 = CARTESIAN_POINT ( 'NONE',  ( 4.647087238876570936, 0.4012457474587567963, 4.600000000000069811 ) ) ;
#7305 = ORIENTED_EDGE ( 'NONE', *, *, #3241, .F. ) ;
#7306 = CARTESIAN_POINT ( 'NONE',  ( -2.835200146225223428, 0.4690838011150054720, 4.099713330361080210 ) ) ;
#7307 = VECTOR ( 'NONE', #6596, 1000.000000000000114 ) ;
#7308 = CARTESIAN_POINT ( 'NONE',  ( 0.9357638220692980902, 0.5787418447820819045, 1.224999999999999867 ) ) ;
#7309 = EDGE_CURVE ( 'NONE', #2229, #4328, #211, .T. ) ;
#7310 = CARTESIAN_POINT ( 'NONE',  ( 2.920065654426518442, 0.7074836895662707237, -2.149999999999999911 ) ) ;
#7311 = ORIENTED_EDGE ( 'NONE', *, *, #1741, .T. ) ;
#7312 = PRESENTATION_STYLE_ASSIGNMENT (( #3390 ) ) ;
#7313 = CARTESIAN_POINT ( 'NONE',  ( -4.162012470323868563, 0.8302174702542430840, 4.100050485372688236 ) ) ;
#7314 = EDGE_CURVE ( 'NONE', #1626, #4944, #5678, .T. ) ;
#7315 = ADVANCED_FACE ( 'NONE', ( #5590 ), #1869, .F. ) ;
#7316 = VERTEX_POINT ( 'NONE', #826 ) ;
#7317 = ORIENTED_EDGE ( 'NONE', *, *, #4772, .T. ) ;
#7318 = CARTESIAN_POINT ( 'NONE',  ( -4.826094729307683906, 0.4273641485674810059, 4.099907011799190037 ) ) ;
#7319 = AXIS2_PLACEMENT_3D ( 'NONE', #367, #1485, #3457 ) ;
#7320 = DIRECTION ( 'NONE',  ( 0.000000000000000000, -1.156482317317871764E-14, 1.000000000000000000 ) ) ;
#7321 = CARTESIAN_POINT ( 'NONE',  ( -0.05116347006313565898, 0.8759418406145652591, 4.100098451585658665 ) ) ;
#7322 = VERTEX_POINT ( 'NONE', #7654 ) ;
#7323 = VECTOR ( 'NONE', #1757, 1000.000000000000000 ) ;
#7324 = AXIS2_PLACEMENT_3D ( 'NONE', #2562, #6348, #2467 ) ;
#7325 = EDGE_LOOP ( 'NONE', ( #3476, #4692, #7770, #638 ) ) ;
#7326 = EDGE_CURVE ( 'NONE', #1563, #4448, #224, .T. ) ;
#7327 = CARTESIAN_POINT ( 'NONE',  ( -3.508223304999999570, -8.331370849898480202, -3.000000000000076827 ) ) ;
#7328 = DIRECTION ( 'NONE',  ( -0.000000000000000000, 0.9659258261578430593, 0.2588190455922599331 ) ) ;
#7329 = CARTESIAN_POINT ( 'NONE',  ( 3.410780725564334759, 2.600780725564334261, 2.749804817466944051 ) ) ;
#7330 = LINE ( 'NONE', #7957, #1930 ) ;
#7331 = ADVANCED_FACE ( 'NONE', ( #2881 ), #7086, .F. ) ;
#7332 = EDGE_LOOP ( 'NONE', ( #6893, #1370, #1160, #2952, #1181, #1430 ) ) ;
#7333 = ORIENTED_EDGE ( 'NONE', *, *, #6770, .F. ) ;
#7334 = LINE ( 'NONE', #4642, #7377 ) ;
#7335 = DIRECTION ( 'NONE',  ( -0.000000000000000000, 1.000000000000000000, 9.164576854217089559E-15 ) ) ;
#7336 = VERTEX_POINT ( 'NONE', #1922 ) ;
#7337 = SURFACE_SIDE_STYLE ('',( #6318 ) ) ;
#7338 = CARTESIAN_POINT ( 'NONE',  ( -0.1587739874365975690, 0.7211954948085425032, 4.599999999999988987 ) ) ;
#7339 = DIRECTION ( 'NONE',  ( 0.000000000000000000, -1.000000000000000000, -1.301042606982963148E-14 ) ) ;
#7340 = FACE_OUTER_BOUND ( 'NONE', #7111, .T. ) ;
#7341 = EDGE_CURVE ( 'NONE', #4904, #1920, #5604, .T. ) ;
#7342 = CARTESIAN_POINT ( 'NONE',  ( -3.028426785290895040, 0.4500000001183825926, 4.599999999999999645 ) ) ;
#7343 = CARTESIAN_POINT ( 'NONE',  ( 3.004259797677274246, 0.6144775295635949153, 4.099839804666354226 ) ) ;
#7344 = CARTESIAN_POINT ( 'NONE',  ( 0.6500000000000116795, 0.000000000000000000, 0.000000000000000000 ) ) ;
#7345 = ORIENTED_EDGE ( 'NONE', *, *, #422, .F. ) ;
#7346 = DIRECTION ( 'NONE',  ( 1.000000000000000000, 0.000000000000000000, 0.000000000000000000 ) ) ;
#7347 = VERTEX_POINT ( 'NONE', #66 ) ;
#7348 = CARTESIAN_POINT ( 'NONE',  ( -0.6500000000000125677, 5.133974596215686859, 4.599999999999999645 ) ) ;
#7349 = EDGE_LOOP ( 'NONE', ( #5525, #2774, #5421, #4048, #2025, #65 ) ) ;
#7350 = FACE_OUTER_BOUND ( 'NONE', #123, .T. ) ;
#7351 = ORIENTED_EDGE ( 'NONE', *, *, #5716, .F. ) ;
#7352 = LINE ( 'NONE', #3600, #7556 ) ;
#7353 = DIRECTION ( 'NONE',  ( 1.000000000000000000, 0.000000000000000000, 0.000000000000000000 ) ) ;
#7354 = ORIENTED_EDGE ( 'NONE', *, *, #2931, .F. ) ;
#7355 = CARTESIAN_POINT ( 'NONE',  ( 4.660000000000000142, 3.000000000000000000, -1.200000000000000178 ) ) ;
#7356 = CARTESIAN_POINT ( 'NONE',  ( 2.510000000000002007, 6.400000000000019007, -4.599999999999999645 ) ) ;
#7357 = ORIENTED_EDGE ( 'NONE', *, *, #7714, .F. ) ;
#7358 = EDGE_CURVE ( 'NONE', #7579, #7466, #396, .T. ) ;
#7359 = CARTESIAN_POINT ( 'NONE',  ( 2.984803094411665914, 0.4122490395147437314, 4.600000000000682654 ) ) ;
#7360 = CARTESIAN_POINT ( 'NONE',  ( -4.209219274435665348, 2.600780725564334261, 2.749804817466944051 ) ) ;
#7361 = CARTESIAN_POINT ( 'NONE',  ( 4.209999999999999964, -2.946891109999997482, -3.000000000000027534 ) ) ;
#7362 = ORIENTED_EDGE ( 'NONE', *, *, #4951, .T. ) ;
#7363 = CARTESIAN_POINT ( 'NONE',  ( -2.925495107974374065, 0.4599309742376673227, 4.339657000290608302 ) ) ;
#7364 = CARTESIAN_POINT ( 'NONE',  ( -0.7815732714253941227, 0.4499999999978933074, 4.599999999999999645 ) ) ;
#7365 = CARTESIAN_POINT ( 'NONE',  ( -0.3712310600360556601, -3.054258255407589662, -3.771231060036082550 ) ) ;
#7366 = ORIENTED_EDGE ( 'NONE', *, *, #7847, .T. ) ;
#7367 = EDGE_CURVE ( 'NONE', #490, #1231, #2906, .T. ) ;
#7368 = CIRCLE ( 'NONE', #7127, 0.09822330499999978870 ) ;
#7369 = CARTESIAN_POINT ( 'NONE',  ( -4.012652492551598726, 0.8611216086973580985, 4.100082781062755366 ) ) ;
#7370 = ORIENTED_EDGE ( 'NONE', *, *, #3331, .T. ) ;
#7371 = VERTEX_POINT ( 'NONE', #4507 ) ;
#7372 = CARTESIAN_POINT ( 'NONE',  ( -4.781237916757786977, 0.4726694534186880459, 4.099716163635085842 ) ) ;
#7373 = DIRECTION ( 'NONE',  ( 0.000000000000000000, -0.000000000000000000, 1.000000000000000000 ) ) ;
#7374 = CARTESIAN_POINT ( 'NONE',  ( -6.410000000000001030, 6.150000000000000355, 4.599999999999999645 ) ) ;
#7375 = CARTESIAN_POINT ( 'NONE',  ( 0.3857495324236073220, 0.8206100898122981047, 4.100040563130982640 ) ) ;
#7376 = VERTEX_POINT ( 'NONE', #2080 ) ;
#7377 = VECTOR ( 'NONE', #5269, 1000.000000000000000 ) ;
#7378 = CARTESIAN_POINT ( 'NONE',  ( -2.509999999999998455, 6.400000000000018119, -4.599999999999999645 ) ) ;
#7379 = ADVANCED_FACE ( 'NONE', ( #5998 ), #684, .T. ) ;
#7380 = ORIENTED_EDGE ( 'NONE', *, *, #1018, .T. ) ;
#7381 = CARTESIAN_POINT ( 'NONE',  ( -4.035000000000006359, -3.600000000000000533, -3.800000000000033573 ) ) ;
#7382 = DIRECTION ( 'NONE',  ( -1.000000000000000000, 0.000000000000000000, 0.000000000000000000 ) ) ;
#7383 = DIRECTION ( 'NONE',  ( 0.3399999692168444998, -0.9404254467699950659, -0.000000000000000000 ) ) ;
#7384 = DIRECTION ( 'NONE',  ( 0.000000000000000000, 9.996711556476512143E-15, -1.000000000000000000 ) ) ;
#7385 = ADVANCED_FACE ( 'NONE', ( #3220 ), #6418, .F. ) ;
#7386 = ORIENTED_EDGE ( 'NONE', *, *, #6466, .F. ) ;
#7387 =( BOUNDED_CURVE ( )  B_SPLINE_CURVE ( 3, ( #3371, #3424, #6603, #267 ),
 .UNSPECIFIED., .F., .F. ) 
 B_SPLINE_CURVE_WITH_KNOTS ( ( 4, 4 ),
 ( 5.497787143782141506, 6.283185307179586232 ),
 .UNSPECIFIED. ) 
 CURVE ( )  GEOMETRIC_REPRESENTATION_ITEM ( )  RATIONAL_B_SPLINE_CURVE ( ( 1.000000000000000000, 0.9492530216741915661, 0.9492530216741915661, 1.000000000000000000 ) ) 
 REPRESENTATION_ITEM ( '' )  );
#7388 = ORIENTED_EDGE ( 'NONE', *, *, #5043, .F. ) ;
#7389 = VERTEX_POINT ( 'NONE', #7026 ) ;
#7390 = VECTOR ( 'NONE', #2573, 1000.000000000000000 ) ;
#7391 = DIRECTION ( 'NONE',  ( -1.000000000000000000, 0.000000000000000000, 0.000000000000000000 ) ) ;
#7392 = ORIENTED_EDGE ( 'NONE', *, *, #4743, .T. ) ;
#7393 = PLANE ( 'NONE',  #2381 ) ;
#7394 = CARTESIAN_POINT ( 'NONE',  ( 0.8724209839302593528, 0.3668997054138253278, 4.600000000000038725 ) ) ;
#7395 = DIRECTION ( 'NONE',  ( 1.000000000000000000, 0.000000000000000000, -0.000000000000000000 ) ) ;
#7396 = LINE ( 'NONE', #3024, #2075 ) ;
#7397 = DIRECTION ( 'NONE',  ( -0.000000000000000000, -0.000000000000000000, -1.000000000000000000 ) ) ;
#7398 = ADVANCED_FACE ( 'NONE', ( #3300 ), #3427, .T. ) ;
#7399 = EDGE_CURVE ( 'NONE', #3762, #6419, #750, .T. ) ;
#7400 = CARTESIAN_POINT ( 'NONE',  ( 2.834921332869158928, 0.4688020880797144074, 4.099714495844829720 ) ) ;
#7401 = ORIENTED_EDGE ( 'NONE', *, *, #1570, .T. ) ;
#7402 = CARTESIAN_POINT ( 'NONE',  ( -6.410000000000001030, 0.000000000000000000, 0.000000000000000000 ) ) ;
#7403 = ORIENTED_EDGE ( 'NONE', *, *, #7837, .T. ) ;
#7404 = CARTESIAN_POINT ( 'NONE',  ( 3.508223304999999570, -2.946891109999997482, -3.000000000000027534 ) ) ;
#7405 = AXIS2_PLACEMENT_3D ( 'NONE', #15, #6975, #1262 ) ;
#7406 = ORIENTED_EDGE ( 'NONE', *, *, #4204, .T. ) ;
#7407 = VECTOR ( 'NONE', #6867, 1000.000000000000000 ) ;
#7408 = ORIENTED_EDGE ( 'NONE', *, *, #3912, .T. ) ;
#7409 =( BOUNDED_CURVE ( )  B_SPLINE_CURVE ( 3, ( #6443, #5207, #2904, #4049 ),
 .UNSPECIFIED., .F., .F. ) 
 B_SPLINE_CURVE_WITH_KNOTS ( ( 4, 4 ),
 ( 5.497787143782140618, 6.283185307179586232 ),
 .UNSPECIFIED. ) 
 CURVE ( )  GEOMETRIC_REPRESENTATION_ITEM ( )  RATIONAL_B_SPLINE_CURVE ( ( 1.000000000000000000, 0.9492530216741915661, 0.9492530216741915661, 1.000000000000000000 ) ) 
 REPRESENTATION_ITEM ( '' )  );
#7410 =( GEOMETRIC_REPRESENTATION_CONTEXT ( 3 ) GLOBAL_UNCERTAINTY_ASSIGNED_CONTEXT ( ( #4705 ) ) GLOBAL_UNIT_ASSIGNED_CONTEXT ( ( #2027, #4916, #8 ) ) REPRESENTATION_CONTEXT ( 'NONE', 'WORKASPACE' ) );
#7411 = CARTESIAN_POINT ( 'NONE',  ( 4.199714957897566769, 3.351706398339743931, 2.785275409606414065 ) ) ;
#7413 = ORIENTED_EDGE ( 'NONE', *, *, #76, .T. ) ;
#7412 = DIRECTION ( 'NONE',  ( -0.000000000000000000, 0.000000000000000000, -1.000000000000000000 ) ) ;
#7414 = EDGE_CURVE ( 'NONE', #1202, #4229, #6029, .T. ) ;
#7415 = FILL_AREA_STYLE_COLOUR ( '', #5608 ) ;
#7416 = CARTESIAN_POINT ( 'NONE',  ( -3.809999999999997389, 6.000000000000019540, -4.299999999999999822 ) ) ;
#7417 = VERTEX_POINT ( 'NONE', #5850 ) ;
#7418 = VERTEX_POINT ( 'NONE', #1362 ) ;
#7419 = DIRECTION ( 'NONE',  ( 0.9404254467699950659, -0.3399999692168444998, 0.000000000000000000 ) ) ;
#7420 = DIRECTION ( 'NONE',  ( 0.000000000000000000, 0.000000000000000000, 1.000000000000000000 ) ) ;
#7421 = AXIS2_PLACEMENT_3D ( 'NONE', #5826, #4379, #7573 ) ;
#7422 = VERTEX_POINT ( 'NONE', #1256 ) ;
#7423 = LINE ( 'NONE', #1940, #7451 ) ;
#7424 = EDGE_LOOP ( 'NONE', ( #1026, #90, #5516, #3929, #268, #7425, #1868, #7403 ) ) ;
#7425 = ORIENTED_EDGE ( 'NONE', *, *, #6105, .T. ) ;
#7426 = EDGE_CURVE ( 'NONE', #4792, #929, #3397, .T. ) ;
#7427 = DIRECTION ( 'NONE',  ( 0.000000000000000000, 1.000000000000000000, 0.000000000000000000 ) ) ;
#7428 = PLANE ( 'NONE',  #1997 ) ;
#7429 = DIRECTION ( 'NONE',  ( 0.000000000000000000, -1.000000000000000000, 0.000000000000000000 ) ) ;
#7430 = CARTESIAN_POINT ( 'NONE',  ( 0.9804582489720873317, 0.4633670506218097729, 4.099739690920897850 ) ) ;
#7431 = ORIENTED_EDGE ( 'NONE', *, *, #6559, .F. ) ;
#7432 = DIRECTION ( 'NONE',  ( 0.000000000000000000, 0.000000000000000000, 1.000000000000000000 ) ) ;
#7433 = EDGE_CURVE ( 'NONE', #7583, #2105, #588, .T. ) ;
#7434 = VERTEX_POINT ( 'NONE', #3838 ) ;
#7435 = CARTESIAN_POINT ( 'NONE',  ( 4.181231060036056491, -3.054258255407590550, -3.771231060036082550 ) ) ;
#7436 = DIRECTION ( 'NONE',  ( -0.000000000000000000, 0.000000000000000000, -1.000000000000000000 ) ) ;
#7437 = CARTESIAN_POINT ( 'NONE',  ( -4.663816397831848093, 0.3853354410555662746, 4.600000000000197709 ) ) ;
#7438 = VECTOR ( 'NONE', #5710, 1000.000000000000000 ) ;
#7439 = VERTEX_POINT ( 'NONE', #6363 ) ;
#7440 = EDGE_LOOP ( 'NONE', ( #2571, #3294, #3991, #7892 ) ) ;
#7441 = EDGE_CURVE ( 'NONE', #941, #6017, #6111, .T. ) ;
#7442 = VERTEX_POINT ( 'NONE', #6003 ) ;
#7443 = CARTESIAN_POINT ( 'NONE',  ( -2.938576723270640567, 0.3679073890407077996, 4.599999999999995204 ) ) ;
#7444 = ORIENTED_EDGE ( 'NONE', *, *, #5716, .T. ) ;
#7445 = CARTESIAN_POINT ( 'NONE',  ( -5.465000000000027391, 0.4499999999978930854, 4.599999999999999645 ) ) ;
#7446 = EDGE_CURVE ( 'NONE', #4001, #3989, #640, .T. ) ;
#7447 = DIRECTION ( 'NONE',  ( 0.000000000000000000, -1.000000000000000000, -9.164576854217089559E-15 ) ) ;
#7448 = CARTESIAN_POINT ( 'NONE',  ( 0.8746655028249297192, 0.3646320912798088343, 4.599999999999997868 ) ) ;
#7449 = MECHANICAL_DESIGN_GEOMETRIC_PRESENTATION_REPRESENTATION (  '', ( #4884 ), #3262 ) ;
#7450 = DIRECTION ( 'NONE',  ( -0.2505628075300757596, 0.9351131262929058829, 0.2505628075300764257 ) ) ;
#7451 = VECTOR ( 'NONE', #6389, 1000.000000000000000 ) ;
#7452 = CARTESIAN_POINT ( 'NONE',  ( 3.045792802774636154, 0.6432653679969455585, 4.099866424979714097 ) ) ;
#7453 = ADVANCED_FACE ( 'NONE', ( #657 ), #2289, .T. ) ;
#7454 = EDGE_LOOP ( 'NONE', ( #5162, #7501, #4841, #2223 ) ) ;
#7455 = CARTESIAN_POINT ( 'NONE',  ( -1.300000000000000044, -2.949029909160572061E-14, -1.649999999999998579 ) ) ;
#7456 = EDGE_LOOP ( 'NONE', ( #6756, #1516, #2077, #4641 ) ) ;
#7457 = VERTEX_POINT ( 'NONE', #4194 ) ;
#7458 = EDGE_LOOP ( 'NONE', ( #7612, #1372, #7357, #6729, #4735 ) ) ;
#7459 = LINE ( 'NONE', #1037, #7519 ) ;
#7460 = EDGE_CURVE ( 'NONE', #7097, #1314, #811, .T. ) ;
#7461 = ADVANCED_FACE ( 'NONE', ( #605 ), #6015, .T. ) ;
#7463 = ORIENTED_EDGE ( 'NONE', *, *, #2091, .T. ) ;
#7462 = CARTESIAN_POINT ( 'NONE',  ( -2.154999999999973159, 0.7074836895662703906, -2.149999999999999911 ) ) ;
#7464 = CARTESIAN_POINT ( 'NONE',  ( -3.481824701299764069, -2.946891109999997482, -3.000000000000027089 ) ) ;
#7465 = CARTESIAN_POINT ( 'NONE',  ( -3.508223304999999570, -2.946891109999993041, -3.800000000000027356 ) ) ;
#7466 = VERTEX_POINT ( 'NONE', #7866 ) ;
#7467 = EDGE_CURVE ( 'NONE', #339, #5050, #3375, .T. ) ;
#7468 = CARTESIAN_POINT ( 'NONE',  ( 3.028426728574606042, 0.4499999999978933074, 4.599999999999999645 ) ) ;
#7469 = CARTESIAN_POINT ( 'NONE',  ( 2.154999999999972715, 5.000000000000124345, -2.149999999999999911 ) ) ;
#7470 = ORIENTED_EDGE ( 'NONE', *, *, #5443, .F. ) ;
#7471 = DIRECTION ( 'NONE',  ( 1.000000000000000000, 0.000000000000000000, 0.000000000000000000 ) ) ;
#7472 = CARTESIAN_POINT ( 'NONE',  ( -0.7975098053347432492, 0.4514909821835171311, 4.560913525164139060 ) ) ;
#7473 = AXIS2_PLACEMENT_3D ( 'NONE', #7344, #2327, #1657 ) ;
#7474 = VECTOR ( 'NONE', #3242, 1000.000000000000000 ) ;
#7475 = ORIENTED_EDGE ( 'NONE', *, *, #1582, .T. ) ;
#7476 = ORIENTED_EDGE ( 'NONE', *, *, #2850, .T. ) ;
#7477 = CARTESIAN_POINT ( 'NONE',  ( 0.2250000000000064448, -3.600000000000000533, -3.625000000000033751 ) ) ;
#7478 = CARTESIAN_POINT ( 'NONE',  ( 0.9779665935909293006, 0.4658840032071950299, 4.099727966171964333 ) ) ;
#7479 = VERTEX_POINT ( 'NONE', #3985 ) ;
#7480 = DIRECTION ( 'NONE',  ( 0.000000000000000000, -0.9659258262890687563, -0.2588190451025190741 ) ) ;
#7481 = CARTESIAN_POINT ( 'NONE',  ( -1.300000000000000044, 4.300000000000015810, -4.299999999999952749 ) ) ;
#7482 = CARTESIAN_POINT ( 'NONE',  ( -3.409999999999999698, 3.400000000000000355, -1.200000000000000178 ) ) ;
#7483 = DIRECTION ( 'NONE',  ( 1.239088197126206261E-15, 1.000000000000000000, 0.000000000000000000 ) ) ;
#7484 = CARTESIAN_POINT ( 'NONE',  ( -4.445698131725603020, 0.5537259598456829579, 4.600000000000003197 ) ) ;
#7485 = AXIS2_PLACEMENT_3D ( 'NONE', #7601, #5954, #5239 ) ;
#7486 = CARTESIAN_POINT ( 'NONE',  ( 3.451668117212947084, 0.6779937491144364392, 4.599999999999975664 ) ) ;
#7487 = ORIENTED_EDGE ( 'NONE', *, *, #7100, .F. ) ;
#7488 = VERTEX_POINT ( 'NONE', #2183 ) ;
#7489 = EDGE_LOOP ( 'NONE', ( #4655, #4784, #4911, #1348 ) ) ;
#7490 = EDGE_CURVE ( 'NONE', #5395, #2405, #670, .T. ) ;
#7491 = DIRECTION ( 'NONE',  ( -0.09316605137675544601, -0.2576933335952809045, -0.9617246137493908886 ) ) ;
#7492 = CARTESIAN_POINT ( 'NONE',  ( 6.410000000000000142, 3.750000000000000000, 4.000000000000000000 ) ) ;
#7493 = ORIENTED_EDGE ( 'NONE', *, *, #5189, .F. ) ;
#7494 = CARTESIAN_POINT ( 'NONE',  ( 0.4000000000000004108, 2.673123889793531216, 2.746891109999991087 ) ) ;
#7495 = DIRECTION ( 'NONE',  ( 1.000000000000000000, 0.000000000000000000, -0.000000000000000000 ) ) ;
#7496 = FACE_OUTER_BOUND ( 'NONE', #4999, .T. ) ;
#7497 = FILL_AREA_STYLE ('',( #1414 ) ) ;
#7498 = CARTESIAN_POINT ( 'NONE',  ( 2.836550534458189610, 0.4704464763767151059, 4.099714500315532639 ) ) ;
#7499 = VERTEX_POINT ( 'NONE', #1724 ) ;
#7500 = CARTESIAN_POINT ( 'NONE',  ( -1.250000000000000222, 5.700000000000171596, 4.099999999999992539 ) ) ;
#7501 = ORIENTED_EDGE ( 'NONE', *, *, #2242, .T. ) ;
#7502 = AXIS2_PLACEMENT_3D ( 'NONE', #633, #4768, #1838 ) ;
#7503 = ADVANCED_FACE ( 'NONE', ( #3248 ), #7921, .F. ) ;
#7504 = ORIENTED_EDGE ( 'NONE', *, *, #2900, .T. ) ;
#7505 = EDGE_CURVE ( 'NONE', #4531, #6371, #5942, .T. ) ;
#7506 = VECTOR ( 'NONE', #2450, 1000.000000000000000 ) ;
#7507 = CARTESIAN_POINT ( 'NONE',  ( -2.821563089718194028, 0.4553053247759635269, 4.099776967513216519 ) ) ;
#7508 = ADVANCED_FACE ( 'NONE', ( #709 ), #4815, .T. ) ;
#7510 = EDGE_LOOP ( 'NONE', ( #7130, #6000, #1486, #3639 ) ) ;
#7509 = CARTESIAN_POINT ( 'NONE',  ( -6.110000000000001208, 7.150000000000000355, 4.599999999999999645 ) ) ;
#7511 = DIRECTION ( 'NONE',  ( 0.3399999692168444998, 0.9404254467699950659, 0.000000000000000000 ) ) ;
#7512 = PRESENTATION_LAYER_ASSIGNMENT (  '', '', ( #1295 ) ) ;
#7513 = LINE ( 'NONE', #4526, #4835 ) ;
#7514 = CARTESIAN_POINT ( 'NONE',  ( -5.110000000000000320, 4.300000000000019362, -4.599999999999953459 ) ) ;
#7515 = DIRECTION ( 'NONE',  ( 0.000000000000000000, -0.000000000000000000, 1.000000000000000000 ) ) ;
#7516 = VERTEX_POINT ( 'NONE', #285 ) ;
#7517 = CARTESIAN_POINT ( 'NONE',  ( 6.110000000000000320, 6.150000000000000355, 4.000000000000000000 ) ) ;
#7518 = ORIENTED_EDGE ( 'NONE', *, *, #4083, .F. ) ;
#7519 = VECTOR ( 'NONE', #1623, 1000.000000000000000 ) ;
#7520 = EDGE_CURVE ( 'NONE', #4904, #3395, #2812, .T. ) ;
#7521 = ADVANCED_FACE ( 'NONE', ( #5932 ), #6672, .T. ) ;
#7522 = CARTESIAN_POINT ( 'NONE',  ( -3.608487940040040698, 0.8619892151336021602, 4.100083691424375232 ) ) ;
#7523 = EDGE_CURVE ( 'NONE', #5183, #2839, #6157, .T. ) ;
#7524 = ORIENTED_EDGE ( 'NONE', *, *, #5241, .T. ) ;
#7525 = CARTESIAN_POINT ( 'NONE',  ( -6.110000000000001208, 0.000000000000000000, -4.599999999999999645 ) ) ;
#7526 = DIRECTION ( 'NONE',  ( -1.000000000000000000, 0.000000000000000000, -0.000000000000000000 ) ) ;
#7527 = DIRECTION ( 'NONE',  ( 0.000000000000000000, 0.000000000000000000, 1.000000000000000000 ) ) ;
#7528 = CARTESIAN_POINT ( 'NONE',  ( -5.060000000000000497, 5.700000000000171596, 4.099999999999992539 ) ) ;
#7529 = CARTESIAN_POINT ( 'NONE',  ( 0.3248048956041770796, 0.8371463314978463410, 4.100057684439428307 ) ) ;
#7530 = EDGE_LOOP ( 'NONE', ( #1185, #4279, #3485, #1019, #6773, #6669 ) ) ;
#7531 = DIRECTION ( 'NONE',  ( 1.000000000000000000, 0.000000000000000000, 0.000000000000000000 ) ) ;
#7532 = VERTEX_POINT ( 'NONE', #4928 ) ;
#7533 = DIRECTION ( 'NONE',  ( -0.000000000000000000, 1.000000000000000000, -0.000000000000000000 ) ) ;
#7534 = LINE ( 'NONE', #3171, #2158 ) ;
#7535 = CARTESIAN_POINT ( 'NONE',  ( -4.168331882787055243, 0.6779937491144367723, 4.599999999999981881 ) ) ;
#7536 = AXIS2_PLACEMENT_3D ( 'NONE', #7284, #5387, #2272 ) ;
#7537 = ORIENTED_EDGE ( 'NONE', *, *, #7326, .F. ) ;
#7538 = ORIENTED_EDGE ( 'NONE', *, *, #6942, .T. ) ;
#7539 = ORIENTED_EDGE ( 'NONE', *, *, #2472, .T. ) ;
#7540 = DIRECTION ( 'NONE',  ( -0.000000000000000000, -0.000000000000000000, 1.000000000000000000 ) ) ;
#7541 = CARTESIAN_POINT ( 'NONE',  ( 4.209999999999999964, 0.3999999999998738454, -3.098223304999996319 ) ) ;
#7542 = ORIENTED_EDGE ( 'NONE', *, *, #3435, .F. ) ;
#7543 = EDGE_CURVE ( 'NONE', #5015, #6651, #6129, .T. ) ;
#7544 = CARTESIAN_POINT ( 'NONE',  ( 0.9016009980411348046, 0.3374220045764271814, 4.599999999999193179 ) ) ;
#7545 = VECTOR ( 'NONE', #7447, 1000.000000000000000 ) ;
#7546 = LINE ( 'NONE', #2677, #2175 ) ;
#7547 = CARTESIAN_POINT ( 'NONE',  ( 3.508223304999999570, -2.946891109999993041, -3.800000000000027356 ) ) ;
#7548 = CARTESIAN_POINT ( 'NONE',  ( 2.827509133771573424, 0.4613128823145172253, 4.099749130622061699 ) ) ;
#7549 = ORIENTED_EDGE ( 'NONE', *, *, #2545, .T. ) ;
#7550 = CARTESIAN_POINT ( 'NONE',  ( 4.744250462580573924, 0.4649184891197881697, 4.208908037081517506 ) ) ;
#7551 = ORIENTED_EDGE ( 'NONE', *, *, #4083, .T. ) ;
#7552 = EDGE_CURVE ( 'NONE', #291, #7135, #5973, .T. ) ;
#7553 = ORIENTED_EDGE ( 'NONE', *, *, #3211, .T. ) ;
#7554 = ORIENTED_EDGE ( 'NONE', *, *, #2242, .F. ) ;
#7555 = VECTOR ( 'NONE', #2936, 1000.000000000000000 ) ;
#7556 = VECTOR ( 'NONE', #27, 1000.000000000000000 ) ;
#7557 = CARTESIAN_POINT ( 'NONE',  ( -2.860401950597566412, 0.4939176651469076584, 4.099733917036556541 ) ) ;
#7558 = DIRECTION ( 'NONE',  ( -1.000000000000000000, 0.000000000000000000, 0.000000000000000000 ) ) ;
#7559 = CARTESIAN_POINT ( 'NONE',  ( -1.299999999999998268, 6.400000000000019007, -4.299999999999999822 ) ) ;
#7560 = CARTESIAN_POINT ( 'NONE',  ( -3.438768939963944060, -3.054258255407590550, -3.771231060036082550 ) ) ;
#7561 = EDGE_LOOP ( 'NONE', ( #1550, #4367, #4908, #7475 ) ) ;
#7562 = CARTESIAN_POINT ( 'NONE',  ( -6.110000000000001208, 7.150000000000000355, -4.599999999999999645 ) ) ;
#7563 = AXIS2_PLACEMENT_3D ( 'NONE', #401, #1613, #4034 ) ;
#7564 = PLANE ( 'NONE',  #5440 ) ;
#7565 = ORIENTED_EDGE ( 'NONE', *, *, #4265, .F. ) ;
#7566 = DIRECTION ( 'NONE',  ( 0.000000000000000000, -9.382415370900834154E-15, 1.000000000000000000 ) ) ;
#7567 = ORIENTED_EDGE ( 'NONE', *, *, #7914, .T. ) ;
#7568 = LINE ( 'NONE', #2008, #4960 ) ;
#7569 = VERTEX_POINT ( 'NONE', #1991 ) ;
#7570 = ADVANCED_FACE ( 'NONE', ( #622 ), #3018, .F. ) ;
#7571 = ORIENTED_EDGE ( 'NONE', *, *, #4648, .T. ) ;
#7572 = CARTESIAN_POINT ( 'NONE',  ( 2.602085213965210642E-15, 6.000000000000019540, -4.299999999999999822 ) ) ;
#7573 = DIRECTION ( 'NONE',  ( 0.000000000000000000, 0.000000000000000000, 1.000000000000000000 ) ) ;
#7574 = CARTESIAN_POINT ( 'NONE',  ( -4.109999999999999432, 2.700000000000000178, 3.399999999999999911 ) ) ;
#7575 = CARTESIAN_POINT ( 'NONE',  ( -4.180710678118654045, 3.370710678118654879, 2.856200347158725616 ) ) ;
#7576 = CARTESIAN_POINT ( 'NONE',  ( -0.4436517205380300366, 0.6491144929928385210, 4.600000000000039613 ) ) ;
#7577 = VERTEX_POINT ( 'NONE', #80 ) ;
#7578 = DIRECTION ( 'NONE',  ( 0.000000000000000000, 0.000000000000000000, -1.000000000000000000 ) ) ;
#7579 = VERTEX_POINT ( 'NONE', #565 ) ;
#7580 = PLANE ( 'NONE',  #341 ) ;
#7581 = CARTESIAN_POINT ( 'NONE',  ( 6.410000000000000142, 0.8500000000000007550, 4.000000000000000000 ) ) ;
#7582 = VECTOR ( 'NONE', #7201, 1000.000000000000000 ) ;
#7583 = VERTEX_POINT ( 'NONE', #6230 ) ;
#7584 = ORIENTED_EDGE ( 'NONE', *, *, #838, .F. ) ;
#7585 = EDGE_CURVE ( 'NONE', #6933, #7135, #3263, .T. ) ;
#7586 = ORIENTED_EDGE ( 'NONE', *, *, #253, .T. ) ;
#7587 = ORIENTED_EDGE ( 'NONE', *, *, #2810, .T. ) ;
#7588 = EDGE_CURVE ( 'NONE', #1290, #7156, #6041, .T. ) ;
#7589 = CARTESIAN_POINT ( 'NONE',  ( 4.035000000000000142, 2.774999999999999911, 3.399999999999999911 ) ) ;
#7590 = EDGE_LOOP ( 'NONE', ( #4144, #3501, #2775, #433 ) ) ;
#7591 = CARTESIAN_POINT ( 'NONE',  ( -3.584999999999993747, -3.600000000000000533, -3.625000000000033751 ) ) ;
#7592 = DIRECTION ( 'NONE',  ( 0.000000000000000000, -0.9659258262890687563, -0.2588190451025190741 ) ) ;
#7593 = FACE_OUTER_BOUND ( 'NONE', #1915, .T. ) ;
#7594 = DIRECTION ( 'NONE',  ( -1.000000000000000000, 0.000000000000000000, 0.000000000000000000 ) ) ;
#7595 = ORIENTED_EDGE ( 'NONE', *, *, #7505, .T. ) ;
#7596 = CARTESIAN_POINT ( 'NONE',  ( 4.663990656685386149, 0.5775739780829285408, 4.099806494864292716 ) ) ;
#7597 = ORIENTED_EDGE ( 'NONE', *, *, #7109, .F. ) ;
#7598 = AXIS2_PLACEMENT_3D ( 'NONE', #6197, #7985, #3672 ) ;
#7599 = CARTESIAN_POINT ( 'NONE',  ( 2.510000000000000231, 0.000000000000000000, -4.599999999999999645 ) ) ;
#7600 = ORIENTED_EDGE ( 'NONE', *, *, #6542, .F. ) ;
#7601 = CARTESIAN_POINT ( 'NONE',  ( 1.250000000000000222, 5.700000000000171596, -3.650000000000000355 ) ) ;
#7602 = EDGE_CURVE ( 'NONE', #7336, #1842, #3360, .T. ) ;
#7603 = AXIS2_PLACEMENT_3D ( 'NONE', #2464, #3096, #4272 ) ;
#7604 = CARTESIAN_POINT ( 'NONE',  ( -2.805607299367357754, 0.4391855399516260139, 4.099851883436172351 ) ) ;
#7605 = ORIENTED_EDGE ( 'NONE', *, *, #1763, .F. ) ;
#7606 = VERTEX_POINT ( 'NONE', #734 ) ;
#7607 = AXIS2_PLACEMENT_3D ( 'NONE', #3760, #4361, #1224 ) ;
#7608 = LINE ( 'NONE', #4450, #7545 ) ;
#7609 = VECTOR ( 'NONE', #1890, 1000.000000000000114 ) ;
#7610 = EDGE_LOOP ( 'NONE', ( #1975, #7143, #4445, #6664, #1759, #5557 ) ) ;
#7612 = ORIENTED_EDGE ( 'NONE', *, *, #6748, .F. ) ;
#7611 = CARTESIAN_POINT ( 'NONE',  ( 4.336808689942017736E-16, 3.000000000000000000, -1.200000000000000178 ) ) ;
#7613 = DIRECTION ( 'NONE',  ( 0.000000000000000000, 1.000000000000000000, 0.000000000000000000 ) ) ;
#7614 = EDGE_LOOP ( 'NONE', ( #38, #2909, #389, #7926 ) ) ;
#7615 = CARTESIAN_POINT ( 'NONE',  ( -1.250000000000000222, 5.700000000000171596, 4.099999999999992539 ) ) ;
#7616 = EDGE_CURVE ( 'NONE', #3269, #6521, #726, .T. ) ;
#7617 = ORIENTED_EDGE ( 'NONE', *, *, #1229, .T. ) ;
#7618 = DIRECTION ( 'NONE',  ( -1.000000000000000000, -0.000000000000000000, 0.000000000000000000 ) ) ;
#7619 = CARTESIAN_POINT ( 'NONE',  ( 0.4000000000000001887, -2.946891109999995262, -3.800000000000033573 ) ) ;
#7620 =( NAMED_UNIT ( * ) SI_UNIT ( $, .STERADIAN. ) SOLID_ANGLE_UNIT ( ) );
#7621 = VERTEX_POINT ( 'NONE', #6277 ) ;
#7622 = EDGE_CURVE ( 'NONE', #5097, #967, #3387, .T. ) ;
#7623 = SURFACE_STYLE_FILL_AREA ( #498 ) ;
#7624 = FACE_OUTER_BOUND ( 'NONE', #4588, .T. ) ;
#7625 = EDGE_LOOP ( 'NONE', ( #5903, #3569, #6639, #4040 ) ) ;
#7626 = ORIENTED_EDGE ( 'NONE', *, *, #213, .F. ) ;
#7627 = DIRECTION ( 'NONE',  ( -0.000000000000000000, -0.000000000000000000, -1.000000000000000000 ) ) ;
#7628 = CARTESIAN_POINT ( 'NONE',  ( -3.809999999999999609, 3.000000000000000000, -1.200000000000000178 ) ) ;
#7629 = DIRECTION ( 'NONE',  ( -0.000000000000000000, -1.000000000000000000, -0.000000000000000000 ) ) ;
#7630 = CARTESIAN_POINT ( 'NONE',  ( -4.209999999999999076, 3.300000000000000266, 2.746891109999991976 ) ) ;
#7631 = CARTESIAN_POINT ( 'NONE',  ( -0.8714102420691395290, 0.3679204745402796517, 4.599999999999981881 ) ) ;
#7632 = ORIENTED_EDGE ( 'NONE', *, *, #6272, .T. ) ;
#7633 = DIRECTION ( 'NONE',  ( 0.000000000000000000, -1.000000000000000000, 0.000000000000000000 ) ) ;
#7634 = ADVANCED_FACE ( 'NONE', ( #6096 ), #1936, .F. ) ;
#7635 = CARTESIAN_POINT ( 'NONE',  ( 0.4000000000000001887, -8.331370849898480202, -3.098223305000076699 ) ) ;
#7636 = VERTEX_POINT ( 'NONE', #3803 ) ;
#7637 = CARTESIAN_POINT ( 'NONE',  ( 5.465000000000027391, 0.7074836895662703906, -2.149999999999999911 ) ) ;
#7638 = VECTOR ( 'NONE', #1903, 1000.000000000000227 ) ;
#7639 = CARTESIAN_POINT ( 'NONE',  ( -0.3992192744356652945, 2.600780725564334261, 2.749804817466944051 ) ) ;
#7640 = LINE ( 'NONE', #7167, #7858 ) ;
#7641 = EDGE_CURVE ( 'NONE', #1272, #3676, #6145, .T. ) ;
#7642 = VERTEX_POINT ( 'NONE', #678 ) ;
#7643 = PRESENTATION_LAYER_ASSIGNMENT (  '', '', ( #4884 ) ) ;
#7644 = ADVANCED_FACE ( 'NONE', ( #806 ), #4418, .F. ) ;
#7645 = ORIENTED_EDGE ( 'NONE', *, *, #7602, .F. ) ;
#7646 = EDGE_CURVE ( 'NONE', #2808, #300, #3451, .T. ) ;
#7647 = EDGE_LOOP ( 'NONE', ( #3032, #7584, #1316, #7370 ) ) ;
#7648 = CARTESIAN_POINT ( 'NONE',  ( -2.912389599001065754, 0.3414529734827119190, 4.599999999999921485 ) ) ;
#7649 = CARTESIAN_POINT ( 'NONE',  ( -4.681800730229126906, 0.4586744067795238133, 4.372598233798201228 ) ) ;
#7650 =( BOUNDED_CURVE ( )  B_SPLINE_CURVE ( 3, ( #5848, #6415, #6470, #4505 ),
 .UNSPECIFIED., .F., .F. ) 
 B_SPLINE_CURVE_WITH_KNOTS ( ( 4, 4 ),
 ( 0.000000000000000000, 0.7853981633974662646 ),
 .UNSPECIFIED. ) 
 CURVE ( )  GEOMETRIC_REPRESENTATION_ITEM ( )  RATIONAL_B_SPLINE_CURVE ( ( 1.000000000000000000, 0.9492530216741889015, 0.9492530216741889015, 1.000000000000000000 ) ) 
 REPRESENTATION_ITEM ( '' )  );
#7651 = DIRECTION ( 'NONE',  ( -1.000000000000000000, 0.000000000000000000, 0.000000000000000000 ) ) ;
#7652 = VERTEX_POINT ( 'NONE', #4358 ) ;
#7653 = CARTESIAN_POINT ( 'NONE',  ( -6.410000000000001030, 3.750000000000000000, 4.000000000000000000 ) ) ;
#7654 = CARTESIAN_POINT ( 'NONE',  ( 4.110000000000001208, 2.600000000000000533, 2.746891109999991976 ) ) ;
#7655 = LINE ( 'NONE', #3098, #7896 ) ;
#7656 = DIRECTION ( 'NONE',  ( 0.000000000000000000, -1.000000000000000000, 0.000000000000000000 ) ) ;
#7657 = ORIENTED_EDGE ( 'NONE', *, *, #4903, .T. ) ;
#7658 = CARTESIAN_POINT ( 'NONE',  ( 4.633888808959081729, 0.6010772291736932171, 4.099827589342807777 ) ) ;
#7659 = PLANE ( 'NONE',  #6547 ) ;
#7660 = ORIENTED_EDGE ( 'NONE', *, *, #6468, .T. ) ;
#7661 = ORIENTED_EDGE ( 'NONE', *, *, #7585, .T. ) ;
#7662 = VERTEX_POINT ( 'NONE', #1375 ) ;
#7663 = VECTOR ( 'NONE', #2875, 1000.000000000000000 ) ;
#7664 = CYLINDRICAL_SURFACE ( 'NONE', #142, 0.09822330499999978870 ) ;
#7665 = AXIS2_PLACEMENT_3D ( 'NONE', #6498, #3965, #7281 ) ;
#7666 = ADVANCED_FACE ( 'NONE', ( #3177 ), #2587, .F. ) ;
#7667 = CARTESIAN_POINT ( 'NONE',  ( 3.810000000000000053, 3.225000000000000533, 3.399999999999999911 ) ) ;
#7668 = CARTESIAN_POINT ( 'NONE',  ( -0.3999999999999993006, 3.300000000000000266, 3.399999999999999911 ) ) ;
#7669 = CARTESIAN_POINT ( 'NONE',  ( -0.9224906184534815701, 0.5192916790487801526, 4.099755470830773518 ) ) ;
#7670 = LINE ( 'NONE', #3910, #2079 ) ;
#7671 = CARTESIAN_POINT ( 'NONE',  ( 3.439289321881346062, 3.370710678118654879, 2.856200347158725616 ) ) ;
#7672 = DIRECTION ( 'NONE',  ( 1.000000000000000000, -0.000000000000000000, -0.000000000000000000 ) ) ;
#7673 = DIRECTION ( 'NONE',  ( 0.000000000000000000, 1.000000000000000000, 0.000000000000000000 ) ) ;
#7674 = ORIENTED_EDGE ( 'NONE', *, *, #524, .T. ) ;
#7675 = EDGE_CURVE ( 'NONE', #6540, #7569, #5901, .T. ) ;
#7676 = DIRECTION ( 'NONE',  ( 1.000000000000000000, 0.000000000000000000, 0.000000000000000000 ) ) ;
#7677 = ORIENTED_EDGE ( 'NONE', *, *, #6188, .T. ) ;
#7678 = LINE ( 'NONE', #6550, #7555 ) ;
#7679 = FACE_OUTER_BOUND ( 'NONE', #5144, .T. ) ;
#7680 = CONICAL_SURFACE ( 'NONE', #6507, 0.8499999999999996447, 0.3058788714048517599 ) ;
#7681 = CARTESIAN_POINT ( 'NONE',  ( -3.558891424317545127, 0.8536902767374171530, 4.100074941916291849 ) ) ;
#7682 = ORIENTED_EDGE ( 'NONE', *, *, #4599, .T. ) ;
#7683 = CARTESIAN_POINT ( 'NONE',  ( -3.244284656843441805, 0.5939416381264411848, 4.600000000000440181 ) ) ;
#7684 = CARTESIAN_POINT ( 'NONE',  ( 1.300000000000000044, 0.3999999999998605227, -1.649999999999993472 ) ) ;
#7685 = CARTESIAN_POINT ( 'NONE',  ( -1.201563030598989057, 5.566025403784609971, 4.599999999999999645 ) ) ;
#7686 = CARTESIAN_POINT ( 'NONE',  ( -0.8251969055883336956, 0.4122490395147416775, 4.600000000000688871 ) ) ;
#7687 = VERTEX_POINT ( 'NONE', #6380 ) ;
#7688 = DIRECTION ( 'NONE',  ( -0.000000000000000000, -0.000000000000000000, 1.000000000000000000 ) ) ;
#7689 = AXIS2_PLACEMENT_3D ( 'NONE', #4579, #4010, #5202 ) ;
#7690 = CARTESIAN_POINT ( 'NONE',  ( -0.3525644283457622374, -2.984593437674522232, -3.789897691726375140 ) ) ;
#7691 = ORIENTED_EDGE ( 'NONE', *, *, #7812, .F. ) ;
#7692 = EDGE_CURVE ( 'NONE', #5096, #2834, #3625, .T. ) ;
#7693 = CARTESIAN_POINT ( 'NONE',  ( 2.817625952880800089, 0.4513275809714302200, 4.099795424660702459 ) ) ;
#7694 = CARTESIAN_POINT ( 'NONE',  ( -6.110000000000001208, 7.150000000000000355, 1.399999999999999689 ) ) ;
#7695 = LINE ( 'NONE', #6818, #1926 ) ;
#7696 = DIRECTION ( 'NONE',  ( 0.3399999692168444998, 0.9404254467699950659, 0.000000000000000000 ) ) ;
#7697 = LINE ( 'NONE', #2192, #7859 ) ;
#7698 = EDGE_CURVE ( 'NONE', #3781, #6997, #559, .T. ) ;
#7699 = ORIENTED_EDGE ( 'NONE', *, *, #1218, .T. ) ;
#7700 = ORIENTED_EDGE ( 'NONE', *, *, #2007, .F. ) ;
#7701 = ADVANCED_FACE ( 'NONE', ( #5922 ), #842, .T. ) ;
#7702 = ORIENTED_EDGE ( 'NONE', *, *, #1127, .F. ) ;
#7703 = CARTESIAN_POINT ( 'NONE',  ( 3.508223304999999570, -8.331370849898474873, -3.701776695000076778 ) ) ;
#7704 = VERTEX_POINT ( 'NONE', #5917 ) ;
#7705 = CARTESIAN_POINT ( 'NONE',  ( -3.469026145281469020, 1.112076148575014356, -2.149999999999999911 ) ) ;
#7706 = DIRECTION ( 'NONE',  ( 0.000000000000000000, -9.164576854217089559E-15, 1.000000000000000000 ) ) ;
#7707 = VECTOR ( 'NONE', #3328, 1000.000000000000000 ) ;
#7708 = VECTOR ( 'NONE', #1071, 1000.000000000000000 ) ;
#7709 = EDGE_CURVE ( 'NONE', #3634, #3744, #569, .T. ) ;
#7710 = VECTOR ( 'NONE', #2375, 1000.000000000000000 ) ;
#7711 = AXIS2_PLACEMENT_3D ( 'NONE', #5832, #387, #551 ) ;
#7712 = CARTESIAN_POINT ( 'NONE',  ( 4.781645546920277212, 0.4722604870782140529, 4.099715824551161347 ) ) ;
#7713 = ADVANCED_FACE ( 'NONE', ( #875 ), #902, .T. ) ;
#7714 = EDGE_CURVE ( 'NONE', #4100, #519, #6320, .T. ) ;
#7715 = CARTESIAN_POINT ( 'NONE',  ( -0.4000000000000001887, -8.331370849898480202, -3.000000000000076827 ) ) ;
#7716 = FACE_OUTER_BOUND ( 'NONE', #7227, .T. ) ;
#7717 = EDGE_CURVE ( 'NONE', #6060, #6462, #5160, .T. ) ;
#7718 = APPLICATION_PROTOCOL_DEFINITION ( 'draft international standard', 'automotive_design', 1998, #4152 ) ;
#7719 = ORIENTED_EDGE ( 'NONE', *, *, #5133, .T. ) ;
#7720 = EDGE_LOOP ( 'NONE', ( #1391, #1502, #4430, #3612, #6379, #877 ) ) ;
#7721 = VECTOR ( 'NONE', #2023, 1000.000000000000000 ) ;
#7722 = LINE ( 'NONE', #1638, #2244 ) ;
#7723 = ORIENTED_EDGE ( 'NONE', *, *, #2948, .T. ) ;
#7724 = CARTESIAN_POINT ( 'NONE',  ( -3.245861568706679634, 0.7547384322299109938, 4.099973798525304858 ) ) ;
#7725 = EDGE_CURVE ( 'NONE', #1258, #2226, #3682, .T. ) ;
#7726 = DIRECTION ( 'NONE',  ( 0.000000000000000000, 1.000000000000000000, 0.000000000000000000 ) ) ;
#7727 = CARTESIAN_POINT ( 'NONE',  ( -2.324999999999999734, 6.350000000000171063, -3.650000000000000355 ) ) ;
#7728 = CARTESIAN_POINT ( 'NONE',  ( -0.9765610953351822054, 0.4673042326236355182, 4.099721417460385986 ) ) ;
#7729 = VECTOR ( 'NONE', #3677, 1000.000000000000000 ) ;
#7730 = EDGE_CURVE ( 'NONE', #1361, #6246, #956, .T. ) ;
#7731 = AXIS2_PLACEMENT_3D ( 'NONE', #4435, #44, #697 ) ;
#7732 = CARTESIAN_POINT ( 'NONE',  ( -0.6500000000000116795, 5.000000000000124345, -2.149999999999999911 ) ) ;
#7733 = CARTESIAN_POINT ( 'NONE',  ( 6.410000000000000142, 2.550000000000001155, 2.100000000000000089 ) ) ;
#7734 = DIRECTION ( 'NONE',  ( 0.000000000000000000, 0.000000000000000000, -1.000000000000000000 ) ) ;
#7735 = ORIENTED_EDGE ( 'NONE', *, *, #6930, .F. ) ;
#7736 = LINE ( 'NONE', #3290, #7919 ) ;
#7737 = LINE ( 'NONE', #535, #5099 ) ;
#7738 = ORIENTED_EDGE ( 'NONE', *, *, #1218, .F. ) ;
#7739 = ADVANCED_FACE ( 'NONE', ( #6407 ), #186, .T. ) ;
#7740 = LINE ( 'NONE', #1056, #5148 ) ;
#7741 = CARTESIAN_POINT ( 'NONE',  ( -3.010966843114138314, 0.4353614383434682433, 4.599999999999999645 ) ) ;
#7742 = DIRECTION ( 'NONE',  ( 0.000000000000000000, 0.000000000000000000, -1.000000000000000000 ) ) ;
#7743 = CARTESIAN_POINT ( 'NONE',  ( -4.181231060036053826, -3.054258255407597211, -3.028768939963972784 ) ) ;
#7744 = EDGE_CURVE ( 'NONE', #950, #960, #6274, .T. ) ;
#7745 = CARTESIAN_POINT ( 'NONE',  ( 4.460000000000011511, 5.700000000000171596, 4.099999999999992539 ) ) ;
#7746 = CARTESIAN_POINT ( 'NONE',  ( -0.6929594815019874954, 0.5168110508105092649, 4.600000000000038725 ) ) ;
#7747 = DIRECTION ( 'NONE',  ( 4.041274046554466541E-16, -1.000000000000000000, -0.000000000000000000 ) ) ;
#7748 = PLANE ( 'NONE',  #4282 ) ;
#7749 = ORIENTED_EDGE ( 'NONE', *, *, #4223, .T. ) ;
#7750 = DIRECTION ( 'NONE',  ( 2.569960705150825398E-16, 0.000000000000000000, -1.000000000000000000 ) ) ;
#7751 = LINE ( 'NONE', #7963, #7856 ) ;
#7752 = CARTESIAN_POINT ( 'NONE',  ( 4.180710678118655821, 3.370710678118655768, 2.856200347158724284 ) ) ;
#7753 = FACE_OUTER_BOUND ( 'NONE', #624, .T. ) ;
#7754 = ORIENTED_EDGE ( 'NONE', *, *, #891, .F. ) ;
#7755 = EDGE_CURVE ( 'NONE', #6960, #2808, #996, .T. ) ;
#7756 = LINE ( 'NONE', #5008, #7767 ) ;
#7757 = CARTESIAN_POINT ( 'NONE',  ( -1.655000000000027116, 0.4499999999978930854, 4.599999999999999645 ) ) ;
#7758 = ORIENTED_EDGE ( 'NONE', *, *, #1877, .T. ) ;
#7759 = CARTESIAN_POINT ( 'NONE',  ( -0.2249999999999995060, 2.600000000000000533, 3.399999999999999911 ) ) ;
#7760 = CARTESIAN_POINT ( 'NONE',  ( -0.3999999999999993006, 3.400000000000000355, -1.200000000000000178 ) ) ;
#7761 = LINE ( 'NONE', #3272, #2521 ) ;
#7762 = CARTESIAN_POINT ( 'NONE',  ( -4.209999999999999076, 2.700000000000000178, 2.746891109999991976 ) ) ;
#7763 = FACE_OUTER_BOUND ( 'NONE', #4267, .T. ) ;
#7764 = DIRECTION ( 'NONE',  ( -0.000000000000000000, -1.000000000000000000, -0.000000000000000000 ) ) ;
#7765 = FACE_OUTER_BOUND ( 'NONE', #7510, .T. ) ;
#7766 = CARTESIAN_POINT ( 'NONE',  ( 4.195749532423608485, 0.8206100898122977716, 4.100040563130987081 ) ) ;
#7767 = VECTOR ( 'NONE', #1908, 1000.000000000000114 ) ;
#7768 = DIRECTION ( 'NONE',  ( -1.000000000000000000, 0.000000000000000000, 0.000000000000000000 ) ) ;
#7769 = ADVANCED_FACE ( 'NONE', ( #3468 ), #2690, .T. ) ;
#7770 = ORIENTED_EDGE ( 'NONE', *, *, #6272, .F. ) ;
#7771 = DIRECTION ( 'NONE',  ( -1.000000000000000000, 0.000000000000000000, 0.000000000000000000 ) ) ;
#7772 = VECTOR ( 'NONE', #4607, 1000.000000000000000 ) ;
#7773 = LINE ( 'NONE', #5107, #5143 ) ;
#7774 = VECTOR ( 'NONE', #2458, 1000.000000000000000 ) ;
#7775 = CARTESIAN_POINT ( 'NONE',  ( -4.834002007564093262, 0.4193768110050506426, 4.099944383918989743 ) ) ;
#7776 = ADVANCED_FACE ( 'NONE', ( #3544 ), #1063, .T. ) ;
#7777 = DIRECTION ( 'NONE',  ( 0.000000000000000000, -0.000000000000000000, -1.000000000000000000 ) ) ;
#7778 = EDGE_CURVE ( 'NONE', #800, #7064, #983, .T. ) ;
#7779 = CARTESIAN_POINT ( 'NONE',  ( -1.944400657005211475, 7.620682668312457331, -3.068085303358467630 ) ) ;
#7780 = CARTESIAN_POINT ( 'NONE',  ( -0.6777467599838511436, 0.6967613275704769293, 4.099917082263168311 ) ) ;
#7781 = SURFACE_STYLE_FILL_AREA ( #2751 ) ;
#7782 = CARTESIAN_POINT ( 'NONE',  ( -5.110000000000000320, 4.300000000000019362, -4.599999999999953459 ) ) ;
#7783 = CARTESIAN_POINT ( 'NONE',  ( -6.110000000000001208, 7.400000000000000355, 1.000000000000000000 ) ) ;
#7784 = CARTESIAN_POINT ( 'NONE',  ( 0.9815932985651133480, 0.4499999999978936960, 4.599999999999999645 ) ) ;
#7785 = CARTESIAN_POINT ( 'NONE',  ( 6.410000000000000142, 6.150000000000000355, 4.599999999999999645 ) ) ;
#7786 = ORIENTED_EDGE ( 'NONE', *, *, #5757, .F. ) ;
#7787 = ORIENTED_EDGE ( 'NONE', *, *, #1877, .F. ) ;
#7788 = LINE ( 'NONE', #1666, #7879 ) ;
#7789 = LINE ( 'NONE', #3480, #2320 ) ;
#7790 = VERTEX_POINT ( 'NONE', #5196 ) ;
#7791 = AXIS2_PLACEMENT_3D ( 'NONE', #7572, #695, #1281 ) ;
#7792 = VECTOR ( 'NONE', #2696, 1000.000000000000000 ) ;
#7793 = CARTESIAN_POINT ( 'NONE',  ( -2.985412786774416904, 0.4128044127508874728, 4.599999999999861089 ) ) ;
#7794 = EDGE_CURVE ( 'NONE', #4134, #2581, #3582, .T. ) ;
#7795 = DIRECTION ( 'NONE',  ( -0.000000000000000000, 1.000000000000000000, 9.147955830346445240E-15 ) ) ;
#7796 = CARTESIAN_POINT ( 'NONE',  ( -0.8497753681828059680, 0.3892336522440881241, 4.599999999999409006 ) ) ;
#7797 = CARTESIAN_POINT ( 'NONE',  ( -2.154999999999973159, 5.000000000000124345, -2.149999999999999911 ) ) ;
#7798 = DIRECTION ( 'NONE',  ( -1.000000000000000000, 0.000000000000000000, 0.000000000000000000 ) ) ;
#7799 = VERTEX_POINT ( 'NONE', #945 ) ;
#7800 = ORIENTED_EDGE ( 'NONE', *, *, #5796, .F. ) ;
#7801 = CARTESIAN_POINT ( 'NONE',  ( 4.260072468054720396, -2.760018115538397598, -3.850072468054746011 ) ) ;
#7802 = VECTOR ( 'NONE', #8016, 1000.000000000000000 ) ;
#7803 = CARTESIAN_POINT ( 'NONE',  ( -4.593974596215574024, 5.566025403784609971, 4.599999999999999645 ) ) ;
#7804 = FACE_OUTER_BOUND ( 'NONE', #2072, .T. ) ;
#7805 = ORIENTED_EDGE ( 'NONE', *, *, #4632, .T. ) ;
#7806 = VECTOR ( 'NONE', #6027, 1000.000000000000000 ) ;
#7807 = EDGE_CURVE ( 'NONE', #7877, #6724, #6226, .T. ) ;
#7808 = AXIS2_PLACEMENT_3D ( 'NONE', #3561, #5429, #6079 ) ;
#7809 = ORIENTED_EDGE ( 'NONE', *, *, #5969, .T. ) ;
#7810 = CARTESIAN_POINT ( 'NONE',  ( -6.110000000000001208, 7.200000000000001066, 1.000000000000000000 ) ) ;
#7811 = ORIENTED_EDGE ( 'NONE', *, *, #4825, .F. ) ;
#7812 = EDGE_CURVE ( 'NONE', #7532, #1588, #6428, .T. ) ;
#7813 = CARTESIAN_POINT ( 'NONE',  ( -4.150973854718529310, 1.112076148575014800, -2.149999999999999911 ) ) ;
#7814 = AXIS2_PLACEMENT_3D ( 'NONE', #7002, #7527, #1342 ) ;
#7815 = VECTOR ( 'NONE', #6055, 1000.000000000000000 ) ;
#7816 = CARTESIAN_POINT ( 'NONE',  ( 0.3712310600360543278, -3.054258255407597211, -3.028768939963972784 ) ) ;
#7817 = LINE ( 'NONE', #4131, #2427 ) ;
#7818 = DIRECTION ( 'NONE',  ( 0.000000000000000000, -1.000000000000000000, 0.000000000000000000 ) ) ;
#7819 = LINE ( 'NONE', #6658, #7869 ) ;
#7820 = CARTESIAN_POINT ( 'NONE',  ( 4.486629622059029820, 0.6983894998637484308, 4.099918461251035318 ) ) ;
#7821 = CARTESIAN_POINT ( 'NONE',  ( 0.000000000000000000, 2.774999999999999911, 3.399999999999999911 ) ) ;
#7822 = LINE ( 'NONE', #4902, #7900 ) ;
#7823 = CARTESIAN_POINT ( 'NONE',  ( 4.701624622614828830, 0.3474995453537856882, 4.599999999999930367 ) ) ;
#7824 = DIRECTION ( 'NONE',  ( 0.000000000000000000, 1.000000000000000000, 1.089244973287757740E-14 ) ) ;
#7825 = ORIENTED_EDGE ( 'NONE', *, *, #6825, .T. ) ;
#7826 = ORIENTED_EDGE ( 'NONE', *, *, #7173, .T. ) ;
#7827 = LINE ( 'NONE', #4659, #7772 ) ;
#7828 = FACE_OUTER_BOUND ( 'NONE', #3440, .T. ) ;
#7829 = CYLINDRICAL_SURFACE ( 'NONE', #7860, 0.09822330499999978870 ) ;
#7830 = AXIS2_PLACEMENT_3D ( 'NONE', #5039, #4813, #2337 ) ;
#7831 = CARTESIAN_POINT ( 'NONE',  ( -4.798420741590976313, 0.4553216606561069080, 4.099776891801867329 ) ) ;
#7832 = DIRECTION ( 'NONE',  ( -0.9659258261578430593, 0.000000000000000000, 0.2588190455922599331 ) ) ;
#7833 = CARTESIAN_POINT ( 'NONE',  ( 2.276563030598988568, 6.483974596215733577, 4.599999999999999645 ) ) ;
#7834 = CARTESIAN_POINT ( 'NONE',  ( -0.9745579517472660047, 0.4693281512620215978, 4.099713448386638426 ) ) ;
#7835 = LINE ( 'NONE', #7170, #2445 ) ;
#7836 = CARTESIAN_POINT ( 'NONE',  ( -2.559999999999999609, 5.700000000000171596, -3.650000000000000355 ) ) ;
#7837 = EDGE_CURVE ( 'NONE', #6605, #2851, #6262, .T. ) ;
#7838 = CARTESIAN_POINT ( 'NONE',  ( 1.655000000000026672, 0.4499999999978934739, 4.599999999999999645 ) ) ;
#7839 = CARTESIAN_POINT ( 'NONE',  ( -3.421642717352671781, 0.6682329383024374625, 4.600000000000000533 ) ) ;
#7840 = CARTESIAN_POINT ( 'NONE',  ( -0.3999999999999993006, 2.600000000000000533, 2.746891109999991976 ) ) ;
#7841 = CARTESIAN_POINT ( 'NONE',  ( -2.959999999999999964, 3.000000000000000000, -1.200000000000000178 ) ) ;
#7842 = ADVANCED_FACE ( 'NONE', ( #6362 ), #7428, .F. ) ;
#7843 = ORIENTED_EDGE ( 'NONE', *, *, #4020, .T. ) ;
#7844 = FACE_OUTER_BOUND ( 'NONE', #6719, .T. ) ;
#7845 = FACE_OUTER_BOUND ( 'NONE', #7075, .T. ) ;
#7846 = ORIENTED_EDGE ( 'NONE', *, *, #62, .T. ) ;
#7847 = EDGE_CURVE ( 'NONE', #359, #7466, #3484, .T. ) ;
#7848 = CIRCLE ( 'NONE', #1468, 0.1000000000000002554 ) ;
#7849 = DIRECTION ( 'NONE',  ( 0.000000000000000000, -1.156482317317871764E-14, 1.000000000000000000 ) ) ;
#7850 = CARTESIAN_POINT ( 'NONE',  ( -0.7839745962155748593, 5.133974596215686859, 4.599999999999999645 ) ) ;
#7851 = CARTESIAN_POINT ( 'NONE',  ( -3.439289321881344730, 3.370710678118655768, 2.856200347158724284 ) ) ;
#7852 = CARTESIAN_POINT ( 'NONE',  ( 0.4524897066156541303, 0.6448152459628001543, 4.599999999999992539 ) ) ;
#7853 = CARTESIAN_POINT ( 'NONE',  ( -2.510000000000000231, -2.949029909160572061E-14, -1.649999999999998579 ) ) ;
#7854 = CARTESIAN_POINT ( 'NONE',  ( 0.6500000000000116795, 5.000000000000124345, -2.149999999999999911 ) ) ;
#7855 = ORIENTED_EDGE ( 'NONE', *, *, #5255, .F. ) ;
#7856 = VECTOR ( 'NONE', #6988, 1000.000000000000000 ) ;
#7857 = DIRECTION ( 'NONE',  ( -0.2505628075300823654, -0.2505628075300823654, -0.9351131262929025523 ) ) ;
#7858 = VECTOR ( 'NONE', #2920, 1000.000000000000000 ) ;
#7859 = VECTOR ( 'NONE', #3998, 1000.000000000000000 ) ;
#7860 = AXIS2_PLACEMENT_3D ( 'NONE', #2935, #1649, #2270 ) ;
#7861 = LINE ( 'NONE', #6391, #4992 ) ;
#7862 = ORIENTED_EDGE ( 'NONE', *, *, #2832, .F. ) ;
#7863 = CARTESIAN_POINT ( 'NONE',  ( -1.300000000000000044, 4.300000000000015810, -4.299999999999952749 ) ) ;
#7864 = DIRECTION ( 'NONE',  ( -1.000000000000000000, 0.000000000000000000, 0.000000000000000000 ) ) ;
#7865 = FACE_OUTER_BOUND ( 'NONE', #2938, .T. ) ;
#7866 = CARTESIAN_POINT ( 'NONE',  ( 4.460000000000011511, 5.000000000000124345, 4.099999999999992539 ) ) ;
#7867 = VECTOR ( 'NONE', #191, 1000.000000000000000 ) ;
#7868 = DIRECTION ( 'NONE',  ( -1.000000000000000000, 0.000000000000000000, 0.000000000000000000 ) ) ;
#7869 = VECTOR ( 'NONE', #7910, 1000.000000000000000 ) ;
#7870 = CARTESIAN_POINT ( 'NONE',  ( 2.942679594539036714, 0.3720276783332644999, 4.599999999999956124 ) ) ;
#7871 = CARTESIAN_POINT ( 'NONE',  ( 4.591573214709105955, 0.4500000001183825926, 4.599999999999999645 ) ) ;
#7872 = FACE_OUTER_BOUND ( 'NONE', #2497, .T. ) ;
#7873 = CARTESIAN_POINT ( 'NONE',  ( -4.209999999999999076, 2.600000000000000533, -1.200000000000000178 ) ) ;
#7874 = DIRECTION ( 'NONE',  ( -0.09316605137675544601, 0.2576933335952809045, -0.9617246137493908886 ) ) ;
#7875 = ORIENTED_EDGE ( 'NONE', *, *, #2377, .F. ) ;
#7876 =( BOUNDED_CURVE ( )  B_SPLINE_CURVE ( 3, ( #5119, #4556, #2024, #5018 ),
 .UNSPECIFIED., .F., .F. ) 
 B_SPLINE_CURVE_WITH_KNOTS ( ( 4, 4 ),
 ( 5.497787143782140618, 6.283185307179586232 ),
 .UNSPECIFIED. ) 
 CURVE ( )  GEOMETRIC_REPRESENTATION_ITEM ( )  RATIONAL_B_SPLINE_CURVE ( ( 1.000000000000000000, 0.9492530216741915661, 0.9492530216741915661, 1.000000000000000000 ) ) 
 REPRESENTATION_ITEM ( '' )  );
#7877 = VERTEX_POINT ( 'NONE', #7935 ) ;
#7878 = EDGE_CURVE ( 'NONE', #3914, #1573, #1024, .T. ) ;
#7879 = VECTOR ( 'NONE', #7353, 1000.000000000000000 ) ;
#7880 = VECTOR ( 'NONE', #6026, 1000.000000000000000 ) ;
#7881 = LINE ( 'NONE', #7178, #2488 ) ;
#7882 = CARTESIAN_POINT ( 'NONE',  ( -4.784958234589795190, 0.4689237747663780320, 4.099713771945043383 ) ) ;
#7883 = DIRECTION ( 'NONE',  ( -0.2505628070857300882, -0.2505628070857300882, -0.9351131265310301810 ) ) ;
#7884 = CARTESIAN_POINT ( 'NONE',  ( -1.250000000000000222, 5.700000000000171596, 4.599999999999999645 ) ) ;
#7885 = CARTESIAN_POINT ( 'NONE',  ( -0.4246390999255824084, 0.8087577264569708602, 4.100028364086250932 ) ) ;
#7886 = EDGE_CURVE ( 'NONE', #6009, #1111, #3642, .T. ) ;
#7887 = DIRECTION ( 'NONE',  ( 1.000000000000000000, -0.000000000000000000, -0.000000000000000000 ) ) ;
#7888 = CARTESIAN_POINT ( 'NONE',  ( -4.109999999999999432, 3.400000000000000355, -1.200000000000000178 ) ) ;
#7889 = CARTESIAN_POINT ( 'NONE',  ( -4.024889058996572899, 0.7123824729249847998, 4.600000000000000533 ) ) ;
#7890 = CARTESIAN_POINT ( 'NONE',  ( -6.410000000000001030, 2.550000000000001155, 2.100000000000000089 ) ) ;
#7891 = CARTESIAN_POINT ( 'NONE',  ( 2.559999999999999609, 5.700000000000171596, 4.599999999999999645 ) ) ;
#7892 = ORIENTED_EDGE ( 'NONE', *, *, #5021, .F. ) ;
#7893 = AXIS2_PLACEMENT_3D ( 'NONE', #6753, #2513, #6855 ) ;
#7894 = LINE ( 'NONE', #3590, #2318 ) ;
#7895 = ADVANCED_FACE ( 'NONE', ( #3494 ), #6075, .F. ) ;
#7896 = VECTOR ( 'NONE', #3730, 1000.000000000000000 ) ;
#7897 = EDGE_CURVE ( 'NONE', #2029, #2235, #6310, .T. ) ;
#7898 = LINE ( 'NONE', #4019, #7710 ) ;
#7899 = AXIS2_PLACEMENT_3D ( 'NONE', #220, #3174, #4453 ) ;
#7900 = VECTOR ( 'NONE', #6537, 1000.000000000000000 ) ;
#7901 = CARTESIAN_POINT ( 'NONE',  ( -2.945340387821751449, 0.3746797812000803862, 4.600000000000067146 ) ) ;
#7902 = AXIS2_PLACEMENT_3D ( 'NONE', #1341, #98, #3919 ) ;
#7903 = DIRECTION ( 'NONE',  ( -0.2505628070857301437, 0.2505628070857300882, 0.9351131265310301810 ) ) ;
#7904 = FILL_AREA_STYLE_COLOUR ( '', #4816 ) ;
#7905 = CARTESIAN_POINT ( 'NONE',  ( -0.2484367234994614981, 0.7059271718133083295, 4.599999999999999645 ) ) ;
#7906 = DIRECTION ( 'NONE',  ( -1.000000000000000000, -0.000000000000000000, -0.000000000000000000 ) ) ;
#7907 = DIRECTION ( 'NONE',  ( -0.000000000000000000, -0.000000000000000000, -1.000000000000000000 ) ) ;
#7908 = ADVANCED_FACE ( 'NONE', ( #6204, #920 ), #43, .T. ) ;
#7909 = ORIENTED_EDGE ( 'NONE', *, *, #5255, .T. ) ;
#7910 = DIRECTION ( 'NONE',  ( 1.000000000000000000, -3.336006684570783101E-16, -0.000000000000000000 ) ) ;
#7911 = LINE ( 'NONE', #6178, #5038 ) ;
#7912 = CARTESIAN_POINT ( 'NONE',  ( 2.510000000000002007, 6.400000000000019007, -4.299999999999999822 ) ) ;
#7913 = FACE_OUTER_BOUND ( 'NONE', #1078, .T. ) ;
#7914 = EDGE_CURVE ( 'NONE', #6608, #7371, #3735, .T. ) ;
#7915 = VECTOR ( 'NONE', #484, 1000.000000000000000 ) ;
#7916 = EDGE_CURVE ( 'NONE', #1588, #7018, #6288, .T. ) ;
#7917 = ORIENTED_EDGE ( 'NONE', *, *, #5670, .T. ) ;
#7918 = CARTESIAN_POINT ( 'NONE',  ( 2.154999999999973603, 0.000000000000000000, -1.404483525364932826E-15 ) ) ;
#7919 = VECTOR ( 'NONE', #3903, 1000.000000000000000 ) ;
#7920 = AXIS2_PLACEMENT_3D ( 'NONE', #7667, #5360, #241 ) ;
#7921 = PLANE ( 'NONE',  #4206 ) ;
#7922 = VECTOR ( 'NONE', #1488, 1000.000000000000000 ) ;
#7923 = CARTESIAN_POINT ( 'NONE',  ( 5.465000000000026503, 5.133974596215686859, 4.599999999999999645 ) ) ;
#7924 = LINE ( 'NONE', #496, #2704 ) ;
#7925 = CARTESIAN_POINT ( 'NONE',  ( 2.937724497605055607, 0.3670466832145932168, 4.600000000000053824 ) ) ;
#7926 = ORIENTED_EDGE ( 'NONE', *, *, #919, .F. ) ;
#7927 = DIRECTION ( 'NONE',  ( 1.000000000000000000, 0.000000000000000000, -0.000000000000000000 ) ) ;
#7928 = DIRECTION ( 'NONE',  ( 0.9659258261578430593, 0.000000000000000000, 0.2588190455922599331 ) ) ;
#7929 = CARTESIAN_POINT ( 'NONE',  ( 1.485000000000000320, 6.350000000000171063, -3.650000000000000355 ) ) ;
#7930 = CARTESIAN_POINT ( 'NONE',  ( 5.465000000000026503, 5.133974596215686859, 4.599999999999999645 ) ) ;
#7931 = EDGE_CURVE ( 'NONE', #7662, #7185, #936, .T. ) ;
#7932 = EDGE_LOOP ( 'NONE', ( #3546, #3681 ) ) ;
#7933 = FACE_BOUND ( 'NONE', #4059, .T. ) ;
#7934 = EDGE_CURVE ( 'NONE', #5059, #4444, #6299, .T. ) ;
#7935 = CARTESIAN_POINT ( 'NONE',  ( -5.060000000000000497, 5.700000000000171596, -3.650000000000000355 ) ) ;
#7936 = DIRECTION ( 'NONE',  ( 0.000000000000000000, 1.000000000000000000, 1.089244973287757740E-14 ) ) ;
#7937 = CARTESIAN_POINT ( 'NONE',  ( 0.5641384312933186429, 0.7547384322299117709, 4.099973798525302193 ) ) ;
#7938 = B_SPLINE_SURFACE_WITH_KNOTS ( 'NONE', 1, 3, ( 
 ( #7157, #2248, #3505, #7775, #7318, #301, #943, #7265, #6690, #7831, #1142, #525, #4107, #991, #4572, #4677, #5304, #3557, #5963, #6581, #7882, #473, #1093, #1685, #2305, #5422, #6135, #3670, #7372, #7984, #4892, #6196, #2974, #586, #3611, #3113, #64, #34, #4208, #5420, #3609, #2351, #2503, #522, #6242, #5601, #637, #1138, #6687, #1278, #5357, #2907, #4263, #4153, #4774, #5482, #6628, #2407, #6071, #7313, #6846, #4887, #6190, #6131, #7262, #7369, #693, #7059, #746, #6290, #92, #7522, #7681, #2057, #6448, #5153, #4533, #3304, #6894, #3768, #4372, #5655, #5824, #4994, #7724, #1527, #6481, #4620, #5194, #7096, #183, #791, #1772, #7039, #5639, #3850, #5135, #6429, #3646, #7557, #2688, #4980, #7960, #1373, #2585, #4465, #1988, #5754, #1424, #237, #4416, #6981, #6275, #6378, #1167, #3898, #896, #77, #840, #3342, #5460, #3947, #6882, #4570, #7507, #6109, #1932, #2538, #7604, #5030, #7152, #233, #4565, #180 ),
 ( #5696, #6426, #5081, #2034, #2531, #296, #7037, #5188, #2134, #3182, #3393, #3996, #5244, #3797, #6127, #7978, #3140, #5996, #2613, #3266, #918, #5222, #1217, #1769, #6167, #1826, #2437, #1265, #3070, #3700, #4300, #6958, #2514, #6856, #6206, #7437, #652, #6808, #4335, #6251, #4955, #5612, #1243, #1857, #1350, #1963, #1911, #5674, #5010, #7484, #6301, #52, #705, #1292, #3159, #3778, #4393, #6907, #7535, #4686, #4114, #2922, #5972, #3621, #7889, #2800, #4220, #2259, #7273, #3462, #4062, #5370, #6587, #485, #7219, #6028, #1101, #1695, #7839, #2314, #4165, #5433, #6083, #6698, #537, #7683, #5381, #4694, #2155, #4742, #4638, #5882, #7061, #2267, #7741, #2871, #7793, #5321, #5980, #437, #259, #7280, #2108, #7901, #495, #3363, #4589, #2373, #608, #5506, #6758, #7443, #1810, #3831, #3782, #5016, #3686, #5559, #4, #6358, #7944, #711, #4963, #6257, #2666, #4500, #5113, #7648, #215, #4757, #1120, #6723, #7961, #3647 ) ),
 .UNSPECIFIED., .F., .F., .F.,
 ( 2, 2 ),
 ( 4, 2, 2, 2, 2, 2, 2, 2, 2, 2, 2, 2, 2, 2, 2, 2, 2, 2, 2, 2, 2, 2, 2, 2, 2, 2, 2, 2, 2, 2, 2, 2, 2, 2, 2, 2, 2, 2, 2, 2, 2, 2, 2, 2, 2, 2, 2, 2, 2, 2, 2, 2, 2, 2, 2, 2, 2, 2, 2, 2, 2, 2, 2, 2, 2, 2, 4 ),
 ( 0.000000000000000000, 1.000000000000000000 ),
 ( 0.003809851814737924211, 0.003843579514349123368, 0.003877307213960322525, 0.003894171063765921887, 0.003902602988668721351, 0.003911034913571521249, 0.003919466838474321146, 0.003921574819700021121, 0.003923682800925721095, 0.003924209796232145872, 0.003924736791538570649, 0.003925263786844995426, 0.003925790782151421070, 0.003927898763377121044, 0.003930006744602821019, 0.003932114725828520993, 0.003936330688279920942, 0.003944762613182720840, 0.003961626462988320635, 0.003978490312793920430, 0.004012218012405120021, 0.004079673411627518335, 0.004147128810849916650, 0.004180856510461116241, 0.004214584210072315831, 0.004248311909683515422, 0.004282039609294714146, 0.004349495008517112460, 0.004484405806961909088, 0.004551861206184307403, 0.004619316605406705717, 0.004653044305017905308, 0.004686772004629104031, 0.004754227403851502345, 0.004889138202296299841, 0.005024049000741097337, 0.005158959799185893966, 0.005226415198408292280, 0.005260142898019491003, 0.005293870597630690594, 0.005327598297241890185, 0.005361325996853088909, 0.005428781396075487223, 0.005563692194520283851, 0.005631147593742683033, 0.005698602992965081347, 0.005732330692576280071, 0.005766058392187479661, 0.005799786091798679252, 0.005816649941604279048, 0.005833513791409878843, 0.005841945716312678741, 0.005846161678764078690, 0.005848269659989778664, 0.005850377641215478638, 0.005852485622441178613, 0.005853539613054029034, 0.005854066608360453811, 0.005854593603666878587, 0.005856701584892578562, 0.005858809566118278536, 0.005867241491021078434, 0.005875673415923878332, 0.005884105340826678229, 0.005900969190632277157, 0.005934696890243475881, 0.005968424589854675472 ),
 .UNSPECIFIED. ) ;
#7939 = DIRECTION ( 'NONE',  ( 1.000000000000000000, 0.000000000000000000, -0.000000000000000000 ) ) ;
#7940 = CARTESIAN_POINT ( 'NONE',  ( 6.410000000000000142, 3.750000000000000888, 2.100000000000000089 ) ) ;
#7941 = ORIENTED_EDGE ( 'NONE', *, *, #5241, .F. ) ;
#7942 = ORIENTED_EDGE ( 'NONE', *, *, #4085, .F. ) ;
#7943 = VECTOR ( 'NONE', #5146, 1000.000000000000114 ) ;
#7944 = CARTESIAN_POINT ( 'NONE',  ( -2.934835765130773932, 0.3641281265430110214, 4.599999999999999645 ) ) ;
#7945 = PLANE ( 'NONE',  #105 ) ;
#7946 = DIRECTION ( 'NONE',  ( 0.000000000000000000, 0.000000000000000000, -1.000000000000000000 ) ) ;
#7947 = PLANE ( 'NONE',  #7536 ) ;
#7948 = CARTESIAN_POINT ( 'NONE',  ( 0.8721715921677394290, 0.3671516617568083007, 4.599999999999962341 ) ) ;
#7949 = STYLED_ITEM ( 'NONE', ( #906 ), #1805 ) ;
#7950 = CARTESIAN_POINT ( 'NONE',  ( -0.6500000000000116795, 5.700000000000171596, 4.099999999999992539 ) ) ;
#7951 = CARTESIAN_POINT ( 'NONE',  ( -3.409999999999999698, -2.946891109999995262, -3.701776695000027484 ) ) ;
#7952 = VERTEX_POINT ( 'NONE', #7477 ) ;
#7953 = CARTESIAN_POINT ( 'NONE',  ( 3.632494624301916719, 0.8646422626378320597, 4.100086494611944410 ) ) ;
#7954 = VECTOR ( 'NONE', #6612, 1000.000000000000000 ) ;
#7955 = ADVANCED_FACE ( 'NONE', ( #948 ), #4945, .F. ) ;
#7956 = FACE_OUTER_BOUND ( 'NONE', #3956, .T. ) ;
#7957 = CARTESIAN_POINT ( 'NONE',  ( -2.510000000000000231, 4.300000000000015810, -4.299999999999952749 ) ) ;
#7958 = VECTOR ( 'NONE', #6308, 1000.000000000000000 ) ;
#7959 = EDGE_CURVE ( 'NONE', #1351, #7577, #1009, .T. ) ;
#7960 = CARTESIAN_POINT ( 'NONE',  ( -2.846777850192667270, 0.4806471576415152769, 4.099722797320809242 ) ) ;
#7961 = CARTESIAN_POINT ( 'NONE',  ( -2.864499046986038966, 0.2930847726377649454, 4.599999999993251265 ) ) ;
#7962 = VERTEX_POINT ( 'NONE', #1847 ) ;
#7963 = CARTESIAN_POINT ( 'NONE',  ( 0.4000000000000001887, -3.600000000000000533, -3.625000000000033751 ) ) ;
#7964 = CIRCLE ( 'NONE', #5993, 0.2999999999999999334 ) ;
#7965 = CARTESIAN_POINT ( 'NONE',  ( -3.409999999999999698, -2.946891109999995262, -3.098223305000026961 ) ) ;
#7966 = LINE ( 'NONE', #4317, #5430 ) ;
#7967 = DIRECTION ( 'NONE',  ( -0.000000000000000000, -1.000000000000000000, -0.000000000000000000 ) ) ;
#7968 = VECTOR ( 'NONE', #8001, 1000.000000000000000 ) ;
#7969 = CARTESIAN_POINT ( 'NONE',  ( -0.2250000000000064448, -3.600000000000000533, -3.625000000000033751 ) ) ;
#7970 = CARTESIAN_POINT ( 'NONE',  ( 2.993140646372717040, 0.4197579868458892194, 4.599999999999970335 ) ) ;
#7971 = DIRECTION ( 'NONE',  ( 0.000000000000000000, 0.000000000000000000, 1.000000000000000000 ) ) ;
#7972 = CARTESIAN_POINT ( 'NONE',  ( 4.687658425347861701, 0.3616088389929311142, 4.599999999999988098 ) ) ;
#7973 = CARTESIAN_POINT ( 'NONE',  ( 3.410000000000001474, 3.326876110206469672, 2.746891109999992864 ) ) ;
#7974 = DIRECTION ( 'NONE',  ( 1.000000000000000000, -1.417136119250013615E-16, 0.000000000000000000 ) ) ;
#7975 = EDGE_CURVE ( 'NONE', #3656, #766, #819, .T. ) ;
#7976 = CARTESIAN_POINT ( 'NONE',  ( 3.154928840333059537, 0.5417375836396514099, 4.600000000000000533 ) ) ;
#7977 = AXIS2_PLACEMENT_3D ( 'NONE', #2430, #5987, #501 ) ;
#7978 = CARTESIAN_POINT ( 'NONE',  ( -4.683758505025753749, 0.3655484167915195037, 4.600000000000012079 ) ) ;
#7979 = ORIENTED_EDGE ( 'NONE', *, *, #3172, .F. ) ;
#7980 = EDGE_CURVE ( 'NONE', #6792, #6152, #3626, .T. ) ;
#7981 = LINE ( 'NONE', #2310, #2776 ) ;
#7982 = VECTOR ( 'NONE', #3293, 1000.000000000000000 ) ;
#7983 = FACE_OUTER_BOUND ( 'NONE', #6999, .T. ) ;
#7984 = CARTESIAN_POINT ( 'NONE',  ( -4.780128428182777611, 0.4737808556129173287, 4.099717085642100578 ) ) ;
#7985 = DIRECTION ( 'NONE',  ( -0.9659258261578450577, -0.2588190455922527167, 0.000000000000000000 ) ) ;
#7986 = CARTESIAN_POINT ( 'NONE',  ( -4.497669032176819570, 5.662330967823364425, 4.240582741955787327 ) ) ;
#7987 = CARTESIAN_POINT ( 'NONE',  ( 4.110000000000001208, 3.300000000000000266, 3.399999999999999911 ) ) ;
#7988 = CARTESIAN_POINT ( 'NONE',  ( 0.3978852387518752032, 0.8169908447282067110, 4.100036833881833154 ) ) ;
#7989 = VECTOR ( 'NONE', #1347, 1000.000000000000114 ) ;
#7990 = AXIS2_PLACEMENT_3D ( 'NONE', #5923, #1001, #7734 ) ;
#7991 = EDGE_CURVE ( 'NONE', #466, #4531, #1043, .T. ) ;
#7992 = PLANE ( 'NONE',  #3599 ) ;
#7993 = DIRECTION ( 'NONE',  ( -1.000000000000000000, -0.000000000000000000, -0.000000000000000000 ) ) ;
#7994 = CARTESIAN_POINT ( 'NONE',  ( -4.658614271179771116, 0.5965755787447122316, 4.099441059783922370 ) ) ;
#7995 = ORIENTED_EDGE ( 'NONE', *, *, #7165, .F. ) ;
#7996 = CYLINDRICAL_SURFACE ( 'NONE', #7603, 0.09999999999999999167 ) ;
#7997 = LINE ( 'NONE', #7517, #2511 ) ;
#7998 = LINE ( 'NONE', #3169, #73 ) ;
#7999 = ORIENTED_EDGE ( 'NONE', *, *, #2968, .F. ) ;
#8000 = LINE ( 'NONE', #6406, #5583 ) ;
#8001 = DIRECTION ( 'NONE',  ( 0.000000000000000000, 4.565061778886335030E-16, -1.000000000000000000 ) ) ;
#8002 = PLANE ( 'NONE',  #7186 ) ;
#8003 = CARTESIAN_POINT ( 'NONE',  ( 0.6500000000000116795, 0.000000000000000000, 4.099999999999992539 ) ) ;
#8004 = CARTESIAN_POINT ( 'NONE',  ( 0.8725456766588169932, 0.3667737240538251342, 4.599999999999988987 ) ) ;
#8005 = DIRECTION ( 'NONE',  ( -0.000000000000000000, -0.000000000000000000, 1.000000000000000000 ) ) ;
#8006 = EDGE_CURVE ( 'NONE', #5046, #4557, #2384, .T. ) ;
#8007 = DIRECTION ( 'NONE',  ( -1.000000000000000000, -0.000000000000000000, -0.000000000000000000 ) ) ;
#8008 = ORIENTED_EDGE ( 'NONE', *, *, #5502, .F. ) ;
#8009 = CARTESIAN_POINT ( 'NONE',  ( 3.557241856162844496, 0.8525014346910219087, 4.100073726424642295 ) ) ;
#8010 = LINE ( 'NONE', #4898, #2715 ) ;
#8011 = EDGE_CURVE ( 'NONE', #796, #4944, #6349, .T. ) ;
#8012 = CARTESIAN_POINT ( 'NONE',  ( 3.810000000000002718, 6.000000000000019540, -4.299999999999999822 ) ) ;
#8013 = VECTOR ( 'NONE', #1748, 1000.000000000000000 ) ;
#8014 = CARTESIAN_POINT ( 'NONE',  ( 5.110000000000002096, 5.600000000000019185, -4.299999999999999822 ) ) ;
#8015 = ORIENTED_EDGE ( 'NONE', *, *, #1554, .F. ) ;
#8016 = DIRECTION ( 'NONE',  ( -0.000000000000000000, -1.000000000000000000, -9.164576854217089559E-15 ) ) ;
#8017 = ADVANCED_FACE ( 'NONE', ( #846 ), #752, .T. ) ;
#8018 = CYLINDRICAL_SURFACE ( 'NONE', #1028, 0.1000000000000002554 ) ;
#8019 = FILL_AREA_STYLE ('',( #7415 ) ) ;
#8020 = LINE ( 'NONE', #5789, #2646 ) ;
#8021 = DIRECTION ( 'NONE',  ( 0.000000000000000000, -0.000000000000000000, -1.000000000000000000 ) ) ;
#8022 = EDGE_CURVE ( 'NONE', #533, #7642, #6218, .T. ) ;
#8023 = VERTEX_POINT ( 'NONE', #2651 ) ;
#8024 = DIRECTION ( 'NONE',  ( 0.000000000000000000, 0.000000000000000000, -1.000000000000000000 ) ) ;
#8025 = CARTESIAN_POINT ( 'NONE',  ( 4.634587213225586311, 0.4128044127508885275, 4.599999999999854872 ) ) ;
#8026 = VECTOR ( 'NONE', #6372, 1000.000000000000000 ) ;
#8027 = CARTESIAN_POINT ( 'NONE',  ( -2.996547198211220842, 0.4529826165319939535, 4.521809953714246433 ) ) ;
#8028 = DIRECTION ( 'NONE',  ( 0.01356798642016740150, -0.03811450043289633938, 0.9991812621347804235 ) ) ;
#8029 = EDGE_CURVE ( 'NONE', #2905, #2732, #3503, .T. ) ;
#8030 = ADVANCED_FACE ( 'NONE', ( #3828 ), #6472, .T. ) ;
#8031 = VERTEX_POINT ( 'NONE', #2062 ) ;
#8032 = FACE_OUTER_BOUND ( 'NONE', #2316, .T. ) ;
#8033 = LINE ( 'NONE', #1381, #3001 ) ;
#8034 = VERTEX_POINT ( 'NONE', #6296 ) ;
#8035 = DIRECTION ( 'NONE',  ( 0.000000000000000000, 0.000000000000000000, 1.000000000000000000 ) ) ;
#8036 = CARTESIAN_POINT ( 'NONE',  ( 0.9944202485554685111, 0.4492603138906162696, 4.099805024991864499 ) ) ;
#8037 = DIRECTION ( 'NONE',  ( -0.09316605137675544601, 0.2576933335952809045, 0.9617246137493908886 ) ) ;
#8038 = CARTESIAN_POINT ( 'NONE',  ( 4.209999999999999964, -2.946891109999995262, -3.701776695000027484 ) ) ;
#8039 = VERTEX_POINT ( 'NONE', #3309 ) ;
#8040 = NEXT_ASSEMBLY_USAGE_OCCURRENCE ( 'NAUO1', ' ', ' ', #4205, #6385, $ ) ;
ENDSEC;
END-ISO-10303-21;
