ISO-10303-21;
HEADER;
FILE_DESCRIPTION(('convert3d DWG import'),'2;1');
FILE_NAME('converted','2024-01-01',(''),(''),'','convert3d','');
FILE_SCHEMA(('AUTOMOTIVE_DESIGN { 1 0 10303 214 1 1 1 1 }'));
ENDSEC;
DATA;
#1=APPLICATION_PROTOCOL_DEFINITION('international standard','automotive_design',2000,#2);
#2=APPLICATION_CONTEXT('core data for automotive mechanical design processes');
#3=SHAPE_DEFINITION_REPRESENTATION(#4,#2247);
#4=PRODUCT_DEFINITION_SHAPE('','',#5);
#5=PRODUCT_DEFINITION('design','',#6,#9);
#6=PRODUCT_DEFINITION_FORMATION('','',#7);
#7=PRODUCT('Part','Part','',(#8));
#8=PRODUCT_CONTEXT('',#2,'mechanical');
#9=PRODUCT_DEFINITION_CONTEXT('part definition',#2,'design');
#20=CARTESIAN_POINT('',(-0.00495,0.0025,-0.004));
#21=DIRECTION('',(1.,0.,0.));
#22=DIRECTION('',(0.,0.,-1.));
#23=AXIS2_PLACEMENT_3D('',#20,#21,#22);
#24=PLANE('',#23);
#25=CARTESIAN_POINT('',(-0.00495,0.001,-0.0020000000000000018));
#26=DIRECTION('',(0.,0.,1.));
#27=VECTOR('',#26,1.);
#28=LINE('',#25,#27);
#29=CARTESIAN_POINT('',(-0.00495,0.001,-0.0020000000000000018));
#30=VERTEX_POINT('',#29);
#31=CARTESIAN_POINT('',(-0.00495,0.001,-0.004));
#32=VERTEX_POINT('',#31);
#33=EDGE_CURVE('',#30,#32,#28,.T.);
#34=ORIENTED_EDGE('',*,*,#33,.F.);
#35=CARTESIAN_POINT('',(-0.00495,-0.0027,-0.0020000000000000018));
#36=DIRECTION('',(0.,1.,0.));
#37=VECTOR('',#36,1.);
#38=LINE('',#35,#37);
#39=CARTESIAN_POINT('',(-0.00495,-0.0025,-0.0020000000000000018));
#40=VERTEX_POINT('',#39);
#41=EDGE_CURVE('',#40,#30,#38,.T.);
#42=ORIENTED_EDGE('',*,*,#41,.F.);
#43=CARTESIAN_POINT('',(-0.00495,-0.0025,-0.004));
#44=DIRECTION('',(0.,0.,1.));
#45=VECTOR('',#44,1.);
#46=LINE('',#43,#45);
#47=CARTESIAN_POINT('',(-0.00495,-0.0025,0.));
#48=VERTEX_POINT('',#47);
#49=EDGE_CURVE('',#48,#40,#46,.T.);
#50=ORIENTED_EDGE('',*,*,#49,.F.);
#51=CARTESIAN_POINT('',(-0.00495,0.0025,0.));
#52=DIRECTION('',(0.,-1.,0.));
#53=VECTOR('',#52,1.);
#54=LINE('',#51,#53);
#55=CARTESIAN_POINT('',(-0.00495,0.0025,0.));
#56=VERTEX_POINT('',#55);
#57=EDGE_CURVE('',#56,#48,#54,.T.);
#58=ORIENTED_EDGE('',*,*,#57,.F.);
#59=CARTESIAN_POINT('',(-0.00495,0.0025,-0.004));
#60=DIRECTION('',(0.,0.,1.));
#61=VECTOR('',#60,1.);
#62=LINE('',#59,#61);
#63=CARTESIAN_POINT('',(-0.00495,0.0025,-0.004));
#64=VERTEX_POINT('',#63);
#65=EDGE_CURVE('',#64,#56,#62,.T.);
#66=ORIENTED_EDGE('',*,*,#65,.F.);
#67=CARTESIAN_POINT('',(-0.00495,0.0025,-0.004));
#68=DIRECTION('',(0.,-1.,0.));
#69=VECTOR('',#68,1.);
#70=LINE('',#67,#69);
#71=EDGE_CURVE('',#32,#64,#70,.T.);
#72=ORIENTED_EDGE('',*,*,#71,.F.);
#73=EDGE_LOOP('',(#34,#42,#50,#58,#66,#72));
#74=FACE_OUTER_BOUND('',#73,.T.);
#75=ADVANCED_FACE('',(#74),#24,.F.);
#76=CARTESIAN_POINT('',(-0.00495,0.0025,0.));
#77=DIRECTION('',(0.,0.,-1.));
#78=DIRECTION('',(-1.,0.,0.));
#79=AXIS2_PLACEMENT_3D('',#76,#77,#78);
#80=PLANE('',#79);
#81=CARTESIAN_POINT('',(-0.004400000000000001,0.00195,0.));
#82=DIRECTION('',(0.,-1.,0.));
#83=VECTOR('',#82,1.);
#84=LINE('',#81,#83);
#85=CARTESIAN_POINT('',(-0.004400000000000001,0.00195,0.));
#86=VERTEX_POINT('',#85);
#87=CARTESIAN_POINT('',(-0.004400000000000001,-0.00195,0.));
#88=VERTEX_POINT('',#87);
#89=EDGE_CURVE('',#86,#88,#84,.T.);
#90=ORIENTED_EDGE('',*,*,#89,.T.);
#91=CARTESIAN_POINT('',(-0.004400000000000001,-0.00195,0.));
#92=DIRECTION('',(1.,2.282530889443166E-16,0.));
#93=VECTOR('',#92,1.);
#94=LINE('',#91,#93);
#95=CARTESIAN_POINT('',(-0.0025,-0.0019499999999999995,0.));
#96=VERTEX_POINT('',#95);
#97=EDGE_CURVE('',#88,#96,#94,.T.);
#98=ORIENTED_EDGE('',*,*,#97,.T.);
#99=CARTESIAN_POINT('',(-0.0025,-0.0019499999999999995,0.));
#100=CARTESIAN_POINT('',(-0.0008735875703548177,-0.0019499999999999993,0.));
#101=CARTESIAN_POINT('',(-0.0005816673906749131,-0.00034999999999999956,0.));
#102=(BOUNDED_CURVE() B_SPLINE_CURVE(2,(#99,#100,#101),.UNSPECIFIED.,.F.,.F.) B_SPLINE_CURVE_WITH_KNOTS((3,3),(0.,1.),.UNSPECIFIED.) CURVE() GEOMETRIC_REPRESENTATION_ITEM() RATIONAL_B_SPLINE_CURVE((1.,0.7679476477883045,1.)) REPRESENTATION_ITEM(''));
#103=CARTESIAN_POINT('',(-0.0005816673906749131,-0.00034999999999999956,0.));
#104=VERTEX_POINT('',#103);
#105=EDGE_CURVE('',#96,#104,#102,.T.);
#106=ORIENTED_EDGE('',*,*,#105,.T.);
#107=CARTESIAN_POINT('',(-0.0005816673906749131,-0.00034999999999999994,0.));
#108=DIRECTION('',(1.,-1.39796667717718E-16,0.));
#109=VECTOR('',#108,1.);
#110=LINE('',#107,#109);
#111=CARTESIAN_POINT('',(0.0005816673906749125,-0.0003500000000000001,0.));
#112=VERTEX_POINT('',#111);
#113=EDGE_CURVE('',#104,#112,#110,.T.);
#114=ORIENTED_EDGE('',*,*,#113,.T.);
#115=CARTESIAN_POINT('',(0.0005816673906749125,-0.0003500000000000001,0.));
#116=CARTESIAN_POINT('',(0.0008735875703548164,-0.001949999999999999,0.));
#117=CARTESIAN_POINT('',(0.0024999999999999996,-0.00195,0.));
#118=(BOUNDED_CURVE() B_SPLINE_CURVE(2,(#115,#116,#117),.UNSPECIFIED.,.F.,.F.) B_SPLINE_CURVE_WITH_KNOTS((3,3),(0.,1.),.UNSPECIFIED.) CURVE() GEOMETRIC_REPRESENTATION_ITEM() RATIONAL_B_SPLINE_CURVE((1.,0.7679476477883046,1.)) REPRESENTATION_ITEM(''));
#119=CARTESIAN_POINT('',(0.0024999999999999996,-0.00195,0.));
#120=VERTEX_POINT('',#119);
#121=EDGE_CURVE('',#112,#120,#118,.T.);
#122=ORIENTED_EDGE('',*,*,#121,.T.);
#123=CARTESIAN_POINT('',(0.003237005768508872,-0.00195,0.));
#124=DIRECTION('',(1.,0.,0.));
#125=VECTOR('',#124,1.);
#126=LINE('',#123,#125);
#127=CARTESIAN_POINT('',(0.003237005768508872,-0.00195,0.));
#128=VERTEX_POINT('',#127);
#129=EDGE_CURVE('',#120,#128,#126,.T.);
#130=ORIENTED_EDGE('',*,*,#129,.T.);
#131=CARTESIAN_POINT('',(0.004400000000000001,-0.0007870057685088757,0.));
#132=DIRECTION('',(0.7071067811865491,0.707106781186546,0.));
#133=VECTOR('',#132,1.);
#134=LINE('',#131,#133);
#135=CARTESIAN_POINT('',(0.004400000000000001,-0.0007870057685088757,0.));
#136=VERTEX_POINT('',#135);
#137=EDGE_CURVE('',#128,#136,#134,.T.);
#138=ORIENTED_EDGE('',*,*,#137,.T.);
#139=CARTESIAN_POINT('',(0.004400000000000001,0.0007870057685088757,0.));
#140=DIRECTION('',(0.,1.,0.));
#141=VECTOR('',#140,1.);
#142=LINE('',#139,#141);
#143=CARTESIAN_POINT('',(0.004400000000000001,0.0007870057685088757,0.));
#144=VERTEX_POINT('',#143);
#145=EDGE_CURVE('',#136,#144,#142,.T.);
#146=ORIENTED_EDGE('',*,*,#145,.T.);
#147=CARTESIAN_POINT('',(0.004400000000000001,0.0007870057685088757,0.));
#148=DIRECTION('',(-0.7071067811865441,0.707106781186551,0.));
#149=VECTOR('',#148,1.);
#150=LINE('',#147,#149);
#151=CARTESIAN_POINT('',(0.0032370057685088883,0.00195,0.));
#152=VERTEX_POINT('',#151);
#153=EDGE_CURVE('',#144,#152,#150,.T.);
#154=ORIENTED_EDGE('',*,*,#153,.T.);
#155=CARTESIAN_POINT('',(0.0032370057685088883,0.00195,0.));
#156=DIRECTION('',(-1.,1.1768723869600794E-15,0.));
#157=VECTOR('',#156,1.);
#158=LINE('',#155,#157);
#159=CARTESIAN_POINT('',(0.0024999999999999996,0.0019500000000000008,0.));
#160=VERTEX_POINT('',#159);
#161=EDGE_CURVE('',#152,#160,#158,.T.);
#162=ORIENTED_EDGE('',*,*,#161,.T.);
#163=CARTESIAN_POINT('',(0.0024999999999999996,0.0019500000000000008,0.));
#164=CARTESIAN_POINT('',(0.000873587570354816,0.0019499999999999995,0.));
#165=CARTESIAN_POINT('',(0.000581667390674912,0.0003500000000000003,0.));
#166=(BOUNDED_CURVE() B_SPLINE_CURVE(2,(#163,#164,#165),.UNSPECIFIED.,.F.,.F.) B_SPLINE_CURVE_WITH_KNOTS((3,3),(0.,1.),.UNSPECIFIED.) CURVE() GEOMETRIC_REPRESENTATION_ITEM() RATIONAL_B_SPLINE_CURVE((1.,0.7679476477883046,1.)) REPRESENTATION_ITEM(''));
#167=CARTESIAN_POINT('',(0.000581667390674912,0.0003500000000000003,0.));
#168=VERTEX_POINT('',#167);
#169=EDGE_CURVE('',#160,#168,#166,.T.);
#170=ORIENTED_EDGE('',*,*,#169,.T.);
#171=CARTESIAN_POINT('',(-0.0005816673906749131,0.00034999999999999994,0.));
#172=DIRECTION('',(-1.,-1.39796667717718E-16,0.));
#173=VECTOR('',#172,1.);
#174=LINE('',#171,#173);
#175=CARTESIAN_POINT('',(-0.0005816673906749131,0.00034999999999999994,0.));
#176=VERTEX_POINT('',#175);
#177=EDGE_CURVE('',#168,#176,#174,.T.);
#178=ORIENTED_EDGE('',*,*,#177,.T.);
#179=CARTESIAN_POINT('',(-0.0005816673906749131,0.00034999999999999994,0.));
#180=CARTESIAN_POINT('',(-0.0008735875703548175,0.0019499999999999995,0.));
#181=CARTESIAN_POINT('',(-0.0025000000000000005,0.0019499999999999993,0.));
#182=(BOUNDED_CURVE() B_SPLINE_CURVE(2,(#179,#180,#181),.UNSPECIFIED.,.F.,.F.) B_SPLINE_CURVE_WITH_KNOTS((3,3),(0.,1.),.UNSPECIFIED.) CURVE() GEOMETRIC_REPRESENTATION_ITEM() RATIONAL_B_SPLINE_CURVE((1.,0.7679476477883044,1.)) REPRESENTATION_ITEM(''));
#183=CARTESIAN_POINT('',(-0.0025000000000000005,0.0019499999999999993,0.));
#184=VERTEX_POINT('',#183);
#185=EDGE_CURVE('',#176,#184,#182,.T.);
#186=ORIENTED_EDGE('',*,*,#185,.T.);
#187=CARTESIAN_POINT('',(-0.004400000000000001,0.00195,0.));
#188=DIRECTION('',(-1.,2.2825308894431665E-16,0.));
#189=VECTOR('',#188,1.);
#190=LINE('',#187,#189);
#191=EDGE_CURVE('',#184,#86,#190,.T.);
#192=ORIENTED_EDGE('',*,*,#191,.T.);
#193=EDGE_LOOP('',(#90,#98,#106,#114,#122,#130,#138,#146,#154,#162,#170,#178,#186,#192));
#194=FACE_OUTER_BOUND('',#193,.T.);
#195=CARTESIAN_POINT('',(-0.00495,-0.0025,0.));
#196=DIRECTION('',(1.,0.,0.));
#197=VECTOR('',#196,1.);
#198=LINE('',#195,#197);
#199=CARTESIAN_POINT('',(0.00495,-0.0025,0.));
#200=VERTEX_POINT('',#199);
#201=EDGE_CURVE('',#200,#48,#198,.T.);
#202=ORIENTED_EDGE('',*,*,#201,.T.);
#203=CARTESIAN_POINT('',(-0.00495,0.0025,0.));
#204=DIRECTION('',(0.,-1.,0.));
#205=VECTOR('',#204,1.);
#206=LINE('',#203,#205);
#207=EDGE_CURVE('',#56,#48,#206,.T.);
#208=ORIENTED_EDGE('',*,*,#207,.F.);
#209=CARTESIAN_POINT('',(-0.00495,0.0025,0.));
#210=DIRECTION('',(1.,0.,0.));
#211=VECTOR('',#210,1.);
#212=LINE('',#209,#211);
#213=CARTESIAN_POINT('',(0.00495,0.0025,0.));
#214=VERTEX_POINT('',#213);
#215=EDGE_CURVE('',#56,#214,#212,.T.);
#216=ORIENTED_EDGE('',*,*,#215,.T.);
#217=CARTESIAN_POINT('',(0.00495,0.0025,0.));
#218=DIRECTION('',(0.,-1.,0.));
#219=VECTOR('',#218,1.);
#220=LINE('',#217,#219);
#221=EDGE_CURVE('',#214,#200,#220,.T.);
#222=ORIENTED_EDGE('',*,*,#221,.T.);
#223=EDGE_LOOP('',(#202,#208,#216,#222));
#224=FACE_BOUND('',#223,.T.);
#225=ADVANCED_FACE('',(#194,#224),#80,.F.);
#226=CARTESIAN_POINT('',(0.00495,0.0025,-0.004));
#227=DIRECTION('',(-1.,0.,0.));
#228=DIRECTION('',(0.,0.,1.));
#229=AXIS2_PLACEMENT_3D('',#226,#227,#228);
#230=PLANE('',#229);
#231=CARTESIAN_POINT('',(0.00495,-0.0027,-0.0020000000000000018));
#232=DIRECTION('',(0.,1.,0.));
#233=VECTOR('',#232,1.);
#234=LINE('',#231,#233);
#235=CARTESIAN_POINT('',(0.00495,0.001,-0.0020000000000000018));
#236=VERTEX_POINT('',#235);
#237=CARTESIAN_POINT('',(0.00495,-0.0025,-0.0020000000000000018));
#238=VERTEX_POINT('',#237);
#239=EDGE_CURVE('',#236,#238,#234,.T.);
#240=ORIENTED_EDGE('',*,*,#239,.F.);
#241=CARTESIAN_POINT('',(0.00495,0.001,-0.0020000000000000018));
#242=DIRECTION('',(0.,0.,-1.));
#243=VECTOR('',#242,1.);
#244=LINE('',#241,#243);
#245=CARTESIAN_POINT('',(0.00495,0.001,-0.004));
#246=VERTEX_POINT('',#245);
#247=EDGE_CURVE('',#246,#236,#244,.T.);
#248=ORIENTED_EDGE('',*,*,#247,.F.);
#249=CARTESIAN_POINT('',(0.00495,0.0025,-0.004));
#250=DIRECTION('',(0.,-1.,0.));
#251=VECTOR('',#250,1.);
#252=LINE('',#249,#251);
#253=CARTESIAN_POINT('',(0.00495,0.0025,-0.004));
#254=VERTEX_POINT('',#253);
#255=EDGE_CURVE('',#254,#246,#252,.T.);
#256=ORIENTED_EDGE('',*,*,#255,.F.);
#257=CARTESIAN_POINT('',(0.00495,0.0025,-0.004));
#258=DIRECTION('',(0.,0.,-1.));
#259=VECTOR('',#258,1.);
#260=LINE('',#257,#259);
#261=EDGE_CURVE('',#214,#254,#260,.T.);
#262=ORIENTED_EDGE('',*,*,#261,.F.);
#263=CARTESIAN_POINT('',(0.00495,0.0025,0.));
#264=DIRECTION('',(0.,-1.,0.));
#265=VECTOR('',#264,1.);
#266=LINE('',#263,#265);
#267=EDGE_CURVE('',#214,#200,#266,.T.);
#268=ORIENTED_EDGE('',*,*,#267,.T.);
#269=CARTESIAN_POINT('',(0.00495,-0.0025,-0.004));
#270=DIRECTION('',(0.,0.,-1.));
#271=VECTOR('',#270,1.);
#272=LINE('',#269,#271);
#273=EDGE_CURVE('',#238,#200,#272,.T.);
#274=ORIENTED_EDGE('',*,*,#273,.F.);
#275=EDGE_LOOP('',(#240,#248,#256,#262,#268,#274));
#276=FACE_OUTER_BOUND('',#275,.T.);
#277=ADVANCED_FACE('',(#276),#230,.F.);
#278=CARTESIAN_POINT('',(-0.00495,0.0025,-0.004));
#279=DIRECTION('',(0.,0.,1.));
#280=DIRECTION('',(1.,0.,0.));
#281=AXIS2_PLACEMENT_3D('',#278,#279,#280);
#282=PLANE('',#281);
#283=CARTESIAN_POINT('',(0.0025,4.883517250326076E-20,-0.004));
#284=DIRECTION('',(0.,0.,1.));
#285=DIRECTION('',(1.,0.,0.));
#286=AXIS2_PLACEMENT_3D('',#283,#284,#285);
#287=CIRCLE('',#286,0.0012499999999999996);
#288=CARTESIAN_POINT('',(0.00375,4.883517250326076E-20,-0.004));
#289=VERTEX_POINT('',#288);
#290=EDGE_CURVE('',#289,#289,#287,.T.);
#291=ORIENTED_EDGE('',*,*,#290,.F.);
#292=EDGE_LOOP('',(#291));
#293=FACE_OUTER_BOUND('',#292,.T.);
#294=CARTESIAN_POINT('',(-0.0025,4.883517250326076E-20,-0.004));
#295=DIRECTION('',(0.,0.,1.));
#296=DIRECTION('',(1.,0.,0.));
#297=AXIS2_PLACEMENT_3D('',#294,#295,#296);
#298=CIRCLE('',#297,0.00125);
#299=CARTESIAN_POINT('',(-0.00125,4.883517250326076E-20,-0.004));
#300=VERTEX_POINT('',#299);
#301=EDGE_CURVE('',#300,#300,#298,.T.);
#302=ORIENTED_EDGE('',*,*,#301,.T.);
#303=EDGE_LOOP('',(#302));
#304=FACE_BOUND('',#303,.T.);
#305=CARTESIAN_POINT('',(-0.00495,-0.0025,-0.004));
#306=DIRECTION('',(-1.,0.,0.));
#307=VECTOR('',#306,1.);
#308=LINE('',#305,#307);
#309=CARTESIAN_POINT('',(-0.00495,-0.0025,-0.004));
#310=VERTEX_POINT('',#309);
#311=CARTESIAN_POINT('',(0.00495,-0.0025,-0.004));
#312=VERTEX_POINT('',#311);
#313=EDGE_CURVE('',#310,#312,#308,.T.);
#314=ORIENTED_EDGE('',*,*,#313,.T.);
#315=CARTESIAN_POINT('',(0.00495,-0.0027,-0.004));
#316=DIRECTION('',(0.,1.,0.));
#317=VECTOR('',#316,1.);
#318=LINE('',#315,#317);
#319=CARTESIAN_POINT('',(0.00495,-0.0027,-0.004));
#320=VERTEX_POINT('',#319);
#321=EDGE_CURVE('',#312,#320,#318,.T.);
#322=ORIENTED_EDGE('',*,*,#321,.T.);
#323=CARTESIAN_POINT('',(0.00495,-0.0027,-0.004));
#324=DIRECTION('',(1.,0.,0.));
#325=VECTOR('',#324,1.);
#326=LINE('',#323,#325);
#327=CARTESIAN_POINT('',(0.0066500000000000005,-0.0027,-0.004));
#328=VERTEX_POINT('',#327);
#329=EDGE_CURVE('',#320,#328,#326,.T.);
#330=ORIENTED_EDGE('',*,*,#329,.T.);
#331=CARTESIAN_POINT('',(0.0066500000000000005,-0.0027,-0.004));
#332=DIRECTION('',(0.,1.,0.));
#333=VECTOR('',#332,1.);
#334=LINE('',#331,#333);
#335=CARTESIAN_POINT('',(0.0066500000000000005,0.001,-0.004));
#336=VERTEX_POINT('',#335);
#337=EDGE_CURVE('',#328,#336,#334,.T.);
#338=ORIENTED_EDGE('',*,*,#337,.T.);
#339=CARTESIAN_POINT('',(0.00495,0.001,-0.004));
#340=DIRECTION('',(1.,0.,0.));
#341=VECTOR('',#340,1.);
#342=LINE('',#339,#341);
#343=EDGE_CURVE('',#336,#246,#342,.T.);
#344=ORIENTED_EDGE('',*,*,#343,.T.);
#345=CARTESIAN_POINT('',(0.00495,0.0025,-0.004));
#346=DIRECTION('',(0.,-1.,0.));
#347=VECTOR('',#346,1.);
#348=LINE('',#345,#347);
#349=EDGE_CURVE('',#254,#246,#348,.T.);
#350=ORIENTED_EDGE('',*,*,#349,.F.);
#351=CARTESIAN_POINT('',(-0.00495,0.0025,-0.004));
#352=DIRECTION('',(-1.,0.,0.));
#353=VECTOR('',#352,1.);
#354=LINE('',#351,#353);
#355=EDGE_CURVE('',#254,#64,#354,.T.);
#356=ORIENTED_EDGE('',*,*,#355,.T.);
#357=CARTESIAN_POINT('',(-0.00495,0.0025,-0.004));
#358=DIRECTION('',(0.,-1.,0.));
#359=VECTOR('',#358,1.);
#360=LINE('',#357,#359);
#361=EDGE_CURVE('',#32,#64,#360,.T.);
#362=ORIENTED_EDGE('',*,*,#361,.F.);
#363=CARTESIAN_POINT('',(-0.00495,0.001,-0.004));
#364=DIRECTION('',(1.,0.,0.));
#365=VECTOR('',#364,1.);
#366=LINE('',#363,#365);
#367=CARTESIAN_POINT('',(-0.0066500000000000005,0.001,-0.004));
#368=VERTEX_POINT('',#367);
#369=EDGE_CURVE('',#32,#368,#366,.T.);
#370=ORIENTED_EDGE('',*,*,#369,.T.);
#371=CARTESIAN_POINT('',(-0.0066500000000000005,-0.0027,-0.004));
#372=DIRECTION('',(0.,1.,0.));
#373=VECTOR('',#372,1.);
#374=LINE('',#371,#373);
#375=CARTESIAN_POINT('',(-0.0066500000000000005,-0.0027,-0.004));
#376=VERTEX_POINT('',#375);
#377=EDGE_CURVE('',#368,#376,#374,.T.);
#378=ORIENTED_EDGE('',*,*,#377,.T.);
#379=CARTESIAN_POINT('',(-0.00495,-0.0027,-0.004));
#380=DIRECTION('',(1.,0.,0.));
#381=VECTOR('',#380,1.);
#382=LINE('',#379,#381);
#383=CARTESIAN_POINT('',(-0.00495,-0.0027,-0.004));
#384=VERTEX_POINT('',#383);
#385=EDGE_CURVE('',#376,#384,#382,.T.);
#386=ORIENTED_EDGE('',*,*,#385,.T.);
#387=CARTESIAN_POINT('',(-0.00495,-0.0027,-0.004));
#388=DIRECTION('',(0.,1.,0.));
#389=VECTOR('',#388,1.);
#390=LINE('',#387,#389);
#391=EDGE_CURVE('',#384,#310,#390,.T.);
#392=ORIENTED_EDGE('',*,*,#391,.T.);
#393=EDGE_LOOP('',(#314,#322,#330,#338,#344,#350,#356,#362,#370,#378,#386,#392));
#394=FACE_BOUND('',#393,.T.);
#395=ADVANCED_FACE('',(#293,#304,#394),#282,.F.);
#396=CARTESIAN_POINT('',(0.,0.0025,0.));
#397=DIRECTION('',(0.,1.,0.));
#398=DIRECTION('',(0.,0.,1.));
#399=AXIS2_PLACEMENT_3D('',#396,#397,#398);
#400=PLANE('',#399);
#401=CARTESIAN_POINT('',(-0.00495,0.0025,-0.004));
#402=DIRECTION('',(0.,0.,1.));
#403=VECTOR('',#402,1.);
#404=LINE('',#401,#403);
#405=EDGE_CURVE('',#64,#56,#404,.T.);
#406=ORIENTED_EDGE('',*,*,#405,.T.);
#407=CARTESIAN_POINT('',(-0.00495,0.0025,0.));
#408=DIRECTION('',(1.,0.,0.));
#409=VECTOR('',#408,1.);
#410=LINE('',#407,#409);
#411=EDGE_CURVE('',#56,#214,#410,.T.);
#412=ORIENTED_EDGE('',*,*,#411,.T.);
#413=CARTESIAN_POINT('',(0.00495,0.0025,-0.004));
#414=DIRECTION('',(0.,0.,-1.));
#415=VECTOR('',#414,1.);
#416=LINE('',#413,#415);
#417=EDGE_CURVE('',#214,#254,#416,.T.);
#418=ORIENTED_EDGE('',*,*,#417,.T.);
#419=CARTESIAN_POINT('',(-0.00495,0.0025,-0.004));
#420=DIRECTION('',(-1.,0.,0.));
#421=VECTOR('',#420,1.);
#422=LINE('',#419,#421);
#423=EDGE_CURVE('',#254,#64,#422,.T.);
#424=ORIENTED_EDGE('',*,*,#423,.T.);
#425=EDGE_LOOP('',(#406,#412,#418,#424));
#426=FACE_OUTER_BOUND('',#425,.T.);
#427=ADVANCED_FACE('',(#426),#400,.T.);
#428=CARTESIAN_POINT('',(0.,-0.0025,0.));
#429=DIRECTION('',(0.,1.,0.));
#430=DIRECTION('',(0.,0.,1.));
#431=AXIS2_PLACEMENT_3D('',#428,#429,#430);
#432=PLANE('',#431);
#433=CARTESIAN_POINT('',(-0.00495,-0.0025,-0.004));
#434=DIRECTION('',(0.,0.,1.));
#435=VECTOR('',#434,1.);
#436=LINE('',#433,#435);
#437=EDGE_CURVE('',#310,#40,#436,.T.);
#438=ORIENTED_EDGE('',*,*,#437,.F.);
#439=CARTESIAN_POINT('',(-0.00495,-0.0025,-0.004));
#440=DIRECTION('',(-1.,0.,0.));
#441=VECTOR('',#440,1.);
#442=LINE('',#439,#441);
#443=EDGE_CURVE('',#310,#312,#442,.T.);
#444=ORIENTED_EDGE('',*,*,#443,.T.);
#445=CARTESIAN_POINT('',(0.00495,-0.0025,-0.004));
#446=DIRECTION('',(0.,0.,-1.));
#447=VECTOR('',#446,1.);
#448=LINE('',#445,#447);
#449=EDGE_CURVE('',#238,#312,#448,.T.);
#450=ORIENTED_EDGE('',*,*,#449,.F.);
#451=CARTESIAN_POINT('',(0.00495,-0.0025,-0.004));
#452=DIRECTION('',(0.,0.,-1.));
#453=VECTOR('',#452,1.);
#454=LINE('',#451,#453);
#455=EDGE_CURVE('',#238,#200,#454,.T.);
#456=ORIENTED_EDGE('',*,*,#455,.T.);
#457=CARTESIAN_POINT('',(-0.00495,-0.0025,0.));
#458=DIRECTION('',(1.,0.,0.));
#459=VECTOR('',#458,1.);
#460=LINE('',#457,#459);
#461=EDGE_CURVE('',#200,#48,#460,.T.);
#462=ORIENTED_EDGE('',*,*,#461,.T.);
#463=CARTESIAN_POINT('',(-0.00495,-0.0025,-0.004));
#464=DIRECTION('',(0.,0.,1.));
#465=VECTOR('',#464,1.);
#466=LINE('',#463,#465);
#467=EDGE_CURVE('',#48,#40,#466,.T.);
#468=ORIENTED_EDGE('',*,*,#467,.T.);
#469=EDGE_LOOP('',(#438,#444,#450,#456,#462,#468));
#470=FACE_OUTER_BOUND('',#469,.T.);
#471=ADVANCED_FACE('',(#470),#432,.F.);
#472=CARTESIAN_POINT('',(-0.0025,4.883517250326076E-20,0.006));
#473=DIRECTION('',(0.,0.,-1.));
#474=DIRECTION('',(-1.,0.,0.));
#475=AXIS2_PLACEMENT_3D('',#472,#473,#474);
#476=PLANE('',#475);
#477=CARTESIAN_POINT('',(-0.004400000000000001,0.00195,0.006));
#478=DIRECTION('',(0.,-1.,0.));
#479=VECTOR('',#478,1.);
#480=LINE('',#477,#479);
#481=CARTESIAN_POINT('',(-0.004400000000000001,-0.00195,0.006));
#482=VERTEX_POINT('',#481);
#483=CARTESIAN_POINT('',(-0.004400000000000001,0.00195,0.006));
#484=VERTEX_POINT('',#483);
#485=EDGE_CURVE('',#482,#484,#480,.T.);
#486=ORIENTED_EDGE('',*,*,#485,.F.);
#487=CARTESIAN_POINT('',(-0.004400000000000001,-0.00195,0.006));
#488=DIRECTION('',(1.,2.282530889443166E-16,0.));
#489=VECTOR('',#488,1.);
#490=LINE('',#487,#489);
#491=CARTESIAN_POINT('',(-0.0025,-0.0019499999999999995,0.006));
#492=VERTEX_POINT('',#491);
#493=EDGE_CURVE('',#492,#482,#490,.T.);
#494=ORIENTED_EDGE('',*,*,#493,.F.);
#495=CARTESIAN_POINT('',(-0.0005816673906749131,-0.00034999999999999956,0.006));
#496=CARTESIAN_POINT('',(-0.0008735875703548177,-0.0019499999999999993,0.006));
#497=CARTESIAN_POINT('',(-0.0025,-0.0019499999999999995,0.006));
#498=(BOUNDED_CURVE() B_SPLINE_CURVE(2,(#495,#496,#497),.UNSPECIFIED.,.F.,.F.) B_SPLINE_CURVE_WITH_KNOTS((3,3),(0.,1.),.UNSPECIFIED.) CURVE() GEOMETRIC_REPRESENTATION_ITEM() RATIONAL_B_SPLINE_CURVE((1.,0.7679476477883045,1.)) REPRESENTATION_ITEM(''));
#499=CARTESIAN_POINT('',(-0.0005816673906749131,-0.00034999999999999956,0.006));
#500=VERTEX_POINT('',#499);
#501=EDGE_CURVE('',#500,#492,#498,.T.);
#502=ORIENTED_EDGE('',*,*,#501,.F.);
#503=CARTESIAN_POINT('',(-0.0005816673906749131,-0.00034999999999999994,0.006));
#504=DIRECTION('',(1.,-1.39796667717718E-16,0.));
#505=VECTOR('',#504,1.);
#506=LINE('',#503,#505);
#507=CARTESIAN_POINT('',(0.0005816673906749125,-0.0003500000000000001,0.006));
#508=VERTEX_POINT('',#507);
#509=EDGE_CURVE('',#508,#500,#506,.T.);
#510=ORIENTED_EDGE('',*,*,#509,.F.);
#511=CARTESIAN_POINT('',(0.0024999999999999996,-0.00195,0.006));
#512=CARTESIAN_POINT('',(0.0008735875703548164,-0.001949999999999999,0.006));
#513=CARTESIAN_POINT('',(0.0005816673906749125,-0.0003500000000000001,0.006));
#514=(BOUNDED_CURVE() B_SPLINE_CURVE(2,(#511,#512,#513),.UNSPECIFIED.,.F.,.F.) B_SPLINE_CURVE_WITH_KNOTS((3,3),(0.,1.),.UNSPECIFIED.) CURVE() GEOMETRIC_REPRESENTATION_ITEM() RATIONAL_B_SPLINE_CURVE((1.,0.7679476477883046,1.)) REPRESENTATION_ITEM(''));
#515=CARTESIAN_POINT('',(0.0024999999999999996,-0.00195,0.006));
#516=VERTEX_POINT('',#515);
#517=EDGE_CURVE('',#516,#508,#514,.T.);
#518=ORIENTED_EDGE('',*,*,#517,.F.);
#519=CARTESIAN_POINT('',(0.003237005768508872,-0.00195,0.006));
#520=DIRECTION('',(1.,0.,0.));
#521=VECTOR('',#520,1.);
#522=LINE('',#519,#521);
#523=CARTESIAN_POINT('',(0.003237005768508872,-0.00195,0.006));
#524=VERTEX_POINT('',#523);
#525=EDGE_CURVE('',#524,#516,#522,.T.);
#526=ORIENTED_EDGE('',*,*,#525,.F.);
#527=CARTESIAN_POINT('',(0.004400000000000001,-0.0007870057685088757,0.006));
#528=DIRECTION('',(0.7071067811865491,0.707106781186546,0.));
#529=VECTOR('',#528,1.);
#530=LINE('',#527,#529);
#531=CARTESIAN_POINT('',(0.004400000000000001,-0.0007870057685088757,0.006));
#532=VERTEX_POINT('',#531);
#533=EDGE_CURVE('',#532,#524,#530,.T.);
#534=ORIENTED_EDGE('',*,*,#533,.F.);
#535=CARTESIAN_POINT('',(0.004400000000000001,0.0007870057685088757,0.006));
#536=DIRECTION('',(0.,1.,0.));
#537=VECTOR('',#536,1.);
#538=LINE('',#535,#537);
#539=CARTESIAN_POINT('',(0.004400000000000001,0.0007870057685088757,0.006));
#540=VERTEX_POINT('',#539);
#541=EDGE_CURVE('',#540,#532,#538,.T.);
#542=ORIENTED_EDGE('',*,*,#541,.F.);
#543=CARTESIAN_POINT('',(0.004400000000000001,0.0007870057685088757,0.006));
#544=DIRECTION('',(-0.7071067811865441,0.707106781186551,0.));
#545=VECTOR('',#544,1.);
#546=LINE('',#543,#545);
#547=CARTESIAN_POINT('',(0.0032370057685088883,0.00195,0.006));
#548=VERTEX_POINT('',#547);
#549=EDGE_CURVE('',#548,#540,#546,.T.);
#550=ORIENTED_EDGE('',*,*,#549,.F.);
#551=CARTESIAN_POINT('',(0.0032370057685088883,0.00195,0.006));
#552=DIRECTION('',(-1.,1.1768723869600794E-15,0.));
#553=VECTOR('',#552,1.);
#554=LINE('',#551,#553);
#555=CARTESIAN_POINT('',(0.0024999999999999996,0.0019500000000000008,0.006));
#556=VERTEX_POINT('',#555);
#557=EDGE_CURVE('',#556,#548,#554,.T.);
#558=ORIENTED_EDGE('',*,*,#557,.F.);
#559=CARTESIAN_POINT('',(0.000581667390674912,0.0003500000000000003,0.006));
#560=CARTESIAN_POINT('',(0.000873587570354816,0.0019499999999999995,0.006));
#561=CARTESIAN_POINT('',(0.0024999999999999996,0.0019500000000000008,0.006));
#562=(BOUNDED_CURVE() B_SPLINE_CURVE(2,(#559,#560,#561),.UNSPECIFIED.,.F.,.F.) B_SPLINE_CURVE_WITH_KNOTS((3,3),(0.,1.),.UNSPECIFIED.) CURVE() GEOMETRIC_REPRESENTATION_ITEM() RATIONAL_B_SPLINE_CURVE((1.,0.7679476477883046,1.)) REPRESENTATION_ITEM(''));
#563=CARTESIAN_POINT('',(0.000581667390674912,0.0003500000000000003,0.006));
#564=VERTEX_POINT('',#563);
#565=EDGE_CURVE('',#564,#556,#562,.T.);
#566=ORIENTED_EDGE('',*,*,#565,.F.);
#567=CARTESIAN_POINT('',(-0.0005816673906749131,0.00034999999999999994,0.006));
#568=DIRECTION('',(-1.,-1.39796667717718E-16,0.));
#569=VECTOR('',#568,1.);
#570=LINE('',#567,#569);
#571=CARTESIAN_POINT('',(-0.0005816673906749131,0.00034999999999999994,0.006));
#572=VERTEX_POINT('',#571);
#573=EDGE_CURVE('',#572,#564,#570,.T.);
#574=ORIENTED_EDGE('',*,*,#573,.F.);
#575=CARTESIAN_POINT('',(-0.0025000000000000005,0.0019499999999999993,0.006));
#576=CARTESIAN_POINT('',(-0.0008735875703548175,0.0019499999999999995,0.006));
#577=CARTESIAN_POINT('',(-0.0005816673906749131,0.00034999999999999994,0.006));
#578=(BOUNDED_CURVE() B_SPLINE_CURVE(2,(#575,#576,#577),.UNSPECIFIED.,.F.,.F.) B_SPLINE_CURVE_WITH_KNOTS((3,3),(0.,1.),.UNSPECIFIED.) CURVE() GEOMETRIC_REPRESENTATION_ITEM() RATIONAL_B_SPLINE_CURVE((1.,0.7679476477883044,1.)) REPRESENTATION_ITEM(''));
#579=CARTESIAN_POINT('',(-0.0025000000000000005,0.0019499999999999993,0.006));
#580=VERTEX_POINT('',#579);
#581=EDGE_CURVE('',#580,#572,#578,.T.);
#582=ORIENTED_EDGE('',*,*,#581,.F.);
#583=CARTESIAN_POINT('',(-0.004400000000000001,0.00195,0.006));
#584=DIRECTION('',(-1.,2.2825308894431665E-16,0.));
#585=VECTOR('',#584,1.);
#586=LINE('',#583,#585);
#587=EDGE_CURVE('',#484,#580,#586,.T.);
#588=ORIENTED_EDGE('',*,*,#587,.F.);
#589=EDGE_LOOP('',(#486,#494,#502,#510,#518,#526,#534,#542,#550,#558,#566,#574,#582,#588));
#590=FACE_OUTER_BOUND('',#589,.T.);
#591=CARTESIAN_POINT('',(-0.0025,4.883517250326076E-20,0.006));
#592=DIRECTION('',(0.,0.,1.));
#593=DIRECTION('',(1.,0.,0.));
#594=AXIS2_PLACEMENT_3D('',#591,#592,#593);
#595=CIRCLE('',#594,0.0012000000000000012);
#596=CARTESIAN_POINT('',(-0.0012999999999999989,4.883517250326076E-20,0.006));
#597=VERTEX_POINT('',#596);
#598=EDGE_CURVE('',#597,#597,#595,.T.);
#599=ORIENTED_EDGE('',*,*,#598,.F.);
#600=EDGE_LOOP('',(#599));
#601=FACE_BOUND('',#600,.T.);
#602=CARTESIAN_POINT('',(0.0025,4.883517250326076E-20,0.006));
#603=DIRECTION('',(0.,0.,1.));
#604=DIRECTION('',(1.,0.,0.));
#605=AXIS2_PLACEMENT_3D('',#602,#603,#604);
#606=CIRCLE('',#605,0.001200000000000001);
#607=CARTESIAN_POINT('',(0.003700000000000001,4.883517250326076E-20,0.006));
#608=VERTEX_POINT('',#607);
#609=EDGE_CURVE('',#608,#608,#606,.T.);
#610=ORIENTED_EDGE('',*,*,#609,.F.);
#611=EDGE_LOOP('',(#610));
#612=FACE_BOUND('',#611,.T.);
#613=ADVANCED_FACE('',(#590,#601,#612),#476,.F.);
#614=CARTESIAN_POINT('',(-0.004400000000000001,0.00195,0.006));
#615=DIRECTION('',(-2.2825308894431665E-16,-1.,0.));
#616=DIRECTION('',(1.,-2.2825308894431665E-16,0.));
#617=AXIS2_PLACEMENT_3D('',#614,#615,#616);
#618=PLANE('',#617);
#619=CARTESIAN_POINT('',(-0.004400000000000001,0.00195,0.));
#620=DIRECTION('',(-1.,2.2825308894431665E-16,0.));
#621=VECTOR('',#620,1.);
#622=LINE('',#619,#621);
#623=EDGE_CURVE('',#184,#86,#622,.T.);
#624=ORIENTED_EDGE('',*,*,#623,.T.);
#625=CARTESIAN_POINT('',(-0.004400000000000001,0.00195,0.006));
#626=DIRECTION('',(0.,0.,-1.));
#627=VECTOR('',#626,1.);
#628=LINE('',#625,#627);
#629=EDGE_CURVE('',#484,#86,#628,.T.);
#630=ORIENTED_EDGE('',*,*,#629,.F.);
#631=CARTESIAN_POINT('',(-0.004400000000000001,0.00195,0.006));
#632=DIRECTION('',(-1.,2.2825308894431665E-16,0.));
#633=VECTOR('',#632,1.);
#634=LINE('',#631,#633);
#635=EDGE_CURVE('',#484,#580,#634,.T.);
#636=ORIENTED_EDGE('',*,*,#635,.T.);
#637=CARTESIAN_POINT('',(-0.0025000000000000005,0.0019499999999999993,0.006));
#638=DIRECTION('',(0.,0.,-1.));
#639=VECTOR('',#638,1.);
#640=LINE('',#637,#639);
#641=EDGE_CURVE('',#184,#580,#640,.T.);
#642=ORIENTED_EDGE('',*,*,#641,.F.);
#643=EDGE_LOOP('',(#624,#630,#636,#642));
#644=FACE_OUTER_BOUND('',#643,.T.);
#645=ADVANCED_FACE('',(#644),#618,.F.);
#646=CARTESIAN_POINT('',(-0.004400000000000001,0.00195,0.006));
#647=DIRECTION('',(1.,0.,0.));
#648=DIRECTION('',(0.,0.,-1.));
#649=AXIS2_PLACEMENT_3D('',#646,#647,#648);
#650=PLANE('',#649);
#651=CARTESIAN_POINT('',(-0.004400000000000001,0.00195,0.));
#652=DIRECTION('',(0.,-1.,0.));
#653=VECTOR('',#652,1.);
#654=LINE('',#651,#653);
#655=EDGE_CURVE('',#86,#88,#654,.T.);
#656=ORIENTED_EDGE('',*,*,#655,.T.);
#657=CARTESIAN_POINT('',(-0.004400000000000001,-0.00195,0.006));
#658=DIRECTION('',(0.,0.,-1.));
#659=VECTOR('',#658,1.);
#660=LINE('',#657,#659);
#661=EDGE_CURVE('',#482,#88,#660,.T.);
#662=ORIENTED_EDGE('',*,*,#661,.F.);
#663=CARTESIAN_POINT('',(-0.004400000000000001,0.00195,0.006));
#664=DIRECTION('',(0.,-1.,0.));
#665=VECTOR('',#664,1.);
#666=LINE('',#663,#665);
#667=EDGE_CURVE('',#482,#484,#666,.T.);
#668=ORIENTED_EDGE('',*,*,#667,.T.);
#669=CARTESIAN_POINT('',(-0.004400000000000001,0.00195,0.006));
#670=DIRECTION('',(0.,0.,-1.));
#671=VECTOR('',#670,1.);
#672=LINE('',#669,#671);
#673=EDGE_CURVE('',#484,#86,#672,.T.);
#674=ORIENTED_EDGE('',*,*,#673,.T.);
#675=EDGE_LOOP('',(#656,#662,#668,#674));
#676=FACE_OUTER_BOUND('',#675,.T.);
#677=ADVANCED_FACE('',(#676),#650,.F.);
#678=CARTESIAN_POINT('',(-0.004400000000000001,-0.00195,0.006));
#679=DIRECTION('',(-2.282530889443166E-16,1.,0.));
#680=DIRECTION('',(-1.,-2.282530889443166E-16,0.));
#681=AXIS2_PLACEMENT_3D('',#678,#679,#680);
#682=PLANE('',#681);
#683=CARTESIAN_POINT('',(-0.004400000000000001,-0.00195,0.));
#684=DIRECTION('',(1.,2.282530889443166E-16,0.));
#685=VECTOR('',#684,1.);
#686=LINE('',#683,#685);
#687=EDGE_CURVE('',#88,#96,#686,.T.);
#688=ORIENTED_EDGE('',*,*,#687,.T.);
#689=CARTESIAN_POINT('',(-0.0025,-0.0019499999999999995,0.006));
#690=DIRECTION('',(0.,0.,-1.));
#691=VECTOR('',#690,1.);
#692=LINE('',#689,#691);
#693=EDGE_CURVE('',#492,#96,#692,.T.);
#694=ORIENTED_EDGE('',*,*,#693,.F.);
#695=CARTESIAN_POINT('',(-0.004400000000000001,-0.00195,0.006));
#696=DIRECTION('',(1.,2.282530889443166E-16,0.));
#697=VECTOR('',#696,1.);
#698=LINE('',#695,#697);
#699=EDGE_CURVE('',#492,#482,#698,.T.);
#700=ORIENTED_EDGE('',*,*,#699,.T.);
#701=CARTESIAN_POINT('',(-0.004400000000000001,-0.00195,0.006));
#702=DIRECTION('',(0.,0.,-1.));
#703=VECTOR('',#702,1.);
#704=LINE('',#701,#703);
#705=EDGE_CURVE('',#482,#88,#704,.T.);
#706=ORIENTED_EDGE('',*,*,#705,.T.);
#707=EDGE_LOOP('',(#688,#694,#700,#706));
#708=FACE_OUTER_BOUND('',#707,.T.);
#709=ADVANCED_FACE('',(#708),#682,.F.);
#710=CARTESIAN_POINT('',(-0.0025,4.883517250326076E-20,0.006));
#711=DIRECTION('',(0.,0.,-1.));
#712=DIRECTION('',(-1.,0.,0.));
#713=AXIS2_PLACEMENT_3D('',#710,#711,#712);
#714=CYLINDRICAL_SURFACE('',#713,0.0019499999999999993);
#715=CARTESIAN_POINT('',(-0.0025,-0.0019499999999999995,0.));
#716=CARTESIAN_POINT('',(-0.0008735875703548177,-0.0019499999999999993,0.));
#717=CARTESIAN_POINT('',(-0.0005816673906749131,-0.00034999999999999956,0.));
#718=(BOUNDED_CURVE() B_SPLINE_CURVE(2,(#715,#716,#717),.UNSPECIFIED.,.F.,.F.) B_SPLINE_CURVE_WITH_KNOTS((3,3),(0.,1.),.UNSPECIFIED.) CURVE() GEOMETRIC_REPRESENTATION_ITEM() RATIONAL_B_SPLINE_CURVE((1.,0.7679476477883045,1.)) REPRESENTATION_ITEM(''));
#719=EDGE_CURVE('',#96,#104,#718,.T.);
#720=ORIENTED_EDGE('',*,*,#719,.T.);
#721=CARTESIAN_POINT('',(-0.0005816673906749131,-0.00034999999999999956,0.006));
#722=DIRECTION('',(0.,0.,-1.));
#723=VECTOR('',#722,1.);
#724=LINE('',#721,#723);
#725=EDGE_CURVE('',#500,#104,#724,.T.);
#726=ORIENTED_EDGE('',*,*,#725,.F.);
#727=CARTESIAN_POINT('',(-0.0005816673906749131,-0.00034999999999999956,0.006));
#728=CARTESIAN_POINT('',(-0.0008735875703548177,-0.0019499999999999993,0.006));
#729=CARTESIAN_POINT('',(-0.0025,-0.0019499999999999995,0.006));
#730=(BOUNDED_CURVE() B_SPLINE_CURVE(2,(#727,#728,#729),.UNSPECIFIED.,.F.,.F.) B_SPLINE_CURVE_WITH_KNOTS((3,3),(0.,1.),.UNSPECIFIED.) CURVE() GEOMETRIC_REPRESENTATION_ITEM() RATIONAL_B_SPLINE_CURVE((1.,0.7679476477883045,1.)) REPRESENTATION_ITEM(''));
#731=EDGE_CURVE('',#500,#492,#730,.T.);
#732=ORIENTED_EDGE('',*,*,#731,.T.);
#733=CARTESIAN_POINT('',(-0.0025,-0.0019499999999999995,0.006));
#734=DIRECTION('',(0.,0.,-1.));
#735=VECTOR('',#734,1.);
#736=LINE('',#733,#735);
#737=EDGE_CURVE('',#492,#96,#736,.T.);
#738=ORIENTED_EDGE('',*,*,#737,.T.);
#739=EDGE_LOOP('',(#720,#726,#732,#738));
#740=FACE_OUTER_BOUND('',#739,.T.);
#741=ADVANCED_FACE('',(#740),#714,.T.);
#742=CARTESIAN_POINT('',(-0.0005816673906749131,-0.00034999999999999994,0.006));
#743=DIRECTION('',(1.39796667717718E-16,1.,0.));
#744=DIRECTION('',(-1.,1.39796667717718E-16,0.));
#745=AXIS2_PLACEMENT_3D('',#742,#743,#744);
#746=PLANE('',#745);
#747=CARTESIAN_POINT('',(-0.0005816673906749131,-0.00034999999999999994,0.));
#748=DIRECTION('',(1.,-1.39796667717718E-16,0.));
#749=VECTOR('',#748,1.);
#750=LINE('',#747,#749);
#751=EDGE_CURVE('',#104,#112,#750,.T.);
#752=ORIENTED_EDGE('',*,*,#751,.T.);
#753=CARTESIAN_POINT('',(0.0005816673906749125,-0.0003500000000000001,0.006));
#754=DIRECTION('',(0.,0.,-1.));
#755=VECTOR('',#754,1.);
#756=LINE('',#753,#755);
#757=EDGE_CURVE('',#508,#112,#756,.T.);
#758=ORIENTED_EDGE('',*,*,#757,.F.);
#759=CARTESIAN_POINT('',(-0.0005816673906749131,-0.00034999999999999994,0.006));
#760=DIRECTION('',(1.,-1.39796667717718E-16,0.));
#761=VECTOR('',#760,1.);
#762=LINE('',#759,#761);
#763=EDGE_CURVE('',#508,#500,#762,.T.);
#764=ORIENTED_EDGE('',*,*,#763,.T.);
#765=CARTESIAN_POINT('',(-0.0005816673906749131,-0.00034999999999999956,0.006));
#766=DIRECTION('',(0.,0.,-1.));
#767=VECTOR('',#766,1.);
#768=LINE('',#765,#767);
#769=EDGE_CURVE('',#500,#104,#768,.T.);
#770=ORIENTED_EDGE('',*,*,#769,.T.);
#771=EDGE_LOOP('',(#752,#758,#764,#770));
#772=FACE_OUTER_BOUND('',#771,.T.);
#773=ADVANCED_FACE('',(#772),#746,.F.);
#774=CARTESIAN_POINT('',(0.0025,4.883517250326076E-20,0.006));
#775=DIRECTION('',(0.,0.,-1.));
#776=DIRECTION('',(-1.,0.,0.));
#777=AXIS2_PLACEMENT_3D('',#774,#775,#776);
#778=CYLINDRICAL_SURFACE('',#777,0.00195);
#779=CARTESIAN_POINT('',(0.0005816673906749125,-0.0003500000000000001,0.));
#780=CARTESIAN_POINT('',(0.0008735875703548164,-0.001949999999999999,0.));
#781=CARTESIAN_POINT('',(0.0024999999999999996,-0.00195,0.));
#782=(BOUNDED_CURVE() B_SPLINE_CURVE(2,(#779,#780,#781),.UNSPECIFIED.,.F.,.F.) B_SPLINE_CURVE_WITH_KNOTS((3,3),(0.,1.),.UNSPECIFIED.) CURVE() GEOMETRIC_REPRESENTATION_ITEM() RATIONAL_B_SPLINE_CURVE((1.,0.7679476477883046,1.)) REPRESENTATION_ITEM(''));
#783=EDGE_CURVE('',#112,#120,#782,.T.);
#784=ORIENTED_EDGE('',*,*,#783,.T.);
#785=CARTESIAN_POINT('',(0.0024999999999999996,-0.00195,0.006));
#786=DIRECTION('',(0.,0.,-1.));
#787=VECTOR('',#786,1.);
#788=LINE('',#785,#787);
#789=EDGE_CURVE('',#516,#120,#788,.T.);
#790=ORIENTED_EDGE('',*,*,#789,.F.);
#791=CARTESIAN_POINT('',(0.0024999999999999996,-0.00195,0.006));
#792=CARTESIAN_POINT('',(0.0008735875703548164,-0.001949999999999999,0.006));
#793=CARTESIAN_POINT('',(0.0005816673906749125,-0.0003500000000000001,0.006));
#794=(BOUNDED_CURVE() B_SPLINE_CURVE(2,(#791,#792,#793),.UNSPECIFIED.,.F.,.F.) B_SPLINE_CURVE_WITH_KNOTS((3,3),(0.,1.),.UNSPECIFIED.) CURVE() GEOMETRIC_REPRESENTATION_ITEM() RATIONAL_B_SPLINE_CURVE((1.,0.7679476477883046,1.)) REPRESENTATION_ITEM(''));
#795=EDGE_CURVE('',#516,#508,#794,.T.);
#796=ORIENTED_EDGE('',*,*,#795,.T.);
#797=CARTESIAN_POINT('',(0.0005816673906749125,-0.0003500000000000001,0.006));
#798=DIRECTION('',(0.,0.,-1.));
#799=VECTOR('',#798,1.);
#800=LINE('',#797,#799);
#801=EDGE_CURVE('',#508,#112,#800,.T.);
#802=ORIENTED_EDGE('',*,*,#801,.T.);
#803=EDGE_LOOP('',(#784,#790,#796,#802));
#804=FACE_OUTER_BOUND('',#803,.T.);
#805=ADVANCED_FACE('',(#804),#778,.T.);
#806=CARTESIAN_POINT('',(0.003237005768508872,-0.00195,0.006));
#807=DIRECTION('',(0.,1.,0.));
#808=DIRECTION('',(0.,0.,1.));
#809=AXIS2_PLACEMENT_3D('',#806,#807,#808);
#810=PLANE('',#809);
#811=CARTESIAN_POINT('',(0.003237005768508872,-0.00195,0.));
#812=DIRECTION('',(1.,0.,0.));
#813=VECTOR('',#812,1.);
#814=LINE('',#811,#813);
#815=EDGE_CURVE('',#120,#128,#814,.T.);
#816=ORIENTED_EDGE('',*,*,#815,.T.);
#817=CARTESIAN_POINT('',(0.003237005768508872,-0.00195,0.006));
#818=DIRECTION('',(0.,0.,-1.));
#819=VECTOR('',#818,1.);
#820=LINE('',#817,#819);
#821=EDGE_CURVE('',#524,#128,#820,.T.);
#822=ORIENTED_EDGE('',*,*,#821,.F.);
#823=CARTESIAN_POINT('',(0.003237005768508872,-0.00195,0.006));
#824=DIRECTION('',(1.,0.,0.));
#825=VECTOR('',#824,1.);
#826=LINE('',#823,#825);
#827=EDGE_CURVE('',#524,#516,#826,.T.);
#828=ORIENTED_EDGE('',*,*,#827,.T.);
#829=CARTESIAN_POINT('',(0.0024999999999999996,-0.00195,0.006));
#830=DIRECTION('',(0.,0.,-1.));
#831=VECTOR('',#830,1.);
#832=LINE('',#829,#831);
#833=EDGE_CURVE('',#516,#120,#832,.T.);
#834=ORIENTED_EDGE('',*,*,#833,.T.);
#835=EDGE_LOOP('',(#816,#822,#828,#834));
#836=FACE_OUTER_BOUND('',#835,.T.);
#837=ADVANCED_FACE('',(#836),#810,.F.);
#838=CARTESIAN_POINT('',(0.004400000000000001,-0.0007870057685088757,0.006));
#839=DIRECTION('',(-0.707106781186546,0.7071067811865491,0.));
#840=DIRECTION('',(-0.7071067811865491,-0.707106781186546,0.));
#841=AXIS2_PLACEMENT_3D('',#838,#839,#840);
#842=PLANE('',#841);
#843=CARTESIAN_POINT('',(0.004400000000000001,-0.0007870057685088757,0.));
#844=DIRECTION('',(0.7071067811865491,0.707106781186546,0.));
#845=VECTOR('',#844,1.);
#846=LINE('',#843,#845);
#847=EDGE_CURVE('',#128,#136,#846,.T.);
#848=ORIENTED_EDGE('',*,*,#847,.T.);
#849=CARTESIAN_POINT('',(0.004400000000000001,-0.0007870057685088757,0.006));
#850=DIRECTION('',(0.,0.,-1.));
#851=VECTOR('',#850,1.);
#852=LINE('',#849,#851);
#853=EDGE_CURVE('',#532,#136,#852,.T.);
#854=ORIENTED_EDGE('',*,*,#853,.F.);
#855=CARTESIAN_POINT('',(0.004400000000000001,-0.0007870057685088757,0.006));
#856=DIRECTION('',(0.7071067811865491,0.707106781186546,0.));
#857=VECTOR('',#856,1.);
#858=LINE('',#855,#857);
#859=EDGE_CURVE('',#532,#524,#858,.T.);
#860=ORIENTED_EDGE('',*,*,#859,.T.);
#861=CARTESIAN_POINT('',(0.003237005768508872,-0.00195,0.006));
#862=DIRECTION('',(0.,0.,-1.));
#863=VECTOR('',#862,1.);
#864=LINE('',#861,#863);
#865=EDGE_CURVE('',#524,#128,#864,.T.);
#866=ORIENTED_EDGE('',*,*,#865,.T.);
#867=EDGE_LOOP('',(#848,#854,#860,#866));
#868=FACE_OUTER_BOUND('',#867,.T.);
#869=ADVANCED_FACE('',(#868),#842,.F.);
#870=CARTESIAN_POINT('',(0.004400000000000001,0.0007870057685088757,0.006));
#871=DIRECTION('',(-1.,0.,0.));
#872=DIRECTION('',(0.,0.,1.));
#873=AXIS2_PLACEMENT_3D('',#870,#871,#872);
#874=PLANE('',#873);
#875=CARTESIAN_POINT('',(0.004400000000000001,0.0007870057685088757,0.));
#876=DIRECTION('',(0.,1.,0.));
#877=VECTOR('',#876,1.);
#878=LINE('',#875,#877);
#879=EDGE_CURVE('',#136,#144,#878,.T.);
#880=ORIENTED_EDGE('',*,*,#879,.T.);
#881=CARTESIAN_POINT('',(0.004400000000000001,0.0007870057685088757,0.006));
#882=DIRECTION('',(0.,0.,-1.));
#883=VECTOR('',#882,1.);
#884=LINE('',#881,#883);
#885=EDGE_CURVE('',#540,#144,#884,.T.);
#886=ORIENTED_EDGE('',*,*,#885,.F.);
#887=CARTESIAN_POINT('',(0.004400000000000001,0.0007870057685088757,0.006));
#888=DIRECTION('',(0.,1.,0.));
#889=VECTOR('',#888,1.);
#890=LINE('',#887,#889);
#891=EDGE_CURVE('',#540,#532,#890,.T.);
#892=ORIENTED_EDGE('',*,*,#891,.T.);
#893=CARTESIAN_POINT('',(0.004400000000000001,-0.0007870057685088757,0.006));
#894=DIRECTION('',(0.,0.,-1.));
#895=VECTOR('',#894,1.);
#896=LINE('',#893,#895);
#897=EDGE_CURVE('',#532,#136,#896,.T.);
#898=ORIENTED_EDGE('',*,*,#897,.T.);
#899=EDGE_LOOP('',(#880,#886,#892,#898));
#900=FACE_OUTER_BOUND('',#899,.T.);
#901=ADVANCED_FACE('',(#900),#874,.F.);
#902=CARTESIAN_POINT('',(0.004400000000000001,0.0007870057685088757,0.006));
#903=DIRECTION('',(-0.707106781186551,-0.7071067811865441,0.));
#904=DIRECTION('',(0.7071067811865441,-0.707106781186551,0.));
#905=AXIS2_PLACEMENT_3D('',#902,#903,#904);
#906=PLANE('',#905);
#907=CARTESIAN_POINT('',(0.004400000000000001,0.0007870057685088757,0.));
#908=DIRECTION('',(-0.7071067811865441,0.707106781186551,0.));
#909=VECTOR('',#908,1.);
#910=LINE('',#907,#909);
#911=EDGE_CURVE('',#144,#152,#910,.T.);
#912=ORIENTED_EDGE('',*,*,#911,.T.);
#913=CARTESIAN_POINT('',(0.0032370057685088883,0.00195,0.006));
#914=DIRECTION('',(0.,0.,-1.));
#915=VECTOR('',#914,1.);
#916=LINE('',#913,#915);
#917=EDGE_CURVE('',#548,#152,#916,.T.);
#918=ORIENTED_EDGE('',*,*,#917,.F.);
#919=CARTESIAN_POINT('',(0.004400000000000001,0.0007870057685088757,0.006));
#920=DIRECTION('',(-0.7071067811865441,0.707106781186551,0.));
#921=VECTOR('',#920,1.);
#922=LINE('',#919,#921);
#923=EDGE_CURVE('',#548,#540,#922,.T.);
#924=ORIENTED_EDGE('',*,*,#923,.T.);
#925=CARTESIAN_POINT('',(0.004400000000000001,0.0007870057685088757,0.006));
#926=DIRECTION('',(0.,0.,-1.));
#927=VECTOR('',#926,1.);
#928=LINE('',#925,#927);
#929=EDGE_CURVE('',#540,#144,#928,.T.);
#930=ORIENTED_EDGE('',*,*,#929,.T.);
#931=EDGE_LOOP('',(#912,#918,#924,#930));
#932=FACE_OUTER_BOUND('',#931,.T.);
#933=ADVANCED_FACE('',(#932),#906,.F.);
#934=CARTESIAN_POINT('',(0.0032370057685088883,0.00195,0.006));
#935=DIRECTION('',(-1.1768723869600792E-15,-1.,0.));
#936=DIRECTION('',(1.,-1.1768723869600792E-15,0.));
#937=AXIS2_PLACEMENT_3D('',#934,#935,#936);
#938=PLANE('',#937);
#939=CARTESIAN_POINT('',(0.0032370057685088883,0.00195,0.));
#940=DIRECTION('',(-1.,1.1768723869600794E-15,0.));
#941=VECTOR('',#940,1.);
#942=LINE('',#939,#941);
#943=EDGE_CURVE('',#152,#160,#942,.T.);
#944=ORIENTED_EDGE('',*,*,#943,.T.);
#945=CARTESIAN_POINT('',(0.0024999999999999996,0.0019500000000000008,0.006));
#946=DIRECTION('',(0.,0.,-1.));
#947=VECTOR('',#946,1.);
#948=LINE('',#945,#947);
#949=EDGE_CURVE('',#556,#160,#948,.T.);
#950=ORIENTED_EDGE('',*,*,#949,.F.);
#951=CARTESIAN_POINT('',(0.0032370057685088883,0.00195,0.006));
#952=DIRECTION('',(-1.,1.1768723869600794E-15,0.));
#953=VECTOR('',#952,1.);
#954=LINE('',#951,#953);
#955=EDGE_CURVE('',#556,#548,#954,.T.);
#956=ORIENTED_EDGE('',*,*,#955,.T.);
#957=CARTESIAN_POINT('',(0.0032370057685088883,0.00195,0.006));
#958=DIRECTION('',(0.,0.,-1.));
#959=VECTOR('',#958,1.);
#960=LINE('',#957,#959);
#961=EDGE_CURVE('',#548,#152,#960,.T.);
#962=ORIENTED_EDGE('',*,*,#961,.T.);
#963=EDGE_LOOP('',(#944,#950,#956,#962));
#964=FACE_OUTER_BOUND('',#963,.T.);
#965=ADVANCED_FACE('',(#964),#938,.F.);
#966=CARTESIAN_POINT('',(0.0025,4.883517250326076E-20,0.006));
#967=DIRECTION('',(0.,0.,-1.));
#968=DIRECTION('',(-1.,0.,0.));
#969=AXIS2_PLACEMENT_3D('',#966,#967,#968);
#970=CYLINDRICAL_SURFACE('',#969,0.0019500000000000003);
#971=CARTESIAN_POINT('',(0.0024999999999999996,0.0019500000000000008,0.));
#972=CARTESIAN_POINT('',(0.000873587570354816,0.0019499999999999995,0.));
#973=CARTESIAN_POINT('',(0.000581667390674912,0.0003500000000000003,0.));
#974=(BOUNDED_CURVE() B_SPLINE_CURVE(2,(#971,#972,#973),.UNSPECIFIED.,.F.,.F.) B_SPLINE_CURVE_WITH_KNOTS((3,3),(0.,1.),.UNSPECIFIED.) CURVE() GEOMETRIC_REPRESENTATION_ITEM() RATIONAL_B_SPLINE_CURVE((1.,0.7679476477883046,1.)) REPRESENTATION_ITEM(''));
#975=EDGE_CURVE('',#160,#168,#974,.T.);
#976=ORIENTED_EDGE('',*,*,#975,.T.);
#977=CARTESIAN_POINT('',(0.000581667390674912,0.0003500000000000003,0.006));
#978=DIRECTION('',(0.,0.,-1.));
#979=VECTOR('',#978,1.);
#980=LINE('',#977,#979);
#981=EDGE_CURVE('',#564,#168,#980,.T.);
#982=ORIENTED_EDGE('',*,*,#981,.F.);
#983=CARTESIAN_POINT('',(0.000581667390674912,0.0003500000000000003,0.006));
#984=CARTESIAN_POINT('',(0.000873587570354816,0.0019499999999999995,0.006));
#985=CARTESIAN_POINT('',(0.0024999999999999996,0.0019500000000000008,0.006));
#986=(BOUNDED_CURVE() B_SPLINE_CURVE(2,(#983,#984,#985),.UNSPECIFIED.,.F.,.F.) B_SPLINE_CURVE_WITH_KNOTS((3,3),(0.,1.),.UNSPECIFIED.) CURVE() GEOMETRIC_REPRESENTATION_ITEM() RATIONAL_B_SPLINE_CURVE((1.,0.7679476477883046,1.)) REPRESENTATION_ITEM(''));
#987=EDGE_CURVE('',#564,#556,#986,.T.);
#988=ORIENTED_EDGE('',*,*,#987,.T.);
#989=CARTESIAN_POINT('',(0.0024999999999999996,0.0019500000000000008,0.006));
#990=DIRECTION('',(0.,0.,-1.));
#991=VECTOR('',#990,1.);
#992=LINE('',#989,#991);
#993=EDGE_CURVE('',#556,#160,#992,.T.);
#994=ORIENTED_EDGE('',*,*,#993,.T.);
#995=EDGE_LOOP('',(#976,#982,#988,#994));
#996=FACE_OUTER_BOUND('',#995,.T.);
#997=ADVANCED_FACE('',(#996),#970,.T.);
#998=CARTESIAN_POINT('',(-0.0005816673906749131,0.00034999999999999994,0.006));
#999=DIRECTION('',(1.39796667717718E-16,-1.,0.));
#1000=DIRECTION('',(1.,1.39796667717718E-16,0.));
#1001=AXIS2_PLACEMENT_3D('',#998,#999,#1000);
#1002=PLANE('',#1001);
#1003=CARTESIAN_POINT('',(-0.0005816673906749131,0.00034999999999999994,0.));
#1004=DIRECTION('',(-1.,-1.39796667717718E-16,0.));
#1005=VECTOR('',#1004,1.);
#1006=LINE('',#1003,#1005);
#1007=EDGE_CURVE('',#168,#176,#1006,.T.);
#1008=ORIENTED_EDGE('',*,*,#1007,.T.);
#1009=CARTESIAN_POINT('',(-0.0005816673906749131,0.00034999999999999994,0.006));
#1010=DIRECTION('',(0.,0.,-1.));
#1011=VECTOR('',#1010,1.);
#1012=LINE('',#1009,#1011);
#1013=EDGE_CURVE('',#572,#176,#1012,.T.);
#1014=ORIENTED_EDGE('',*,*,#1013,.F.);
#1015=CARTESIAN_POINT('',(-0.0005816673906749131,0.00034999999999999994,0.006));
#1016=DIRECTION('',(-1.,-1.39796667717718E-16,0.));
#1017=VECTOR('',#1016,1.);
#1018=LINE('',#1015,#1017);
#1019=EDGE_CURVE('',#572,#564,#1018,.T.);
#1020=ORIENTED_EDGE('',*,*,#1019,.T.);
#1021=CARTESIAN_POINT('',(0.000581667390674912,0.0003500000000000003,0.006));
#1022=DIRECTION('',(0.,0.,-1.));
#1023=VECTOR('',#1022,1.);
#1024=LINE('',#1021,#1023);
#1025=EDGE_CURVE('',#564,#168,#1024,.T.);
#1026=ORIENTED_EDGE('',*,*,#1025,.T.);
#1027=EDGE_LOOP('',(#1008,#1014,#1020,#1026));
#1028=FACE_OUTER_BOUND('',#1027,.T.);
#1029=ADVANCED_FACE('',(#1028),#1002,.F.);
#1030=CARTESIAN_POINT('',(-0.0025,4.883517250326076E-20,0.006));
#1031=DIRECTION('',(0.,0.,-1.));
#1032=DIRECTION('',(-1.,0.,0.));
#1033=AXIS2_PLACEMENT_3D('',#1030,#1031,#1032);
#1034=CYLINDRICAL_SURFACE('',#1033,0.0019499999999999993);
#1035=CARTESIAN_POINT('',(-0.0005816673906749131,0.00034999999999999994,0.));
#1036=CARTESIAN_POINT('',(-0.0008735875703548175,0.0019499999999999995,0.));
#1037=CARTESIAN_POINT('',(-0.0025000000000000005,0.0019499999999999993,0.));
#1038=(BOUNDED_CURVE() B_SPLINE_CURVE(2,(#1035,#1036,#1037),.UNSPECIFIED.,.F.,.F.) B_SPLINE_CURVE_WITH_KNOTS((3,3),(0.,1.),.UNSPECIFIED.) CURVE() GEOMETRIC_REPRESENTATION_ITEM() RATIONAL_B_SPLINE_CURVE((1.,0.7679476477883044,1.)) REPRESENTATION_ITEM(''));
#1039=EDGE_CURVE('',#176,#184,#1038,.T.);
#1040=ORIENTED_EDGE('',*,*,#1039,.T.);
#1041=CARTESIAN_POINT('',(-0.0025000000000000005,0.0019499999999999993,0.006));
#1042=DIRECTION('',(0.,0.,-1.));
#1043=VECTOR('',#1042,1.);
#1044=LINE('',#1041,#1043);
#1045=EDGE_CURVE('',#184,#580,#1044,.T.);
#1046=ORIENTED_EDGE('',*,*,#1045,.T.);
#1047=CARTESIAN_POINT('',(-0.0025000000000000005,0.0019499999999999993,0.006));
#1048=CARTESIAN_POINT('',(-0.0008735875703548175,0.0019499999999999995,0.006));
#1049=CARTESIAN_POINT('',(-0.0005816673906749131,0.00034999999999999994,0.006));
#1050=(BOUNDED_CURVE() B_SPLINE_CURVE(2,(#1047,#1048,#1049),.UNSPECIFIED.,.F.,.F.) B_SPLINE_CURVE_WITH_KNOTS((3,3),(0.,1.),.UNSPECIFIED.) CURVE() GEOMETRIC_REPRESENTATION_ITEM() RATIONAL_B_SPLINE_CURVE((1.,0.7679476477883044,1.)) REPRESENTATION_ITEM(''));
#1051=EDGE_CURVE('',#580,#572,#1050,.T.);
#1052=ORIENTED_EDGE('',*,*,#1051,.T.);
#1053=CARTESIAN_POINT('',(-0.0005816673906749131,0.00034999999999999994,0.006));
#1054=DIRECTION('',(0.,0.,-1.));
#1055=VECTOR('',#1054,1.);
#1056=LINE('',#1053,#1055);
#1057=EDGE_CURVE('',#572,#176,#1056,.T.);
#1058=ORIENTED_EDGE('',*,*,#1057,.T.);
#1059=EDGE_LOOP('',(#1040,#1046,#1052,#1058));
#1060=FACE_OUTER_BOUND('',#1059,.T.);
#1061=ADVANCED_FACE('',(#1060),#1034,.T.);
#1062=CARTESIAN_POINT('',(-0.0025,4.883517250326076E-20,0.006));
#1063=DIRECTION('',(0.,0.,-1.));
#1064=DIRECTION('',(-1.,0.,0.));
#1065=AXIS2_PLACEMENT_3D('',#1062,#1063,#1064);
#1066=CYLINDRICAL_SURFACE('',#1065,0.0012000000000000012);
#1067=CARTESIAN_POINT('',(-0.0025,4.883517250326076E-20,0.0055));
#1068=DIRECTION('',(-1.1777867937884356E-16,0.,1.));
#1069=DIRECTION('',(1.,0.,1.1777867937884356E-16));
#1070=AXIS2_PLACEMENT_3D('',#1067,#1068,#1069);
#1071=CIRCLE('',#1070,0.0012000000000000012);
#1072=CARTESIAN_POINT('',(-0.0012999999999999989,4.883517250326076E-20,0.0055));
#1073=VERTEX_POINT('',#1072);
#1074=EDGE_CURVE('',#1073,#1073,#1071,.T.);
#1075=ORIENTED_EDGE('',*,*,#1074,.T.);
#1076=EDGE_LOOP('',(#1075));
#1077=FACE_OUTER_BOUND('',#1076,.T.);
#1078=CARTESIAN_POINT('',(-0.0025,4.883517250326076E-20,0.006));
#1079=DIRECTION('',(0.,0.,1.));
#1080=DIRECTION('',(1.,0.,0.));
#1081=AXIS2_PLACEMENT_3D('',#1078,#1079,#1080);
#1082=CIRCLE('',#1081,0.0012000000000000012);
#1083=EDGE_CURVE('',#597,#597,#1082,.T.);
#1084=ORIENTED_EDGE('',*,*,#1083,.T.);
#1085=EDGE_LOOP('',(#1084));
#1086=FACE_BOUND('',#1085,.T.);
#1087=ADVANCED_FACE('',(#1077,#1086),#1066,.F.);
#1088=CARTESIAN_POINT('',(0.0025,4.883517250326076E-20,0.006));
#1089=DIRECTION('',(0.,0.,-1.));
#1090=DIRECTION('',(-1.,0.,0.));
#1091=AXIS2_PLACEMENT_3D('',#1088,#1089,#1090);
#1092=CYLINDRICAL_SURFACE('',#1091,0.001200000000000001);
#1093=CARTESIAN_POINT('',(0.0025,4.883517250326076E-20,0.0055));
#1094=DIRECTION('',(1.1777867937884356E-16,0.,1.));
#1095=DIRECTION('',(1.,0.,-1.1777867937884356E-16));
#1096=AXIS2_PLACEMENT_3D('',#1093,#1094,#1095);
#1097=CIRCLE('',#1096,0.001200000000000001);
#1098=CARTESIAN_POINT('',(0.003700000000000001,4.883517250326076E-20,0.0055));
#1099=VERTEX_POINT('',#1098);
#1100=EDGE_CURVE('',#1099,#1099,#1097,.T.);
#1101=ORIENTED_EDGE('',*,*,#1100,.T.);
#1102=EDGE_LOOP('',(#1101));
#1103=FACE_OUTER_BOUND('',#1102,.T.);
#1104=CARTESIAN_POINT('',(0.0025,4.883517250326076E-20,0.006));
#1105=DIRECTION('',(0.,0.,1.));
#1106=DIRECTION('',(1.,0.,0.));
#1107=AXIS2_PLACEMENT_3D('',#1104,#1105,#1106);
#1108=CIRCLE('',#1107,0.001200000000000001);
#1109=EDGE_CURVE('',#608,#608,#1108,.T.);
#1110=ORIENTED_EDGE('',*,*,#1109,.T.);
#1111=EDGE_LOOP('',(#1110));
#1112=FACE_BOUND('',#1111,.T.);
#1113=ADVANCED_FACE('',(#1103,#1112),#1092,.F.);
#1114=CARTESIAN_POINT('',(-0.0025,4.883517250326076E-20,-0.006200000000000001));
#1115=DIRECTION('',(0.,0.,1.));
#1116=DIRECTION('',(1.,0.,0.));
#1117=AXIS2_PLACEMENT_3D('',#1114,#1115,#1116);
#1118=CYLINDRICAL_SURFACE('',#1117,0.00125);
#1119=CARTESIAN_POINT('',(-0.0025,4.883517250326076E-20,-0.006200000000000001));
#1120=DIRECTION('',(0.,0.,1.));
#1121=DIRECTION('',(1.,0.,0.));
#1122=AXIS2_PLACEMENT_3D('',#1119,#1120,#1121);
#1123=CIRCLE('',#1122,0.00125);
#1124=CARTESIAN_POINT('',(-0.00125,4.883517250326076E-20,-0.006200000000000001));
#1125=VERTEX_POINT('',#1124);
#1126=EDGE_CURVE('',#1125,#1125,#1123,.T.);
#1127=ORIENTED_EDGE('',*,*,#1126,.T.);
#1128=EDGE_LOOP('',(#1127));
#1129=FACE_OUTER_BOUND('',#1128,.T.);
#1130=CARTESIAN_POINT('',(-0.0025,4.883517250326076E-20,-0.004));
#1131=DIRECTION('',(0.,0.,1.));
#1132=DIRECTION('',(1.,0.,0.));
#1133=AXIS2_PLACEMENT_3D('',#1130,#1131,#1132);
#1134=CIRCLE('',#1133,0.00125);
#1135=EDGE_CURVE('',#300,#300,#1134,.T.);
#1136=ORIENTED_EDGE('',*,*,#1135,.F.);
#1137=EDGE_LOOP('',(#1136));
#1138=FACE_BOUND('',#1137,.T.);
#1139=ADVANCED_FACE('',(#1129,#1138),#1118,.T.);
#1140=CARTESIAN_POINT('',(-0.0025,4.883517250326076E-20,-0.006200000000000001));
#1141=DIRECTION('',(0.,0.,1.));
#1142=DIRECTION('',(1.,0.,0.));
#1143=AXIS2_PLACEMENT_3D('',#1140,#1141,#1142);
#1144=PLANE('',#1143);
#1145=CARTESIAN_POINT('',(-0.0025,4.883517250326076E-20,-0.006200000000000001));
#1146=DIRECTION('',(0.,0.,-1.));
#1147=DIRECTION('',(-1.,0.,0.));
#1148=AXIS2_PLACEMENT_3D('',#1145,#1146,#1147);
#1149=CIRCLE('',#1148,0.0009000000000000003);
#1150=CARTESIAN_POINT('',(-0.0034000000000000002,4.883517250326076E-20,-0.006200000000000001));
#1151=VERTEX_POINT('',#1150);
#1152=EDGE_CURVE('',#1151,#1151,#1149,.T.);
#1153=ORIENTED_EDGE('',*,*,#1152,.T.);
#1154=EDGE_LOOP('',(#1153));
#1155=FACE_OUTER_BOUND('',#1154,.T.);
#1156=CARTESIAN_POINT('',(-0.0025,4.883517250326076E-20,-0.006200000000000001));
#1157=DIRECTION('',(0.,0.,1.));
#1158=DIRECTION('',(1.,0.,0.));
#1159=AXIS2_PLACEMENT_3D('',#1156,#1157,#1158);
#1160=CIRCLE('',#1159,0.00125);
#1161=EDGE_CURVE('',#1125,#1125,#1160,.T.);
#1162=ORIENTED_EDGE('',*,*,#1161,.F.);
#1163=EDGE_LOOP('',(#1162));
#1164=FACE_BOUND('',#1163,.T.);
#1165=ADVANCED_FACE('',(#1155,#1164),#1144,.F.);
#1166=CARTESIAN_POINT('',(0.0025,4.883517250326076E-20,-0.006200000000000001));
#1167=DIRECTION('',(0.,0.,1.));
#1168=DIRECTION('',(1.,0.,0.));
#1169=AXIS2_PLACEMENT_3D('',#1166,#1167,#1168);
#1170=CYLINDRICAL_SURFACE('',#1169,0.0012499999999999996);
#1171=CARTESIAN_POINT('',(0.0025,4.883517250326076E-20,-0.006200000000000001));
#1172=DIRECTION('',(0.,0.,1.));
#1173=DIRECTION('',(1.,0.,0.));
#1174=AXIS2_PLACEMENT_3D('',#1171,#1172,#1173);
#1175=CIRCLE('',#1174,0.0012499999999999996);
#1176=CARTESIAN_POINT('',(0.00375,4.883517250326076E-20,-0.006200000000000001));
#1177=VERTEX_POINT('',#1176);
#1178=EDGE_CURVE('',#1177,#1177,#1175,.T.);
#1179=ORIENTED_EDGE('',*,*,#1178,.T.);
#1180=EDGE_LOOP('',(#1179));
#1181=FACE_OUTER_BOUND('',#1180,.T.);
#1182=CARTESIAN_POINT('',(0.0025,4.883517250326076E-20,-0.004));
#1183=DIRECTION('',(0.,0.,1.));
#1184=DIRECTION('',(1.,0.,0.));
#1185=AXIS2_PLACEMENT_3D('',#1182,#1183,#1184);
#1186=CIRCLE('',#1185,0.0012499999999999996);
#1187=EDGE_CURVE('',#289,#289,#1186,.T.);
#1188=ORIENTED_EDGE('',*,*,#1187,.F.);
#1189=EDGE_LOOP('',(#1188));
#1190=FACE_BOUND('',#1189,.T.);
#1191=ADVANCED_FACE('',(#1181,#1190),#1170,.T.);
#1192=CARTESIAN_POINT('',(0.0025,4.883517250326076E-20,-0.006200000000000001));
#1193=DIRECTION('',(0.,0.,1.));
#1194=DIRECTION('',(1.,0.,0.));
#1195=AXIS2_PLACEMENT_3D('',#1192,#1193,#1194);
#1196=PLANE('',#1195);
#1197=CARTESIAN_POINT('',(0.0025,4.883517250326076E-20,-0.006200000000000001));
#1198=DIRECTION('',(0.,0.,-1.));
#1199=DIRECTION('',(-1.,0.,0.));
#1200=AXIS2_PLACEMENT_3D('',#1197,#1198,#1199);
#1201=CIRCLE('',#1200,0.0008999999999999999);
#1202=CARTESIAN_POINT('',(0.0016000000000000003,4.883517250326076E-20,-0.006200000000000001));
#1203=VERTEX_POINT('',#1202);
#1204=EDGE_CURVE('',#1203,#1203,#1201,.T.);
#1205=ORIENTED_EDGE('',*,*,#1204,.T.);
#1206=EDGE_LOOP('',(#1205));
#1207=FACE_OUTER_BOUND('',#1206,.T.);
#1208=CARTESIAN_POINT('',(0.0025,4.883517250326076E-20,-0.006200000000000001));
#1209=DIRECTION('',(0.,0.,1.));
#1210=DIRECTION('',(1.,0.,0.));
#1211=AXIS2_PLACEMENT_3D('',#1208,#1209,#1210);
#1212=CIRCLE('',#1211,0.0012499999999999996);
#1213=EDGE_CURVE('',#1177,#1177,#1212,.T.);
#1214=ORIENTED_EDGE('',*,*,#1213,.F.);
#1215=EDGE_LOOP('',(#1214));
#1216=FACE_BOUND('',#1215,.T.);
#1217=ADVANCED_FACE('',(#1207,#1216),#1196,.F.);
#1218=CARTESIAN_POINT('',(0.0025,-0.0027,-0.008000000000000002));
#1219=DIRECTION('',(0.,-1.,-1.927470528863118E-15));
#1220=DIRECTION('',(-1.,0.,0.));
#1221=AXIS2_PLACEMENT_3D('',#1218,#1219,#1220);
#1222=PLANE('',#1221);
#1223=CARTESIAN_POINT('',(0.0025,-0.0026999999999999984,-0.008000000000000002));
#1224=DIRECTION('',(0.,-1.,-2.1684043449710073E-15));
#1225=DIRECTION('',(0.,2.1684043449710073E-15,-1.));
#1226=AXIS2_PLACEMENT_3D('',#1223,#1224,#1225);
#1227=CIRCLE('',#1226,0.0007500000000000002);
#1228=CARTESIAN_POINT('',(0.0025,-0.0026999999999999967,-0.008750000000000003));
#1229=VERTEX_POINT('',#1228);
#1230=EDGE_CURVE('',#1229,#1229,#1227,.T.);
#1231=ORIENTED_EDGE('',*,*,#1230,.F.);
#1232=EDGE_LOOP('',(#1231));
#1233=FACE_OUTER_BOUND('',#1232,.T.);
#1234=CARTESIAN_POINT('',(0.0025,-0.0027,-0.008000000000000002));
#1235=DIRECTION('',(0.,-1.,-1.927470528863118E-15));
#1236=DIRECTION('',(-1.,0.,0.));
#1237=AXIS2_PLACEMENT_3D('',#1234,#1235,#1236);
#1238=CIRCLE('',#1237,0.0008999999999999999);
#1239=CARTESIAN_POINT('',(0.0016000000000000003,-0.0027,-0.008000000000000002));
#1240=VERTEX_POINT('',#1239);
#1241=EDGE_CURVE('',#1240,#1240,#1238,.T.);
#1242=ORIENTED_EDGE('',*,*,#1241,.T.);
#1243=EDGE_LOOP('',(#1242));
#1244=FACE_BOUND('',#1243,.T.);
#1245=ADVANCED_FACE('',(#1233,#1244),#1222,.T.);
#1246=CARTESIAN_POINT('',(0.0025,-0.0018,-0.006200000000000001));
#1247=DIRECTION('',(-1.,0.,0.));
#1248=DIRECTION('',(0.,0.,1.));
#1249=AXIS2_PLACEMENT_3D('',#1246,#1247,#1248);
#1250=TOROIDAL_SURFACE('',#1249,0.0018,0.0008999999999999999);
#1251=CARTESIAN_POINT('',(0.0025,-0.0017999999999999995,-0.008));
#1252=DIRECTION('',(0.,-1.,-1.2046690805394498E-16));
#1253=DIRECTION('',(-1.,0.,0.));
#1254=AXIS2_PLACEMENT_3D('',#1251,#1252,#1253);
#1255=CIRCLE('',#1254,0.0008999999999999999);
#1256=CARTESIAN_POINT('',(0.0016000000000000003,-0.0017999999999999995,-0.008));
#1257=VERTEX_POINT('',#1256);
#1258=EDGE_CURVE('',#1257,#1257,#1255,.T.);
#1259=ORIENTED_EDGE('',*,*,#1258,.F.);
#1260=EDGE_LOOP('',(#1259));
#1261=FACE_OUTER_BOUND('',#1260,.T.);
#1262=CARTESIAN_POINT('',(0.0025,4.883517250326076E-20,-0.006200000000000001));
#1263=DIRECTION('',(0.,0.,-1.));
#1264=DIRECTION('',(-1.,0.,0.));
#1265=AXIS2_PLACEMENT_3D('',#1262,#1263,#1264);
#1266=CIRCLE('',#1265,0.0008999999999999999);
#1267=EDGE_CURVE('',#1203,#1203,#1266,.T.);
#1268=ORIENTED_EDGE('',*,*,#1267,.T.);
#1269=EDGE_LOOP('',(#1268));
#1270=FACE_BOUND('',#1269,.T.);
#1271=ADVANCED_FACE('',(#1261,#1270),#1250,.T.);
#1272=CARTESIAN_POINT('',(0.0025,-0.0017999999999999995,-0.008));
#1273=DIRECTION('',(0.,-1.,-1.927470528863118E-15));
#1274=DIRECTION('',(0.,1.927470528863118E-15,-1.));
#1275=AXIS2_PLACEMENT_3D('',#1272,#1273,#1274);
#1276=CYLINDRICAL_SURFACE('',#1275,0.0008999999999999999);
#1277=CARTESIAN_POINT('',(0.0025,-0.0027,-0.008000000000000002));
#1278=DIRECTION('',(0.,-1.,-1.927470528863118E-15));
#1279=DIRECTION('',(-1.,0.,0.));
#1280=AXIS2_PLACEMENT_3D('',#1277,#1278,#1279);
#1281=CIRCLE('',#1280,0.0008999999999999999);
#1282=EDGE_CURVE('',#1240,#1240,#1281,.T.);
#1283=ORIENTED_EDGE('',*,*,#1282,.F.);
#1284=EDGE_LOOP('',(#1283));
#1285=FACE_OUTER_BOUND('',#1284,.T.);
#1286=CARTESIAN_POINT('',(0.0025,-0.0017999999999999995,-0.008));
#1287=DIRECTION('',(0.,-1.,-1.2046690805394498E-16));
#1288=DIRECTION('',(-1.,0.,0.));
#1289=AXIS2_PLACEMENT_3D('',#1286,#1287,#1288);
#1290=CIRCLE('',#1289,0.0008999999999999999);
#1291=EDGE_CURVE('',#1257,#1257,#1290,.T.);
#1292=ORIENTED_EDGE('',*,*,#1291,.T.);
#1293=EDGE_LOOP('',(#1292));
#1294=FACE_BOUND('',#1293,.T.);
#1295=ADVANCED_FACE('',(#1285,#1294),#1276,.T.);
#1296=CARTESIAN_POINT('',(-0.0025,-0.0027,-0.008000000000000002));
#1297=DIRECTION('',(0.,-1.,-1.927470528863118E-15));
#1298=DIRECTION('',(-1.,0.,0.));
#1299=AXIS2_PLACEMENT_3D('',#1296,#1297,#1298);
#1300=PLANE('',#1299);
#1301=CARTESIAN_POINT('',(-0.0025,-0.0026999999999999984,-0.008000000000000002));
#1302=DIRECTION('',(0.,-1.,-2.1684043449710073E-15));
#1303=DIRECTION('',(0.,2.1684043449710073E-15,-1.));
#1304=AXIS2_PLACEMENT_3D('',#1301,#1302,#1303);
#1305=CIRCLE('',#1304,0.00075);
#1306=CARTESIAN_POINT('',(-0.0025,-0.0026999999999999967,-0.008750000000000003));
#1307=VERTEX_POINT('',#1306);
#1308=EDGE_CURVE('',#1307,#1307,#1305,.T.);
#1309=ORIENTED_EDGE('',*,*,#1308,.F.);
#1310=EDGE_LOOP('',(#1309));
#1311=FACE_OUTER_BOUND('',#1310,.T.);
#1312=CARTESIAN_POINT('',(-0.0025,-0.0027,-0.008000000000000002));
#1313=DIRECTION('',(0.,-1.,-1.927470528863118E-15));
#1314=DIRECTION('',(-1.,0.,0.));
#1315=AXIS2_PLACEMENT_3D('',#1312,#1313,#1314);
#1316=CIRCLE('',#1315,0.0009000000000000003);
#1317=CARTESIAN_POINT('',(-0.0034000000000000002,-0.0027,-0.008000000000000002));
#1318=VERTEX_POINT('',#1317);
#1319=EDGE_CURVE('',#1318,#1318,#1316,.T.);
#1320=ORIENTED_EDGE('',*,*,#1319,.T.);
#1321=EDGE_LOOP('',(#1320));
#1322=FACE_BOUND('',#1321,.T.);
#1323=ADVANCED_FACE('',(#1311,#1322),#1300,.T.);
#1324=CARTESIAN_POINT('',(-0.0025,-0.0018,-0.006200000000000001));
#1325=DIRECTION('',(-1.,0.,0.));
#1326=DIRECTION('',(0.,0.,1.));
#1327=AXIS2_PLACEMENT_3D('',#1324,#1325,#1326);
#1328=TOROIDAL_SURFACE('',#1327,0.0018,0.0009000000000000003);
#1329=CARTESIAN_POINT('',(-0.0025,-0.0017999999999999995,-0.008));
#1330=DIRECTION('',(0.,-1.,-1.2046690805394498E-16));
#1331=DIRECTION('',(-1.,0.,0.));
#1332=AXIS2_PLACEMENT_3D('',#1329,#1330,#1331);
#1333=CIRCLE('',#1332,0.0009000000000000003);
#1334=CARTESIAN_POINT('',(-0.0034000000000000002,-0.0017999999999999995,-0.008));
#1335=VERTEX_POINT('',#1334);
#1336=EDGE_CURVE('',#1335,#1335,#1333,.T.);
#1337=ORIENTED_EDGE('',*,*,#1336,.F.);
#1338=EDGE_LOOP('',(#1337));
#1339=FACE_OUTER_BOUND('',#1338,.T.);
#1340=CARTESIAN_POINT('',(-0.0025,4.883517250326076E-20,-0.006200000000000001));
#1341=DIRECTION('',(0.,0.,-1.));
#1342=DIRECTION('',(-1.,0.,0.));
#1343=AXIS2_PLACEMENT_3D('',#1340,#1341,#1342);
#1344=CIRCLE('',#1343,0.0009000000000000003);
#1345=EDGE_CURVE('',#1151,#1151,#1344,.T.);
#1346=ORIENTED_EDGE('',*,*,#1345,.T.);
#1347=EDGE_LOOP('',(#1346));
#1348=FACE_BOUND('',#1347,.T.);
#1349=ADVANCED_FACE('',(#1339,#1348),#1328,.T.);
#1350=CARTESIAN_POINT('',(-0.0025,-0.0017999999999999995,-0.008));
#1351=DIRECTION('',(0.,-1.,-1.927470528863118E-15));
#1352=DIRECTION('',(0.,1.927470528863118E-15,-1.));
#1353=AXIS2_PLACEMENT_3D('',#1350,#1351,#1352);
#1354=CYLINDRICAL_SURFACE('',#1353,0.0009000000000000003);
#1355=CARTESIAN_POINT('',(-0.0025,-0.0027,-0.008000000000000002));
#1356=DIRECTION('',(0.,-1.,-1.927470528863118E-15));
#1357=DIRECTION('',(-1.,0.,0.));
#1358=AXIS2_PLACEMENT_3D('',#1355,#1356,#1357);
#1359=CIRCLE('',#1358,0.0009000000000000003);
#1360=EDGE_CURVE('',#1318,#1318,#1359,.T.);
#1361=ORIENTED_EDGE('',*,*,#1360,.F.);
#1362=EDGE_LOOP('',(#1361));
#1363=FACE_OUTER_BOUND('',#1362,.T.);
#1364=CARTESIAN_POINT('',(-0.0025,-0.0017999999999999995,-0.008));
#1365=DIRECTION('',(0.,-1.,-1.2046690805394498E-16));
#1366=DIRECTION('',(-1.,0.,0.));
#1367=AXIS2_PLACEMENT_3D('',#1364,#1365,#1366);
#1368=CIRCLE('',#1367,0.0009000000000000003);
#1369=EDGE_CURVE('',#1335,#1335,#1368,.T.);
#1370=ORIENTED_EDGE('',*,*,#1369,.T.);
#1371=EDGE_LOOP('',(#1370));
#1372=FACE_BOUND('',#1371,.T.);
#1373=ADVANCED_FACE('',(#1363,#1372),#1354,.T.);
#1374=CARTESIAN_POINT('',(0.0025,-0.0046999999999999984,-0.008000000000000005));
#1375=DIRECTION('',(0.,1.,2.1684043449710073E-15));
#1376=DIRECTION('',(0.,-2.1684043449710073E-15,1.));
#1377=AXIS2_PLACEMENT_3D('',#1374,#1375,#1376);
#1378=CYLINDRICAL_SURFACE('',#1377,0.0007500000000000002);
#1379=CARTESIAN_POINT('',(0.0025,-0.004600000000000001,-0.008000000000000005));
#1380=DIRECTION('',(0.,1.,0.));
#1381=DIRECTION('',(0.,0.,-1.));
#1382=AXIS2_PLACEMENT_3D('',#1379,#1380,#1381);
#1383=CIRCLE('',#1382,0.0007500000000000002);
#1384=CARTESIAN_POINT('',(0.0025,-0.004600000000000001,-0.008750000000000006));
#1385=VERTEX_POINT('',#1384);
#1386=EDGE_CURVE('',#1385,#1385,#1383,.T.);
#1387=ORIENTED_EDGE('',*,*,#1386,.T.);
#1388=EDGE_LOOP('',(#1387));
#1389=FACE_OUTER_BOUND('',#1388,.T.);
#1390=CARTESIAN_POINT('',(0.0025,-0.0026999999999999984,-0.008000000000000002));
#1391=DIRECTION('',(0.,-1.,-2.1684043449710073E-15));
#1392=DIRECTION('',(0.,2.1684043449710073E-15,-1.));
#1393=AXIS2_PLACEMENT_3D('',#1390,#1391,#1392);
#1394=CIRCLE('',#1393,0.0007500000000000002);
#1395=EDGE_CURVE('',#1229,#1229,#1394,.T.);
#1396=ORIENTED_EDGE('',*,*,#1395,.T.);
#1397=EDGE_LOOP('',(#1396));
#1398=FACE_BOUND('',#1397,.T.);
#1399=ADVANCED_FACE('',(#1389,#1398),#1378,.T.);
#1400=CARTESIAN_POINT('',(0.0025,-0.0046999999999999984,-0.008000000000000005));
#1401=DIRECTION('',(0.,-1.,-2.1684043449710073E-15));
#1402=DIRECTION('',(0.,2.1684043449710073E-15,-1.));
#1403=AXIS2_PLACEMENT_3D('',#1400,#1401,#1402);
#1404=PLANE('',#1403);
#1405=CARTESIAN_POINT('',(0.0025,-0.0046999999999999984,-0.008000000000000005));
#1406=DIRECTION('',(0.,-1.,-2.1684043449710073E-15));
#1407=DIRECTION('',(0.,2.1684043449710073E-15,-1.));
#1408=AXIS2_PLACEMENT_3D('',#1405,#1406,#1407);
#1409=CIRCLE('',#1408,0.000650000000000003);
#1410=CARTESIAN_POINT('',(0.0025,-0.004699999999999997,-0.008650000000000008));
#1411=VERTEX_POINT('',#1410);
#1412=EDGE_CURVE('',#1411,#1411,#1409,.T.);
#1413=ORIENTED_EDGE('',*,*,#1412,.T.);
#1414=EDGE_LOOP('',(#1413));
#1415=FACE_OUTER_BOUND('',#1414,.T.);
#1416=ADVANCED_FACE('',(#1415),#1404,.T.);
#1417=CARTESIAN_POINT('',(-0.0025,-0.0046999999999999984,-0.008000000000000005));
#1418=DIRECTION('',(0.,1.,2.1684043449710073E-15));
#1419=DIRECTION('',(0.,-2.1684043449710073E-15,1.));
#1420=AXIS2_PLACEMENT_3D('',#1417,#1418,#1419);
#1421=CYLINDRICAL_SURFACE('',#1420,0.00075);
#1422=CARTESIAN_POINT('',(-0.0025,-0.004600000000000001,-0.008000000000000005));
#1423=DIRECTION('',(0.,1.,0.));
#1424=DIRECTION('',(0.,0.,-1.));
#1425=AXIS2_PLACEMENT_3D('',#1422,#1423,#1424);
#1426=CIRCLE('',#1425,0.00075);
#1427=CARTESIAN_POINT('',(-0.0025,-0.004600000000000001,-0.008750000000000006));
#1428=VERTEX_POINT('',#1427);
#1429=EDGE_CURVE('',#1428,#1428,#1426,.T.);
#1430=ORIENTED_EDGE('',*,*,#1429,.T.);
#1431=EDGE_LOOP('',(#1430));
#1432=FACE_OUTER_BOUND('',#1431,.T.);
#1433=CARTESIAN_POINT('',(-0.0025,-0.0026999999999999984,-0.008000000000000002));
#1434=DIRECTION('',(0.,-1.,-2.1684043449710073E-15));
#1435=DIRECTION('',(0.,2.1684043449710073E-15,-1.));
#1436=AXIS2_PLACEMENT_3D('',#1433,#1434,#1435);
#1437=CIRCLE('',#1436,0.00075);
#1438=EDGE_CURVE('',#1307,#1307,#1437,.T.);
#1439=ORIENTED_EDGE('',*,*,#1438,.T.);
#1440=EDGE_LOOP('',(#1439));
#1441=FACE_BOUND('',#1440,.T.);
#1442=ADVANCED_FACE('',(#1432,#1441),#1421,.T.);
#1443=CARTESIAN_POINT('',(-0.0025,-0.0046999999999999984,-0.008000000000000005));
#1444=DIRECTION('',(0.,-1.,-2.1684043449710073E-15));
#1445=DIRECTION('',(0.,2.1684043449710073E-15,-1.));
#1446=AXIS2_PLACEMENT_3D('',#1443,#1444,#1445);
#1447=PLANE('',#1446);
#1448=CARTESIAN_POINT('',(-0.0025,-0.0046999999999999984,-0.008000000000000005));
#1449=DIRECTION('',(0.,-1.,-2.1684043449710073E-15));
#1450=DIRECTION('',(0.,2.1684043449710073E-15,-1.));
#1451=AXIS2_PLACEMENT_3D('',#1448,#1449,#1450);
#1452=CIRCLE('',#1451,0.0006500000000000047);
#1453=CARTESIAN_POINT('',(-0.0025,-0.004699999999999997,-0.00865000000000001));
#1454=VERTEX_POINT('',#1453);
#1455=EDGE_CURVE('',#1454,#1454,#1452,.T.);
#1456=ORIENTED_EDGE('',*,*,#1455,.T.);
#1457=EDGE_LOOP('',(#1456));
#1458=FACE_OUTER_BOUND('',#1457,.T.);
#1459=ADVANCED_FACE('',(#1458),#1447,.T.);
#1460=CARTESIAN_POINT('',(-0.0025,-0.0046999999999999984,-0.008000000000000005));
#1461=DIRECTION('',(0.,1.,0.));
#1462=DIRECTION('',(0.,0.,1.));
#1463=AXIS2_PLACEMENT_3D('',#1460,#1461,#1462);
#1464=CONICAL_SURFACE('',#1463,0.000650000000000003,0.7853981633974451);
#1465=CARTESIAN_POINT('',(-0.0025,-0.004600000000000001,-0.008000000000000005));
#1466=DIRECTION('',(0.,1.,0.));
#1467=DIRECTION('',(0.,0.,-1.));
#1468=AXIS2_PLACEMENT_3D('',#1465,#1466,#1467);
#1469=CIRCLE('',#1468,0.00075);
#1470=EDGE_CURVE('',#1428,#1428,#1469,.T.);
#1471=ORIENTED_EDGE('',*,*,#1470,.F.);
#1472=EDGE_LOOP('',(#1471));
#1473=FACE_OUTER_BOUND('',#1472,.T.);
#1474=CARTESIAN_POINT('',(-0.0025,-0.0046999999999999984,-0.008000000000000005));
#1475=DIRECTION('',(0.,-1.,-2.1684043449710073E-15));
#1476=DIRECTION('',(0.,2.1684043449710073E-15,-1.));
#1477=AXIS2_PLACEMENT_3D('',#1474,#1475,#1476);
#1478=CIRCLE('',#1477,0.0006500000000000047);
#1479=EDGE_CURVE('',#1454,#1454,#1478,.T.);
#1480=ORIENTED_EDGE('',*,*,#1479,.F.);
#1481=EDGE_LOOP('',(#1480));
#1482=FACE_BOUND('',#1481,.T.);
#1483=ADVANCED_FACE('',(#1473,#1482),#1464,.T.);
#1484=CARTESIAN_POINT('',(0.0025,-0.0046999999999999984,-0.008000000000000005));
#1485=DIRECTION('',(0.,1.,0.));
#1486=DIRECTION('',(0.,0.,1.));
#1487=AXIS2_PLACEMENT_3D('',#1484,#1485,#1486);
#1488=CONICAL_SURFACE('',#1487,0.0006500000000000021,0.7853981633974505);
#1489=CARTESIAN_POINT('',(0.0025,-0.004600000000000001,-0.008000000000000005));
#1490=DIRECTION('',(0.,1.,0.));
#1491=DIRECTION('',(0.,0.,-1.));
#1492=AXIS2_PLACEMENT_3D('',#1489,#1490,#1491);
#1493=CIRCLE('',#1492,0.0007500000000000002);
#1494=EDGE_CURVE('',#1385,#1385,#1493,.T.);
#1495=ORIENTED_EDGE('',*,*,#1494,.F.);
#1496=EDGE_LOOP('',(#1495));
#1497=FACE_OUTER_BOUND('',#1496,.T.);
#1498=CARTESIAN_POINT('',(0.0025,-0.0046999999999999984,-0.008000000000000005));
#1499=DIRECTION('',(0.,-1.,-2.1684043449710073E-15));
#1500=DIRECTION('',(0.,2.1684043449710073E-15,-1.));
#1501=AXIS2_PLACEMENT_3D('',#1498,#1499,#1500);
#1502=CIRCLE('',#1501,0.000650000000000003);
#1503=EDGE_CURVE('',#1411,#1411,#1502,.T.);
#1504=ORIENTED_EDGE('',*,*,#1503,.F.);
#1505=EDGE_LOOP('',(#1504));
#1506=FACE_BOUND('',#1505,.T.);
#1507=ADVANCED_FACE('',(#1497,#1506),#1488,.T.);
#1508=CARTESIAN_POINT('',(0.0013,0.,0.0055));
#1509=DIRECTION('',(1.1777867937884356E-16,0.,1.));
#1510=DIRECTION('',(1.,0.,-1.1777867937884356E-16));
#1511=AXIS2_PLACEMENT_3D('',#1508,#1509,#1510);
#1512=PLANE('',#1511);
#1513=CARTESIAN_POINT('',(0.002500000000000001,0.,0.0055));
#1514=DIRECTION('',(-1.1777867937884356E-16,0.,-1.));
#1515=DIRECTION('',(-1.,0.,1.1777867937884356E-16));
#1516=AXIS2_PLACEMENT_3D('',#1513,#1514,#1515);
#1517=CIRCLE('',#1516,0.001);
#1518=CARTESIAN_POINT('',(0.001500000000000001,0.,0.0055));
#1519=VERTEX_POINT('',#1518);
#1520=EDGE_CURVE('',#1519,#1519,#1517,.T.);
#1521=ORIENTED_EDGE('',*,*,#1520,.T.);
#1522=EDGE_LOOP('',(#1521));
#1523=FACE_OUTER_BOUND('',#1522,.T.);
#1524=CARTESIAN_POINT('',(0.0025,4.883517250326076E-20,0.0055));
#1525=DIRECTION('',(1.1777867937884356E-16,0.,1.));
#1526=DIRECTION('',(1.,0.,-1.1777867937884356E-16));
#1527=AXIS2_PLACEMENT_3D('',#1524,#1525,#1526);
#1528=CIRCLE('',#1527,0.001200000000000001);
#1529=EDGE_CURVE('',#1099,#1099,#1528,.T.);
#1530=ORIENTED_EDGE('',*,*,#1529,.T.);
#1531=EDGE_LOOP('',(#1530));
#1532=FACE_BOUND('',#1531,.T.);
#1533=ADVANCED_FACE('',(#1523,#1532),#1512,.T.);
#1534=CARTESIAN_POINT('',(0.0025,0.,-0.0009999999999999992));
#1535=DIRECTION('',(-1.1777867937884356E-16,0.,-1.));
#1536=DIRECTION('',(-1.,0.,1.1777867937884356E-16));
#1537=AXIS2_PLACEMENT_3D('',#1534,#1535,#1536);
#1538=CYLINDRICAL_SURFACE('',#1537,0.0009999999999999996);
#1539=CARTESIAN_POINT('',(0.0025,0.,0.0004999999999999987));
#1540=DIRECTION('',(-1.1777867937884356E-16,0.,-1.));
#1541=DIRECTION('',(-1.,0.,1.1777867937884356E-16));
#1542=AXIS2_PLACEMENT_3D('',#1539,#1540,#1541);
#1543=CIRCLE('',#1542,0.0009999999999999994);
#1544=CARTESIAN_POINT('',(0.0015000000000000007,0.,0.0004999999999999988));
#1545=VERTEX_POINT('',#1544);
#1546=EDGE_CURVE('',#1545,#1545,#1543,.T.);
#1547=ORIENTED_EDGE('',*,*,#1546,.F.);
#1548=EDGE_LOOP('',(#1547));
#1549=FACE_OUTER_BOUND('',#1548,.T.);
#1550=CARTESIAN_POINT('',(0.002500000000000001,0.,0.0055));
#1551=DIRECTION('',(-1.1777867937884356E-16,0.,-1.));
#1552=DIRECTION('',(-1.,0.,1.1777867937884356E-16));
#1553=AXIS2_PLACEMENT_3D('',#1550,#1551,#1552);
#1554=CIRCLE('',#1553,0.001);
#1555=EDGE_CURVE('',#1519,#1519,#1554,.T.);
#1556=ORIENTED_EDGE('',*,*,#1555,.F.);
#1557=EDGE_LOOP('',(#1556));
#1558=FACE_BOUND('',#1557,.T.);
#1559=ADVANCED_FACE('',(#1549,#1558),#1538,.F.);
#1560=CARTESIAN_POINT('',(0.0025,0.,0.0004999999999999989));
#1561=DIRECTION('',(-1.1777867937884356E-16,0.,-1.));
#1562=DIRECTION('',(-1.,0.,1.1777867937884356E-16));
#1563=AXIS2_PLACEMENT_3D('',#1560,#1561,#1562);
#1564=SPHERICAL_SURFACE('',#1563,0.0009999999999999992);
#1565=CARTESIAN_POINT('',(0.0025,0.,0.0004999999999999987));
#1566=DIRECTION('',(-1.1777867937884356E-16,0.,-1.));
#1567=DIRECTION('',(-1.,0.,1.1777867937884356E-16));
#1568=AXIS2_PLACEMENT_3D('',#1565,#1566,#1567);
#1569=CIRCLE('',#1568,0.0009999999999999994);
#1570=EDGE_CURVE('',#1545,#1545,#1569,.T.);
#1571=ORIENTED_EDGE('',*,*,#1570,.T.);
#1572=EDGE_LOOP('',(#1571));
#1573=FACE_OUTER_BOUND('',#1572,.T.);
#1574=ADVANCED_FACE('',(#1573),#1564,.F.);
#1575=CARTESIAN_POINT('',(-0.0013,0.,0.0055));
#1576=DIRECTION('',(-1.1777867937884356E-16,0.,1.));
#1577=DIRECTION('',(-1.,0.,-1.1777867937884356E-16));
#1578=AXIS2_PLACEMENT_3D('',#1575,#1576,#1577);
#1579=PLANE('',#1578);
#1580=CARTESIAN_POINT('',(-0.002500000000000001,0.,0.0055));
#1581=DIRECTION('',(-1.1777867937884356E-16,0.,1.));
#1582=DIRECTION('',(1.,0.,1.1777867937884356E-16));
#1583=AXIS2_PLACEMENT_3D('',#1580,#1581,#1582);
#1584=CIRCLE('',#1583,0.001);
#1585=CARTESIAN_POINT('',(-0.001500000000000001,0.,0.0055));
#1586=VERTEX_POINT('',#1585);
#1587=EDGE_CURVE('',#1586,#1586,#1584,.T.);
#1588=ORIENTED_EDGE('',*,*,#1587,.F.);
#1589=EDGE_LOOP('',(#1588));
#1590=FACE_OUTER_BOUND('',#1589,.T.);
#1591=CARTESIAN_POINT('',(-0.0025,4.883517250326076E-20,0.0055));
#1592=DIRECTION('',(-1.1777867937884356E-16,0.,1.));
#1593=DIRECTION('',(1.,0.,1.1777867937884356E-16));
#1594=AXIS2_PLACEMENT_3D('',#1591,#1592,#1593);
#1595=CIRCLE('',#1594,0.0012000000000000012);
#1596=EDGE_CURVE('',#1073,#1073,#1595,.T.);
#1597=ORIENTED_EDGE('',*,*,#1596,.T.);
#1598=EDGE_LOOP('',(#1597));
#1599=FACE_BOUND('',#1598,.T.);
#1600=ADVANCED_FACE('',(#1590,#1599),#1579,.T.);
#1601=CARTESIAN_POINT('',(-0.0025,0.,-0.0009999999999999992));
#1602=DIRECTION('',(1.1777867937884356E-16,0.,-1.));
#1603=DIRECTION('',(1.,0.,1.1777867937884356E-16));
#1604=AXIS2_PLACEMENT_3D('',#1601,#1602,#1603);
#1605=CYLINDRICAL_SURFACE('',#1604,0.0009999999999999996);
#1606=CARTESIAN_POINT('',(-0.0025,0.,0.0004999999999999987));
#1607=DIRECTION('',(-1.1777867937884356E-16,0.,1.));
#1608=DIRECTION('',(1.,0.,1.1777867937884356E-16));
#1609=AXIS2_PLACEMENT_3D('',#1606,#1607,#1608);
#1610=CIRCLE('',#1609,0.0009999999999999994);
#1611=CARTESIAN_POINT('',(-0.0015000000000000007,0.,0.0004999999999999988));
#1612=VERTEX_POINT('',#1611);
#1613=EDGE_CURVE('',#1612,#1612,#1610,.T.);
#1614=ORIENTED_EDGE('',*,*,#1613,.T.);
#1615=EDGE_LOOP('',(#1614));
#1616=FACE_OUTER_BOUND('',#1615,.T.);
#1617=CARTESIAN_POINT('',(-0.002500000000000001,0.,0.0055));
#1618=DIRECTION('',(-1.1777867937884356E-16,0.,1.));
#1619=DIRECTION('',(1.,0.,1.1777867937884356E-16));
#1620=AXIS2_PLACEMENT_3D('',#1617,#1618,#1619);
#1621=CIRCLE('',#1620,0.001);
#1622=EDGE_CURVE('',#1586,#1586,#1621,.T.);
#1623=ORIENTED_EDGE('',*,*,#1622,.T.);
#1624=EDGE_LOOP('',(#1623));
#1625=FACE_BOUND('',#1624,.T.);
#1626=ADVANCED_FACE('',(#1616,#1625),#1605,.F.);
#1627=CARTESIAN_POINT('',(-0.0025,0.,0.0004999999999999989));
#1628=DIRECTION('',(1.1777867937884356E-16,0.,-1.));
#1629=DIRECTION('',(1.,0.,1.1777867937884356E-16));
#1630=AXIS2_PLACEMENT_3D('',#1627,#1628,#1629);
#1631=SPHERICAL_SURFACE('',#1630,0.0009999999999999992);
#1632=CARTESIAN_POINT('',(-0.0025,0.,0.0004999999999999987));
#1633=DIRECTION('',(-1.1777867937884356E-16,0.,1.));
#1634=DIRECTION('',(1.,0.,1.1777867937884356E-16));
#1635=AXIS2_PLACEMENT_3D('',#1632,#1633,#1634);
#1636=CIRCLE('',#1635,0.0009999999999999994);
#1637=EDGE_CURVE('',#1612,#1612,#1636,.T.);
#1638=ORIENTED_EDGE('',*,*,#1637,.F.);
#1639=EDGE_LOOP('',(#1638));
#1640=FACE_OUTER_BOUND('',#1639,.T.);
#1641=ADVANCED_FACE('',(#1640),#1631,.F.);
#1642=CARTESIAN_POINT('',(0.00495,-0.0027,-0.0020000000000000018));
#1643=DIRECTION('',(1.,0.,0.));
#1644=DIRECTION('',(0.,0.,-1.));
#1645=AXIS2_PLACEMENT_3D('',#1642,#1643,#1644);
#1646=PLANE('',#1645);
#1647=CARTESIAN_POINT('',(0.00495,-0.0025,-0.004));
#1648=DIRECTION('',(0.,0.,-1.));
#1649=VECTOR('',#1648,1.);
#1650=LINE('',#1647,#1649);
#1651=EDGE_CURVE('',#238,#312,#1650,.T.);
#1652=ORIENTED_EDGE('',*,*,#1651,.T.);
#1653=CARTESIAN_POINT('',(0.00495,-0.0027,-0.004));
#1654=DIRECTION('',(0.,1.,0.));
#1655=VECTOR('',#1654,1.);
#1656=LINE('',#1653,#1655);
#1657=EDGE_CURVE('',#312,#320,#1656,.T.);
#1658=ORIENTED_EDGE('',*,*,#1657,.T.);
#1659=CARTESIAN_POINT('',(0.00495,-0.0027,-0.0020000000000000018));
#1660=DIRECTION('',(0.,0.,-1.));
#1661=VECTOR('',#1660,1.);
#1662=LINE('',#1659,#1661);
#1663=CARTESIAN_POINT('',(0.00495,-0.0027,-0.0020000000000000018));
#1664=VERTEX_POINT('',#1663);
#1665=EDGE_CURVE('',#1664,#320,#1662,.T.);
#1666=ORIENTED_EDGE('',*,*,#1665,.F.);
#1667=CARTESIAN_POINT('',(0.00495,-0.0027,-0.0020000000000000018));
#1668=DIRECTION('',(0.,1.,0.));
#1669=VECTOR('',#1668,1.);
#1670=LINE('',#1667,#1669);
#1671=EDGE_CURVE('',#238,#1664,#1670,.T.);
#1672=ORIENTED_EDGE('',*,*,#1671,.F.);
#1673=EDGE_LOOP('',(#1652,#1658,#1666,#1672));
#1674=FACE_OUTER_BOUND('',#1673,.T.);
#1675=ADVANCED_FACE('',(#1674),#1646,.F.);
#1676=CARTESIAN_POINT('',(0.0066500000000000005,-0.0027,-0.004));
#1677=DIRECTION('',(-1.,0.,0.));
#1678=DIRECTION('',(0.,0.,1.));
#1679=AXIS2_PLACEMENT_3D('',#1676,#1677,#1678);
#1680=PLANE('',#1679);
#1681=CARTESIAN_POINT('',(0.0066500000000000005,-0.0027,-0.004));
#1682=DIRECTION('',(0.,1.,0.));
#1683=VECTOR('',#1682,1.);
#1684=LINE('',#1681,#1683);
#1685=EDGE_CURVE('',#328,#336,#1684,.T.);
#1686=ORIENTED_EDGE('',*,*,#1685,.T.);
#1687=CARTESIAN_POINT('',(0.0066500000000000005,0.001,-0.004));
#1688=DIRECTION('',(0.,0.,1.));
#1689=VECTOR('',#1688,1.);
#1690=LINE('',#1687,#1689);
#1691=CARTESIAN_POINT('',(0.0066500000000000005,0.001,-0.002));
#1692=VERTEX_POINT('',#1691);
#1693=EDGE_CURVE('',#1692,#336,#1690,.T.);
#1694=ORIENTED_EDGE('',*,*,#1693,.F.);
#1695=CARTESIAN_POINT('',(0.0066500000000000005,-0.0027,-0.002));
#1696=DIRECTION('',(0.,1.,0.));
#1697=VECTOR('',#1696,1.);
#1698=LINE('',#1695,#1697);
#1699=CARTESIAN_POINT('',(0.0066500000000000005,-0.0027,-0.002));
#1700=VERTEX_POINT('',#1699);
#1701=EDGE_CURVE('',#1700,#1692,#1698,.T.);
#1702=ORIENTED_EDGE('',*,*,#1701,.F.);
#1703=CARTESIAN_POINT('',(0.0066500000000000005,-0.0027,-0.004));
#1704=DIRECTION('',(0.,0.,1.));
#1705=VECTOR('',#1704,1.);
#1706=LINE('',#1703,#1705);
#1707=EDGE_CURVE('',#328,#1700,#1706,.T.);
#1708=ORIENTED_EDGE('',*,*,#1707,.F.);
#1709=EDGE_LOOP('',(#1686,#1694,#1702,#1708));
#1710=FACE_OUTER_BOUND('',#1709,.T.);
#1711=ADVANCED_FACE('',(#1710),#1680,.F.);
#1712=CARTESIAN_POINT('',(0.0066500000000000005,-0.0027,-0.002));
#1713=DIRECTION('',(1.0204255741040042E-15,0.,-1.));
#1714=DIRECTION('',(-1.,0.,-1.0204255741040042E-15));
#1715=AXIS2_PLACEMENT_3D('',#1712,#1713,#1714);
#1716=PLANE('',#1715);
#1717=CARTESIAN_POINT('',(0.0066500000000000005,-0.0027,-0.002));
#1718=DIRECTION('',(0.,1.,0.));
#1719=VECTOR('',#1718,1.);
#1720=LINE('',#1717,#1719);
#1721=EDGE_CURVE('',#1700,#1692,#1720,.T.);
#1722=ORIENTED_EDGE('',*,*,#1721,.T.);
#1723=CARTESIAN_POINT('',(0.0066500000000000005,0.001,-0.002));
#1724=DIRECTION('',(-1.,0.,-1.0204255741040042E-15));
#1725=VECTOR('',#1724,1.);
#1726=LINE('',#1723,#1725);
#1727=EDGE_CURVE('',#236,#1692,#1726,.T.);
#1728=ORIENTED_EDGE('',*,*,#1727,.F.);
#1729=CARTESIAN_POINT('',(0.00495,-0.0027,-0.0020000000000000018));
#1730=DIRECTION('',(0.,1.,0.));
#1731=VECTOR('',#1730,1.);
#1732=LINE('',#1729,#1731);
#1733=EDGE_CURVE('',#236,#238,#1732,.T.);
#1734=ORIENTED_EDGE('',*,*,#1733,.T.);
#1735=CARTESIAN_POINT('',(0.00495,-0.0027,-0.0020000000000000018));
#1736=DIRECTION('',(0.,1.,0.));
#1737=VECTOR('',#1736,1.);
#1738=LINE('',#1735,#1737);
#1739=EDGE_CURVE('',#238,#1664,#1738,.T.);
#1740=ORIENTED_EDGE('',*,*,#1739,.T.);
#1741=CARTESIAN_POINT('',(0.0066500000000000005,-0.0027,-0.002));
#1742=DIRECTION('',(-1.,0.,-1.0204255741040042E-15));
#1743=VECTOR('',#1742,1.);
#1744=LINE('',#1741,#1743);
#1745=EDGE_CURVE('',#1700,#1664,#1744,.T.);
#1746=ORIENTED_EDGE('',*,*,#1745,.F.);
#1747=EDGE_LOOP('',(#1722,#1728,#1734,#1740,#1746));
#1748=FACE_OUTER_BOUND('',#1747,.T.);
#1749=ADVANCED_FACE('',(#1748),#1716,.F.);
#1750=CARTESIAN_POINT('',(0.,-0.0027,0.));
#1751=DIRECTION('',(0.,-1.,0.));
#1752=DIRECTION('',(0.,0.,-1.));
#1753=AXIS2_PLACEMENT_3D('',#1750,#1751,#1752);
#1754=PLANE('',#1753);
#1755=CARTESIAN_POINT('',(0.0055,-0.0027,-0.0030000000000000014));
#1756=DIRECTION('',(0.,-1.,0.));
#1757=DIRECTION('',(0.,0.,-1.));
#1758=AXIS2_PLACEMENT_3D('',#1755,#1756,#1757);
#1759=CIRCLE('',#1758,0.0004500000000000001);
#1760=CARTESIAN_POINT('',(0.0055,-0.0027,-0.0034500000000000017));
#1761=VERTEX_POINT('',#1760);
#1762=EDGE_CURVE('',#1761,#1761,#1759,.T.);
#1763=ORIENTED_EDGE('',*,*,#1762,.F.);
#1764=EDGE_LOOP('',(#1763));
#1765=FACE_OUTER_BOUND('',#1764,.T.);
#1766=CARTESIAN_POINT('',(0.00495,-0.0027,-0.0020000000000000018));
#1767=DIRECTION('',(0.,0.,-1.));
#1768=VECTOR('',#1767,1.);
#1769=LINE('',#1766,#1768);
#1770=EDGE_CURVE('',#1664,#320,#1769,.T.);
#1771=ORIENTED_EDGE('',*,*,#1770,.T.);
#1772=CARTESIAN_POINT('',(0.00495,-0.0027,-0.004));
#1773=DIRECTION('',(1.,0.,0.));
#1774=VECTOR('',#1773,1.);
#1775=LINE('',#1772,#1774);
#1776=EDGE_CURVE('',#320,#328,#1775,.T.);
#1777=ORIENTED_EDGE('',*,*,#1776,.T.);
#1778=CARTESIAN_POINT('',(0.0066500000000000005,-0.0027,-0.004));
#1779=DIRECTION('',(0.,0.,1.));
#1780=VECTOR('',#1779,1.);
#1781=LINE('',#1778,#1780);
#1782=EDGE_CURVE('',#328,#1700,#1781,.T.);
#1783=ORIENTED_EDGE('',*,*,#1782,.T.);
#1784=CARTESIAN_POINT('',(0.0066500000000000005,-0.0027,-0.002));
#1785=DIRECTION('',(-1.,0.,-1.0204255741040042E-15));
#1786=VECTOR('',#1785,1.);
#1787=LINE('',#1784,#1786);
#1788=EDGE_CURVE('',#1700,#1664,#1787,.T.);
#1789=ORIENTED_EDGE('',*,*,#1788,.T.);
#1790=EDGE_LOOP('',(#1771,#1777,#1783,#1789));
#1791=FACE_BOUND('',#1790,.T.);
#1792=ADVANCED_FACE('',(#1765,#1791),#1754,.T.);
#1793=CARTESIAN_POINT('',(0.,0.001,0.));
#1794=DIRECTION('',(0.,-1.,0.));
#1795=DIRECTION('',(0.,0.,-1.));
#1796=AXIS2_PLACEMENT_3D('',#1793,#1794,#1795);
#1797=PLANE('',#1796);
#1798=CARTESIAN_POINT('',(0.0055,0.001,-0.0030000000000000014));
#1799=DIRECTION('',(0.,1.,0.));
#1800=DIRECTION('',(0.,0.,1.));
#1801=AXIS2_PLACEMENT_3D('',#1798,#1799,#1800);
#1802=CIRCLE('',#1801,0.0004500000000000001);
#1803=CARTESIAN_POINT('',(0.0055,0.001,-0.002550000000000001));
#1804=VERTEX_POINT('',#1803);
#1805=EDGE_CURVE('',#1804,#1804,#1802,.T.);
#1806=ORIENTED_EDGE('',*,*,#1805,.T.);
#1807=EDGE_LOOP('',(#1806));
#1808=FACE_OUTER_BOUND('',#1807,.T.);
#1809=CARTESIAN_POINT('',(0.00495,0.001,-0.0020000000000000018));
#1810=DIRECTION('',(0.,0.,-1.));
#1811=VECTOR('',#1810,1.);
#1812=LINE('',#1809,#1811);
#1813=EDGE_CURVE('',#246,#236,#1812,.T.);
#1814=ORIENTED_EDGE('',*,*,#1813,.F.);
#1815=CARTESIAN_POINT('',(0.00495,0.001,-0.004));
#1816=DIRECTION('',(1.,0.,0.));
#1817=VECTOR('',#1816,1.);
#1818=LINE('',#1815,#1817);
#1819=EDGE_CURVE('',#336,#246,#1818,.T.);
#1820=ORIENTED_EDGE('',*,*,#1819,.F.);
#1821=CARTESIAN_POINT('',(0.0066500000000000005,0.001,-0.004));
#1822=DIRECTION('',(0.,0.,1.));
#1823=VECTOR('',#1822,1.);
#1824=LINE('',#1821,#1823);
#1825=EDGE_CURVE('',#1692,#336,#1824,.T.);
#1826=ORIENTED_EDGE('',*,*,#1825,.F.);
#1827=CARTESIAN_POINT('',(0.0066500000000000005,0.001,-0.002));
#1828=DIRECTION('',(-1.,0.,-1.0204255741040042E-15));
#1829=VECTOR('',#1828,1.);
#1830=LINE('',#1827,#1829);
#1831=EDGE_CURVE('',#236,#1692,#1830,.T.);
#1832=ORIENTED_EDGE('',*,*,#1831,.F.);
#1833=EDGE_LOOP('',(#1814,#1820,#1826,#1832));
#1834=FACE_BOUND('',#1833,.T.);
#1835=ADVANCED_FACE('',(#1808,#1834),#1797,.F.);
#1836=CARTESIAN_POINT('',(-0.00495,-0.0027,-0.0020000000000000018));
#1837=DIRECTION('',(-1.,0.,0.));
#1838=DIRECTION('',(0.,0.,1.));
#1839=AXIS2_PLACEMENT_3D('',#1836,#1837,#1838);
#1840=PLANE('',#1839);
#1841=CARTESIAN_POINT('',(-0.00495,-0.0027,-0.004));
#1842=DIRECTION('',(0.,1.,0.));
#1843=VECTOR('',#1842,1.);
#1844=LINE('',#1841,#1843);
#1845=EDGE_CURVE('',#384,#310,#1844,.T.);
#1846=ORIENTED_EDGE('',*,*,#1845,.T.);
#1847=CARTESIAN_POINT('',(-0.00495,-0.0025,-0.004));
#1848=DIRECTION('',(0.,0.,1.));
#1849=VECTOR('',#1848,1.);
#1850=LINE('',#1847,#1849);
#1851=EDGE_CURVE('',#310,#40,#1850,.T.);
#1852=ORIENTED_EDGE('',*,*,#1851,.T.);
#1853=CARTESIAN_POINT('',(-0.00495,-0.0027,-0.0020000000000000018));
#1854=DIRECTION('',(0.,1.,0.));
#1855=VECTOR('',#1854,1.);
#1856=LINE('',#1853,#1855);
#1857=CARTESIAN_POINT('',(-0.00495,-0.0027,-0.0020000000000000018));
#1858=VERTEX_POINT('',#1857);
#1859=EDGE_CURVE('',#1858,#40,#1856,.T.);
#1860=ORIENTED_EDGE('',*,*,#1859,.F.);
#1861=CARTESIAN_POINT('',(-0.00495,-0.0027,-0.0020000000000000018));
#1862=DIRECTION('',(0.,0.,1.));
#1863=VECTOR('',#1862,1.);
#1864=LINE('',#1861,#1863);
#1865=EDGE_CURVE('',#384,#1858,#1864,.T.);
#1866=ORIENTED_EDGE('',*,*,#1865,.F.);
#1867=EDGE_LOOP('',(#1846,#1852,#1860,#1866));
#1868=FACE_OUTER_BOUND('',#1867,.T.);
#1869=ADVANCED_FACE('',(#1868),#1840,.F.);
#1870=CARTESIAN_POINT('',(-0.0066500000000000005,-0.0027,-0.0020000000000000013));
#1871=DIRECTION('',(-2.5510639352600105E-16,0.,-1.));
#1872=DIRECTION('',(-1.,0.,2.5510639352600105E-16));
#1873=AXIS2_PLACEMENT_3D('',#1870,#1871,#1872);
#1874=PLANE('',#1873);
#1875=CARTESIAN_POINT('',(-0.00495,-0.0027,-0.0020000000000000018));
#1876=DIRECTION('',(0.,1.,0.));
#1877=VECTOR('',#1876,1.);
#1878=LINE('',#1875,#1877);
#1879=EDGE_CURVE('',#1858,#40,#1878,.T.);
#1880=ORIENTED_EDGE('',*,*,#1879,.T.);
#1881=CARTESIAN_POINT('',(-0.00495,-0.0027,-0.0020000000000000018));
#1882=DIRECTION('',(0.,1.,0.));
#1883=VECTOR('',#1882,1.);
#1884=LINE('',#1881,#1883);
#1885=EDGE_CURVE('',#40,#30,#1884,.T.);
#1886=ORIENTED_EDGE('',*,*,#1885,.T.);
#1887=CARTESIAN_POINT('',(-0.0066500000000000005,0.001,-0.0020000000000000013));
#1888=DIRECTION('',(-1.,0.,2.5510639352600105E-16));
#1889=VECTOR('',#1888,1.);
#1890=LINE('',#1887,#1889);
#1891=CARTESIAN_POINT('',(-0.0066500000000000005,0.001,-0.0020000000000000013));
#1892=VERTEX_POINT('',#1891);
#1893=EDGE_CURVE('',#1892,#30,#1890,.T.);
#1894=ORIENTED_EDGE('',*,*,#1893,.F.);
#1895=CARTESIAN_POINT('',(-0.0066500000000000005,-0.0027,-0.0020000000000000013));
#1896=DIRECTION('',(0.,1.,0.));
#1897=VECTOR('',#1896,1.);
#1898=LINE('',#1895,#1897);
#1899=CARTESIAN_POINT('',(-0.0066500000000000005,-0.0027,-0.0020000000000000013));
#1900=VERTEX_POINT('',#1899);
#1901=EDGE_CURVE('',#1900,#1892,#1898,.T.);
#1902=ORIENTED_EDGE('',*,*,#1901,.F.);
#1903=CARTESIAN_POINT('',(-0.0066500000000000005,-0.0027,-0.0020000000000000013));
#1904=DIRECTION('',(-1.,0.,2.5510639352600105E-16));
#1905=VECTOR('',#1904,1.);
#1906=LINE('',#1903,#1905);
#1907=EDGE_CURVE('',#1858,#1900,#1906,.T.);
#1908=ORIENTED_EDGE('',*,*,#1907,.F.);
#1909=EDGE_LOOP('',(#1880,#1886,#1894,#1902,#1908));
#1910=FACE_OUTER_BOUND('',#1909,.T.);
#1911=ADVANCED_FACE('',(#1910),#1874,.F.);
#1912=CARTESIAN_POINT('',(-0.0066500000000000005,-0.0027,-0.004));
#1913=DIRECTION('',(1.,0.,0.));
#1914=DIRECTION('',(0.,0.,-1.));
#1915=AXIS2_PLACEMENT_3D('',#1912,#1913,#1914);
#1916=PLANE('',#1915);
#1917=CARTESIAN_POINT('',(-0.0066500000000000005,-0.0027,-0.0020000000000000013));
#1918=DIRECTION('',(0.,1.,0.));
#1919=VECTOR('',#1918,1.);
#1920=LINE('',#1917,#1919);
#1921=EDGE_CURVE('',#1900,#1892,#1920,.T.);
#1922=ORIENTED_EDGE('',*,*,#1921,.T.);
#1923=CARTESIAN_POINT('',(-0.0066500000000000005,0.001,-0.004));
#1924=DIRECTION('',(0.,0.,-1.));
#1925=VECTOR('',#1924,1.);
#1926=LINE('',#1923,#1925);
#1927=EDGE_CURVE('',#368,#1892,#1926,.T.);
#1928=ORIENTED_EDGE('',*,*,#1927,.F.);
#1929=CARTESIAN_POINT('',(-0.0066500000000000005,-0.0027,-0.004));
#1930=DIRECTION('',(0.,1.,0.));
#1931=VECTOR('',#1930,1.);
#1932=LINE('',#1929,#1931);
#1933=EDGE_CURVE('',#368,#376,#1932,.T.);
#1934=ORIENTED_EDGE('',*,*,#1933,.T.);
#1935=CARTESIAN_POINT('',(-0.0066500000000000005,-0.0027,-0.004));
#1936=DIRECTION('',(0.,0.,-1.));
#1937=VECTOR('',#1936,1.);
#1938=LINE('',#1935,#1937);
#1939=EDGE_CURVE('',#1900,#376,#1938,.T.);
#1940=ORIENTED_EDGE('',*,*,#1939,.F.);
#1941=EDGE_LOOP('',(#1922,#1928,#1934,#1940));
#1942=FACE_OUTER_BOUND('',#1941,.T.);
#1943=ADVANCED_FACE('',(#1942),#1916,.F.);
#1944=CARTESIAN_POINT('',(0.,-0.0027,0.));
#1945=DIRECTION('',(0.,1.,0.));
#1946=DIRECTION('',(0.,0.,1.));
#1947=AXIS2_PLACEMENT_3D('',#1944,#1945,#1946);
#1948=PLANE('',#1947);
#1949=CARTESIAN_POINT('',(-0.0055,-0.0027,-0.0030000000000000027));
#1950=DIRECTION('',(0.,1.,0.));
#1951=DIRECTION('',(0.,0.,1.));
#1952=AXIS2_PLACEMENT_3D('',#1949,#1950,#1951);
#1953=CIRCLE('',#1952,0.0004500000000000001);
#1954=CARTESIAN_POINT('',(-0.0055,-0.0027,-0.002550000000000003));
#1955=VERTEX_POINT('',#1954);
#1956=EDGE_CURVE('',#1955,#1955,#1953,.T.);
#1957=ORIENTED_EDGE('',*,*,#1956,.F.);
#1958=EDGE_LOOP('',(#1957));
#1959=FACE_OUTER_BOUND('',#1958,.T.);
#1960=CARTESIAN_POINT('',(-0.00495,-0.0027,-0.0020000000000000018));
#1961=DIRECTION('',(0.,0.,1.));
#1962=VECTOR('',#1961,1.);
#1963=LINE('',#1960,#1962);
#1964=EDGE_CURVE('',#384,#1858,#1963,.T.);
#1965=ORIENTED_EDGE('',*,*,#1964,.T.);
#1966=CARTESIAN_POINT('',(-0.0066500000000000005,-0.0027,-0.0020000000000000013));
#1967=DIRECTION('',(-1.,0.,2.5510639352600105E-16));
#1968=VECTOR('',#1967,1.);
#1969=LINE('',#1966,#1968);
#1970=EDGE_CURVE('',#1858,#1900,#1969,.T.);
#1971=ORIENTED_EDGE('',*,*,#1970,.T.);
#1972=CARTESIAN_POINT('',(-0.0066500000000000005,-0.0027,-0.004));
#1973=DIRECTION('',(0.,0.,-1.));
#1974=VECTOR('',#1973,1.);
#1975=LINE('',#1972,#1974);
#1976=EDGE_CURVE('',#1900,#376,#1975,.T.);
#1977=ORIENTED_EDGE('',*,*,#1976,.T.);
#1978=CARTESIAN_POINT('',(-0.00495,-0.0027,-0.004));
#1979=DIRECTION('',(1.,0.,0.));
#1980=VECTOR('',#1979,1.);
#1981=LINE('',#1978,#1980);
#1982=EDGE_CURVE('',#376,#384,#1981,.T.);
#1983=ORIENTED_EDGE('',*,*,#1982,.T.);
#1984=EDGE_LOOP('',(#1965,#1971,#1977,#1983));
#1985=FACE_BOUND('',#1984,.T.);
#1986=ADVANCED_FACE('',(#1959,#1985),#1948,.F.);
#1987=CARTESIAN_POINT('',(0.,0.001,0.));
#1988=DIRECTION('',(0.,1.,0.));
#1989=DIRECTION('',(0.,0.,1.));
#1990=AXIS2_PLACEMENT_3D('',#1987,#1988,#1989);
#1991=PLANE('',#1990);
#1992=CARTESIAN_POINT('',(-0.0055,0.001,-0.0030000000000000027));
#1993=DIRECTION('',(0.,1.,0.));
#1994=DIRECTION('',(0.,0.,1.));
#1995=AXIS2_PLACEMENT_3D('',#1992,#1993,#1994);
#1996=CIRCLE('',#1995,0.0004500000000000001);
#1997=CARTESIAN_POINT('',(-0.0055,0.001,-0.002550000000000003));
#1998=VERTEX_POINT('',#1997);
#1999=EDGE_CURVE('',#1998,#1998,#1996,.T.);
#2000=ORIENTED_EDGE('',*,*,#1999,.F.);
#2001=EDGE_LOOP('',(#2000));
#2002=FACE_OUTER_BOUND('',#2001,.T.);
#2003=CARTESIAN_POINT('',(-0.00495,0.001,-0.0020000000000000018));
#2004=DIRECTION('',(0.,0.,1.));
#2005=VECTOR('',#2004,1.);
#2006=LINE('',#2003,#2005);
#2007=EDGE_CURVE('',#30,#32,#2006,.T.);
#2008=ORIENTED_EDGE('',*,*,#2007,.F.);
#2009=CARTESIAN_POINT('',(-0.0066500000000000005,0.001,-0.0020000000000000013));
#2010=DIRECTION('',(-1.,0.,2.5510639352600105E-16));
#2011=VECTOR('',#2010,1.);
#2012=LINE('',#2009,#2011);
#2013=EDGE_CURVE('',#1892,#30,#2012,.T.);
#2014=ORIENTED_EDGE('',*,*,#2013,.F.);
#2015=CARTESIAN_POINT('',(-0.0066500000000000005,0.001,-0.004));
#2016=DIRECTION('',(0.,0.,-1.));
#2017=VECTOR('',#2016,1.);
#2018=LINE('',#2015,#2017);
#2019=EDGE_CURVE('',#368,#1892,#2018,.T.);
#2020=ORIENTED_EDGE('',*,*,#2019,.F.);
#2021=CARTESIAN_POINT('',(-0.00495,0.001,-0.004));
#2022=DIRECTION('',(1.,0.,0.));
#2023=VECTOR('',#2022,1.);
#2024=LINE('',#2021,#2023);
#2025=EDGE_CURVE('',#32,#368,#2024,.T.);
#2026=ORIENTED_EDGE('',*,*,#2025,.F.);
#2027=EDGE_LOOP('',(#2008,#2014,#2020,#2026));
#2028=FACE_BOUND('',#2027,.T.);
#2029=ADVANCED_FACE('',(#2002,#2028),#1991,.T.);
#2030=CARTESIAN_POINT('',(0.0055,0.0010499999999999997,-0.0030000000000000014));
#2031=DIRECTION('',(0.,-1.,0.));
#2032=DIRECTION('',(0.,0.,-1.));
#2033=AXIS2_PLACEMENT_3D('',#2030,#2031,#2032);
#2034=PLANE('',#2033);
#2035=CARTESIAN_POINT('',(0.0055,0.0010499999999999997,-0.0030000000000000014));
#2036=DIRECTION('',(0.,-1.,0.));
#2037=DIRECTION('',(0.,0.,-1.));
#2038=AXIS2_PLACEMENT_3D('',#2035,#2036,#2037);
#2039=CIRCLE('',#2038,0.0004500000000000001);
#2040=CARTESIAN_POINT('',(0.0055,0.0010499999999999997,-0.0034500000000000017));
#2041=VERTEX_POINT('',#2040);
#2042=EDGE_CURVE('',#2041,#2041,#2039,.T.);
#2043=ORIENTED_EDGE('',*,*,#2042,.T.);
#2044=EDGE_LOOP('',(#2043));
#2045=FACE_OUTER_BOUND('',#2044,.T.);
#2046=ADVANCED_FACE('',(#2045),#2034,.F.);
#2047=CARTESIAN_POINT('',(0.0055,0.0010499999999999997,-0.0030000000000000014));
#2048=DIRECTION('',(0.,-1.,0.));
#2049=DIRECTION('',(0.,0.,-1.));
#2050=AXIS2_PLACEMENT_3D('',#2047,#2048,#2049);
#2051=CYLINDRICAL_SURFACE('',#2050,0.0004500000000000001);
#2052=CARTESIAN_POINT('',(0.0055,0.0010499999999999997,-0.0030000000000000014));
#2053=DIRECTION('',(0.,-1.,0.));
#2054=DIRECTION('',(0.,0.,-1.));
#2055=AXIS2_PLACEMENT_3D('',#2052,#2053,#2054);
#2056=CIRCLE('',#2055,0.0004500000000000001);
#2057=EDGE_CURVE('',#2041,#2041,#2056,.T.);
#2058=ORIENTED_EDGE('',*,*,#2057,.T.);
#2059=EDGE_LOOP('',(#2058));
#2060=FACE_OUTER_BOUND('',#2059,.T.);
#2061=CARTESIAN_POINT('',(0.0055,0.001,-0.0030000000000000014));
#2062=DIRECTION('',(0.,1.,0.));
#2063=DIRECTION('',(0.,0.,1.));
#2064=AXIS2_PLACEMENT_3D('',#2061,#2062,#2063);
#2065=CIRCLE('',#2064,0.0004500000000000001);
#2066=EDGE_CURVE('',#1804,#1804,#2065,.T.);
#2067=ORIENTED_EDGE('',*,*,#2066,.T.);
#2068=EDGE_LOOP('',(#2067));
#2069=FACE_BOUND('',#2068,.T.);
#2070=ADVANCED_FACE('',(#2060,#2069),#2051,.T.);
#2071=CARTESIAN_POINT('',(0.0055,-0.004600000000000008,-0.0030000000000000014));
#2072=DIRECTION('',(0.,1.,0.));
#2073=DIRECTION('',(0.,0.,-1.));
#2074=AXIS2_PLACEMENT_3D('',#2071,#2072,#2073);
#2075=CIRCLE('',#2074,0.0004500000000000001);
#2076=CARTESIAN_POINT('',(0.0055,-0.004600000000000008,-0.0034500000000000017));
#2077=VERTEX_POINT('',#2076);
#2078=EDGE_CURVE('',#2077,#2077,#2075,.T.);
#2079=ORIENTED_EDGE('',*,*,#2078,.T.);
#2080=EDGE_LOOP('',(#2079));
#2081=FACE_OUTER_BOUND('',#2080,.T.);
#2082=CARTESIAN_POINT('',(0.0055,-0.0027,-0.0030000000000000014));
#2083=DIRECTION('',(0.,-1.,0.));
#2084=DIRECTION('',(0.,0.,-1.));
#2085=AXIS2_PLACEMENT_3D('',#2082,#2083,#2084);
#2086=CIRCLE('',#2085,0.0004500000000000001);
#2087=EDGE_CURVE('',#1761,#1761,#2086,.T.);
#2088=ORIENTED_EDGE('',*,*,#2087,.T.);
#2089=EDGE_LOOP('',(#2088));
#2090=FACE_BOUND('',#2089,.T.);
#2091=ADVANCED_FACE('',(#2081,#2090),#2051,.T.);
#2092=CARTESIAN_POINT('',(-0.0025,-0.0046999999999999984,-0.008000000000000005));
#2093=DIRECTION('',(0.,-1.,-2.1684043449710073E-15));
#2094=DIRECTION('',(0.,2.1684043449710073E-15,-1.));
#2095=AXIS2_PLACEMENT_3D('',#2092,#2093,#2094);
#2096=PLANE('',#2095);
#2097=CARTESIAN_POINT('',(0.0055,-0.00470000000000001,-0.0030000000000000014));
#2098=DIRECTION('',(0.,-1.,-2.1684043449710073E-15));
#2099=DIRECTION('',(0.,2.1684043449710073E-15,-1.));
#2100=AXIS2_PLACEMENT_3D('',#2097,#2098,#2099);
#2101=CIRCLE('',#2100,0.0003500000000000018);
#2102=CARTESIAN_POINT('',(0.0055,-0.004700000000000009,-0.003350000000000003));
#2103=VERTEX_POINT('',#2102);
#2104=EDGE_CURVE('',#2103,#2103,#2101,.T.);
#2105=ORIENTED_EDGE('',*,*,#2104,.T.);
#2106=EDGE_LOOP('',(#2105));
#2107=FACE_OUTER_BOUND('',#2106,.T.);
#2108=ADVANCED_FACE('',(#2107),#2096,.T.);
#2109=CARTESIAN_POINT('',(-0.0055,0.0010499999999999997,-0.0030000000000000027));
#2110=DIRECTION('',(0.,-1.,0.));
#2111=DIRECTION('',(0.,0.,-1.));
#2112=AXIS2_PLACEMENT_3D('',#2109,#2110,#2111);
#2113=PLANE('',#2112);
#2114=CARTESIAN_POINT('',(-0.0055,0.0010499999999999997,-0.0030000000000000027));
#2115=DIRECTION('',(0.,-1.,0.));
#2116=DIRECTION('',(0.,0.,-1.));
#2117=AXIS2_PLACEMENT_3D('',#2114,#2115,#2116);
#2118=CIRCLE('',#2117,0.0004500000000000001);
#2119=CARTESIAN_POINT('',(-0.0055,0.0010499999999999997,-0.0034500000000000025));
#2120=VERTEX_POINT('',#2119);
#2121=EDGE_CURVE('',#2120,#2120,#2118,.T.);
#2122=ORIENTED_EDGE('',*,*,#2121,.T.);
#2123=EDGE_LOOP('',(#2122));
#2124=FACE_OUTER_BOUND('',#2123,.T.);
#2125=ADVANCED_FACE('',(#2124),#2113,.F.);
#2126=CARTESIAN_POINT('',(-0.0055,0.0010499999999999997,-0.0030000000000000027));
#2127=DIRECTION('',(0.,-1.,0.));
#2128=DIRECTION('',(0.,0.,-1.));
#2129=AXIS2_PLACEMENT_3D('',#2126,#2127,#2128);
#2130=CYLINDRICAL_SURFACE('',#2129,0.0004500000000000001);
#2131=CARTESIAN_POINT('',(-0.0055,0.001,-0.0030000000000000027));
#2132=DIRECTION('',(0.,1.,0.));
#2133=DIRECTION('',(0.,0.,1.));
#2134=AXIS2_PLACEMENT_3D('',#2131,#2132,#2133);
#2135=CIRCLE('',#2134,0.0004500000000000001);
#2136=EDGE_CURVE('',#1998,#1998,#2135,.T.);
#2137=ORIENTED_EDGE('',*,*,#2136,.T.);
#2138=EDGE_LOOP('',(#2137));
#2139=FACE_OUTER_BOUND('',#2138,.T.);
#2140=CARTESIAN_POINT('',(-0.0055,0.0010499999999999997,-0.0030000000000000027));
#2141=DIRECTION('',(0.,-1.,0.));
#2142=DIRECTION('',(0.,0.,-1.));
#2143=AXIS2_PLACEMENT_3D('',#2140,#2141,#2142);
#2144=CIRCLE('',#2143,0.0004500000000000001);
#2145=EDGE_CURVE('',#2120,#2120,#2144,.T.);
#2146=ORIENTED_EDGE('',*,*,#2145,.T.);
#2147=EDGE_LOOP('',(#2146));
#2148=FACE_BOUND('',#2147,.T.);
#2149=ADVANCED_FACE('',(#2139,#2148),#2130,.T.);
#2150=CARTESIAN_POINT('',(-0.0055,-0.004600000000000007,-0.0030000000000000027));
#2151=DIRECTION('',(0.,1.,0.));
#2152=DIRECTION('',(0.,0.,-1.));
#2153=AXIS2_PLACEMENT_3D('',#2150,#2151,#2152);
#2154=CIRCLE('',#2153,0.0004500000000000001);
#2155=CARTESIAN_POINT('',(-0.0055,-0.004600000000000007,-0.0034500000000000025));
#2156=VERTEX_POINT('',#2155);
#2157=EDGE_CURVE('',#2156,#2156,#2154,.T.);
#2158=ORIENTED_EDGE('',*,*,#2157,.T.);
#2159=EDGE_LOOP('',(#2158));
#2160=FACE_OUTER_BOUND('',#2159,.T.);
#2161=CARTESIAN_POINT('',(-0.0055,-0.0027,-0.0030000000000000027));
#2162=DIRECTION('',(0.,1.,0.));
#2163=DIRECTION('',(0.,0.,1.));
#2164=AXIS2_PLACEMENT_3D('',#2161,#2162,#2163);
#2165=CIRCLE('',#2164,0.0004500000000000001);
#2166=EDGE_CURVE('',#1955,#1955,#2165,.T.);
#2167=ORIENTED_EDGE('',*,*,#2166,.F.);
#2168=EDGE_LOOP('',(#2167));
#2169=FACE_BOUND('',#2168,.T.);
#2170=ADVANCED_FACE('',(#2160,#2169),#2130,.T.);
#2171=CARTESIAN_POINT('',(-0.0025,-0.0046999999999999984,-0.008000000000000005));
#2172=DIRECTION('',(0.,-1.,-2.1684043449710073E-15));
#2173=DIRECTION('',(0.,2.1684043449710073E-15,-1.));
#2174=AXIS2_PLACEMENT_3D('',#2171,#2172,#2173);
#2175=PLANE('',#2174);
#2176=CARTESIAN_POINT('',(-0.0055,-0.004700000000000009,-0.0030000000000000027));
#2177=DIRECTION('',(0.,-1.,-2.1684043449710073E-15));
#2178=DIRECTION('',(0.,2.1684043449710073E-15,-1.));
#2179=AXIS2_PLACEMENT_3D('',#2176,#2177,#2178);
#2180=CIRCLE('',#2179,0.00035000000000000135);
#2181=CARTESIAN_POINT('',(-0.0055,-0.004700000000000008,-0.003350000000000004));
#2182=VERTEX_POINT('',#2181);
#2183=EDGE_CURVE('',#2182,#2182,#2180,.T.);
#2184=ORIENTED_EDGE('',*,*,#2183,.T.);
#2185=EDGE_LOOP('',(#2184));
#2186=FACE_OUTER_BOUND('',#2185,.T.);
#2187=ADVANCED_FACE('',(#2186),#2175,.T.);
#2188=CARTESIAN_POINT('',(-0.0055,-0.004700000000000009,-0.0030000000000000027));
#2189=DIRECTION('',(0.,1.,0.));
#2190=DIRECTION('',(0.,0.,1.));
#2191=AXIS2_PLACEMENT_3D('',#2188,#2189,#2190);
#2192=CONICAL_SURFACE('',#2191,0.0003500000000000009,0.7853981633974342);
#2193=CARTESIAN_POINT('',(-0.0055,-0.004600000000000007,-0.0030000000000000027));
#2194=DIRECTION('',(0.,1.,0.));
#2195=DIRECTION('',(0.,0.,-1.));
#2196=AXIS2_PLACEMENT_3D('',#2193,#2194,#2195);
#2197=CIRCLE('',#2196,0.0004500000000000001);
#2198=EDGE_CURVE('',#2156,#2156,#2197,.T.);
#2199=ORIENTED_EDGE('',*,*,#2198,.F.);
#2200=EDGE_LOOP('',(#2199));
#2201=FACE_OUTER_BOUND('',#2200,.T.);
#2202=CARTESIAN_POINT('',(-0.0055,-0.004700000000000009,-0.0030000000000000027));
#2203=DIRECTION('',(0.,-1.,-2.1684043449710073E-15));
#2204=DIRECTION('',(0.,2.1684043449710073E-15,-1.));
#2205=AXIS2_PLACEMENT_3D('',#2202,#2203,#2204);
#2206=CIRCLE('',#2205,0.00035000000000000135);
#2207=EDGE_CURVE('',#2182,#2182,#2206,.T.);
#2208=ORIENTED_EDGE('',*,*,#2207,.F.);
#2209=EDGE_LOOP('',(#2208));
#2210=FACE_BOUND('',#2209,.T.);
#2211=ADVANCED_FACE('',(#2201,#2210),#2192,.T.);
#2212=CARTESIAN_POINT('',(0.0055,-0.00470000000000001,-0.0030000000000000014));
#2213=DIRECTION('',(0.,1.,0.));
#2214=DIRECTION('',(0.,0.,1.));
#2215=AXIS2_PLACEMENT_3D('',#2212,#2213,#2214);
#2216=CONICAL_SURFACE('',#2215,0.0003500000000000005,0.7853981633974364);
#2217=CARTESIAN_POINT('',(0.0055,-0.004600000000000008,-0.0030000000000000014));
#2218=DIRECTION('',(0.,1.,0.));
#2219=DIRECTION('',(0.,0.,-1.));
#2220=AXIS2_PLACEMENT_3D('',#2217,#2218,#2219);
#2221=CIRCLE('',#2220,0.0004500000000000001);
#2222=EDGE_CURVE('',#2077,#2077,#2221,.T.);
#2223=ORIENTED_EDGE('',*,*,#2222,.F.);
#2224=EDGE_LOOP('',(#2223));
#2225=FACE_OUTER_BOUND('',#2224,.T.);
#2226=CARTESIAN_POINT('',(0.0055,-0.00470000000000001,-0.0030000000000000014));
#2227=DIRECTION('',(0.,-1.,-2.1684043449710073E-15));
#2228=DIRECTION('',(0.,2.1684043449710073E-15,-1.));
#2229=AXIS2_PLACEMENT_3D('',#2226,#2227,#2228);
#2230=CIRCLE('',#2229,0.0003500000000000018);
#2231=EDGE_CURVE('',#2103,#2103,#2230,.T.);
#2232=ORIENTED_EDGE('',*,*,#2231,.F.);
#2233=EDGE_LOOP('',(#2232));
#2234=FACE_BOUND('',#2233,.T.);
#2235=ADVANCED_FACE('',(#2225,#2234),#2216,.T.);
#2236=CLOSED_SHELL('',(#75,#225,#277,#395,#427,#471,#613,#645,#677,#709,#741,#773,#805,#837,#869,#901,#933,#965,#997,#1029,#1061,#1087,#1113,#1139,#1165,#1191,#1217,#1245,#1271,#1295,#1323,#1349,#1373,#1399,#1416,#1442,#1459,#1483,#1507,#1533,#1559,#1574,#1600,#1626,#1641,#1675,#1711,#1749,#1792,#1835,#1869,#1911,#1943,#1986,#2029,#2046,#2070,#2091,#2108,#2125,#2149,#2170,#2187,#2211,#2235));
#2237=MANIFOLD_SOLID_BREP('',#2236);
#2238=CARTESIAN_POINT('',(0.,0.,0.));
#2239=DIRECTION('',(0.,0.,1.));
#2240=DIRECTION('',(1.,0.,0.));
#2241=AXIS2_PLACEMENT_3D('',#2238,#2239,#2240);
#2242=(LENGTH_UNIT() NAMED_UNIT(*) SI_UNIT($,.METRE.));
#2243=(NAMED_UNIT(*) PLANE_ANGLE_UNIT() SI_UNIT($,.RADIAN.));
#2244=(NAMED_UNIT(*) SI_UNIT($,.STERADIAN.) SOLID_ANGLE_UNIT());
#2245=UNCERTAINTY_MEASURE_WITH_UNIT(LENGTH_MEASURE(1.E-07),#2242,'distance_accuracy_value','confusion accuracy');
#2246=(GEOMETRIC_REPRESENTATION_CONTEXT(3) GLOBAL_UNCERTAINTY_ASSIGNED_CONTEXT((#2245)) GLOBAL_UNIT_ASSIGNED_CONTEXT((#2242,#2243,#2244)) REPRESENTATION_CONTEXT('','3D'));
#2247=ADVANCED_BREP_SHAPE_REPRESENTATION('',(#2241,#2237),#2246);
#2248=COLOUR_RGB('',1.000000,0.870588,0.384314);
#2249=FILL_AREA_STYLE_COLOUR('',#2248);
#2250=FILL_AREA_STYLE('',(#2249));
#2251=SURFACE_STYLE_FILL_AREA(#2250);
#2252=SURFACE_SIDE_STYLE('',(#2251));
#2253=SURFACE_STYLE_USAGE(.BOTH.,#2252);
#2254=PRESENTATION_STYLE_ASSIGNMENT((#2253));
#2255=STYLED_ITEM('',(#2254),#2237);
#2256=MECHANICAL_DESIGN_GEOMETRIC_PRESENTATION_REPRESENTATION('',(#2255),#2246);
ENDSEC;
END-ISO-10303-21;